record_id,rna_id,source_model,condition,sequence_length,gt_pair_count,original_predicted_pair_count,refined_predicted_pair_count,tp_before,fp_before,fn_before,tp,fp,fn,precision,recall,f1,delta_precision,delta_recall,delta_f1,modified_pair_count,beneficial_edit_count,harmful_edit_count,beneficial_edit_fraction,harmful_edit_fraction,correct_pair_preservation_rate
legacy121_v1__17ra_21_hp_nmr_a__legacy_gt__petfold__historical_legacy121_v1,17RA_21_hp_nmr_A,petfold,ORIGINAL,21,7,8,8,7,1,0,7,1,0,0.875,1.0,0.9333333333333333,0.0,0.0,0.0,0,0,0,,,1.0
legacy121_v1__17ra_21_hp_nmr_a__legacy_gt__petfold__historical_legacy121_v1,17RA_21_hp_nmr_A,petfold,R1,21,7,8,8,7,1,0,7,1,0,0.875,1.0,0.9333333333333333,0.0,0.0,0.0,0,0,0,,,1.0
legacy121_v1__17ra_21_hp_nmr_a__legacy_gt__petfold__historical_legacy121_v1,17RA_21_hp_nmr_A,petfold,R2,21,7,8,6,7,1,0,5,1,2,0.8333333333333334,0.7142857142857143,0.7692307692307693,-0.04166666666666663,-0.2857142857142857,-0.16410256410256407,2,0,2,0.0,1.0,0.7142857142857143
legacy121_v1__17ra_21_hp_nmr_a__legacy_gt__petfold__historical_legacy121_v1,17RA_21_hp_nmr_A,petfold,R3,21,7,8,8,7,1,0,7,1,0,0.875,1.0,0.9333333333333333,0.0,0.0,0.0,0,0,0,,,1.0
legacy121_v1__17ra_21_hp_nmr_a__legacy_gt__petfold__historical_legacy121_v1,17RA_21_hp_nmr_A,petfold,R1_R2,21,7,8,6,7,1,0,5,1,2,0.8333333333333334,0.7142857142857143,0.7692307692307693,-0.04166666666666663,-0.2857142857142857,-0.16410256410256407,2,0,2,0.0,1.0,0.7142857142857143
legacy121_v1__17ra_21_hp_nmr_a__legacy_gt__petfold__historical_legacy121_v1,17RA_21_hp_nmr_A,petfold,R1_R3,21,7,8,8,7,1,0,7,1,0,0.875,1.0,0.9333333333333333,0.0,0.0,0.0,0,0,0,,,1.0
legacy121_v1__17ra_21_hp_nmr_a__legacy_gt__rnafold__historical_legacy121_v1,17RA_21_hp_nmr_A,rnafold,ORIGINAL,21,7,8,8,7,1,0,7,1,0,0.875,1.0,0.9333333333333333,0.0,0.0,0.0,0,0,0,,,1.0
legacy121_v1__17ra_21_hp_nmr_a__legacy_gt__rnafold__historical_legacy121_v1,17RA_21_hp_nmr_A,rnafold,R1,21,7,8,8,7,1,0,7,1,0,0.875,1.0,0.9333333333333333,0.0,0.0,0.0,0,0,0,,,1.0
legacy121_v1__17ra_21_hp_nmr_a__legacy_gt__rnafold__historical_legacy121_v1,17RA_21_hp_nmr_A,rnafold,R2,21,7,8,6,7,1,0,5,1,2,0.8333333333333334,0.7142857142857143,0.7692307692307693,-0.04166666666666663,-0.2857142857142857,-0.16410256410256407,2,0,2,0.0,1.0,0.7142857142857143
legacy121_v1__17ra_21_hp_nmr_a__legacy_gt__rnafold__historical_legacy121_v1,17RA_21_hp_nmr_A,rnafold,R3,21,7,8,8,7,1,0,7,1,0,0.875,1.0,0.9333333333333333,0.0,0.0,0.0,0,0,0,,,1.0
legacy121_v1__17ra_21_hp_nmr_a__legacy_gt__rnafold__historical_legacy121_v1,17RA_21_hp_nmr_A,rnafold,R1_R2,21,7,8,6,7,1,0,5,1,2,0.8333333333333334,0.7142857142857143,0.7692307692307693,-0.04166666666666663,-0.2857142857142857,-0.16410256410256407,2,0,2,0.0,1.0,0.7142857142857143
legacy121_v1__17ra_21_hp_nmr_a__legacy_gt__rnafold__historical_legacy121_v1,17RA_21_hp_nmr_A,rnafold,R1_R3,21,7,8,8,7,1,0,7,1,0,0.875,1.0,0.9333333333333333,0.0,0.0,0.0,0,0,0,,,1.0
legacy121_v1__17ra_21_hp_nmr_a__legacy_gt__trrosettarna2_native_ss__historical_legacy121_v1,17RA_21_hp_nmr_A,trrosettarna2_native_ss,ORIGINAL,21,7,8,8,7,1,0,7,1,0,0.875,1.0,0.9333333333333333,0.0,0.0,0.0,0,0,0,,,1.0
legacy121_v1__17ra_21_hp_nmr_a__legacy_gt__trrosettarna2_native_ss__historical_legacy121_v1,17RA_21_hp_nmr_A,trrosettarna2_native_ss,R1,21,7,8,8,7,1,0,7,1,0,0.875,1.0,0.9333333333333333,0.0,0.0,0.0,0,0,0,,,1.0
legacy121_v1__17ra_21_hp_nmr_a__legacy_gt__trrosettarna2_native_ss__historical_legacy121_v1,17RA_21_hp_nmr_A,trrosettarna2_native_ss,R2,21,7,8,8,7,1,0,7,1,0,0.875,1.0,0.9333333333333333,0.0,0.0,0.0,0,0,0,,,1.0
legacy121_v1__17ra_21_hp_nmr_a__legacy_gt__trrosettarna2_native_ss__historical_legacy121_v1,17RA_21_hp_nmr_A,trrosettarna2_native_ss,R3,21,7,8,8,7,1,0,7,1,0,0.875,1.0,0.9333333333333333,0.0,0.0,0.0,0,0,0,,,1.0
legacy121_v1__17ra_21_hp_nmr_a__legacy_gt__trrosettarna2_native_ss__historical_legacy121_v1,17RA_21_hp_nmr_A,trrosettarna2_native_ss,R1_R2,21,7,8,8,7,1,0,7,1,0,0.875,1.0,0.9333333333333333,0.0,0.0,0.0,0,0,0,,,1.0
legacy121_v1__17ra_21_hp_nmr_a__legacy_gt__trrosettarna2_native_ss__historical_legacy121_v1,17RA_21_hp_nmr_A,trrosettarna2_native_ss,R1_R3,21,7,8,8,7,1,0,7,1,0,0.875,1.0,0.9333333333333333,0.0,0.0,0.0,0,0,0,,,1.0
legacy121_v1__1a60_44_pseudknot_nmr_a__legacy_gt__petfold__historical_legacy121_v1,1A60_44_pseudknot_nmr_A,petfold,ORIGINAL,44,14,11,11,11,0,3,11,0,3,1.0,0.7857142857142857,0.88,0.0,0.0,0.0,0,0,0,,,1.0
legacy121_v1__1a60_44_pseudknot_nmr_a__legacy_gt__petfold__historical_legacy121_v1,1A60_44_pseudknot_nmr_A,petfold,R1,44,14,11,11,11,0,3,11,0,3,1.0,0.7857142857142857,0.88,0.0,0.0,0.0,0,0,0,,,1.0
legacy121_v1__1a60_44_pseudknot_nmr_a__legacy_gt__petfold__historical_legacy121_v1,1A60_44_pseudknot_nmr_A,petfold,R2,44,14,11,11,11,0,3,11,0,3,1.0,0.7857142857142857,0.88,0.0,0.0,0.0,0,0,0,,,1.0
legacy121_v1__1a60_44_pseudknot_nmr_a__legacy_gt__petfold__historical_legacy121_v1,1A60_44_pseudknot_nmr_A,petfold,R3,44,14,11,11,11,0,3,11,0,3,1.0,0.7857142857142857,0.88,0.0,0.0,0.0,0,0,0,,,1.0
legacy121_v1__1a60_44_pseudknot_nmr_a__legacy_gt__petfold__historical_legacy121_v1,1A60_44_pseudknot_nmr_A,petfold,R1_R2,44,14,11,11,11,0,3,11,0,3,1.0,0.7857142857142857,0.88,0.0,0.0,0.0,0,0,0,,,1.0
legacy121_v1__1a60_44_pseudknot_nmr_a__legacy_gt__petfold__historical_legacy121_v1,1A60_44_pseudknot_nmr_A,petfold,R1_R3,44,14,11,11,11,0,3,11,0,3,1.0,0.7857142857142857,0.88,0.0,0.0,0.0,0,0,0,,,1.0
legacy121_v1__1a60_44_pseudknot_nmr_a__legacy_gt__rnafold__historical_legacy121_v1,1A60_44_pseudknot_nmr_A,rnafold,ORIGINAL,44,14,11,11,11,0,3,11,0,3,1.0,0.7857142857142857,0.88,0.0,0.0,0.0,0,0,0,,,1.0
legacy121_v1__1a60_44_pseudknot_nmr_a__legacy_gt__rnafold__historical_legacy121_v1,1A60_44_pseudknot_nmr_A,rnafold,R1,44,14,11,11,11,0,3,11,0,3,1.0,0.7857142857142857,0.88,0.0,0.0,0.0,0,0,0,,,1.0
legacy121_v1__1a60_44_pseudknot_nmr_a__legacy_gt__rnafold__historical_legacy121_v1,1A60_44_pseudknot_nmr_A,rnafold,R2,44,14,11,11,11,0,3,11,0,3,1.0,0.7857142857142857,0.88,0.0,0.0,0.0,0,0,0,,,1.0
legacy121_v1__1a60_44_pseudknot_nmr_a__legacy_gt__rnafold__historical_legacy121_v1,1A60_44_pseudknot_nmr_A,rnafold,R3,44,14,11,11,11,0,3,11,0,3,1.0,0.7857142857142857,0.88,0.0,0.0,0.0,0,0,0,,,1.0
legacy121_v1__1a60_44_pseudknot_nmr_a__legacy_gt__rnafold__historical_legacy121_v1,1A60_44_pseudknot_nmr_A,rnafold,R1_R2,44,14,11,11,11,0,3,11,0,3,1.0,0.7857142857142857,0.88,0.0,0.0,0.0,0,0,0,,,1.0
legacy121_v1__1a60_44_pseudknot_nmr_a__legacy_gt__rnafold__historical_legacy121_v1,1A60_44_pseudknot_nmr_A,rnafold,R1_R3,44,14,11,11,11,0,3,11,0,3,1.0,0.7857142857142857,0.88,0.0,0.0,0.0,0,0,0,,,1.0
legacy121_v1__1a60_44_pseudknot_nmr_a__legacy_gt__trrosettarna2_native_ss__historical_legacy121_v1,1A60_44_pseudknot_nmr_A,trrosettarna2_native_ss,ORIGINAL,44,14,15,15,5,10,9,5,10,9,0.3333333333333333,0.35714285714285715,0.3448275862068966,0.0,0.0,0.0,0,0,0,,,1.0
legacy121_v1__1a60_44_pseudknot_nmr_a__legacy_gt__trrosettarna2_native_ss__historical_legacy121_v1,1A60_44_pseudknot_nmr_A,trrosettarna2_native_ss,R1,44,14,15,14,5,10,9,5,9,9,0.35714285714285715,0.35714285714285715,0.35714285714285715,0.023809523809523836,0.0,0.012315270935960576,1,1,0,1.0,0.0,1.0
legacy121_v1__1a60_44_pseudknot_nmr_a__legacy_gt__trrosettarna2_native_ss__historical_legacy121_v1,1A60_44_pseudknot_nmr_A,trrosettarna2_native_ss,R2,44,14,15,15,5,10,9,5,10,9,0.3333333333333333,0.35714285714285715,0.3448275862068966,0.0,0.0,0.0,0,0,0,,,1.0
legacy121_v1__1a60_44_pseudknot_nmr_a__legacy_gt__trrosettarna2_native_ss__historical_legacy121_v1,1A60_44_pseudknot_nmr_A,trrosettarna2_native_ss,R3,44,14,15,15,5,10,9,5,10,9,0.3333333333333333,0.35714285714285715,0.3448275862068966,0.0,0.0,0.0,0,0,0,,,1.0
legacy121_v1__1a60_44_pseudknot_nmr_a__legacy_gt__trrosettarna2_native_ss__historical_legacy121_v1,1A60_44_pseudknot_nmr_A,trrosettarna2_native_ss,R1_R2,44,14,15,14,5,10,9,5,9,9,0.35714285714285715,0.35714285714285715,0.35714285714285715,0.023809523809523836,0.0,0.012315270935960576,1,1,0,1.0,0.0,1.0
legacy121_v1__1a60_44_pseudknot_nmr_a__legacy_gt__trrosettarna2_native_ss__historical_legacy121_v1,1A60_44_pseudknot_nmr_A,trrosettarna2_native_ss,R1_R3,44,14,15,14,5,10,9,5,9,9,0.35714285714285715,0.35714285714285715,0.35714285714285715,0.023809523809523836,0.0,0.012315270935960576,1,1,0,1.0,0.0,1.0
legacy121_v1__1a9l_38_hpbulge_nmr_a__legacy_gt__petfold__historical_legacy121_v1,1A9L_38_hpbulge_nmr_A,petfold,ORIGINAL,38,14,14,14,14,0,0,14,0,0,1.0,1.0,1.0,0.0,0.0,0.0,0,0,0,,,1.0
legacy121_v1__1a9l_38_hpbulge_nmr_a__legacy_gt__petfold__historical_legacy121_v1,1A9L_38_hpbulge_nmr_A,petfold,R1,38,14,14,14,14,0,0,14,0,0,1.0,1.0,1.0,0.0,0.0,0.0,0,0,0,,,1.0
legacy121_v1__1a9l_38_hpbulge_nmr_a__legacy_gt__petfold__historical_legacy121_v1,1A9L_38_hpbulge_nmr_A,petfold,R2,38,14,14,14,14,0,0,14,0,0,1.0,1.0,1.0,0.0,0.0,0.0,0,0,0,,,1.0
legacy121_v1__1a9l_38_hpbulge_nmr_a__legacy_gt__petfold__historical_legacy121_v1,1A9L_38_hpbulge_nmr_A,petfold,R3,38,14,14,14,14,0,0,14,0,0,1.0,1.0,1.0,0.0,0.0,0.0,0,0,0,,,1.0
legacy121_v1__1a9l_38_hpbulge_nmr_a__legacy_gt__petfold__historical_legacy121_v1,1A9L_38_hpbulge_nmr_A,petfold,R1_R2,38,14,14,14,14,0,0,14,0,0,1.0,1.0,1.0,0.0,0.0,0.0,0,0,0,,,1.0
legacy121_v1__1a9l_38_hpbulge_nmr_a__legacy_gt__petfold__historical_legacy121_v1,1A9L_38_hpbulge_nmr_A,petfold,R1_R3,38,14,14,14,14,0,0,14,0,0,1.0,1.0,1.0,0.0,0.0,0.0,0,0,0,,,1.0
legacy121_v1__1a9l_38_hpbulge_nmr_a__legacy_gt__rnafold__historical_legacy121_v1,1A9L_38_hpbulge_nmr_A,rnafold,ORIGINAL,38,14,14,14,14,0,0,14,0,0,1.0,1.0,1.0,0.0,0.0,0.0,0,0,0,,,1.0
legacy121_v1__1a9l_38_hpbulge_nmr_a__legacy_gt__rnafold__historical_legacy121_v1,1A9L_38_hpbulge_nmr_A,rnafold,R1,38,14,14,14,14,0,0,14,0,0,1.0,1.0,1.0,0.0,0.0,0.0,0,0,0,,,1.0
legacy121_v1__1a9l_38_hpbulge_nmr_a__legacy_gt__rnafold__historical_legacy121_v1,1A9L_38_hpbulge_nmr_A,rnafold,R2,38,14,14,14,14,0,0,14,0,0,1.0,1.0,1.0,0.0,0.0,0.0,0,0,0,,,1.0
legacy121_v1__1a9l_38_hpbulge_nmr_a__legacy_gt__rnafold__historical_legacy121_v1,1A9L_38_hpbulge_nmr_A,rnafold,R3,38,14,14,14,14,0,0,14,0,0,1.0,1.0,1.0,0.0,0.0,0.0,0,0,0,,,1.0
legacy121_v1__1a9l_38_hpbulge_nmr_a__legacy_gt__rnafold__historical_legacy121_v1,1A9L_38_hpbulge_nmr_A,rnafold,R1_R2,38,14,14,14,14,0,0,14,0,0,1.0,1.0,1.0,0.0,0.0,0.0,0,0,0,,,1.0
legacy121_v1__1a9l_38_hpbulge_nmr_a__legacy_gt__rnafold__historical_legacy121_v1,1A9L_38_hpbulge_nmr_A,rnafold,R1_R3,38,14,14,14,14,0,0,14,0,0,1.0,1.0,1.0,0.0,0.0,0.0,0,0,0,,,1.0
legacy121_v1__1a9l_38_hpbulge_nmr_a__legacy_gt__trrosettarna2_native_ss__historical_legacy121_v1,1A9L_38_hpbulge_nmr_A,trrosettarna2_native_ss,ORIGINAL,38,14,15,15,14,1,0,14,1,0,0.9333333333333333,1.0,0.9655172413793104,0.0,0.0,0.0,0,0,0,,,1.0
legacy121_v1__1a9l_38_hpbulge_nmr_a__legacy_gt__trrosettarna2_native_ss__historical_legacy121_v1,1A9L_38_hpbulge_nmr_A,trrosettarna2_native_ss,R1,38,14,15,15,14,1,0,14,1,0,0.9333333333333333,1.0,0.9655172413793104,0.0,0.0,0.0,0,0,0,,,1.0
legacy121_v1__1a9l_38_hpbulge_nmr_a__legacy_gt__trrosettarna2_native_ss__historical_legacy121_v1,1A9L_38_hpbulge_nmr_A,trrosettarna2_native_ss,R2,38,14,15,15,14,1,0,14,1,0,0.9333333333333333,1.0,0.9655172413793104,0.0,0.0,0.0,0,0,0,,,1.0
legacy121_v1__1a9l_38_hpbulge_nmr_a__legacy_gt__trrosettarna2_native_ss__historical_legacy121_v1,1A9L_38_hpbulge_nmr_A,trrosettarna2_native_ss,R3,38,14,15,15,14,1,0,14,1,0,0.9333333333333333,1.0,0.9655172413793104,0.0,0.0,0.0,0,0,0,,,1.0
legacy121_v1__1a9l_38_hpbulge_nmr_a__legacy_gt__trrosettarna2_native_ss__historical_legacy121_v1,1A9L_38_hpbulge_nmr_A,trrosettarna2_native_ss,R1_R2,38,14,15,15,14,1,0,14,1,0,0.9333333333333333,1.0,0.9655172413793104,0.0,0.0,0.0,0,0,0,,,1.0
legacy121_v1__1a9l_38_hpbulge_nmr_a__legacy_gt__trrosettarna2_native_ss__historical_legacy121_v1,1A9L_38_hpbulge_nmr_A,trrosettarna2_native_ss,R1_R3,38,14,15,15,14,1,0,14,1,0,0.9333333333333333,1.0,0.9655172413793104,0.0,0.0,0.0,0,0,0,,,1.0
legacy121_v1__1b36_38_hp_nmr_a__legacy_gt__petfold__historical_legacy121_v1,1B36_38_hp_nmr_A,petfold,ORIGINAL,38,9,11,11,9,2,0,9,2,0,0.8181818181818182,1.0,0.9,0.0,0.0,0.0,0,0,0,,,1.0
legacy121_v1__1b36_38_hp_nmr_a__legacy_gt__petfold__historical_legacy121_v1,1B36_38_hp_nmr_A,petfold,R1,38,9,11,11,9,2,0,9,2,0,0.8181818181818182,1.0,0.9,0.0,0.0,0.0,0,0,0,,,1.0
legacy121_v1__1b36_38_hp_nmr_a__legacy_gt__petfold__historical_legacy121_v1,1B36_38_hp_nmr_A,petfold,R2,38,9,11,9,9,2,0,9,0,0,1.0,1.0,1.0,0.18181818181818177,0.0,0.09999999999999998,2,2,0,1.0,0.0,1.0
legacy121_v1__1b36_38_hp_nmr_a__legacy_gt__petfold__historical_legacy121_v1,1B36_38_hp_nmr_A,petfold,R3,38,9,11,11,9,2,0,9,2,0,0.8181818181818182,1.0,0.9,0.0,0.0,0.0,0,0,0,,,1.0
legacy121_v1__1b36_38_hp_nmr_a__legacy_gt__petfold__historical_legacy121_v1,1B36_38_hp_nmr_A,petfold,R1_R2,38,9,11,9,9,2,0,9,0,0,1.0,1.0,1.0,0.18181818181818177,0.0,0.09999999999999998,2,2,0,1.0,0.0,1.0
legacy121_v1__1b36_38_hp_nmr_a__legacy_gt__petfold__historical_legacy121_v1,1B36_38_hp_nmr_A,petfold,R1_R3,38,9,11,11,9,2,0,9,2,0,0.8181818181818182,1.0,0.9,0.0,0.0,0.0,0,0,0,,,1.0
legacy121_v1__1b36_38_hp_nmr_a__legacy_gt__rnafold__historical_legacy121_v1,1B36_38_hp_nmr_A,rnafold,ORIGINAL,38,9,9,9,9,0,0,9,0,0,1.0,1.0,1.0,0.0,0.0,0.0,0,0,0,,,1.0
legacy121_v1__1b36_38_hp_nmr_a__legacy_gt__rnafold__historical_legacy121_v1,1B36_38_hp_nmr_A,rnafold,R1,38,9,9,9,9,0,0,9,0,0,1.0,1.0,1.0,0.0,0.0,0.0,0,0,0,,,1.0
legacy121_v1__1b36_38_hp_nmr_a__legacy_gt__rnafold__historical_legacy121_v1,1B36_38_hp_nmr_A,rnafold,R2,38,9,9,9,9,0,0,9,0,0,1.0,1.0,1.0,0.0,0.0,0.0,0,0,0,,,1.0
legacy121_v1__1b36_38_hp_nmr_a__legacy_gt__rnafold__historical_legacy121_v1,1B36_38_hp_nmr_A,rnafold,R3,38,9,9,9,9,0,0,9,0,0,1.0,1.0,1.0,0.0,0.0,0.0,0,0,0,,,1.0
legacy121_v1__1b36_38_hp_nmr_a__legacy_gt__rnafold__historical_legacy121_v1,1B36_38_hp_nmr_A,rnafold,R1_R2,38,9,9,9,9,0,0,9,0,0,1.0,1.0,1.0,0.0,0.0,0.0,0,0,0,,,1.0
legacy121_v1__1b36_38_hp_nmr_a__legacy_gt__rnafold__historical_legacy121_v1,1B36_38_hp_nmr_A,rnafold,R1_R3,38,9,9,9,9,0,0,9,0,0,1.0,1.0,1.0,0.0,0.0,0.0,0,0,0,,,1.0
legacy121_v1__1b36_38_hp_nmr_a__legacy_gt__trrosettarna2_native_ss__historical_legacy121_v1,1B36_38_hp_nmr_A,trrosettarna2_native_ss,ORIGINAL,38,9,16,16,9,7,0,9,7,0,0.5625,1.0,0.72,0.0,0.0,0.0,0,0,0,,,1.0
legacy121_v1__1b36_38_hp_nmr_a__legacy_gt__trrosettarna2_native_ss__historical_legacy121_v1,1B36_38_hp_nmr_A,trrosettarna2_native_ss,R1,38,9,16,15,9,7,0,9,6,0,0.6,1.0,0.75,0.03749999999999998,0.0,0.030000000000000027,1,1,0,1.0,0.0,1.0
legacy121_v1__1b36_38_hp_nmr_a__legacy_gt__trrosettarna2_native_ss__historical_legacy121_v1,1B36_38_hp_nmr_A,trrosettarna2_native_ss,R2,38,9,16,16,9,7,0,9,7,0,0.5625,1.0,0.72,0.0,0.0,0.0,0,0,0,,,1.0
legacy121_v1__1b36_38_hp_nmr_a__legacy_gt__trrosettarna2_native_ss__historical_legacy121_v1,1B36_38_hp_nmr_A,trrosettarna2_native_ss,R3,38,9,16,16,9,7,0,9,7,0,0.5625,1.0,0.72,0.0,0.0,0.0,0,0,0,,,1.0
legacy121_v1__1b36_38_hp_nmr_a__legacy_gt__trrosettarna2_native_ss__historical_legacy121_v1,1B36_38_hp_nmr_A,trrosettarna2_native_ss,R1_R2,38,9,16,15,9,7,0,9,6,0,0.6,1.0,0.75,0.03749999999999998,0.0,0.030000000000000027,1,1,0,1.0,0.0,1.0
legacy121_v1__1b36_38_hp_nmr_a__legacy_gt__trrosettarna2_native_ss__historical_legacy121_v1,1B36_38_hp_nmr_A,trrosettarna2_native_ss,R1_R3,38,9,16,15,9,7,0,9,6,0,0.6,1.0,0.75,0.03749999999999998,0.0,0.030000000000000027,1,1,0,1.0,0.0,1.0
legacy121_v1__1bgz_23_hp_nmr_a__legacy_gt__petfold__historical_legacy121_v1,1BGZ_23_hp_nmr_A,petfold,ORIGINAL,23,8,9,9,4,5,4,4,5,4,0.4444444444444444,0.5,0.47058823529411764,0.0,0.0,0.0,0,0,0,,,1.0
legacy121_v1__1bgz_23_hp_nmr_a__legacy_gt__petfold__historical_legacy121_v1,1BGZ_23_hp_nmr_A,petfold,R1,23,8,9,9,4,5,4,4,5,4,0.4444444444444444,0.5,0.47058823529411764,0.0,0.0,0.0,0,0,0,,,1.0
legacy121_v1__1bgz_23_hp_nmr_a__legacy_gt__petfold__historical_legacy121_v1,1BGZ_23_hp_nmr_A,petfold,R2,23,8,9,9,4,5,4,4,5,4,0.4444444444444444,0.5,0.47058823529411764,0.0,0.0,0.0,0,0,0,,,1.0
legacy121_v1__1bgz_23_hp_nmr_a__legacy_gt__petfold__historical_legacy121_v1,1BGZ_23_hp_nmr_A,petfold,R3,23,8,9,9,4,5,4,4,5,4,0.4444444444444444,0.5,0.47058823529411764,0.0,0.0,0.0,0,0,0,,,1.0
legacy121_v1__1bgz_23_hp_nmr_a__legacy_gt__petfold__historical_legacy121_v1,1BGZ_23_hp_nmr_A,petfold,R1_R2,23,8,9,9,4,5,4,4,5,4,0.4444444444444444,0.5,0.47058823529411764,0.0,0.0,0.0,0,0,0,,,1.0
legacy121_v1__1bgz_23_hp_nmr_a__legacy_gt__petfold__historical_legacy121_v1,1BGZ_23_hp_nmr_A,petfold,R1_R3,23,8,9,9,4,5,4,4,5,4,0.4444444444444444,0.5,0.47058823529411764,0.0,0.0,0.0,0,0,0,,,1.0
legacy121_v1__1bgz_23_hp_nmr_a__legacy_gt__rnafold__historical_legacy121_v1,1BGZ_23_hp_nmr_A,rnafold,ORIGINAL,23,8,9,9,4,5,4,4,5,4,0.4444444444444444,0.5,0.47058823529411764,0.0,0.0,0.0,0,0,0,,,1.0
legacy121_v1__1bgz_23_hp_nmr_a__legacy_gt__rnafold__historical_legacy121_v1,1BGZ_23_hp_nmr_A,rnafold,R1,23,8,9,9,4,5,4,4,5,4,0.4444444444444444,0.5,0.47058823529411764,0.0,0.0,0.0,0,0,0,,,1.0
legacy121_v1__1bgz_23_hp_nmr_a__legacy_gt__rnafold__historical_legacy121_v1,1BGZ_23_hp_nmr_A,rnafold,R2,23,8,9,9,4,5,4,4,5,4,0.4444444444444444,0.5,0.47058823529411764,0.0,0.0,0.0,0,0,0,,,1.0
legacy121_v1__1bgz_23_hp_nmr_a__legacy_gt__rnafold__historical_legacy121_v1,1BGZ_23_hp_nmr_A,rnafold,R3,23,8,9,9,4,5,4,4,5,4,0.4444444444444444,0.5,0.47058823529411764,0.0,0.0,0.0,0,0,0,,,1.0
legacy121_v1__1bgz_23_hp_nmr_a__legacy_gt__rnafold__historical_legacy121_v1,1BGZ_23_hp_nmr_A,rnafold,R1_R2,23,8,9,9,4,5,4,4,5,4,0.4444444444444444,0.5,0.47058823529411764,0.0,0.0,0.0,0,0,0,,,1.0
legacy121_v1__1bgz_23_hp_nmr_a__legacy_gt__rnafold__historical_legacy121_v1,1BGZ_23_hp_nmr_A,rnafold,R1_R3,23,8,9,9,4,5,4,4,5,4,0.4444444444444444,0.5,0.47058823529411764,0.0,0.0,0.0,0,0,0,,,1.0
legacy121_v1__1bgz_23_hp_nmr_a__legacy_gt__trrosettarna2_native_ss__historical_legacy121_v1,1BGZ_23_hp_nmr_A,trrosettarna2_native_ss,ORIGINAL,23,8,8,8,8,0,0,8,0,0,1.0,1.0,1.0,0.0,0.0,0.0,0,0,0,,,1.0
legacy121_v1__1bgz_23_hp_nmr_a__legacy_gt__trrosettarna2_native_ss__historical_legacy121_v1,1BGZ_23_hp_nmr_A,trrosettarna2_native_ss,R1,23,8,8,8,8,0,0,8,0,0,1.0,1.0,1.0,0.0,0.0,0.0,0,0,0,,,1.0
legacy121_v1__1bgz_23_hp_nmr_a__legacy_gt__trrosettarna2_native_ss__historical_legacy121_v1,1BGZ_23_hp_nmr_A,trrosettarna2_native_ss,R2,23,8,8,4,8,0,0,4,0,4,1.0,0.5,0.6666666666666666,0.0,-0.5,-0.33333333333333337,4,0,4,0.0,1.0,0.5
legacy121_v1__1bgz_23_hp_nmr_a__legacy_gt__trrosettarna2_native_ss__historical_legacy121_v1,1BGZ_23_hp_nmr_A,trrosettarna2_native_ss,R3,23,8,8,8,8,0,0,8,0,0,1.0,1.0,1.0,0.0,0.0,0.0,0,0,0,,,1.0
legacy121_v1__1bgz_23_hp_nmr_a__legacy_gt__trrosettarna2_native_ss__historical_legacy121_v1,1BGZ_23_hp_nmr_A,trrosettarna2_native_ss,R1_R2,23,8,8,4,8,0,0,4,0,4,1.0,0.5,0.6666666666666666,0.0,-0.5,-0.33333333333333337,4,0,4,0.0,1.0,0.5
legacy121_v1__1bgz_23_hp_nmr_a__legacy_gt__trrosettarna2_native_ss__historical_legacy121_v1,1BGZ_23_hp_nmr_A,trrosettarna2_native_ss,R1_R3,23,8,8,8,8,0,0,8,0,0,1.0,1.0,1.0,0.0,0.0,0.0,0,0,0,,,1.0
legacy121_v1__1bvj_23_hp_nmr_a__legacy_gt__petfold__historical_legacy121_v1,1BVJ_23_hp_nmr_A,petfold,ORIGINAL,23,8,8,8,8,0,0,8,0,0,1.0,1.0,1.0,0.0,0.0,0.0,0,0,0,,,1.0
legacy121_v1__1bvj_23_hp_nmr_a__legacy_gt__petfold__historical_legacy121_v1,1BVJ_23_hp_nmr_A,petfold,R1,23,8,8,8,8,0,0,8,0,0,1.0,1.0,1.0,0.0,0.0,0.0,0,0,0,,,1.0
legacy121_v1__1bvj_23_hp_nmr_a__legacy_gt__petfold__historical_legacy121_v1,1BVJ_23_hp_nmr_A,petfold,R2,23,8,8,8,8,0,0,8,0,0,1.0,1.0,1.0,0.0,0.0,0.0,0,0,0,,,1.0
legacy121_v1__1bvj_23_hp_nmr_a__legacy_gt__petfold__historical_legacy121_v1,1BVJ_23_hp_nmr_A,petfold,R3,23,8,8,8,8,0,0,8,0,0,1.0,1.0,1.0,0.0,0.0,0.0,0,0,0,,,1.0
legacy121_v1__1bvj_23_hp_nmr_a__legacy_gt__petfold__historical_legacy121_v1,1BVJ_23_hp_nmr_A,petfold,R1_R2,23,8,8,8,8,0,0,8,0,0,1.0,1.0,1.0,0.0,0.0,0.0,0,0,0,,,1.0
legacy121_v1__1bvj_23_hp_nmr_a__legacy_gt__petfold__historical_legacy121_v1,1BVJ_23_hp_nmr_A,petfold,R1_R3,23,8,8,8,8,0,0,8,0,0,1.0,1.0,1.0,0.0,0.0,0.0,0,0,0,,,1.0
legacy121_v1__1bvj_23_hp_nmr_a__legacy_gt__rnafold__historical_legacy121_v1,1BVJ_23_hp_nmr_A,rnafold,ORIGINAL,23,8,8,8,8,0,0,8,0,0,1.0,1.0,1.0,0.0,0.0,0.0,0,0,0,,,1.0
legacy121_v1__1bvj_23_hp_nmr_a__legacy_gt__rnafold__historical_legacy121_v1,1BVJ_23_hp_nmr_A,rnafold,R1,23,8,8,8,8,0,0,8,0,0,1.0,1.0,1.0,0.0,0.0,0.0,0,0,0,,,1.0
legacy121_v1__1bvj_23_hp_nmr_a__legacy_gt__rnafold__historical_legacy121_v1,1BVJ_23_hp_nmr_A,rnafold,R2,23,8,8,8,8,0,0,8,0,0,1.0,1.0,1.0,0.0,0.0,0.0,0,0,0,,,1.0
legacy121_v1__1bvj_23_hp_nmr_a__legacy_gt__rnafold__historical_legacy121_v1,1BVJ_23_hp_nmr_A,rnafold,R3,23,8,8,8,8,0,0,8,0,0,1.0,1.0,1.0,0.0,0.0,0.0,0,0,0,,,1.0
legacy121_v1__1bvj_23_hp_nmr_a__legacy_gt__rnafold__historical_legacy121_v1,1BVJ_23_hp_nmr_A,rnafold,R1_R2,23,8,8,8,8,0,0,8,0,0,1.0,1.0,1.0,0.0,0.0,0.0,0,0,0,,,1.0
legacy121_v1__1bvj_23_hp_nmr_a__legacy_gt__rnafold__historical_legacy121_v1,1BVJ_23_hp_nmr_A,rnafold,R1_R3,23,8,8,8,8,0,0,8,0,0,1.0,1.0,1.0,0.0,0.0,0.0,0,0,0,,,1.0
legacy121_v1__1bvj_23_hp_nmr_a__legacy_gt__trrosettarna2_native_ss__historical_legacy121_v1,1BVJ_23_hp_nmr_A,trrosettarna2_native_ss,ORIGINAL,23,8,10,10,8,2,0,8,2,0,0.8,1.0,0.8888888888888888,0.0,0.0,0.0,0,0,0,,,1.0
legacy121_v1__1bvj_23_hp_nmr_a__legacy_gt__trrosettarna2_native_ss__historical_legacy121_v1,1BVJ_23_hp_nmr_A,trrosettarna2_native_ss,R1,23,8,10,10,8,2,0,8,2,0,0.8,1.0,0.8888888888888888,0.0,0.0,0.0,0,0,0,,,1.0
legacy121_v1__1bvj_23_hp_nmr_a__legacy_gt__trrosettarna2_native_ss__historical_legacy121_v1,1BVJ_23_hp_nmr_A,trrosettarna2_native_ss,R2,23,8,10,10,8,2,0,8,2,0,0.8,1.0,0.8888888888888888,0.0,0.0,0.0,0,0,0,,,1.0
legacy121_v1__1bvj_23_hp_nmr_a__legacy_gt__trrosettarna2_native_ss__historical_legacy121_v1,1BVJ_23_hp_nmr_A,trrosettarna2_native_ss,R3,23,8,10,10,8,2,0,8,2,0,0.8,1.0,0.8888888888888888,0.0,0.0,0.0,0,0,0,,,1.0
legacy121_v1__1bvj_23_hp_nmr_a__legacy_gt__trrosettarna2_native_ss__historical_legacy121_v1,1BVJ_23_hp_nmr_A,trrosettarna2_native_ss,R1_R2,23,8,10,10,8,2,0,8,2,0,0.8,1.0,0.8888888888888888,0.0,0.0,0.0,0,0,0,,,1.0
legacy121_v1__1bvj_23_hp_nmr_a__legacy_gt__trrosettarna2_native_ss__historical_legacy121_v1,1BVJ_23_hp_nmr_A,trrosettarna2_native_ss,R1_R3,23,8,10,10,8,2,0,8,2,0,0.8,1.0,0.8888888888888888,0.0,0.0,0.0,0,0,0,,,1.0
legacy121_v1__1e4p_24_hpbulge_nmr_a__legacy_gt__petfold__historical_legacy121_v1,1E4P_24_hpbulge_nmr_A,petfold,ORIGINAL,24,7,7,7,7,0,0,7,0,0,1.0,1.0,1.0,0.0,0.0,0.0,0,0,0,,,1.0
legacy121_v1__1e4p_24_hpbulge_nmr_a__legacy_gt__petfold__historical_legacy121_v1,1E4P_24_hpbulge_nmr_A,petfold,R1,24,7,7,7,7,0,0,7,0,0,1.0,1.0,1.0,0.0,0.0,0.0,0,0,0,,,1.0
legacy121_v1__1e4p_24_hpbulge_nmr_a__legacy_gt__petfold__historical_legacy121_v1,1E4P_24_hpbulge_nmr_A,petfold,R2,24,7,7,7,7,0,0,7,0,0,1.0,1.0,1.0,0.0,0.0,0.0,0,0,0,,,1.0
legacy121_v1__1e4p_24_hpbulge_nmr_a__legacy_gt__petfold__historical_legacy121_v1,1E4P_24_hpbulge_nmr_A,petfold,R3,24,7,7,7,7,0,0,7,0,0,1.0,1.0,1.0,0.0,0.0,0.0,0,0,0,,,1.0
legacy121_v1__1e4p_24_hpbulge_nmr_a__legacy_gt__petfold__historical_legacy121_v1,1E4P_24_hpbulge_nmr_A,petfold,R1_R2,24,7,7,7,7,0,0,7,0,0,1.0,1.0,1.0,0.0,0.0,0.0,0,0,0,,,1.0
legacy121_v1__1e4p_24_hpbulge_nmr_a__legacy_gt__petfold__historical_legacy121_v1,1E4P_24_hpbulge_nmr_A,petfold,R1_R3,24,7,7,7,7,0,0,7,0,0,1.0,1.0,1.0,0.0,0.0,0.0,0,0,0,,,1.0
legacy121_v1__1e4p_24_hpbulge_nmr_a__legacy_gt__rnafold__historical_legacy121_v1,1E4P_24_hpbulge_nmr_A,rnafold,ORIGINAL,24,7,7,7,7,0,0,7,0,0,1.0,1.0,1.0,0.0,0.0,0.0,0,0,0,,,1.0
legacy121_v1__1e4p_24_hpbulge_nmr_a__legacy_gt__rnafold__historical_legacy121_v1,1E4P_24_hpbulge_nmr_A,rnafold,R1,24,7,7,7,7,0,0,7,0,0,1.0,1.0,1.0,0.0,0.0,0.0,0,0,0,,,1.0
legacy121_v1__1e4p_24_hpbulge_nmr_a__legacy_gt__rnafold__historical_legacy121_v1,1E4P_24_hpbulge_nmr_A,rnafold,R2,24,7,7,7,7,0,0,7,0,0,1.0,1.0,1.0,0.0,0.0,0.0,0,0,0,,,1.0
legacy121_v1__1e4p_24_hpbulge_nmr_a__legacy_gt__rnafold__historical_legacy121_v1,1E4P_24_hpbulge_nmr_A,rnafold,R3,24,7,7,7,7,0,0,7,0,0,1.0,1.0,1.0,0.0,0.0,0.0,0,0,0,,,1.0
legacy121_v1__1e4p_24_hpbulge_nmr_a__legacy_gt__rnafold__historical_legacy121_v1,1E4P_24_hpbulge_nmr_A,rnafold,R1_R2,24,7,7,7,7,0,0,7,0,0,1.0,1.0,1.0,0.0,0.0,0.0,0,0,0,,,1.0
legacy121_v1__1e4p_24_hpbulge_nmr_a__legacy_gt__rnafold__historical_legacy121_v1,1E4P_24_hpbulge_nmr_A,rnafold,R1_R3,24,7,7,7,7,0,0,7,0,0,1.0,1.0,1.0,0.0,0.0,0.0,0,0,0,,,1.0
legacy121_v1__1e4p_24_hpbulge_nmr_a__legacy_gt__trrosettarna2_native_ss__historical_legacy121_v1,1E4P_24_hpbulge_nmr_A,trrosettarna2_native_ss,ORIGINAL,24,7,11,11,7,4,0,7,4,0,0.6363636363636364,1.0,0.7777777777777778,0.0,0.0,0.0,0,0,0,,,1.0
legacy121_v1__1e4p_24_hpbulge_nmr_a__legacy_gt__trrosettarna2_native_ss__historical_legacy121_v1,1E4P_24_hpbulge_nmr_A,trrosettarna2_native_ss,R1,24,7,11,11,7,4,0,7,4,0,0.6363636363636364,1.0,0.7777777777777778,0.0,0.0,0.0,0,0,0,,,1.0
legacy121_v1__1e4p_24_hpbulge_nmr_a__legacy_gt__trrosettarna2_native_ss__historical_legacy121_v1,1E4P_24_hpbulge_nmr_A,trrosettarna2_native_ss,R2,24,7,11,11,7,4,0,7,4,0,0.6363636363636364,1.0,0.7777777777777778,0.0,0.0,0.0,0,0,0,,,1.0
legacy121_v1__1e4p_24_hpbulge_nmr_a__legacy_gt__trrosettarna2_native_ss__historical_legacy121_v1,1E4P_24_hpbulge_nmr_A,trrosettarna2_native_ss,R3,24,7,11,11,7,4,0,7,4,0,0.6363636363636364,1.0,0.7777777777777778,0.0,0.0,0.0,0,0,0,,,1.0
legacy121_v1__1e4p_24_hpbulge_nmr_a__legacy_gt__trrosettarna2_native_ss__historical_legacy121_v1,1E4P_24_hpbulge_nmr_A,trrosettarna2_native_ss,R1_R2,24,7,11,11,7,4,0,7,4,0,0.6363636363636364,1.0,0.7777777777777778,0.0,0.0,0.0,0,0,0,,,1.0
legacy121_v1__1e4p_24_hpbulge_nmr_a__legacy_gt__trrosettarna2_native_ss__historical_legacy121_v1,1E4P_24_hpbulge_nmr_A,trrosettarna2_native_ss,R1_R3,24,7,11,11,7,4,0,7,4,0,0.6363636363636364,1.0,0.7777777777777778,0.0,0.0,0.0,0,0,0,,,1.0
legacy121_v1__1e95_36_pseudoknot_nmr_a__legacy_gt__petfold__historical_legacy121_v1,1E95_36_pseudoknot_nmr_A,petfold,ORIGINAL,36,12,6,6,6,0,6,6,0,6,1.0,0.5,0.6666666666666666,0.0,0.0,0.0,0,0,0,,,1.0
legacy121_v1__1e95_36_pseudoknot_nmr_a__legacy_gt__petfold__historical_legacy121_v1,1E95_36_pseudoknot_nmr_A,petfold,R1,36,12,6,6,6,0,6,6,0,6,1.0,0.5,0.6666666666666666,0.0,0.0,0.0,0,0,0,,,1.0
legacy121_v1__1e95_36_pseudoknot_nmr_a__legacy_gt__petfold__historical_legacy121_v1,1E95_36_pseudoknot_nmr_A,petfold,R2,36,12,6,6,6,0,6,6,0,6,1.0,0.5,0.6666666666666666,0.0,0.0,0.0,0,0,0,,,1.0
legacy121_v1__1e95_36_pseudoknot_nmr_a__legacy_gt__petfold__historical_legacy121_v1,1E95_36_pseudoknot_nmr_A,petfold,R3,36,12,6,6,6,0,6,6,0,6,1.0,0.5,0.6666666666666666,0.0,0.0,0.0,0,0,0,,,1.0
legacy121_v1__1e95_36_pseudoknot_nmr_a__legacy_gt__petfold__historical_legacy121_v1,1E95_36_pseudoknot_nmr_A,petfold,R1_R2,36,12,6,6,6,0,6,6,0,6,1.0,0.5,0.6666666666666666,0.0,0.0,0.0,0,0,0,,,1.0
legacy121_v1__1e95_36_pseudoknot_nmr_a__legacy_gt__petfold__historical_legacy121_v1,1E95_36_pseudoknot_nmr_A,petfold,R1_R3,36,12,6,6,6,0,6,6,0,6,1.0,0.5,0.6666666666666666,0.0,0.0,0.0,0,0,0,,,1.0
legacy121_v1__1e95_36_pseudoknot_nmr_a__legacy_gt__rnafold__historical_legacy121_v1,1E95_36_pseudoknot_nmr_A,rnafold,ORIGINAL,36,12,6,6,6,0,6,6,0,6,1.0,0.5,0.6666666666666666,0.0,0.0,0.0,0,0,0,,,1.0
legacy121_v1__1e95_36_pseudoknot_nmr_a__legacy_gt__rnafold__historical_legacy121_v1,1E95_36_pseudoknot_nmr_A,rnafold,R1,36,12,6,6,6,0,6,6,0,6,1.0,0.5,0.6666666666666666,0.0,0.0,0.0,0,0,0,,,1.0
legacy121_v1__1e95_36_pseudoknot_nmr_a__legacy_gt__rnafold__historical_legacy121_v1,1E95_36_pseudoknot_nmr_A,rnafold,R2,36,12,6,6,6,0,6,6,0,6,1.0,0.5,0.6666666666666666,0.0,0.0,0.0,0,0,0,,,1.0
legacy121_v1__1e95_36_pseudoknot_nmr_a__legacy_gt__rnafold__historical_legacy121_v1,1E95_36_pseudoknot_nmr_A,rnafold,R3,36,12,6,6,6,0,6,6,0,6,1.0,0.5,0.6666666666666666,0.0,0.0,0.0,0,0,0,,,1.0
legacy121_v1__1e95_36_pseudoknot_nmr_a__legacy_gt__rnafold__historical_legacy121_v1,1E95_36_pseudoknot_nmr_A,rnafold,R1_R2,36,12,6,6,6,0,6,6,0,6,1.0,0.5,0.6666666666666666,0.0,0.0,0.0,0,0,0,,,1.0
legacy121_v1__1e95_36_pseudoknot_nmr_a__legacy_gt__rnafold__historical_legacy121_v1,1E95_36_pseudoknot_nmr_A,rnafold,R1_R3,36,12,6,6,6,0,6,6,0,6,1.0,0.5,0.6666666666666666,0.0,0.0,0.0,0,0,0,,,1.0
legacy121_v1__1e95_36_pseudoknot_nmr_a__legacy_gt__trrosettarna2_native_ss__historical_legacy121_v1,1E95_36_pseudoknot_nmr_A,trrosettarna2_native_ss,ORIGINAL,36,12,12,12,0,12,12,0,12,12,0.0,0.0,0.0,0.0,0.0,0.0,0,0,0,,,
legacy121_v1__1e95_36_pseudoknot_nmr_a__legacy_gt__trrosettarna2_native_ss__historical_legacy121_v1,1E95_36_pseudoknot_nmr_A,trrosettarna2_native_ss,R1,36,12,12,12,0,12,12,0,12,12,0.0,0.0,0.0,0.0,0.0,0.0,0,0,0,,,
legacy121_v1__1e95_36_pseudoknot_nmr_a__legacy_gt__trrosettarna2_native_ss__historical_legacy121_v1,1E95_36_pseudoknot_nmr_A,trrosettarna2_native_ss,R2,36,12,12,12,0,12,12,0,12,12,0.0,0.0,0.0,0.0,0.0,0.0,0,0,0,,,
legacy121_v1__1e95_36_pseudoknot_nmr_a__legacy_gt__trrosettarna2_native_ss__historical_legacy121_v1,1E95_36_pseudoknot_nmr_A,trrosettarna2_native_ss,R3,36,12,12,12,0,12,12,0,12,12,0.0,0.0,0.0,0.0,0.0,0.0,0,0,0,,,
legacy121_v1__1e95_36_pseudoknot_nmr_a__legacy_gt__trrosettarna2_native_ss__historical_legacy121_v1,1E95_36_pseudoknot_nmr_A,trrosettarna2_native_ss,R1_R2,36,12,12,12,0,12,12,0,12,12,0.0,0.0,0.0,0.0,0.0,0.0,0,0,0,,,
legacy121_v1__1e95_36_pseudoknot_nmr_a__legacy_gt__trrosettarna2_native_ss__historical_legacy121_v1,1E95_36_pseudoknot_nmr_A,trrosettarna2_native_ss,R1_R3,36,12,12,12,0,12,12,0,12,12,0.0,0.0,0.0,0.0,0.0,0.0,0,0,0,,,
legacy121_v1__1f9l_22_hp_nmr_a__legacy_gt__petfold__historical_legacy121_v1,1F9L_22_hp_nmr_A,petfold,ORIGINAL,22,7,7,7,7,0,0,7,0,0,1.0,1.0,1.0,0.0,0.0,0.0,0,0,0,,,1.0
legacy121_v1__1f9l_22_hp_nmr_a__legacy_gt__petfold__historical_legacy121_v1,1F9L_22_hp_nmr_A,petfold,R1,22,7,7,7,7,0,0,7,0,0,1.0,1.0,1.0,0.0,0.0,0.0,0,0,0,,,1.0
legacy121_v1__1f9l_22_hp_nmr_a__legacy_gt__petfold__historical_legacy121_v1,1F9L_22_hp_nmr_A,petfold,R2,22,7,7,7,7,0,0,7,0,0,1.0,1.0,1.0,0.0,0.0,0.0,0,0,0,,,1.0
legacy121_v1__1f9l_22_hp_nmr_a__legacy_gt__petfold__historical_legacy121_v1,1F9L_22_hp_nmr_A,petfold,R3,22,7,7,7,7,0,0,7,0,0,1.0,1.0,1.0,0.0,0.0,0.0,0,0,0,,,1.0
legacy121_v1__1f9l_22_hp_nmr_a__legacy_gt__petfold__historical_legacy121_v1,1F9L_22_hp_nmr_A,petfold,R1_R2,22,7,7,7,7,0,0,7,0,0,1.0,1.0,1.0,0.0,0.0,0.0,0,0,0,,,1.0
legacy121_v1__1f9l_22_hp_nmr_a__legacy_gt__petfold__historical_legacy121_v1,1F9L_22_hp_nmr_A,petfold,R1_R3,22,7,7,7,7,0,0,7,0,0,1.0,1.0,1.0,0.0,0.0,0.0,0,0,0,,,1.0
legacy121_v1__1f9l_22_hp_nmr_a__legacy_gt__rnafold__historical_legacy121_v1,1F9L_22_hp_nmr_A,rnafold,ORIGINAL,22,7,7,7,7,0,0,7,0,0,1.0,1.0,1.0,0.0,0.0,0.0,0,0,0,,,1.0
legacy121_v1__1f9l_22_hp_nmr_a__legacy_gt__rnafold__historical_legacy121_v1,1F9L_22_hp_nmr_A,rnafold,R1,22,7,7,7,7,0,0,7,0,0,1.0,1.0,1.0,0.0,0.0,0.0,0,0,0,,,1.0
legacy121_v1__1f9l_22_hp_nmr_a__legacy_gt__rnafold__historical_legacy121_v1,1F9L_22_hp_nmr_A,rnafold,R2,22,7,7,7,7,0,0,7,0,0,1.0,1.0,1.0,0.0,0.0,0.0,0,0,0,,,1.0
legacy121_v1__1f9l_22_hp_nmr_a__legacy_gt__rnafold__historical_legacy121_v1,1F9L_22_hp_nmr_A,rnafold,R3,22,7,7,7,7,0,0,7,0,0,1.0,1.0,1.0,0.0,0.0,0.0,0,0,0,,,1.0
legacy121_v1__1f9l_22_hp_nmr_a__legacy_gt__rnafold__historical_legacy121_v1,1F9L_22_hp_nmr_A,rnafold,R1_R2,22,7,7,7,7,0,0,7,0,0,1.0,1.0,1.0,0.0,0.0,0.0,0,0,0,,,1.0
legacy121_v1__1f9l_22_hp_nmr_a__legacy_gt__rnafold__historical_legacy121_v1,1F9L_22_hp_nmr_A,rnafold,R1_R3,22,7,7,7,7,0,0,7,0,0,1.0,1.0,1.0,0.0,0.0,0.0,0,0,0,,,1.0
legacy121_v1__1f9l_22_hp_nmr_a__legacy_gt__trrosettarna2_native_ss__historical_legacy121_v1,1F9L_22_hp_nmr_A,trrosettarna2_native_ss,ORIGINAL,22,7,10,10,7,3,0,7,3,0,0.7,1.0,0.8235294117647058,0.0,0.0,0.0,0,0,0,,,1.0
legacy121_v1__1f9l_22_hp_nmr_a__legacy_gt__trrosettarna2_native_ss__historical_legacy121_v1,1F9L_22_hp_nmr_A,trrosettarna2_native_ss,R1,22,7,10,10,7,3,0,7,3,0,0.7,1.0,0.8235294117647058,0.0,0.0,0.0,0,0,0,,,1.0
legacy121_v1__1f9l_22_hp_nmr_a__legacy_gt__trrosettarna2_native_ss__historical_legacy121_v1,1F9L_22_hp_nmr_A,trrosettarna2_native_ss,R2,22,7,10,10,7,3,0,7,3,0,0.7,1.0,0.8235294117647058,0.0,0.0,0.0,0,0,0,,,1.0
legacy121_v1__1f9l_22_hp_nmr_a__legacy_gt__trrosettarna2_native_ss__historical_legacy121_v1,1F9L_22_hp_nmr_A,trrosettarna2_native_ss,R3,22,7,10,10,7,3,0,7,3,0,0.7,1.0,0.8235294117647058,0.0,0.0,0.0,0,0,0,,,1.0
legacy121_v1__1f9l_22_hp_nmr_a__legacy_gt__trrosettarna2_native_ss__historical_legacy121_v1,1F9L_22_hp_nmr_A,trrosettarna2_native_ss,R1_R2,22,7,10,10,7,3,0,7,3,0,0.7,1.0,0.8235294117647058,0.0,0.0,0.0,0,0,0,,,1.0
legacy121_v1__1f9l_22_hp_nmr_a__legacy_gt__trrosettarna2_native_ss__historical_legacy121_v1,1F9L_22_hp_nmr_A,trrosettarna2_native_ss,R1_R3,22,7,10,10,7,3,0,7,3,0,0.7,1.0,0.8235294117647058,0.0,0.0,0.0,0,0,0,,,1.0
legacy121_v1__1hlx_20_hp_nmr_a__legacy_gt__petfold__historical_legacy121_v1,1HLX_20_hp_nmr_A,petfold,ORIGINAL,20,7,8,8,7,1,0,7,1,0,0.875,1.0,0.9333333333333333,0.0,0.0,0.0,0,0,0,,,1.0
legacy121_v1__1hlx_20_hp_nmr_a__legacy_gt__petfold__historical_legacy121_v1,1HLX_20_hp_nmr_A,petfold,R1,20,7,8,8,7,1,0,7,1,0,0.875,1.0,0.9333333333333333,0.0,0.0,0.0,0,0,0,,,1.0
legacy121_v1__1hlx_20_hp_nmr_a__legacy_gt__petfold__historical_legacy121_v1,1HLX_20_hp_nmr_A,petfold,R2,20,7,8,8,7,1,0,7,1,0,0.875,1.0,0.9333333333333333,0.0,0.0,0.0,0,0,0,,,1.0
legacy121_v1__1hlx_20_hp_nmr_a__legacy_gt__petfold__historical_legacy121_v1,1HLX_20_hp_nmr_A,petfold,R3,20,7,8,8,7,1,0,7,1,0,0.875,1.0,0.9333333333333333,0.0,0.0,0.0,0,0,0,,,1.0
legacy121_v1__1hlx_20_hp_nmr_a__legacy_gt__petfold__historical_legacy121_v1,1HLX_20_hp_nmr_A,petfold,R1_R2,20,7,8,8,7,1,0,7,1,0,0.875,1.0,0.9333333333333333,0.0,0.0,0.0,0,0,0,,,1.0
legacy121_v1__1hlx_20_hp_nmr_a__legacy_gt__petfold__historical_legacy121_v1,1HLX_20_hp_nmr_A,petfold,R1_R3,20,7,8,8,7,1,0,7,1,0,0.875,1.0,0.9333333333333333,0.0,0.0,0.0,0,0,0,,,1.0
legacy121_v1__1hlx_20_hp_nmr_a__legacy_gt__rnafold__historical_legacy121_v1,1HLX_20_hp_nmr_A,rnafold,ORIGINAL,20,7,8,8,7,1,0,7,1,0,0.875,1.0,0.9333333333333333,0.0,0.0,0.0,0,0,0,,,1.0
legacy121_v1__1hlx_20_hp_nmr_a__legacy_gt__rnafold__historical_legacy121_v1,1HLX_20_hp_nmr_A,rnafold,R1,20,7,8,8,7,1,0,7,1,0,0.875,1.0,0.9333333333333333,0.0,0.0,0.0,0,0,0,,,1.0
legacy121_v1__1hlx_20_hp_nmr_a__legacy_gt__rnafold__historical_legacy121_v1,1HLX_20_hp_nmr_A,rnafold,R2,20,7,8,8,7,1,0,7,1,0,0.875,1.0,0.9333333333333333,0.0,0.0,0.0,0,0,0,,,1.0
legacy121_v1__1hlx_20_hp_nmr_a__legacy_gt__rnafold__historical_legacy121_v1,1HLX_20_hp_nmr_A,rnafold,R3,20,7,8,8,7,1,0,7,1,0,0.875,1.0,0.9333333333333333,0.0,0.0,0.0,0,0,0,,,1.0
legacy121_v1__1hlx_20_hp_nmr_a__legacy_gt__rnafold__historical_legacy121_v1,1HLX_20_hp_nmr_A,rnafold,R1_R2,20,7,8,8,7,1,0,7,1,0,0.875,1.0,0.9333333333333333,0.0,0.0,0.0,0,0,0,,,1.0
legacy121_v1__1hlx_20_hp_nmr_a__legacy_gt__rnafold__historical_legacy121_v1,1HLX_20_hp_nmr_A,rnafold,R1_R3,20,7,8,8,7,1,0,7,1,0,0.875,1.0,0.9333333333333333,0.0,0.0,0.0,0,0,0,,,1.0
legacy121_v1__1hlx_20_hp_nmr_a__legacy_gt__trrosettarna2_native_ss__historical_legacy121_v1,1HLX_20_hp_nmr_A,trrosettarna2_native_ss,ORIGINAL,20,7,9,9,7,2,0,7,2,0,0.7777777777777778,1.0,0.875,0.0,0.0,0.0,0,0,0,,,1.0
legacy121_v1__1hlx_20_hp_nmr_a__legacy_gt__trrosettarna2_native_ss__historical_legacy121_v1,1HLX_20_hp_nmr_A,trrosettarna2_native_ss,R1,20,7,9,9,7,2,0,7,2,0,0.7777777777777778,1.0,0.875,0.0,0.0,0.0,0,0,0,,,1.0
legacy121_v1__1hlx_20_hp_nmr_a__legacy_gt__trrosettarna2_native_ss__historical_legacy121_v1,1HLX_20_hp_nmr_A,trrosettarna2_native_ss,R2,20,7,9,9,7,2,0,7,2,0,0.7777777777777778,1.0,0.875,0.0,0.0,0.0,0,0,0,,,1.0
legacy121_v1__1hlx_20_hp_nmr_a__legacy_gt__trrosettarna2_native_ss__historical_legacy121_v1,1HLX_20_hp_nmr_A,trrosettarna2_native_ss,R3,20,7,9,9,7,2,0,7,2,0,0.7777777777777778,1.0,0.875,0.0,0.0,0.0,0,0,0,,,1.0
legacy121_v1__1hlx_20_hp_nmr_a__legacy_gt__trrosettarna2_native_ss__historical_legacy121_v1,1HLX_20_hp_nmr_A,trrosettarna2_native_ss,R1_R2,20,7,9,9,7,2,0,7,2,0,0.7777777777777778,1.0,0.875,0.0,0.0,0.0,0,0,0,,,1.0
legacy121_v1__1hlx_20_hp_nmr_a__legacy_gt__trrosettarna2_native_ss__historical_legacy121_v1,1HLX_20_hp_nmr_A,trrosettarna2_native_ss,R1_R3,20,7,9,9,7,2,0,7,2,0,0.7777777777777778,1.0,0.875,0.0,0.0,0.0,0,0,0,,,1.0
legacy121_v1__1ikd_22_hp_nmr_a__legacy_gt__petfold__historical_legacy121_v1,1IKD_22_hp_nmr_A,petfold,ORIGINAL,22,7,7,7,7,0,0,7,0,0,1.0,1.0,1.0,0.0,0.0,0.0,0,0,0,,,1.0
legacy121_v1__1ikd_22_hp_nmr_a__legacy_gt__petfold__historical_legacy121_v1,1IKD_22_hp_nmr_A,petfold,R1,22,7,7,7,7,0,0,7,0,0,1.0,1.0,1.0,0.0,0.0,0.0,0,0,0,,,1.0
legacy121_v1__1ikd_22_hp_nmr_a__legacy_gt__petfold__historical_legacy121_v1,1IKD_22_hp_nmr_A,petfold,R2,22,7,7,7,7,0,0,7,0,0,1.0,1.0,1.0,0.0,0.0,0.0,0,0,0,,,1.0
legacy121_v1__1ikd_22_hp_nmr_a__legacy_gt__petfold__historical_legacy121_v1,1IKD_22_hp_nmr_A,petfold,R3,22,7,7,7,7,0,0,7,0,0,1.0,1.0,1.0,0.0,0.0,0.0,0,0,0,,,1.0
legacy121_v1__1ikd_22_hp_nmr_a__legacy_gt__petfold__historical_legacy121_v1,1IKD_22_hp_nmr_A,petfold,R1_R2,22,7,7,7,7,0,0,7,0,0,1.0,1.0,1.0,0.0,0.0,0.0,0,0,0,,,1.0
legacy121_v1__1ikd_22_hp_nmr_a__legacy_gt__petfold__historical_legacy121_v1,1IKD_22_hp_nmr_A,petfold,R1_R3,22,7,7,7,7,0,0,7,0,0,1.0,1.0,1.0,0.0,0.0,0.0,0,0,0,,,1.0
legacy121_v1__1ikd_22_hp_nmr_a__legacy_gt__rnafold__historical_legacy121_v1,1IKD_22_hp_nmr_A,rnafold,ORIGINAL,22,7,7,7,7,0,0,7,0,0,1.0,1.0,1.0,0.0,0.0,0.0,0,0,0,,,1.0
legacy121_v1__1ikd_22_hp_nmr_a__legacy_gt__rnafold__historical_legacy121_v1,1IKD_22_hp_nmr_A,rnafold,R1,22,7,7,7,7,0,0,7,0,0,1.0,1.0,1.0,0.0,0.0,0.0,0,0,0,,,1.0
legacy121_v1__1ikd_22_hp_nmr_a__legacy_gt__rnafold__historical_legacy121_v1,1IKD_22_hp_nmr_A,rnafold,R2,22,7,7,7,7,0,0,7,0,0,1.0,1.0,1.0,0.0,0.0,0.0,0,0,0,,,1.0
legacy121_v1__1ikd_22_hp_nmr_a__legacy_gt__rnafold__historical_legacy121_v1,1IKD_22_hp_nmr_A,rnafold,R3,22,7,7,7,7,0,0,7,0,0,1.0,1.0,1.0,0.0,0.0,0.0,0,0,0,,,1.0
legacy121_v1__1ikd_22_hp_nmr_a__legacy_gt__rnafold__historical_legacy121_v1,1IKD_22_hp_nmr_A,rnafold,R1_R2,22,7,7,7,7,0,0,7,0,0,1.0,1.0,1.0,0.0,0.0,0.0,0,0,0,,,1.0
legacy121_v1__1ikd_22_hp_nmr_a__legacy_gt__rnafold__historical_legacy121_v1,1IKD_22_hp_nmr_A,rnafold,R1_R3,22,7,7,7,7,0,0,7,0,0,1.0,1.0,1.0,0.0,0.0,0.0,0,0,0,,,1.0
legacy121_v1__1ikd_22_hp_nmr_a__legacy_gt__trrosettarna2_native_ss__historical_legacy121_v1,1IKD_22_hp_nmr_A,trrosettarna2_native_ss,ORIGINAL,22,7,8,8,7,1,0,7,1,0,0.875,1.0,0.9333333333333333,0.0,0.0,0.0,0,0,0,,,1.0
legacy121_v1__1ikd_22_hp_nmr_a__legacy_gt__trrosettarna2_native_ss__historical_legacy121_v1,1IKD_22_hp_nmr_A,trrosettarna2_native_ss,R1,22,7,8,8,7,1,0,7,1,0,0.875,1.0,0.9333333333333333,0.0,0.0,0.0,0,0,0,,,1.0
legacy121_v1__1ikd_22_hp_nmr_a__legacy_gt__trrosettarna2_native_ss__historical_legacy121_v1,1IKD_22_hp_nmr_A,trrosettarna2_native_ss,R2,22,7,8,8,7,1,0,7,1,0,0.875,1.0,0.9333333333333333,0.0,0.0,0.0,0,0,0,,,1.0
legacy121_v1__1ikd_22_hp_nmr_a__legacy_gt__trrosettarna2_native_ss__historical_legacy121_v1,1IKD_22_hp_nmr_A,trrosettarna2_native_ss,R3,22,7,8,8,7,1,0,7,1,0,0.875,1.0,0.9333333333333333,0.0,0.0,0.0,0,0,0,,,1.0
legacy121_v1__1ikd_22_hp_nmr_a__legacy_gt__trrosettarna2_native_ss__historical_legacy121_v1,1IKD_22_hp_nmr_A,trrosettarna2_native_ss,R1_R2,22,7,8,8,7,1,0,7,1,0,0.875,1.0,0.9333333333333333,0.0,0.0,0.0,0,0,0,,,1.0
legacy121_v1__1ikd_22_hp_nmr_a__legacy_gt__trrosettarna2_native_ss__historical_legacy121_v1,1IKD_22_hp_nmr_A,trrosettarna2_native_ss,R1_R3,22,7,8,8,7,1,0,7,1,0,0.875,1.0,0.9333333333333333,0.0,0.0,0.0,0,0,0,,,1.0
legacy121_v1__1jur_22_hp_nmr_a__legacy_gt__petfold__historical_legacy121_v1,1JUR_22_hp_nmr_A,petfold,ORIGINAL,22,8,8,8,8,0,0,8,0,0,1.0,1.0,1.0,0.0,0.0,0.0,0,0,0,,,1.0
legacy121_v1__1jur_22_hp_nmr_a__legacy_gt__petfold__historical_legacy121_v1,1JUR_22_hp_nmr_A,petfold,R1,22,8,8,8,8,0,0,8,0,0,1.0,1.0,1.0,0.0,0.0,0.0,0,0,0,,,1.0
legacy121_v1__1jur_22_hp_nmr_a__legacy_gt__petfold__historical_legacy121_v1,1JUR_22_hp_nmr_A,petfold,R2,22,8,8,8,8,0,0,8,0,0,1.0,1.0,1.0,0.0,0.0,0.0,0,0,0,,,1.0
legacy121_v1__1jur_22_hp_nmr_a__legacy_gt__petfold__historical_legacy121_v1,1JUR_22_hp_nmr_A,petfold,R3,22,8,8,8,8,0,0,8,0,0,1.0,1.0,1.0,0.0,0.0,0.0,0,0,0,,,1.0
legacy121_v1__1jur_22_hp_nmr_a__legacy_gt__petfold__historical_legacy121_v1,1JUR_22_hp_nmr_A,petfold,R1_R2,22,8,8,8,8,0,0,8,0,0,1.0,1.0,1.0,0.0,0.0,0.0,0,0,0,,,1.0
legacy121_v1__1jur_22_hp_nmr_a__legacy_gt__petfold__historical_legacy121_v1,1JUR_22_hp_nmr_A,petfold,R1_R3,22,8,8,8,8,0,0,8,0,0,1.0,1.0,1.0,0.0,0.0,0.0,0,0,0,,,1.0
legacy121_v1__1jur_22_hp_nmr_a__legacy_gt__rnafold__historical_legacy121_v1,1JUR_22_hp_nmr_A,rnafold,ORIGINAL,22,8,8,8,8,0,0,8,0,0,1.0,1.0,1.0,0.0,0.0,0.0,0,0,0,,,1.0
legacy121_v1__1jur_22_hp_nmr_a__legacy_gt__rnafold__historical_legacy121_v1,1JUR_22_hp_nmr_A,rnafold,R1,22,8,8,8,8,0,0,8,0,0,1.0,1.0,1.0,0.0,0.0,0.0,0,0,0,,,1.0
legacy121_v1__1jur_22_hp_nmr_a__legacy_gt__rnafold__historical_legacy121_v1,1JUR_22_hp_nmr_A,rnafold,R2,22,8,8,8,8,0,0,8,0,0,1.0,1.0,1.0,0.0,0.0,0.0,0,0,0,,,1.0
legacy121_v1__1jur_22_hp_nmr_a__legacy_gt__rnafold__historical_legacy121_v1,1JUR_22_hp_nmr_A,rnafold,R3,22,8,8,8,8,0,0,8,0,0,1.0,1.0,1.0,0.0,0.0,0.0,0,0,0,,,1.0
legacy121_v1__1jur_22_hp_nmr_a__legacy_gt__rnafold__historical_legacy121_v1,1JUR_22_hp_nmr_A,rnafold,R1_R2,22,8,8,8,8,0,0,8,0,0,1.0,1.0,1.0,0.0,0.0,0.0,0,0,0,,,1.0
legacy121_v1__1jur_22_hp_nmr_a__legacy_gt__rnafold__historical_legacy121_v1,1JUR_22_hp_nmr_A,rnafold,R1_R3,22,8,8,8,8,0,0,8,0,0,1.0,1.0,1.0,0.0,0.0,0.0,0,0,0,,,1.0
legacy121_v1__1jur_22_hp_nmr_a__legacy_gt__trrosettarna2_native_ss__historical_legacy121_v1,1JUR_22_hp_nmr_A,trrosettarna2_native_ss,ORIGINAL,22,8,9,9,7,2,1,7,2,1,0.7777777777777778,0.875,0.8235294117647058,0.0,0.0,0.0,0,0,0,,,1.0
legacy121_v1__1jur_22_hp_nmr_a__legacy_gt__trrosettarna2_native_ss__historical_legacy121_v1,1JUR_22_hp_nmr_A,trrosettarna2_native_ss,R1,22,8,9,9,7,2,1,7,2,1,0.7777777777777778,0.875,0.8235294117647058,0.0,0.0,0.0,0,0,0,,,1.0
legacy121_v1__1jur_22_hp_nmr_a__legacy_gt__trrosettarna2_native_ss__historical_legacy121_v1,1JUR_22_hp_nmr_A,trrosettarna2_native_ss,R2,22,8,9,9,7,2,1,7,2,1,0.7777777777777778,0.875,0.8235294117647058,0.0,0.0,0.0,0,0,0,,,1.0
legacy121_v1__1jur_22_hp_nmr_a__legacy_gt__trrosettarna2_native_ss__historical_legacy121_v1,1JUR_22_hp_nmr_A,trrosettarna2_native_ss,R3,22,8,9,9,7,2,1,7,2,1,0.7777777777777778,0.875,0.8235294117647058,0.0,0.0,0.0,0,0,0,,,1.0
legacy121_v1__1jur_22_hp_nmr_a__legacy_gt__trrosettarna2_native_ss__historical_legacy121_v1,1JUR_22_hp_nmr_A,trrosettarna2_native_ss,R1_R2,22,8,9,9,7,2,1,7,2,1,0.7777777777777778,0.875,0.8235294117647058,0.0,0.0,0.0,0,0,0,,,1.0
legacy121_v1__1jur_22_hp_nmr_a__legacy_gt__trrosettarna2_native_ss__historical_legacy121_v1,1JUR_22_hp_nmr_A,trrosettarna2_native_ss,R1_R3,22,8,9,9,7,2,1,7,2,1,0.7777777777777778,0.875,0.8235294117647058,0.0,0.0,0.0,0,0,0,,,1.0
legacy121_v1__1k2g_22_dumbbell_nmr_a__legacy_gt__petfold__historical_legacy121_v1,1K2G_22_dumbbell_nmr_A,petfold,ORIGINAL,22,6,3,3,3,0,3,3,0,3,1.0,0.5,0.6666666666666666,0.0,0.0,0.0,0,0,0,,,1.0
legacy121_v1__1k2g_22_dumbbell_nmr_a__legacy_gt__petfold__historical_legacy121_v1,1K2G_22_dumbbell_nmr_A,petfold,R1,22,6,3,3,3,0,3,3,0,3,1.0,0.5,0.6666666666666666,0.0,0.0,0.0,0,0,0,,,1.0
legacy121_v1__1k2g_22_dumbbell_nmr_a__legacy_gt__petfold__historical_legacy121_v1,1K2G_22_dumbbell_nmr_A,petfold,R2,22,6,3,3,3,0,3,3,0,3,1.0,0.5,0.6666666666666666,0.0,0.0,0.0,0,0,0,,,1.0
legacy121_v1__1k2g_22_dumbbell_nmr_a__legacy_gt__petfold__historical_legacy121_v1,1K2G_22_dumbbell_nmr_A,petfold,R3,22,6,3,3,3,0,3,3,0,3,1.0,0.5,0.6666666666666666,0.0,0.0,0.0,0,0,0,,,1.0
legacy121_v1__1k2g_22_dumbbell_nmr_a__legacy_gt__petfold__historical_legacy121_v1,1K2G_22_dumbbell_nmr_A,petfold,R1_R2,22,6,3,3,3,0,3,3,0,3,1.0,0.5,0.6666666666666666,0.0,0.0,0.0,0,0,0,,,1.0
legacy121_v1__1k2g_22_dumbbell_nmr_a__legacy_gt__petfold__historical_legacy121_v1,1K2G_22_dumbbell_nmr_A,petfold,R1_R3,22,6,3,3,3,0,3,3,0,3,1.0,0.5,0.6666666666666666,0.0,0.0,0.0,0,0,0,,,1.0
legacy121_v1__1k2g_22_dumbbell_nmr_a__legacy_gt__rnafold__historical_legacy121_v1,1K2G_22_dumbbell_nmr_A,rnafold,ORIGINAL,22,6,3,3,3,0,3,3,0,3,1.0,0.5,0.6666666666666666,0.0,0.0,0.0,0,0,0,,,1.0
legacy121_v1__1k2g_22_dumbbell_nmr_a__legacy_gt__rnafold__historical_legacy121_v1,1K2G_22_dumbbell_nmr_A,rnafold,R1,22,6,3,3,3,0,3,3,0,3,1.0,0.5,0.6666666666666666,0.0,0.0,0.0,0,0,0,,,1.0
legacy121_v1__1k2g_22_dumbbell_nmr_a__legacy_gt__rnafold__historical_legacy121_v1,1K2G_22_dumbbell_nmr_A,rnafold,R2,22,6,3,3,3,0,3,3,0,3,1.0,0.5,0.6666666666666666,0.0,0.0,0.0,0,0,0,,,1.0
legacy121_v1__1k2g_22_dumbbell_nmr_a__legacy_gt__rnafold__historical_legacy121_v1,1K2G_22_dumbbell_nmr_A,rnafold,R3,22,6,3,3,3,0,3,3,0,3,1.0,0.5,0.6666666666666666,0.0,0.0,0.0,0,0,0,,,1.0
legacy121_v1__1k2g_22_dumbbell_nmr_a__legacy_gt__rnafold__historical_legacy121_v1,1K2G_22_dumbbell_nmr_A,rnafold,R1_R2,22,6,3,3,3,0,3,3,0,3,1.0,0.5,0.6666666666666666,0.0,0.0,0.0,0,0,0,,,1.0
legacy121_v1__1k2g_22_dumbbell_nmr_a__legacy_gt__rnafold__historical_legacy121_v1,1K2G_22_dumbbell_nmr_A,rnafold,R1_R3,22,6,3,3,3,0,3,3,0,3,1.0,0.5,0.6666666666666666,0.0,0.0,0.0,0,0,0,,,1.0
legacy121_v1__1k2g_22_dumbbell_nmr_a__legacy_gt__trrosettarna2_native_ss__historical_legacy121_v1,1K2G_22_dumbbell_nmr_A,trrosettarna2_native_ss,ORIGINAL,22,6,8,8,6,2,0,6,2,0,0.75,1.0,0.8571428571428571,0.0,0.0,0.0,0,0,0,,,1.0
legacy121_v1__1k2g_22_dumbbell_nmr_a__legacy_gt__trrosettarna2_native_ss__historical_legacy121_v1,1K2G_22_dumbbell_nmr_A,trrosettarna2_native_ss,R1,22,6,8,7,6,2,0,5,2,1,0.7142857142857143,0.8333333333333334,0.7692307692307693,-0.0357142857142857,-0.16666666666666663,-0.08791208791208782,1,0,1,0.0,1.0,0.8333333333333334
legacy121_v1__1k2g_22_dumbbell_nmr_a__legacy_gt__trrosettarna2_native_ss__historical_legacy121_v1,1K2G_22_dumbbell_nmr_A,trrosettarna2_native_ss,R2,22,6,8,8,6,2,0,6,2,0,0.75,1.0,0.8571428571428571,0.0,0.0,0.0,0,0,0,,,1.0
legacy121_v1__1k2g_22_dumbbell_nmr_a__legacy_gt__trrosettarna2_native_ss__historical_legacy121_v1,1K2G_22_dumbbell_nmr_A,trrosettarna2_native_ss,R3,22,6,8,8,6,2,0,6,2,0,0.75,1.0,0.8571428571428571,0.0,0.0,0.0,0,0,0,,,1.0
legacy121_v1__1k2g_22_dumbbell_nmr_a__legacy_gt__trrosettarna2_native_ss__historical_legacy121_v1,1K2G_22_dumbbell_nmr_A,trrosettarna2_native_ss,R1_R2,22,6,8,7,6,2,0,5,2,1,0.7142857142857143,0.8333333333333334,0.7692307692307693,-0.0357142857142857,-0.16666666666666663,-0.08791208791208782,1,0,1,0.0,1.0,0.8333333333333334
legacy121_v1__1k2g_22_dumbbell_nmr_a__legacy_gt__trrosettarna2_native_ss__historical_legacy121_v1,1K2G_22_dumbbell_nmr_A,trrosettarna2_native_ss,R1_R3,22,6,8,7,6,2,0,5,2,1,0.7142857142857143,0.8333333333333334,0.7692307692307693,-0.0357142857142857,-0.16666666666666663,-0.08791208791208782,1,0,1,0.0,1.0,0.8333333333333334
legacy121_v1__1k6h_22_hp_nmr_a__legacy_gt__petfold__historical_legacy121_v1,1K6H_22_hp_nmr_A,petfold,ORIGINAL,22,9,9,9,9,0,0,9,0,0,1.0,1.0,1.0,0.0,0.0,0.0,0,0,0,,,1.0
legacy121_v1__1k6h_22_hp_nmr_a__legacy_gt__petfold__historical_legacy121_v1,1K6H_22_hp_nmr_A,petfold,R1,22,9,9,9,9,0,0,9,0,0,1.0,1.0,1.0,0.0,0.0,0.0,0,0,0,,,1.0
legacy121_v1__1k6h_22_hp_nmr_a__legacy_gt__petfold__historical_legacy121_v1,1K6H_22_hp_nmr_A,petfold,R2,22,9,9,9,9,0,0,9,0,0,1.0,1.0,1.0,0.0,0.0,0.0,0,0,0,,,1.0
legacy121_v1__1k6h_22_hp_nmr_a__legacy_gt__petfold__historical_legacy121_v1,1K6H_22_hp_nmr_A,petfold,R3,22,9,9,9,9,0,0,9,0,0,1.0,1.0,1.0,0.0,0.0,0.0,0,0,0,,,1.0
legacy121_v1__1k6h_22_hp_nmr_a__legacy_gt__petfold__historical_legacy121_v1,1K6H_22_hp_nmr_A,petfold,R1_R2,22,9,9,9,9,0,0,9,0,0,1.0,1.0,1.0,0.0,0.0,0.0,0,0,0,,,1.0
legacy121_v1__1k6h_22_hp_nmr_a__legacy_gt__petfold__historical_legacy121_v1,1K6H_22_hp_nmr_A,petfold,R1_R3,22,9,9,9,9,0,0,9,0,0,1.0,1.0,1.0,0.0,0.0,0.0,0,0,0,,,1.0
legacy121_v1__1k6h_22_hp_nmr_a__legacy_gt__rnafold__historical_legacy121_v1,1K6H_22_hp_nmr_A,rnafold,ORIGINAL,22,9,9,9,9,0,0,9,0,0,1.0,1.0,1.0,0.0,0.0,0.0,0,0,0,,,1.0
legacy121_v1__1k6h_22_hp_nmr_a__legacy_gt__rnafold__historical_legacy121_v1,1K6H_22_hp_nmr_A,rnafold,R1,22,9,9,9,9,0,0,9,0,0,1.0,1.0,1.0,0.0,0.0,0.0,0,0,0,,,1.0
legacy121_v1__1k6h_22_hp_nmr_a__legacy_gt__rnafold__historical_legacy121_v1,1K6H_22_hp_nmr_A,rnafold,R2,22,9,9,9,9,0,0,9,0,0,1.0,1.0,1.0,0.0,0.0,0.0,0,0,0,,,1.0
legacy121_v1__1k6h_22_hp_nmr_a__legacy_gt__rnafold__historical_legacy121_v1,1K6H_22_hp_nmr_A,rnafold,R3,22,9,9,9,9,0,0,9,0,0,1.0,1.0,1.0,0.0,0.0,0.0,0,0,0,,,1.0
legacy121_v1__1k6h_22_hp_nmr_a__legacy_gt__rnafold__historical_legacy121_v1,1K6H_22_hp_nmr_A,rnafold,R1_R2,22,9,9,9,9,0,0,9,0,0,1.0,1.0,1.0,0.0,0.0,0.0,0,0,0,,,1.0
legacy121_v1__1k6h_22_hp_nmr_a__legacy_gt__rnafold__historical_legacy121_v1,1K6H_22_hp_nmr_A,rnafold,R1_R3,22,9,9,9,9,0,0,9,0,0,1.0,1.0,1.0,0.0,0.0,0.0,0,0,0,,,1.0
legacy121_v1__1k6h_22_hp_nmr_a__legacy_gt__trrosettarna2_native_ss__historical_legacy121_v1,1K6H_22_hp_nmr_A,trrosettarna2_native_ss,ORIGINAL,22,9,10,10,9,1,0,9,1,0,0.9,1.0,0.9473684210526315,0.0,0.0,0.0,0,0,0,,,1.0
legacy121_v1__1k6h_22_hp_nmr_a__legacy_gt__trrosettarna2_native_ss__historical_legacy121_v1,1K6H_22_hp_nmr_A,trrosettarna2_native_ss,R1,22,9,10,10,9,1,0,9,1,0,0.9,1.0,0.9473684210526315,0.0,0.0,0.0,0,0,0,,,1.0
legacy121_v1__1k6h_22_hp_nmr_a__legacy_gt__trrosettarna2_native_ss__historical_legacy121_v1,1K6H_22_hp_nmr_A,trrosettarna2_native_ss,R2,22,9,10,10,9,1,0,9,1,0,0.9,1.0,0.9473684210526315,0.0,0.0,0.0,0,0,0,,,1.0
legacy121_v1__1k6h_22_hp_nmr_a__legacy_gt__trrosettarna2_native_ss__historical_legacy121_v1,1K6H_22_hp_nmr_A,trrosettarna2_native_ss,R3,22,9,10,10,9,1,0,9,1,0,0.9,1.0,0.9473684210526315,0.0,0.0,0.0,0,0,0,,,1.0
legacy121_v1__1k6h_22_hp_nmr_a__legacy_gt__trrosettarna2_native_ss__historical_legacy121_v1,1K6H_22_hp_nmr_A,trrosettarna2_native_ss,R1_R2,22,9,10,10,9,1,0,9,1,0,0.9,1.0,0.9473684210526315,0.0,0.0,0.0,0,0,0,,,1.0
legacy121_v1__1k6h_22_hp_nmr_a__legacy_gt__trrosettarna2_native_ss__historical_legacy121_v1,1K6H_22_hp_nmr_A,trrosettarna2_native_ss,R1_R3,22,9,10,10,9,1,0,9,1,0,0.9,1.0,0.9473684210526315,0.0,0.0,0.0,0,0,0,,,1.0
legacy121_v1__1ldz_30_hpbulge_nmr_a__legacy_gt__petfold__historical_legacy121_v1,1LDZ_30_hpbulge_nmr_A,petfold,ORIGINAL,30,10,10,10,10,0,0,10,0,0,1.0,1.0,1.0,0.0,0.0,0.0,0,0,0,,,1.0
legacy121_v1__1ldz_30_hpbulge_nmr_a__legacy_gt__petfold__historical_legacy121_v1,1LDZ_30_hpbulge_nmr_A,petfold,R1,30,10,10,10,10,0,0,10,0,0,1.0,1.0,1.0,0.0,0.0,0.0,0,0,0,,,1.0
legacy121_v1__1ldz_30_hpbulge_nmr_a__legacy_gt__petfold__historical_legacy121_v1,1LDZ_30_hpbulge_nmr_A,petfold,R2,30,10,10,10,10,0,0,10,0,0,1.0,1.0,1.0,0.0,0.0,0.0,0,0,0,,,1.0
legacy121_v1__1ldz_30_hpbulge_nmr_a__legacy_gt__petfold__historical_legacy121_v1,1LDZ_30_hpbulge_nmr_A,petfold,R3,30,10,10,10,10,0,0,10,0,0,1.0,1.0,1.0,0.0,0.0,0.0,0,0,0,,,1.0
legacy121_v1__1ldz_30_hpbulge_nmr_a__legacy_gt__petfold__historical_legacy121_v1,1LDZ_30_hpbulge_nmr_A,petfold,R1_R2,30,10,10,10,10,0,0,10,0,0,1.0,1.0,1.0,0.0,0.0,0.0,0,0,0,,,1.0
legacy121_v1__1ldz_30_hpbulge_nmr_a__legacy_gt__petfold__historical_legacy121_v1,1LDZ_30_hpbulge_nmr_A,petfold,R1_R3,30,10,10,10,10,0,0,10,0,0,1.0,1.0,1.0,0.0,0.0,0.0,0,0,0,,,1.0
legacy121_v1__1ldz_30_hpbulge_nmr_a__legacy_gt__rnafold__historical_legacy121_v1,1LDZ_30_hpbulge_nmr_A,rnafold,ORIGINAL,30,10,10,10,10,0,0,10,0,0,1.0,1.0,1.0,0.0,0.0,0.0,0,0,0,,,1.0
legacy121_v1__1ldz_30_hpbulge_nmr_a__legacy_gt__rnafold__historical_legacy121_v1,1LDZ_30_hpbulge_nmr_A,rnafold,R1,30,10,10,10,10,0,0,10,0,0,1.0,1.0,1.0,0.0,0.0,0.0,0,0,0,,,1.0
legacy121_v1__1ldz_30_hpbulge_nmr_a__legacy_gt__rnafold__historical_legacy121_v1,1LDZ_30_hpbulge_nmr_A,rnafold,R2,30,10,10,10,10,0,0,10,0,0,1.0,1.0,1.0,0.0,0.0,0.0,0,0,0,,,1.0
legacy121_v1__1ldz_30_hpbulge_nmr_a__legacy_gt__rnafold__historical_legacy121_v1,1LDZ_30_hpbulge_nmr_A,rnafold,R3,30,10,10,10,10,0,0,10,0,0,1.0,1.0,1.0,0.0,0.0,0.0,0,0,0,,,1.0
legacy121_v1__1ldz_30_hpbulge_nmr_a__legacy_gt__rnafold__historical_legacy121_v1,1LDZ_30_hpbulge_nmr_A,rnafold,R1_R2,30,10,10,10,10,0,0,10,0,0,1.0,1.0,1.0,0.0,0.0,0.0,0,0,0,,,1.0
legacy121_v1__1ldz_30_hpbulge_nmr_a__legacy_gt__rnafold__historical_legacy121_v1,1LDZ_30_hpbulge_nmr_A,rnafold,R1_R3,30,10,10,10,10,0,0,10,0,0,1.0,1.0,1.0,0.0,0.0,0.0,0,0,0,,,1.0
legacy121_v1__1ldz_30_hpbulge_nmr_a__legacy_gt__trrosettarna2_native_ss__historical_legacy121_v1,1LDZ_30_hpbulge_nmr_A,trrosettarna2_native_ss,ORIGINAL,30,10,12,12,10,2,0,10,2,0,0.8333333333333334,1.0,0.9090909090909091,0.0,0.0,0.0,0,0,0,,,1.0
legacy121_v1__1ldz_30_hpbulge_nmr_a__legacy_gt__trrosettarna2_native_ss__historical_legacy121_v1,1LDZ_30_hpbulge_nmr_A,trrosettarna2_native_ss,R1,30,10,12,12,10,2,0,10,2,0,0.8333333333333334,1.0,0.9090909090909091,0.0,0.0,0.0,0,0,0,,,1.0
legacy121_v1__1ldz_30_hpbulge_nmr_a__legacy_gt__trrosettarna2_native_ss__historical_legacy121_v1,1LDZ_30_hpbulge_nmr_A,trrosettarna2_native_ss,R2,30,10,12,12,10,2,0,10,2,0,0.8333333333333334,1.0,0.9090909090909091,0.0,0.0,0.0,0,0,0,,,1.0
legacy121_v1__1ldz_30_hpbulge_nmr_a__legacy_gt__trrosettarna2_native_ss__historical_legacy121_v1,1LDZ_30_hpbulge_nmr_A,trrosettarna2_native_ss,R3,30,10,12,12,10,2,0,10,2,0,0.8333333333333334,1.0,0.9090909090909091,0.0,0.0,0.0,0,0,0,,,1.0
legacy121_v1__1ldz_30_hpbulge_nmr_a__legacy_gt__trrosettarna2_native_ss__historical_legacy121_v1,1LDZ_30_hpbulge_nmr_A,trrosettarna2_native_ss,R1_R2,30,10,12,12,10,2,0,10,2,0,0.8333333333333334,1.0,0.9090909090909091,0.0,0.0,0.0,0,0,0,,,1.0
legacy121_v1__1ldz_30_hpbulge_nmr_a__legacy_gt__trrosettarna2_native_ss__historical_legacy121_v1,1LDZ_30_hpbulge_nmr_A,trrosettarna2_native_ss,R1_R3,30,10,12,12,10,2,0,10,2,0,0.8333333333333334,1.0,0.9090909090909091,0.0,0.0,0.0,0,0,0,,,1.0
legacy121_v1__1m82_25_hp_nmr_a__legacy_gt__petfold__historical_legacy121_v1,1M82_25_hp_nmr_A,petfold,ORIGINAL,25,9,10,10,9,1,0,9,1,0,0.9,1.0,0.9473684210526315,0.0,0.0,0.0,0,0,0,,,1.0
legacy121_v1__1m82_25_hp_nmr_a__legacy_gt__petfold__historical_legacy121_v1,1M82_25_hp_nmr_A,petfold,R1,25,9,10,10,9,1,0,9,1,0,0.9,1.0,0.9473684210526315,0.0,0.0,0.0,0,0,0,,,1.0
legacy121_v1__1m82_25_hp_nmr_a__legacy_gt__petfold__historical_legacy121_v1,1M82_25_hp_nmr_A,petfold,R2,25,9,10,10,9,1,0,9,1,0,0.9,1.0,0.9473684210526315,0.0,0.0,0.0,0,0,0,,,1.0
legacy121_v1__1m82_25_hp_nmr_a__legacy_gt__petfold__historical_legacy121_v1,1M82_25_hp_nmr_A,petfold,R3,25,9,10,10,9,1,0,9,1,0,0.9,1.0,0.9473684210526315,0.0,0.0,0.0,0,0,0,,,1.0
legacy121_v1__1m82_25_hp_nmr_a__legacy_gt__petfold__historical_legacy121_v1,1M82_25_hp_nmr_A,petfold,R1_R2,25,9,10,10,9,1,0,9,1,0,0.9,1.0,0.9473684210526315,0.0,0.0,0.0,0,0,0,,,1.0
legacy121_v1__1m82_25_hp_nmr_a__legacy_gt__petfold__historical_legacy121_v1,1M82_25_hp_nmr_A,petfold,R1_R3,25,9,10,10,9,1,0,9,1,0,0.9,1.0,0.9473684210526315,0.0,0.0,0.0,0,0,0,,,1.0
legacy121_v1__1m82_25_hp_nmr_a__legacy_gt__rnafold__historical_legacy121_v1,1M82_25_hp_nmr_A,rnafold,ORIGINAL,25,9,10,10,9,1,0,9,1,0,0.9,1.0,0.9473684210526315,0.0,0.0,0.0,0,0,0,,,1.0
legacy121_v1__1m82_25_hp_nmr_a__legacy_gt__rnafold__historical_legacy121_v1,1M82_25_hp_nmr_A,rnafold,R1,25,9,10,10,9,1,0,9,1,0,0.9,1.0,0.9473684210526315,0.0,0.0,0.0,0,0,0,,,1.0
legacy121_v1__1m82_25_hp_nmr_a__legacy_gt__rnafold__historical_legacy121_v1,1M82_25_hp_nmr_A,rnafold,R2,25,9,10,10,9,1,0,9,1,0,0.9,1.0,0.9473684210526315,0.0,0.0,0.0,0,0,0,,,1.0
legacy121_v1__1m82_25_hp_nmr_a__legacy_gt__rnafold__historical_legacy121_v1,1M82_25_hp_nmr_A,rnafold,R3,25,9,10,10,9,1,0,9,1,0,0.9,1.0,0.9473684210526315,0.0,0.0,0.0,0,0,0,,,1.0
legacy121_v1__1m82_25_hp_nmr_a__legacy_gt__rnafold__historical_legacy121_v1,1M82_25_hp_nmr_A,rnafold,R1_R2,25,9,10,10,9,1,0,9,1,0,0.9,1.0,0.9473684210526315,0.0,0.0,0.0,0,0,0,,,1.0
legacy121_v1__1m82_25_hp_nmr_a__legacy_gt__rnafold__historical_legacy121_v1,1M82_25_hp_nmr_A,rnafold,R1_R3,25,9,10,10,9,1,0,9,1,0,0.9,1.0,0.9473684210526315,0.0,0.0,0.0,0,0,0,,,1.0
legacy121_v1__1m82_25_hp_nmr_a__legacy_gt__trrosettarna2_native_ss__historical_legacy121_v1,1M82_25_hp_nmr_A,trrosettarna2_native_ss,ORIGINAL,25,9,11,11,9,2,0,9,2,0,0.8181818181818182,1.0,0.9,0.0,0.0,0.0,0,0,0,,,1.0
legacy121_v1__1m82_25_hp_nmr_a__legacy_gt__trrosettarna2_native_ss__historical_legacy121_v1,1M82_25_hp_nmr_A,trrosettarna2_native_ss,R1,25,9,11,11,9,2,0,9,2,0,0.8181818181818182,1.0,0.9,0.0,0.0,0.0,0,0,0,,,1.0
legacy121_v1__1m82_25_hp_nmr_a__legacy_gt__trrosettarna2_native_ss__historical_legacy121_v1,1M82_25_hp_nmr_A,trrosettarna2_native_ss,R2,25,9,11,11,9,2,0,9,2,0,0.8181818181818182,1.0,0.9,0.0,0.0,0.0,0,0,0,,,1.0
legacy121_v1__1m82_25_hp_nmr_a__legacy_gt__trrosettarna2_native_ss__historical_legacy121_v1,1M82_25_hp_nmr_A,trrosettarna2_native_ss,R3,25,9,11,11,9,2,0,9,2,0,0.8181818181818182,1.0,0.9,0.0,0.0,0.0,0,0,0,,,1.0
legacy121_v1__1m82_25_hp_nmr_a__legacy_gt__trrosettarna2_native_ss__historical_legacy121_v1,1M82_25_hp_nmr_A,trrosettarna2_native_ss,R1_R2,25,9,11,11,9,2,0,9,2,0,0.8181818181818182,1.0,0.9,0.0,0.0,0.0,0,0,0,,,1.0
legacy121_v1__1m82_25_hp_nmr_a__legacy_gt__trrosettarna2_native_ss__historical_legacy121_v1,1M82_25_hp_nmr_A,trrosettarna2_native_ss,R1_R3,25,9,11,11,9,2,0,9,2,0,0.8181818181818182,1.0,0.9,0.0,0.0,0.0,0,0,0,,,1.0
legacy121_v1__1mt4_24_hp_nmr_a__legacy_gt__petfold__historical_legacy121_v1,1MT4_24_hp_nmr_A,petfold,ORIGINAL,24,8,8,8,8,0,0,8,0,0,1.0,1.0,1.0,0.0,0.0,0.0,0,0,0,,,1.0
legacy121_v1__1mt4_24_hp_nmr_a__legacy_gt__petfold__historical_legacy121_v1,1MT4_24_hp_nmr_A,petfold,R1,24,8,8,8,8,0,0,8,0,0,1.0,1.0,1.0,0.0,0.0,0.0,0,0,0,,,1.0
legacy121_v1__1mt4_24_hp_nmr_a__legacy_gt__petfold__historical_legacy121_v1,1MT4_24_hp_nmr_A,petfold,R2,24,8,8,8,8,0,0,8,0,0,1.0,1.0,1.0,0.0,0.0,0.0,0,0,0,,,1.0
legacy121_v1__1mt4_24_hp_nmr_a__legacy_gt__petfold__historical_legacy121_v1,1MT4_24_hp_nmr_A,petfold,R3,24,8,8,8,8,0,0,8,0,0,1.0,1.0,1.0,0.0,0.0,0.0,0,0,0,,,1.0
legacy121_v1__1mt4_24_hp_nmr_a__legacy_gt__petfold__historical_legacy121_v1,1MT4_24_hp_nmr_A,petfold,R1_R2,24,8,8,8,8,0,0,8,0,0,1.0,1.0,1.0,0.0,0.0,0.0,0,0,0,,,1.0
legacy121_v1__1mt4_24_hp_nmr_a__legacy_gt__petfold__historical_legacy121_v1,1MT4_24_hp_nmr_A,petfold,R1_R3,24,8,8,8,8,0,0,8,0,0,1.0,1.0,1.0,0.0,0.0,0.0,0,0,0,,,1.0
legacy121_v1__1mt4_24_hp_nmr_a__legacy_gt__rnafold__historical_legacy121_v1,1MT4_24_hp_nmr_A,rnafold,ORIGINAL,24,8,8,8,8,0,0,8,0,0,1.0,1.0,1.0,0.0,0.0,0.0,0,0,0,,,1.0
legacy121_v1__1mt4_24_hp_nmr_a__legacy_gt__rnafold__historical_legacy121_v1,1MT4_24_hp_nmr_A,rnafold,R1,24,8,8,8,8,0,0,8,0,0,1.0,1.0,1.0,0.0,0.0,0.0,0,0,0,,,1.0
legacy121_v1__1mt4_24_hp_nmr_a__legacy_gt__rnafold__historical_legacy121_v1,1MT4_24_hp_nmr_A,rnafold,R2,24,8,8,8,8,0,0,8,0,0,1.0,1.0,1.0,0.0,0.0,0.0,0,0,0,,,1.0
legacy121_v1__1mt4_24_hp_nmr_a__legacy_gt__rnafold__historical_legacy121_v1,1MT4_24_hp_nmr_A,rnafold,R3,24,8,8,8,8,0,0,8,0,0,1.0,1.0,1.0,0.0,0.0,0.0,0,0,0,,,1.0
legacy121_v1__1mt4_24_hp_nmr_a__legacy_gt__rnafold__historical_legacy121_v1,1MT4_24_hp_nmr_A,rnafold,R1_R2,24,8,8,8,8,0,0,8,0,0,1.0,1.0,1.0,0.0,0.0,0.0,0,0,0,,,1.0
legacy121_v1__1mt4_24_hp_nmr_a__legacy_gt__rnafold__historical_legacy121_v1,1MT4_24_hp_nmr_A,rnafold,R1_R3,24,8,8,8,8,0,0,8,0,0,1.0,1.0,1.0,0.0,0.0,0.0,0,0,0,,,1.0
legacy121_v1__1mt4_24_hp_nmr_a__legacy_gt__trrosettarna2_native_ss__historical_legacy121_v1,1MT4_24_hp_nmr_A,trrosettarna2_native_ss,ORIGINAL,24,8,10,10,8,2,0,8,2,0,0.8,1.0,0.8888888888888888,0.0,0.0,0.0,0,0,0,,,1.0
legacy121_v1__1mt4_24_hp_nmr_a__legacy_gt__trrosettarna2_native_ss__historical_legacy121_v1,1MT4_24_hp_nmr_A,trrosettarna2_native_ss,R1,24,8,10,9,8,2,0,8,1,0,0.8888888888888888,1.0,0.9411764705882353,0.0888888888888888,0.0,0.05228758169934644,1,1,0,1.0,0.0,1.0
legacy121_v1__1mt4_24_hp_nmr_a__legacy_gt__trrosettarna2_native_ss__historical_legacy121_v1,1MT4_24_hp_nmr_A,trrosettarna2_native_ss,R2,24,8,10,10,8,2,0,8,2,0,0.8,1.0,0.8888888888888888,0.0,0.0,0.0,0,0,0,,,1.0
legacy121_v1__1mt4_24_hp_nmr_a__legacy_gt__trrosettarna2_native_ss__historical_legacy121_v1,1MT4_24_hp_nmr_A,trrosettarna2_native_ss,R3,24,8,10,10,8,2,0,8,2,0,0.8,1.0,0.8888888888888888,0.0,0.0,0.0,0,0,0,,,1.0
legacy121_v1__1mt4_24_hp_nmr_a__legacy_gt__trrosettarna2_native_ss__historical_legacy121_v1,1MT4_24_hp_nmr_A,trrosettarna2_native_ss,R1_R2,24,8,10,9,8,2,0,8,1,0,0.8888888888888888,1.0,0.9411764705882353,0.0888888888888888,0.0,0.05228758169934644,1,1,0,1.0,0.0,1.0
legacy121_v1__1mt4_24_hp_nmr_a__legacy_gt__trrosettarna2_native_ss__historical_legacy121_v1,1MT4_24_hp_nmr_A,trrosettarna2_native_ss,R1_R3,24,8,10,9,8,2,0,8,1,0,0.8888888888888888,1.0,0.9411764705882353,0.0888888888888888,0.0,0.05228758169934644,1,1,0,1.0,0.0,1.0
legacy121_v1__1p5m_55_hpbulge_nmr_a__legacy_gt__petfold__historical_legacy121_v1,1P5M_55_hpbulge_nmr_A,petfold,ORIGINAL,55,19,18,18,18,0,1,18,0,1,1.0,0.9473684210526315,0.972972972972973,0.0,0.0,0.0,0,0,0,,,1.0
legacy121_v1__1p5m_55_hpbulge_nmr_a__legacy_gt__petfold__historical_legacy121_v1,1P5M_55_hpbulge_nmr_A,petfold,R1,55,19,18,18,18,0,1,18,0,1,1.0,0.9473684210526315,0.972972972972973,0.0,0.0,0.0,0,0,0,,,1.0
legacy121_v1__1p5m_55_hpbulge_nmr_a__legacy_gt__petfold__historical_legacy121_v1,1P5M_55_hpbulge_nmr_A,petfold,R2,55,19,18,16,18,0,1,16,0,3,1.0,0.8421052631578947,0.9142857142857143,0.0,-0.10526315789473684,-0.05868725868725877,2,0,2,0.0,1.0,0.8888888888888888
legacy121_v1__1p5m_55_hpbulge_nmr_a__legacy_gt__petfold__historical_legacy121_v1,1P5M_55_hpbulge_nmr_A,petfold,R3,55,19,18,18,18,0,1,18,0,1,1.0,0.9473684210526315,0.972972972972973,0.0,0.0,0.0,0,0,0,,,1.0
legacy121_v1__1p5m_55_hpbulge_nmr_a__legacy_gt__petfold__historical_legacy121_v1,1P5M_55_hpbulge_nmr_A,petfold,R1_R2,55,19,18,16,18,0,1,16,0,3,1.0,0.8421052631578947,0.9142857142857143,0.0,-0.10526315789473684,-0.05868725868725877,2,0,2,0.0,1.0,0.8888888888888888
legacy121_v1__1p5m_55_hpbulge_nmr_a__legacy_gt__petfold__historical_legacy121_v1,1P5M_55_hpbulge_nmr_A,petfold,R1_R3,55,19,18,18,18,0,1,18,0,1,1.0,0.9473684210526315,0.972972972972973,0.0,0.0,0.0,0,0,0,,,1.0
legacy121_v1__1p5m_55_hpbulge_nmr_a__legacy_gt__rnafold__historical_legacy121_v1,1P5M_55_hpbulge_nmr_A,rnafold,ORIGINAL,55,19,19,19,19,0,0,19,0,0,1.0,1.0,1.0,0.0,0.0,0.0,0,0,0,,,1.0
legacy121_v1__1p5m_55_hpbulge_nmr_a__legacy_gt__rnafold__historical_legacy121_v1,1P5M_55_hpbulge_nmr_A,rnafold,R1,55,19,19,18,19,0,0,18,0,1,1.0,0.9473684210526315,0.972972972972973,0.0,-0.052631578947368474,-0.027027027027026973,1,0,1,0.0,1.0,0.9473684210526315
legacy121_v1__1p5m_55_hpbulge_nmr_a__legacy_gt__rnafold__historical_legacy121_v1,1P5M_55_hpbulge_nmr_A,rnafold,R2,55,19,19,17,19,0,0,17,0,2,1.0,0.8947368421052632,0.9444444444444444,0.0,-0.10526315789473684,-0.05555555555555558,2,0,2,0.0,1.0,0.8947368421052632
legacy121_v1__1p5m_55_hpbulge_nmr_a__legacy_gt__rnafold__historical_legacy121_v1,1P5M_55_hpbulge_nmr_A,rnafold,R3,55,19,19,19,19,0,0,19,0,0,1.0,1.0,1.0,0.0,0.0,0.0,0,0,0,,,1.0
legacy121_v1__1p5m_55_hpbulge_nmr_a__legacy_gt__rnafold__historical_legacy121_v1,1P5M_55_hpbulge_nmr_A,rnafold,R1_R2,55,19,19,16,19,0,0,16,0,3,1.0,0.8421052631578947,0.9142857142857143,0.0,-0.1578947368421053,-0.08571428571428574,3,0,3,0.0,1.0,0.8421052631578947
legacy121_v1__1p5m_55_hpbulge_nmr_a__legacy_gt__rnafold__historical_legacy121_v1,1P5M_55_hpbulge_nmr_A,rnafold,R1_R3,55,19,19,18,19,0,0,18,0,1,1.0,0.9473684210526315,0.972972972972973,0.0,-0.052631578947368474,-0.027027027027026973,1,0,1,0.0,1.0,0.9473684210526315
legacy121_v1__1p5m_55_hpbulge_nmr_a__legacy_gt__trrosettarna2_native_ss__historical_legacy121_v1,1P5M_55_hpbulge_nmr_A,trrosettarna2_native_ss,ORIGINAL,55,19,24,24,15,9,4,15,9,4,0.625,0.7894736842105263,0.6976744186046512,0.0,0.0,0.0,0,0,0,,,1.0
legacy121_v1__1p5m_55_hpbulge_nmr_a__legacy_gt__trrosettarna2_native_ss__historical_legacy121_v1,1P5M_55_hpbulge_nmr_A,trrosettarna2_native_ss,R1,55,19,24,23,15,9,4,15,8,4,0.6521739130434783,0.7894736842105263,0.7142857142857143,0.02717391304347827,0.0,0.01661129568106312,1,1,0,1.0,0.0,1.0
legacy121_v1__1p5m_55_hpbulge_nmr_a__legacy_gt__trrosettarna2_native_ss__historical_legacy121_v1,1P5M_55_hpbulge_nmr_A,trrosettarna2_native_ss,R2,55,19,24,24,15,9,4,15,9,4,0.625,0.7894736842105263,0.6976744186046512,0.0,0.0,0.0,0,0,0,,,1.0
legacy121_v1__1p5m_55_hpbulge_nmr_a__legacy_gt__trrosettarna2_native_ss__historical_legacy121_v1,1P5M_55_hpbulge_nmr_A,trrosettarna2_native_ss,R3,55,19,24,24,15,9,4,15,9,4,0.625,0.7894736842105263,0.6976744186046512,0.0,0.0,0.0,0,0,0,,,1.0
legacy121_v1__1p5m_55_hpbulge_nmr_a__legacy_gt__trrosettarna2_native_ss__historical_legacy121_v1,1P5M_55_hpbulge_nmr_A,trrosettarna2_native_ss,R1_R2,55,19,24,23,15,9,4,15,8,4,0.6521739130434783,0.7894736842105263,0.7142857142857143,0.02717391304347827,0.0,0.01661129568106312,1,1,0,1.0,0.0,1.0
legacy121_v1__1p5m_55_hpbulge_nmr_a__legacy_gt__trrosettarna2_native_ss__historical_legacy121_v1,1P5M_55_hpbulge_nmr_A,trrosettarna2_native_ss,R1_R3,55,19,24,23,15,9,4,15,8,4,0.6521739130434783,0.7894736842105263,0.7142857142857143,0.02717391304347827,0.0,0.01661129568106312,1,1,0,1.0,0.0,1.0
legacy121_v1__1p5o_77_hpbulge_nmr_a__legacy_gt__petfold__historical_legacy121_v1,1P5O_77_hpbulge_nmr_A,petfold,ORIGINAL,77,23,24,24,22,2,1,22,2,1,0.9166666666666666,0.9565217391304348,0.9361702127659575,0.0,0.0,0.0,0,0,0,,,1.0
legacy121_v1__1p5o_77_hpbulge_nmr_a__legacy_gt__petfold__historical_legacy121_v1,1P5O_77_hpbulge_nmr_A,petfold,R1,77,23,24,24,22,2,1,22,2,1,0.9166666666666666,0.9565217391304348,0.9361702127659575,0.0,0.0,0.0,0,0,0,,,1.0
legacy121_v1__1p5o_77_hpbulge_nmr_a__legacy_gt__petfold__historical_legacy121_v1,1P5O_77_hpbulge_nmr_A,petfold,R2,77,23,24,22,22,2,1,20,2,3,0.9090909090909091,0.8695652173913043,0.8888888888888888,-0.007575757575757569,-0.08695652173913049,-0.047281323877068626,2,0,2,0.0,1.0,0.9090909090909091
legacy121_v1__1p5o_77_hpbulge_nmr_a__legacy_gt__petfold__historical_legacy121_v1,1P5O_77_hpbulge_nmr_A,petfold,R3,77,23,24,24,22,2,1,22,2,1,0.9166666666666666,0.9565217391304348,0.9361702127659575,0.0,0.0,0.0,0,0,0,,,1.0
legacy121_v1__1p5o_77_hpbulge_nmr_a__legacy_gt__petfold__historical_legacy121_v1,1P5O_77_hpbulge_nmr_A,petfold,R1_R2,77,23,24,22,22,2,1,20,2,3,0.9090909090909091,0.8695652173913043,0.8888888888888888,-0.007575757575757569,-0.08695652173913049,-0.047281323877068626,2,0,2,0.0,1.0,0.9090909090909091
legacy121_v1__1p5o_77_hpbulge_nmr_a__legacy_gt__petfold__historical_legacy121_v1,1P5O_77_hpbulge_nmr_A,petfold,R1_R3,77,23,24,24,22,2,1,22,2,1,0.9166666666666666,0.9565217391304348,0.9361702127659575,0.0,0.0,0.0,0,0,0,,,1.0
legacy121_v1__1p5o_77_hpbulge_nmr_a__legacy_gt__rnafold__historical_legacy121_v1,1P5O_77_hpbulge_nmr_A,rnafold,ORIGINAL,77,23,25,25,23,2,0,23,2,0,0.92,1.0,0.9583333333333334,0.0,0.0,0.0,0,0,0,,,1.0
legacy121_v1__1p5o_77_hpbulge_nmr_a__legacy_gt__rnafold__historical_legacy121_v1,1P5O_77_hpbulge_nmr_A,rnafold,R1,77,23,25,24,23,2,0,22,2,1,0.9166666666666666,0.9565217391304348,0.9361702127659575,-0.0033333333333334103,-0.04347826086956519,-0.022163120567375905,1,0,1,0.0,1.0,0.9565217391304348
legacy121_v1__1p5o_77_hpbulge_nmr_a__legacy_gt__rnafold__historical_legacy121_v1,1P5O_77_hpbulge_nmr_A,rnafold,R2,77,23,25,23,23,2,0,21,2,2,0.9130434782608695,0.9130434782608695,0.9130434782608695,-0.006956521739130528,-0.08695652173913049,-0.04528985507246386,2,0,2,0.0,1.0,0.9130434782608695
legacy121_v1__1p5o_77_hpbulge_nmr_a__legacy_gt__rnafold__historical_legacy121_v1,1P5O_77_hpbulge_nmr_A,rnafold,R3,77,23,25,25,23,2,0,23,2,0,0.92,1.0,0.9583333333333334,0.0,0.0,0.0,0,0,0,,,1.0
legacy121_v1__1p5o_77_hpbulge_nmr_a__legacy_gt__rnafold__historical_legacy121_v1,1P5O_77_hpbulge_nmr_A,rnafold,R1_R2,77,23,25,22,23,2,0,20,2,3,0.9090909090909091,0.8695652173913043,0.8888888888888888,-0.01090909090909098,-0.13043478260869568,-0.06944444444444453,3,0,3,0.0,1.0,0.8695652173913043
legacy121_v1__1p5o_77_hpbulge_nmr_a__legacy_gt__rnafold__historical_legacy121_v1,1P5O_77_hpbulge_nmr_A,rnafold,R1_R3,77,23,25,24,23,2,0,22,2,1,0.9166666666666666,0.9565217391304348,0.9361702127659575,-0.0033333333333334103,-0.04347826086956519,-0.022163120567375905,1,0,1,0.0,1.0,0.9565217391304348
legacy121_v1__1p5o_77_hpbulge_nmr_a__legacy_gt__trrosettarna2_native_ss__historical_legacy121_v1,1P5O_77_hpbulge_nmr_A,trrosettarna2_native_ss,ORIGINAL,77,23,31,31,23,8,0,23,8,0,0.7419354838709677,1.0,0.8518518518518519,0.0,0.0,0.0,0,0,0,,,1.0
legacy121_v1__1p5o_77_hpbulge_nmr_a__legacy_gt__trrosettarna2_native_ss__historical_legacy121_v1,1P5O_77_hpbulge_nmr_A,trrosettarna2_native_ss,R1,77,23,31,31,23,8,0,23,8,0,0.7419354838709677,1.0,0.8518518518518519,0.0,0.0,0.0,0,0,0,,,1.0
legacy121_v1__1p5o_77_hpbulge_nmr_a__legacy_gt__trrosettarna2_native_ss__historical_legacy121_v1,1P5O_77_hpbulge_nmr_A,trrosettarna2_native_ss,R2,77,23,31,31,23,8,0,23,8,0,0.7419354838709677,1.0,0.8518518518518519,0.0,0.0,0.0,0,0,0,,,1.0
legacy121_v1__1p5o_77_hpbulge_nmr_a__legacy_gt__trrosettarna2_native_ss__historical_legacy121_v1,1P5O_77_hpbulge_nmr_A,trrosettarna2_native_ss,R3,77,23,31,30,23,8,0,23,7,0,0.7666666666666667,1.0,0.8679245283018868,0.02473118279569897,0.0,0.01607267645003496,1,1,0,1.0,0.0,1.0
legacy121_v1__1p5o_77_hpbulge_nmr_a__legacy_gt__trrosettarna2_native_ss__historical_legacy121_v1,1P5O_77_hpbulge_nmr_A,trrosettarna2_native_ss,R1_R2,77,23,31,31,23,8,0,23,8,0,0.7419354838709677,1.0,0.8518518518518519,0.0,0.0,0.0,0,0,0,,,1.0
legacy121_v1__1p5o_77_hpbulge_nmr_a__legacy_gt__trrosettarna2_native_ss__historical_legacy121_v1,1P5O_77_hpbulge_nmr_A,trrosettarna2_native_ss,R1_R3,77,23,31,30,23,8,0,23,7,0,0.7666666666666667,1.0,0.8679245283018868,0.02473118279569897,0.0,0.01607267645003496,1,1,0,1.0,0.0,1.0
legacy121_v1__1qwa_21_hp_nmr_a__legacy_gt__petfold__historical_legacy121_v1,1QWA_21_hp_nmr_A,petfold,ORIGINAL,21,8,8,8,8,0,0,8,0,0,1.0,1.0,1.0,0.0,0.0,0.0,0,0,0,,,1.0
legacy121_v1__1qwa_21_hp_nmr_a__legacy_gt__petfold__historical_legacy121_v1,1QWA_21_hp_nmr_A,petfold,R1,21,8,8,8,8,0,0,8,0,0,1.0,1.0,1.0,0.0,0.0,0.0,0,0,0,,,1.0
legacy121_v1__1qwa_21_hp_nmr_a__legacy_gt__petfold__historical_legacy121_v1,1QWA_21_hp_nmr_A,petfold,R2,21,8,8,6,8,0,0,6,0,2,1.0,0.75,0.8571428571428571,0.0,-0.25,-0.1428571428571429,2,0,2,0.0,1.0,0.75
legacy121_v1__1qwa_21_hp_nmr_a__legacy_gt__petfold__historical_legacy121_v1,1QWA_21_hp_nmr_A,petfold,R3,21,8,8,8,8,0,0,8,0,0,1.0,1.0,1.0,0.0,0.0,0.0,0,0,0,,,1.0
legacy121_v1__1qwa_21_hp_nmr_a__legacy_gt__petfold__historical_legacy121_v1,1QWA_21_hp_nmr_A,petfold,R1_R2,21,8,8,6,8,0,0,6,0,2,1.0,0.75,0.8571428571428571,0.0,-0.25,-0.1428571428571429,2,0,2,0.0,1.0,0.75
legacy121_v1__1qwa_21_hp_nmr_a__legacy_gt__petfold__historical_legacy121_v1,1QWA_21_hp_nmr_A,petfold,R1_R3,21,8,8,8,8,0,0,8,0,0,1.0,1.0,1.0,0.0,0.0,0.0,0,0,0,,,1.0
legacy121_v1__1qwa_21_hp_nmr_a__legacy_gt__rnafold__historical_legacy121_v1,1QWA_21_hp_nmr_A,rnafold,ORIGINAL,21,8,8,8,8,0,0,8,0,0,1.0,1.0,1.0,0.0,0.0,0.0,0,0,0,,,1.0
legacy121_v1__1qwa_21_hp_nmr_a__legacy_gt__rnafold__historical_legacy121_v1,1QWA_21_hp_nmr_A,rnafold,R1,21,8,8,8,8,0,0,8,0,0,1.0,1.0,1.0,0.0,0.0,0.0,0,0,0,,,1.0
legacy121_v1__1qwa_21_hp_nmr_a__legacy_gt__rnafold__historical_legacy121_v1,1QWA_21_hp_nmr_A,rnafold,R2,21,8,8,6,8,0,0,6,0,2,1.0,0.75,0.8571428571428571,0.0,-0.25,-0.1428571428571429,2,0,2,0.0,1.0,0.75
legacy121_v1__1qwa_21_hp_nmr_a__legacy_gt__rnafold__historical_legacy121_v1,1QWA_21_hp_nmr_A,rnafold,R3,21,8,8,8,8,0,0,8,0,0,1.0,1.0,1.0,0.0,0.0,0.0,0,0,0,,,1.0
legacy121_v1__1qwa_21_hp_nmr_a__legacy_gt__rnafold__historical_legacy121_v1,1QWA_21_hp_nmr_A,rnafold,R1_R2,21,8,8,6,8,0,0,6,0,2,1.0,0.75,0.8571428571428571,0.0,-0.25,-0.1428571428571429,2,0,2,0.0,1.0,0.75
legacy121_v1__1qwa_21_hp_nmr_a__legacy_gt__rnafold__historical_legacy121_v1,1QWA_21_hp_nmr_A,rnafold,R1_R3,21,8,8,8,8,0,0,8,0,0,1.0,1.0,1.0,0.0,0.0,0.0,0,0,0,,,1.0
legacy121_v1__1qwa_21_hp_nmr_a__legacy_gt__trrosettarna2_native_ss__historical_legacy121_v1,1QWA_21_hp_nmr_A,trrosettarna2_native_ss,ORIGINAL,21,8,8,8,7,1,1,7,1,1,0.875,0.875,0.875,0.0,0.0,0.0,0,0,0,,,1.0
legacy121_v1__1qwa_21_hp_nmr_a__legacy_gt__trrosettarna2_native_ss__historical_legacy121_v1,1QWA_21_hp_nmr_A,trrosettarna2_native_ss,R1,21,8,8,6,7,1,1,6,0,2,1.0,0.75,0.8571428571428571,0.125,-0.125,-0.017857142857142905,2,1,1,0.5,0.5,0.8571428571428571
legacy121_v1__1qwa_21_hp_nmr_a__legacy_gt__trrosettarna2_native_ss__historical_legacy121_v1,1QWA_21_hp_nmr_A,trrosettarna2_native_ss,R2,21,8,8,8,7,1,1,7,1,1,0.875,0.875,0.875,0.0,0.0,0.0,0,0,0,,,1.0
legacy121_v1__1qwa_21_hp_nmr_a__legacy_gt__trrosettarna2_native_ss__historical_legacy121_v1,1QWA_21_hp_nmr_A,trrosettarna2_native_ss,R3,21,8,8,8,7,1,1,7,1,1,0.875,0.875,0.875,0.0,0.0,0.0,0,0,0,,,1.0
legacy121_v1__1qwa_21_hp_nmr_a__legacy_gt__trrosettarna2_native_ss__historical_legacy121_v1,1QWA_21_hp_nmr_A,trrosettarna2_native_ss,R1_R2,21,8,8,6,7,1,1,6,0,2,1.0,0.75,0.8571428571428571,0.125,-0.125,-0.017857142857142905,2,1,1,0.5,0.5,0.8571428571428571
legacy121_v1__1qwa_21_hp_nmr_a__legacy_gt__trrosettarna2_native_ss__historical_legacy121_v1,1QWA_21_hp_nmr_A,trrosettarna2_native_ss,R1_R3,21,8,8,6,7,1,1,6,0,2,1.0,0.75,0.8571428571428571,0.125,-0.125,-0.017857142857142905,2,1,1,0.5,0.5,0.8571428571428571
legacy121_v1__1qwb_26_hp_nmr_a__legacy_gt__petfold__historical_legacy121_v1,1QWB_26_hp_nmr_A,petfold,ORIGINAL,26,6,6,6,6,0,0,6,0,0,1.0,1.0,1.0,0.0,0.0,0.0,0,0,0,,,1.0
legacy121_v1__1qwb_26_hp_nmr_a__legacy_gt__petfold__historical_legacy121_v1,1QWB_26_hp_nmr_A,petfold,R1,26,6,6,6,6,0,0,6,0,0,1.0,1.0,1.0,0.0,0.0,0.0,0,0,0,,,1.0
legacy121_v1__1qwb_26_hp_nmr_a__legacy_gt__petfold__historical_legacy121_v1,1QWB_26_hp_nmr_A,petfold,R2,26,6,6,6,6,0,0,6,0,0,1.0,1.0,1.0,0.0,0.0,0.0,0,0,0,,,1.0
legacy121_v1__1qwb_26_hp_nmr_a__legacy_gt__petfold__historical_legacy121_v1,1QWB_26_hp_nmr_A,petfold,R3,26,6,6,6,6,0,0,6,0,0,1.0,1.0,1.0,0.0,0.0,0.0,0,0,0,,,1.0
legacy121_v1__1qwb_26_hp_nmr_a__legacy_gt__petfold__historical_legacy121_v1,1QWB_26_hp_nmr_A,petfold,R1_R2,26,6,6,6,6,0,0,6,0,0,1.0,1.0,1.0,0.0,0.0,0.0,0,0,0,,,1.0
legacy121_v1__1qwb_26_hp_nmr_a__legacy_gt__petfold__historical_legacy121_v1,1QWB_26_hp_nmr_A,petfold,R1_R3,26,6,6,6,6,0,0,6,0,0,1.0,1.0,1.0,0.0,0.0,0.0,0,0,0,,,1.0
legacy121_v1__1qwb_26_hp_nmr_a__legacy_gt__rnafold__historical_legacy121_v1,1QWB_26_hp_nmr_A,rnafold,ORIGINAL,26,6,6,6,6,0,0,6,0,0,1.0,1.0,1.0,0.0,0.0,0.0,0,0,0,,,1.0
legacy121_v1__1qwb_26_hp_nmr_a__legacy_gt__rnafold__historical_legacy121_v1,1QWB_26_hp_nmr_A,rnafold,R1,26,6,6,6,6,0,0,6,0,0,1.0,1.0,1.0,0.0,0.0,0.0,0,0,0,,,1.0
legacy121_v1__1qwb_26_hp_nmr_a__legacy_gt__rnafold__historical_legacy121_v1,1QWB_26_hp_nmr_A,rnafold,R2,26,6,6,6,6,0,0,6,0,0,1.0,1.0,1.0,0.0,0.0,0.0,0,0,0,,,1.0
legacy121_v1__1qwb_26_hp_nmr_a__legacy_gt__rnafold__historical_legacy121_v1,1QWB_26_hp_nmr_A,rnafold,R3,26,6,6,6,6,0,0,6,0,0,1.0,1.0,1.0,0.0,0.0,0.0,0,0,0,,,1.0
legacy121_v1__1qwb_26_hp_nmr_a__legacy_gt__rnafold__historical_legacy121_v1,1QWB_26_hp_nmr_A,rnafold,R1_R2,26,6,6,6,6,0,0,6,0,0,1.0,1.0,1.0,0.0,0.0,0.0,0,0,0,,,1.0
legacy121_v1__1qwb_26_hp_nmr_a__legacy_gt__rnafold__historical_legacy121_v1,1QWB_26_hp_nmr_A,rnafold,R1_R3,26,6,6,6,6,0,0,6,0,0,1.0,1.0,1.0,0.0,0.0,0.0,0,0,0,,,1.0
legacy121_v1__1qwb_26_hp_nmr_a__legacy_gt__trrosettarna2_native_ss__historical_legacy121_v1,1QWB_26_hp_nmr_A,trrosettarna2_native_ss,ORIGINAL,26,6,10,10,6,4,0,6,4,0,0.6,1.0,0.75,0.0,0.0,0.0,0,0,0,,,1.0
legacy121_v1__1qwb_26_hp_nmr_a__legacy_gt__trrosettarna2_native_ss__historical_legacy121_v1,1QWB_26_hp_nmr_A,trrosettarna2_native_ss,R1,26,6,10,10,6,4,0,6,4,0,0.6,1.0,0.75,0.0,0.0,0.0,0,0,0,,,1.0
legacy121_v1__1qwb_26_hp_nmr_a__legacy_gt__trrosettarna2_native_ss__historical_legacy121_v1,1QWB_26_hp_nmr_A,trrosettarna2_native_ss,R2,26,6,10,8,6,4,0,6,2,0,0.75,1.0,0.8571428571428571,0.15000000000000002,0.0,0.1071428571428571,2,2,0,1.0,0.0,1.0
legacy121_v1__1qwb_26_hp_nmr_a__legacy_gt__trrosettarna2_native_ss__historical_legacy121_v1,1QWB_26_hp_nmr_A,trrosettarna2_native_ss,R3,26,6,10,10,6,4,0,6,4,0,0.6,1.0,0.75,0.0,0.0,0.0,0,0,0,,,1.0
legacy121_v1__1qwb_26_hp_nmr_a__legacy_gt__trrosettarna2_native_ss__historical_legacy121_v1,1QWB_26_hp_nmr_A,trrosettarna2_native_ss,R1_R2,26,6,10,8,6,4,0,6,2,0,0.75,1.0,0.8571428571428571,0.15000000000000002,0.0,0.1071428571428571,2,2,0,1.0,0.0,1.0
legacy121_v1__1qwb_26_hp_nmr_a__legacy_gt__trrosettarna2_native_ss__historical_legacy121_v1,1QWB_26_hp_nmr_A,trrosettarna2_native_ss,R1_R3,26,6,10,10,6,4,0,6,4,0,0.6,1.0,0.75,0.0,0.0,0.0,0,0,0,,,1.0
legacy121_v1__1r7w_34_hpbulge_nmr_a__legacy_gt__petfold__historical_legacy121_v1,1R7W_34_hpbulge_nmr_A,petfold,ORIGINAL,34,12,12,12,12,0,0,12,0,0,1.0,1.0,1.0,0.0,0.0,0.0,0,0,0,,,1.0
legacy121_v1__1r7w_34_hpbulge_nmr_a__legacy_gt__petfold__historical_legacy121_v1,1R7W_34_hpbulge_nmr_A,petfold,R1,34,12,12,12,12,0,0,12,0,0,1.0,1.0,1.0,0.0,0.0,0.0,0,0,0,,,1.0
legacy121_v1__1r7w_34_hpbulge_nmr_a__legacy_gt__petfold__historical_legacy121_v1,1R7W_34_hpbulge_nmr_A,petfold,R2,34,12,12,12,12,0,0,12,0,0,1.0,1.0,1.0,0.0,0.0,0.0,0,0,0,,,1.0
legacy121_v1__1r7w_34_hpbulge_nmr_a__legacy_gt__petfold__historical_legacy121_v1,1R7W_34_hpbulge_nmr_A,petfold,R3,34,12,12,12,12,0,0,12,0,0,1.0,1.0,1.0,0.0,0.0,0.0,0,0,0,,,1.0
legacy121_v1__1r7w_34_hpbulge_nmr_a__legacy_gt__petfold__historical_legacy121_v1,1R7W_34_hpbulge_nmr_A,petfold,R1_R2,34,12,12,12,12,0,0,12,0,0,1.0,1.0,1.0,0.0,0.0,0.0,0,0,0,,,1.0
legacy121_v1__1r7w_34_hpbulge_nmr_a__legacy_gt__petfold__historical_legacy121_v1,1R7W_34_hpbulge_nmr_A,petfold,R1_R3,34,12,12,12,12,0,0,12,0,0,1.0,1.0,1.0,0.0,0.0,0.0,0,0,0,,,1.0
legacy121_v1__1r7w_34_hpbulge_nmr_a__legacy_gt__rnafold__historical_legacy121_v1,1R7W_34_hpbulge_nmr_A,rnafold,ORIGINAL,34,12,12,12,12,0,0,12,0,0,1.0,1.0,1.0,0.0,0.0,0.0,0,0,0,,,1.0
legacy121_v1__1r7w_34_hpbulge_nmr_a__legacy_gt__rnafold__historical_legacy121_v1,1R7W_34_hpbulge_nmr_A,rnafold,R1,34,12,12,12,12,0,0,12,0,0,1.0,1.0,1.0,0.0,0.0,0.0,0,0,0,,,1.0
legacy121_v1__1r7w_34_hpbulge_nmr_a__legacy_gt__rnafold__historical_legacy121_v1,1R7W_34_hpbulge_nmr_A,rnafold,R2,34,12,12,12,12,0,0,12,0,0,1.0,1.0,1.0,0.0,0.0,0.0,0,0,0,,,1.0
legacy121_v1__1r7w_34_hpbulge_nmr_a__legacy_gt__rnafold__historical_legacy121_v1,1R7W_34_hpbulge_nmr_A,rnafold,R3,34,12,12,12,12,0,0,12,0,0,1.0,1.0,1.0,0.0,0.0,0.0,0,0,0,,,1.0
legacy121_v1__1r7w_34_hpbulge_nmr_a__legacy_gt__rnafold__historical_legacy121_v1,1R7W_34_hpbulge_nmr_A,rnafold,R1_R2,34,12,12,12,12,0,0,12,0,0,1.0,1.0,1.0,0.0,0.0,0.0,0,0,0,,,1.0
legacy121_v1__1r7w_34_hpbulge_nmr_a__legacy_gt__rnafold__historical_legacy121_v1,1R7W_34_hpbulge_nmr_A,rnafold,R1_R3,34,12,12,12,12,0,0,12,0,0,1.0,1.0,1.0,0.0,0.0,0.0,0,0,0,,,1.0
legacy121_v1__1r7w_34_hpbulge_nmr_a__legacy_gt__trrosettarna2_native_ss__historical_legacy121_v1,1R7W_34_hpbulge_nmr_A,trrosettarna2_native_ss,ORIGINAL,34,12,13,13,12,1,0,12,1,0,0.9230769230769231,1.0,0.96,0.0,0.0,0.0,0,0,0,,,1.0
legacy121_v1__1r7w_34_hpbulge_nmr_a__legacy_gt__trrosettarna2_native_ss__historical_legacy121_v1,1R7W_34_hpbulge_nmr_A,trrosettarna2_native_ss,R1,34,12,13,13,12,1,0,12,1,0,0.9230769230769231,1.0,0.96,0.0,0.0,0.0,0,0,0,,,1.0
legacy121_v1__1r7w_34_hpbulge_nmr_a__legacy_gt__trrosettarna2_native_ss__historical_legacy121_v1,1R7W_34_hpbulge_nmr_A,trrosettarna2_native_ss,R2,34,12,13,13,12,1,0,12,1,0,0.9230769230769231,1.0,0.96,0.0,0.0,0.0,0,0,0,,,1.0
legacy121_v1__1r7w_34_hpbulge_nmr_a__legacy_gt__trrosettarna2_native_ss__historical_legacy121_v1,1R7W_34_hpbulge_nmr_A,trrosettarna2_native_ss,R3,34,12,13,13,12,1,0,12,1,0,0.9230769230769231,1.0,0.96,0.0,0.0,0.0,0,0,0,,,1.0
legacy121_v1__1r7w_34_hpbulge_nmr_a__legacy_gt__trrosettarna2_native_ss__historical_legacy121_v1,1R7W_34_hpbulge_nmr_A,trrosettarna2_native_ss,R1_R2,34,12,13,13,12,1,0,12,1,0,0.9230769230769231,1.0,0.96,0.0,0.0,0.0,0,0,0,,,1.0
legacy121_v1__1r7w_34_hpbulge_nmr_a__legacy_gt__trrosettarna2_native_ss__historical_legacy121_v1,1R7W_34_hpbulge_nmr_A,trrosettarna2_native_ss,R1_R3,34,12,13,13,12,1,0,12,1,0,0.9230769230769231,1.0,0.96,0.0,0.0,0.0,0,0,0,,,1.0
legacy121_v1__1rht_24_hp_nmr_a__legacy_gt__petfold__historical_legacy121_v1,1RHT_24_hp_nmr_A,petfold,ORIGINAL,24,6,8,8,6,2,0,6,2,0,0.75,1.0,0.8571428571428571,0.0,0.0,0.0,0,0,0,,,1.0
legacy121_v1__1rht_24_hp_nmr_a__legacy_gt__petfold__historical_legacy121_v1,1RHT_24_hp_nmr_A,petfold,R1,24,6,8,8,6,2,0,6,2,0,0.75,1.0,0.8571428571428571,0.0,0.0,0.0,0,0,0,,,1.0
legacy121_v1__1rht_24_hp_nmr_a__legacy_gt__petfold__historical_legacy121_v1,1RHT_24_hp_nmr_A,petfold,R2,24,6,8,6,6,2,0,5,1,1,0.8333333333333334,0.8333333333333334,0.8333333333333334,0.08333333333333337,-0.16666666666666663,-0.023809523809523725,2,1,1,0.5,0.5,0.8333333333333334
legacy121_v1__1rht_24_hp_nmr_a__legacy_gt__petfold__historical_legacy121_v1,1RHT_24_hp_nmr_A,petfold,R3,24,6,8,8,6,2,0,6,2,0,0.75,1.0,0.8571428571428571,0.0,0.0,0.0,0,0,0,,,1.0
legacy121_v1__1rht_24_hp_nmr_a__legacy_gt__petfold__historical_legacy121_v1,1RHT_24_hp_nmr_A,petfold,R1_R2,24,6,8,6,6,2,0,5,1,1,0.8333333333333334,0.8333333333333334,0.8333333333333334,0.08333333333333337,-0.16666666666666663,-0.023809523809523725,2,1,1,0.5,0.5,0.8333333333333334
legacy121_v1__1rht_24_hp_nmr_a__legacy_gt__petfold__historical_legacy121_v1,1RHT_24_hp_nmr_A,petfold,R1_R3,24,6,8,8,6,2,0,6,2,0,0.75,1.0,0.8571428571428571,0.0,0.0,0.0,0,0,0,,,1.0
legacy121_v1__1rht_24_hp_nmr_a__legacy_gt__rnafold__historical_legacy121_v1,1RHT_24_hp_nmr_A,rnafold,ORIGINAL,24,6,8,8,6,2,0,6,2,0,0.75,1.0,0.8571428571428571,0.0,0.0,0.0,0,0,0,,,1.0
legacy121_v1__1rht_24_hp_nmr_a__legacy_gt__rnafold__historical_legacy121_v1,1RHT_24_hp_nmr_A,rnafold,R1,24,6,8,8,6,2,0,6,2,0,0.75,1.0,0.8571428571428571,0.0,0.0,0.0,0,0,0,,,1.0
legacy121_v1__1rht_24_hp_nmr_a__legacy_gt__rnafold__historical_legacy121_v1,1RHT_24_hp_nmr_A,rnafold,R2,24,6,8,6,6,2,0,5,1,1,0.8333333333333334,0.8333333333333334,0.8333333333333334,0.08333333333333337,-0.16666666666666663,-0.023809523809523725,2,1,1,0.5,0.5,0.8333333333333334
legacy121_v1__1rht_24_hp_nmr_a__legacy_gt__rnafold__historical_legacy121_v1,1RHT_24_hp_nmr_A,rnafold,R3,24,6,8,8,6,2,0,6,2,0,0.75,1.0,0.8571428571428571,0.0,0.0,0.0,0,0,0,,,1.0
legacy121_v1__1rht_24_hp_nmr_a__legacy_gt__rnafold__historical_legacy121_v1,1RHT_24_hp_nmr_A,rnafold,R1_R2,24,6,8,6,6,2,0,5,1,1,0.8333333333333334,0.8333333333333334,0.8333333333333334,0.08333333333333337,-0.16666666666666663,-0.023809523809523725,2,1,1,0.5,0.5,0.8333333333333334
legacy121_v1__1rht_24_hp_nmr_a__legacy_gt__rnafold__historical_legacy121_v1,1RHT_24_hp_nmr_A,rnafold,R1_R3,24,6,8,8,6,2,0,6,2,0,0.75,1.0,0.8571428571428571,0.0,0.0,0.0,0,0,0,,,1.0
legacy121_v1__1rht_24_hp_nmr_a__legacy_gt__trrosettarna2_native_ss__historical_legacy121_v1,1RHT_24_hp_nmr_A,trrosettarna2_native_ss,ORIGINAL,24,6,8,8,6,2,0,6,2,0,0.75,1.0,0.8571428571428571,0.0,0.0,0.0,0,0,0,,,1.0
legacy121_v1__1rht_24_hp_nmr_a__legacy_gt__trrosettarna2_native_ss__historical_legacy121_v1,1RHT_24_hp_nmr_A,trrosettarna2_native_ss,R1,24,6,8,8,6,2,0,6,2,0,0.75,1.0,0.8571428571428571,0.0,0.0,0.0,0,0,0,,,1.0
legacy121_v1__1rht_24_hp_nmr_a__legacy_gt__trrosettarna2_native_ss__historical_legacy121_v1,1RHT_24_hp_nmr_A,trrosettarna2_native_ss,R2,24,6,8,6,6,2,0,5,1,1,0.8333333333333334,0.8333333333333334,0.8333333333333334,0.08333333333333337,-0.16666666666666663,-0.023809523809523725,2,1,1,0.5,0.5,0.8333333333333334
legacy121_v1__1rht_24_hp_nmr_a__legacy_gt__trrosettarna2_native_ss__historical_legacy121_v1,1RHT_24_hp_nmr_A,trrosettarna2_native_ss,R3,24,6,8,8,6,2,0,6,2,0,0.75,1.0,0.8571428571428571,0.0,0.0,0.0,0,0,0,,,1.0
legacy121_v1__1rht_24_hp_nmr_a__legacy_gt__trrosettarna2_native_ss__historical_legacy121_v1,1RHT_24_hp_nmr_A,trrosettarna2_native_ss,R1_R2,24,6,8,6,6,2,0,5,1,1,0.8333333333333334,0.8333333333333334,0.8333333333333334,0.08333333333333337,-0.16666666666666663,-0.023809523809523725,2,1,1,0.5,0.5,0.8333333333333334
legacy121_v1__1rht_24_hp_nmr_a__legacy_gt__trrosettarna2_native_ss__historical_legacy121_v1,1RHT_24_hp_nmr_A,trrosettarna2_native_ss,R1_R3,24,6,8,8,6,2,0,6,2,0,0.75,1.0,0.8571428571428571,0.0,0.0,0.0,0,0,0,,,1.0
legacy121_v1__1rnk_36_pseudoknot_nmr_a__legacy_gt__petfold__historical_legacy121_v1,1RNK_36_pseudoknot_nmr_A,petfold,ORIGINAL,34,11,7,7,5,2,6,5,2,6,0.7142857142857143,0.45454545454545453,0.5555555555555556,0.0,0.0,0.0,0,0,0,,,1.0
legacy121_v1__1rnk_36_pseudoknot_nmr_a__legacy_gt__petfold__historical_legacy121_v1,1RNK_36_pseudoknot_nmr_A,petfold,R1,34,11,7,7,5,2,6,5,2,6,0.7142857142857143,0.45454545454545453,0.5555555555555556,0.0,0.0,0.0,0,0,0,,,1.0
legacy121_v1__1rnk_36_pseudoknot_nmr_a__legacy_gt__petfold__historical_legacy121_v1,1RNK_36_pseudoknot_nmr_A,petfold,R2,34,11,7,5,5,2,6,5,0,6,1.0,0.45454545454545453,0.625,0.2857142857142857,0.0,0.06944444444444442,2,2,0,1.0,0.0,1.0
legacy121_v1__1rnk_36_pseudoknot_nmr_a__legacy_gt__petfold__historical_legacy121_v1,1RNK_36_pseudoknot_nmr_A,petfold,R3,34,11,7,7,5,2,6,5,2,6,0.7142857142857143,0.45454545454545453,0.5555555555555556,0.0,0.0,0.0,0,0,0,,,1.0
legacy121_v1__1rnk_36_pseudoknot_nmr_a__legacy_gt__petfold__historical_legacy121_v1,1RNK_36_pseudoknot_nmr_A,petfold,R1_R2,34,11,7,5,5,2,6,5,0,6,1.0,0.45454545454545453,0.625,0.2857142857142857,0.0,0.06944444444444442,2,2,0,1.0,0.0,1.0
legacy121_v1__1rnk_36_pseudoknot_nmr_a__legacy_gt__petfold__historical_legacy121_v1,1RNK_36_pseudoknot_nmr_A,petfold,R1_R3,34,11,7,7,5,2,6,5,2,6,0.7142857142857143,0.45454545454545453,0.5555555555555556,0.0,0.0,0.0,0,0,0,,,1.0
legacy121_v1__1rnk_36_pseudoknot_nmr_a__legacy_gt__rnafold__historical_legacy121_v1,1RNK_36_pseudoknot_nmr_A,rnafold,ORIGINAL,34,11,7,7,5,2,6,5,2,6,0.7142857142857143,0.45454545454545453,0.5555555555555556,0.0,0.0,0.0,0,0,0,,,1.0
legacy121_v1__1rnk_36_pseudoknot_nmr_a__legacy_gt__rnafold__historical_legacy121_v1,1RNK_36_pseudoknot_nmr_A,rnafold,R1,34,11,7,7,5,2,6,5,2,6,0.7142857142857143,0.45454545454545453,0.5555555555555556,0.0,0.0,0.0,0,0,0,,,1.0
legacy121_v1__1rnk_36_pseudoknot_nmr_a__legacy_gt__rnafold__historical_legacy121_v1,1RNK_36_pseudoknot_nmr_A,rnafold,R2,34,11,7,5,5,2,6,5,0,6,1.0,0.45454545454545453,0.625,0.2857142857142857,0.0,0.06944444444444442,2,2,0,1.0,0.0,1.0
legacy121_v1__1rnk_36_pseudoknot_nmr_a__legacy_gt__rnafold__historical_legacy121_v1,1RNK_36_pseudoknot_nmr_A,rnafold,R3,34,11,7,7,5,2,6,5,2,6,0.7142857142857143,0.45454545454545453,0.5555555555555556,0.0,0.0,0.0,0,0,0,,,1.0
legacy121_v1__1rnk_36_pseudoknot_nmr_a__legacy_gt__rnafold__historical_legacy121_v1,1RNK_36_pseudoknot_nmr_A,rnafold,R1_R2,34,11,7,5,5,2,6,5,0,6,1.0,0.45454545454545453,0.625,0.2857142857142857,0.0,0.06944444444444442,2,2,0,1.0,0.0,1.0
legacy121_v1__1rnk_36_pseudoknot_nmr_a__legacy_gt__rnafold__historical_legacy121_v1,1RNK_36_pseudoknot_nmr_A,rnafold,R1_R3,34,11,7,7,5,2,6,5,2,6,0.7142857142857143,0.45454545454545453,0.5555555555555556,0.0,0.0,0.0,0,0,0,,,1.0
legacy121_v1__1rnk_36_pseudoknot_nmr_a__legacy_gt__trrosettarna2_native_ss__historical_legacy121_v1,1RNK_36_pseudoknot_nmr_A,trrosettarna2_native_ss,ORIGINAL,34,11,11,11,0,11,11,0,11,11,0.0,0.0,0.0,0.0,0.0,0.0,0,0,0,,,
legacy121_v1__1rnk_36_pseudoknot_nmr_a__legacy_gt__trrosettarna2_native_ss__historical_legacy121_v1,1RNK_36_pseudoknot_nmr_A,trrosettarna2_native_ss,R1,34,11,11,10,0,11,11,0,10,11,0.0,0.0,0.0,0.0,0.0,0.0,1,1,0,1.0,0.0,
legacy121_v1__1rnk_36_pseudoknot_nmr_a__legacy_gt__trrosettarna2_native_ss__historical_legacy121_v1,1RNK_36_pseudoknot_nmr_A,trrosettarna2_native_ss,R2,34,11,11,11,0,11,11,0,11,11,0.0,0.0,0.0,0.0,0.0,0.0,0,0,0,,,
legacy121_v1__1rnk_36_pseudoknot_nmr_a__legacy_gt__trrosettarna2_native_ss__historical_legacy121_v1,1RNK_36_pseudoknot_nmr_A,trrosettarna2_native_ss,R3,34,11,11,10,0,11,11,0,10,11,0.0,0.0,0.0,0.0,0.0,0.0,1,1,0,1.0,0.0,
legacy121_v1__1rnk_36_pseudoknot_nmr_a__legacy_gt__trrosettarna2_native_ss__historical_legacy121_v1,1RNK_36_pseudoknot_nmr_A,trrosettarna2_native_ss,R1_R2,34,11,11,10,0,11,11,0,10,11,0.0,0.0,0.0,0.0,0.0,0.0,1,1,0,1.0,0.0,
legacy121_v1__1rnk_36_pseudoknot_nmr_a__legacy_gt__trrosettarna2_native_ss__historical_legacy121_v1,1RNK_36_pseudoknot_nmr_A,trrosettarna2_native_ss,R1_R3,34,11,11,9,0,11,11,0,9,11,0.0,0.0,0.0,0.0,0.0,0.0,2,2,0,1.0,0.0,
legacy121_v1__1s2f_23_hp_nmr_a__legacy_gt__petfold__historical_legacy121_v1,1S2F_23_hp_nmr_A,petfold,ORIGINAL,23,9,9,9,9,0,0,9,0,0,1.0,1.0,1.0,0.0,0.0,0.0,0,0,0,,,1.0
legacy121_v1__1s2f_23_hp_nmr_a__legacy_gt__petfold__historical_legacy121_v1,1S2F_23_hp_nmr_A,petfold,R1,23,9,9,9,9,0,0,9,0,0,1.0,1.0,1.0,0.0,0.0,0.0,0,0,0,,,1.0
legacy121_v1__1s2f_23_hp_nmr_a__legacy_gt__petfold__historical_legacy121_v1,1S2F_23_hp_nmr_A,petfold,R2,23,9,9,9,9,0,0,9,0,0,1.0,1.0,1.0,0.0,0.0,0.0,0,0,0,,,1.0
legacy121_v1__1s2f_23_hp_nmr_a__legacy_gt__petfold__historical_legacy121_v1,1S2F_23_hp_nmr_A,petfold,R3,23,9,9,9,9,0,0,9,0,0,1.0,1.0,1.0,0.0,0.0,0.0,0,0,0,,,1.0
legacy121_v1__1s2f_23_hp_nmr_a__legacy_gt__petfold__historical_legacy121_v1,1S2F_23_hp_nmr_A,petfold,R1_R2,23,9,9,9,9,0,0,9,0,0,1.0,1.0,1.0,0.0,0.0,0.0,0,0,0,,,1.0
legacy121_v1__1s2f_23_hp_nmr_a__legacy_gt__petfold__historical_legacy121_v1,1S2F_23_hp_nmr_A,petfold,R1_R3,23,9,9,9,9,0,0,9,0,0,1.0,1.0,1.0,0.0,0.0,0.0,0,0,0,,,1.0
legacy121_v1__1s2f_23_hp_nmr_a__legacy_gt__rnafold__historical_legacy121_v1,1S2F_23_hp_nmr_A,rnafold,ORIGINAL,23,9,9,9,9,0,0,9,0,0,1.0,1.0,1.0,0.0,0.0,0.0,0,0,0,,,1.0
legacy121_v1__1s2f_23_hp_nmr_a__legacy_gt__rnafold__historical_legacy121_v1,1S2F_23_hp_nmr_A,rnafold,R1,23,9,9,9,9,0,0,9,0,0,1.0,1.0,1.0,0.0,0.0,0.0,0,0,0,,,1.0
legacy121_v1__1s2f_23_hp_nmr_a__legacy_gt__rnafold__historical_legacy121_v1,1S2F_23_hp_nmr_A,rnafold,R2,23,9,9,9,9,0,0,9,0,0,1.0,1.0,1.0,0.0,0.0,0.0,0,0,0,,,1.0
legacy121_v1__1s2f_23_hp_nmr_a__legacy_gt__rnafold__historical_legacy121_v1,1S2F_23_hp_nmr_A,rnafold,R3,23,9,9,9,9,0,0,9,0,0,1.0,1.0,1.0,0.0,0.0,0.0,0,0,0,,,1.0
legacy121_v1__1s2f_23_hp_nmr_a__legacy_gt__rnafold__historical_legacy121_v1,1S2F_23_hp_nmr_A,rnafold,R1_R2,23,9,9,9,9,0,0,9,0,0,1.0,1.0,1.0,0.0,0.0,0.0,0,0,0,,,1.0
legacy121_v1__1s2f_23_hp_nmr_a__legacy_gt__rnafold__historical_legacy121_v1,1S2F_23_hp_nmr_A,rnafold,R1_R3,23,9,9,9,9,0,0,9,0,0,1.0,1.0,1.0,0.0,0.0,0.0,0,0,0,,,1.0
legacy121_v1__1s2f_23_hp_nmr_a__legacy_gt__trrosettarna2_native_ss__historical_legacy121_v1,1S2F_23_hp_nmr_A,trrosettarna2_native_ss,ORIGINAL,23,9,9,9,9,0,0,9,0,0,1.0,1.0,1.0,0.0,0.0,0.0,0,0,0,,,1.0
legacy121_v1__1s2f_23_hp_nmr_a__legacy_gt__trrosettarna2_native_ss__historical_legacy121_v1,1S2F_23_hp_nmr_A,trrosettarna2_native_ss,R1,23,9,9,9,9,0,0,9,0,0,1.0,1.0,1.0,0.0,0.0,0.0,0,0,0,,,1.0
legacy121_v1__1s2f_23_hp_nmr_a__legacy_gt__trrosettarna2_native_ss__historical_legacy121_v1,1S2F_23_hp_nmr_A,trrosettarna2_native_ss,R2,23,9,9,9,9,0,0,9,0,0,1.0,1.0,1.0,0.0,0.0,0.0,0,0,0,,,1.0
legacy121_v1__1s2f_23_hp_nmr_a__legacy_gt__trrosettarna2_native_ss__historical_legacy121_v1,1S2F_23_hp_nmr_A,trrosettarna2_native_ss,R3,23,9,9,9,9,0,0,9,0,0,1.0,1.0,1.0,0.0,0.0,0.0,0,0,0,,,1.0
legacy121_v1__1s2f_23_hp_nmr_a__legacy_gt__trrosettarna2_native_ss__historical_legacy121_v1,1S2F_23_hp_nmr_A,trrosettarna2_native_ss,R1_R2,23,9,9,9,9,0,0,9,0,0,1.0,1.0,1.0,0.0,0.0,0.0,0,0,0,,,1.0
legacy121_v1__1s2f_23_hp_nmr_a__legacy_gt__trrosettarna2_native_ss__historical_legacy121_v1,1S2F_23_hp_nmr_A,trrosettarna2_native_ss,R1_R3,23,9,9,9,9,0,0,9,0,0,1.0,1.0,1.0,0.0,0.0,0.0,0,0,0,,,1.0
legacy121_v1__1s9s_101_3wj_nmr_a__legacy_gt__petfold__historical_legacy121_v1,1S9S_101_3wj_nmr_A,petfold,ORIGINAL,101,36,36,36,36,0,0,36,0,0,1.0,1.0,1.0,0.0,0.0,0.0,0,0,0,,,1.0
legacy121_v1__1s9s_101_3wj_nmr_a__legacy_gt__petfold__historical_legacy121_v1,1S9S_101_3wj_nmr_A,petfold,R1,101,36,36,36,36,0,0,36,0,0,1.0,1.0,1.0,0.0,0.0,0.0,0,0,0,,,1.0
legacy121_v1__1s9s_101_3wj_nmr_a__legacy_gt__petfold__historical_legacy121_v1,1S9S_101_3wj_nmr_A,petfold,R2,101,36,36,36,36,0,0,36,0,0,1.0,1.0,1.0,0.0,0.0,0.0,0,0,0,,,1.0
legacy121_v1__1s9s_101_3wj_nmr_a__legacy_gt__petfold__historical_legacy121_v1,1S9S_101_3wj_nmr_A,petfold,R3,101,36,36,36,36,0,0,36,0,0,1.0,1.0,1.0,0.0,0.0,0.0,0,0,0,,,1.0
legacy121_v1__1s9s_101_3wj_nmr_a__legacy_gt__petfold__historical_legacy121_v1,1S9S_101_3wj_nmr_A,petfold,R1_R2,101,36,36,36,36,0,0,36,0,0,1.0,1.0,1.0,0.0,0.0,0.0,0,0,0,,,1.0
legacy121_v1__1s9s_101_3wj_nmr_a__legacy_gt__petfold__historical_legacy121_v1,1S9S_101_3wj_nmr_A,petfold,R1_R3,101,36,36,36,36,0,0,36,0,0,1.0,1.0,1.0,0.0,0.0,0.0,0,0,0,,,1.0
legacy121_v1__1s9s_101_3wj_nmr_a__legacy_gt__rnafold__historical_legacy121_v1,1S9S_101_3wj_nmr_A,rnafold,ORIGINAL,101,36,36,36,36,0,0,36,0,0,1.0,1.0,1.0,0.0,0.0,0.0,0,0,0,,,1.0
legacy121_v1__1s9s_101_3wj_nmr_a__legacy_gt__rnafold__historical_legacy121_v1,1S9S_101_3wj_nmr_A,rnafold,R1,101,36,36,36,36,0,0,36,0,0,1.0,1.0,1.0,0.0,0.0,0.0,0,0,0,,,1.0
legacy121_v1__1s9s_101_3wj_nmr_a__legacy_gt__rnafold__historical_legacy121_v1,1S9S_101_3wj_nmr_A,rnafold,R2,101,36,36,36,36,0,0,36,0,0,1.0,1.0,1.0,0.0,0.0,0.0,0,0,0,,,1.0
legacy121_v1__1s9s_101_3wj_nmr_a__legacy_gt__rnafold__historical_legacy121_v1,1S9S_101_3wj_nmr_A,rnafold,R3,101,36,36,36,36,0,0,36,0,0,1.0,1.0,1.0,0.0,0.0,0.0,0,0,0,,,1.0
legacy121_v1__1s9s_101_3wj_nmr_a__legacy_gt__rnafold__historical_legacy121_v1,1S9S_101_3wj_nmr_A,rnafold,R1_R2,101,36,36,36,36,0,0,36,0,0,1.0,1.0,1.0,0.0,0.0,0.0,0,0,0,,,1.0
legacy121_v1__1s9s_101_3wj_nmr_a__legacy_gt__rnafold__historical_legacy121_v1,1S9S_101_3wj_nmr_A,rnafold,R1_R3,101,36,36,36,36,0,0,36,0,0,1.0,1.0,1.0,0.0,0.0,0.0,0,0,0,,,1.0
legacy121_v1__1s9s_101_3wj_nmr_a__legacy_gt__trrosettarna2_native_ss__historical_legacy121_v1,1S9S_101_3wj_nmr_A,trrosettarna2_native_ss,ORIGINAL,101,36,41,41,36,5,0,36,5,0,0.8780487804878049,1.0,0.935064935064935,0.0,0.0,0.0,0,0,0,,,1.0
legacy121_v1__1s9s_101_3wj_nmr_a__legacy_gt__trrosettarna2_native_ss__historical_legacy121_v1,1S9S_101_3wj_nmr_A,trrosettarna2_native_ss,R1,101,36,41,41,36,5,0,36,5,0,0.8780487804878049,1.0,0.935064935064935,0.0,0.0,0.0,0,0,0,,,1.0
legacy121_v1__1s9s_101_3wj_nmr_a__legacy_gt__trrosettarna2_native_ss__historical_legacy121_v1,1S9S_101_3wj_nmr_A,trrosettarna2_native_ss,R2,101,36,41,41,36,5,0,36,5,0,0.8780487804878049,1.0,0.935064935064935,0.0,0.0,0.0,0,0,0,,,1.0
legacy121_v1__1s9s_101_3wj_nmr_a__legacy_gt__trrosettarna2_native_ss__historical_legacy121_v1,1S9S_101_3wj_nmr_A,trrosettarna2_native_ss,R3,101,36,41,40,36,5,0,36,4,0,0.9,1.0,0.9473684210526315,0.02195121951219514,0.0,0.012303485987696483,1,1,0,1.0,0.0,1.0
legacy121_v1__1s9s_101_3wj_nmr_a__legacy_gt__trrosettarna2_native_ss__historical_legacy121_v1,1S9S_101_3wj_nmr_A,trrosettarna2_native_ss,R1_R2,101,36,41,41,36,5,0,36,5,0,0.8780487804878049,1.0,0.935064935064935,0.0,0.0,0.0,0,0,0,,,1.0
legacy121_v1__1s9s_101_3wj_nmr_a__legacy_gt__trrosettarna2_native_ss__historical_legacy121_v1,1S9S_101_3wj_nmr_A,trrosettarna2_native_ss,R1_R3,101,36,41,40,36,5,0,36,4,0,0.9,1.0,0.9473684210526315,0.02195121951219514,0.0,0.012303485987696483,1,1,0,1.0,0.0,1.0
legacy121_v1__1t28_34_hpbulge_nmr_a__legacy_gt__petfold__historical_legacy121_v1,1T28_34_hpbulge_nmr_A,petfold,ORIGINAL,34,7,10,10,6,4,1,6,4,1,0.6,0.8571428571428571,0.7058823529411765,0.0,0.0,0.0,0,0,0,,,1.0
legacy121_v1__1t28_34_hpbulge_nmr_a__legacy_gt__petfold__historical_legacy121_v1,1T28_34_hpbulge_nmr_A,petfold,R1,34,7,10,10,6,4,1,6,4,1,0.6,0.8571428571428571,0.7058823529411765,0.0,0.0,0.0,0,0,0,,,1.0
legacy121_v1__1t28_34_hpbulge_nmr_a__legacy_gt__petfold__historical_legacy121_v1,1T28_34_hpbulge_nmr_A,petfold,R2,34,7,10,10,6,4,1,6,4,1,0.6,0.8571428571428571,0.7058823529411765,0.0,0.0,0.0,0,0,0,,,1.0
legacy121_v1__1t28_34_hpbulge_nmr_a__legacy_gt__petfold__historical_legacy121_v1,1T28_34_hpbulge_nmr_A,petfold,R3,34,7,10,10,6,4,1,6,4,1,0.6,0.8571428571428571,0.7058823529411765,0.0,0.0,0.0,0,0,0,,,1.0
legacy121_v1__1t28_34_hpbulge_nmr_a__legacy_gt__petfold__historical_legacy121_v1,1T28_34_hpbulge_nmr_A,petfold,R1_R2,34,7,10,10,6,4,1,6,4,1,0.6,0.8571428571428571,0.7058823529411765,0.0,0.0,0.0,0,0,0,,,1.0
legacy121_v1__1t28_34_hpbulge_nmr_a__legacy_gt__petfold__historical_legacy121_v1,1T28_34_hpbulge_nmr_A,petfold,R1_R3,34,7,10,10,6,4,1,6,4,1,0.6,0.8571428571428571,0.7058823529411765,0.0,0.0,0.0,0,0,0,,,1.0
legacy121_v1__1t28_34_hpbulge_nmr_a__legacy_gt__rnafold__historical_legacy121_v1,1T28_34_hpbulge_nmr_A,rnafold,ORIGINAL,34,7,10,10,6,4,1,6,4,1,0.6,0.8571428571428571,0.7058823529411765,0.0,0.0,0.0,0,0,0,,,1.0
legacy121_v1__1t28_34_hpbulge_nmr_a__legacy_gt__rnafold__historical_legacy121_v1,1T28_34_hpbulge_nmr_A,rnafold,R1,34,7,10,10,6,4,1,6,4,1,0.6,0.8571428571428571,0.7058823529411765,0.0,0.0,0.0,0,0,0,,,1.0
legacy121_v1__1t28_34_hpbulge_nmr_a__legacy_gt__rnafold__historical_legacy121_v1,1T28_34_hpbulge_nmr_A,rnafold,R2,34,7,10,10,6,4,1,6,4,1,0.6,0.8571428571428571,0.7058823529411765,0.0,0.0,0.0,0,0,0,,,1.0
legacy121_v1__1t28_34_hpbulge_nmr_a__legacy_gt__rnafold__historical_legacy121_v1,1T28_34_hpbulge_nmr_A,rnafold,R3,34,7,10,10,6,4,1,6,4,1,0.6,0.8571428571428571,0.7058823529411765,0.0,0.0,0.0,0,0,0,,,1.0
legacy121_v1__1t28_34_hpbulge_nmr_a__legacy_gt__rnafold__historical_legacy121_v1,1T28_34_hpbulge_nmr_A,rnafold,R1_R2,34,7,10,10,6,4,1,6,4,1,0.6,0.8571428571428571,0.7058823529411765,0.0,0.0,0.0,0,0,0,,,1.0
legacy121_v1__1t28_34_hpbulge_nmr_a__legacy_gt__rnafold__historical_legacy121_v1,1T28_34_hpbulge_nmr_A,rnafold,R1_R3,34,7,10,10,6,4,1,6,4,1,0.6,0.8571428571428571,0.7058823529411765,0.0,0.0,0.0,0,0,0,,,1.0
legacy121_v1__1t28_34_hpbulge_nmr_a__legacy_gt__trrosettarna2_native_ss__historical_legacy121_v1,1T28_34_hpbulge_nmr_A,trrosettarna2_native_ss,ORIGINAL,34,7,9,9,6,3,1,6,3,1,0.6666666666666666,0.8571428571428571,0.75,0.0,0.0,0.0,0,0,0,,,1.0
legacy121_v1__1t28_34_hpbulge_nmr_a__legacy_gt__trrosettarna2_native_ss__historical_legacy121_v1,1T28_34_hpbulge_nmr_A,trrosettarna2_native_ss,R1,34,7,9,9,6,3,1,6,3,1,0.6666666666666666,0.8571428571428571,0.75,0.0,0.0,0.0,0,0,0,,,1.0
legacy121_v1__1t28_34_hpbulge_nmr_a__legacy_gt__trrosettarna2_native_ss__historical_legacy121_v1,1T28_34_hpbulge_nmr_A,trrosettarna2_native_ss,R2,34,7,9,9,6,3,1,6,3,1,0.6666666666666666,0.8571428571428571,0.75,0.0,0.0,0.0,0,0,0,,,1.0
legacy121_v1__1t28_34_hpbulge_nmr_a__legacy_gt__trrosettarna2_native_ss__historical_legacy121_v1,1T28_34_hpbulge_nmr_A,trrosettarna2_native_ss,R3,34,7,9,9,6,3,1,6,3,1,0.6666666666666666,0.8571428571428571,0.75,0.0,0.0,0.0,0,0,0,,,1.0
legacy121_v1__1t28_34_hpbulge_nmr_a__legacy_gt__trrosettarna2_native_ss__historical_legacy121_v1,1T28_34_hpbulge_nmr_A,trrosettarna2_native_ss,R1_R2,34,7,9,9,6,3,1,6,3,1,0.6666666666666666,0.8571428571428571,0.75,0.0,0.0,0.0,0,0,0,,,1.0
legacy121_v1__1t28_34_hpbulge_nmr_a__legacy_gt__trrosettarna2_native_ss__historical_legacy121_v1,1T28_34_hpbulge_nmr_A,trrosettarna2_native_ss,R1_R3,34,7,9,9,6,3,1,6,3,1,0.6666666666666666,0.8571428571428571,0.75,0.0,0.0,0.0,0,0,0,,,1.0
legacy121_v1__1tbk_17_hp_nmr_a__legacy_gt__petfold__historical_legacy121_v1,1TBK_17_hp_nmr_A,petfold,ORIGINAL,17,6,6,6,6,0,0,6,0,0,1.0,1.0,1.0,0.0,0.0,0.0,0,0,0,,,1.0
legacy121_v1__1tbk_17_hp_nmr_a__legacy_gt__petfold__historical_legacy121_v1,1TBK_17_hp_nmr_A,petfold,R1,17,6,6,6,6,0,0,6,0,0,1.0,1.0,1.0,0.0,0.0,0.0,0,0,0,,,1.0
legacy121_v1__1tbk_17_hp_nmr_a__legacy_gt__petfold__historical_legacy121_v1,1TBK_17_hp_nmr_A,petfold,R2,17,6,6,6,6,0,0,6,0,0,1.0,1.0,1.0,0.0,0.0,0.0,0,0,0,,,1.0
legacy121_v1__1tbk_17_hp_nmr_a__legacy_gt__petfold__historical_legacy121_v1,1TBK_17_hp_nmr_A,petfold,R3,17,6,6,6,6,0,0,6,0,0,1.0,1.0,1.0,0.0,0.0,0.0,0,0,0,,,1.0
legacy121_v1__1tbk_17_hp_nmr_a__legacy_gt__petfold__historical_legacy121_v1,1TBK_17_hp_nmr_A,petfold,R1_R2,17,6,6,6,6,0,0,6,0,0,1.0,1.0,1.0,0.0,0.0,0.0,0,0,0,,,1.0
legacy121_v1__1tbk_17_hp_nmr_a__legacy_gt__petfold__historical_legacy121_v1,1TBK_17_hp_nmr_A,petfold,R1_R3,17,6,6,6,6,0,0,6,0,0,1.0,1.0,1.0,0.0,0.0,0.0,0,0,0,,,1.0
legacy121_v1__1tbk_17_hp_nmr_a__legacy_gt__rnafold__historical_legacy121_v1,1TBK_17_hp_nmr_A,rnafold,ORIGINAL,17,6,6,6,6,0,0,6,0,0,1.0,1.0,1.0,0.0,0.0,0.0,0,0,0,,,1.0
legacy121_v1__1tbk_17_hp_nmr_a__legacy_gt__rnafold__historical_legacy121_v1,1TBK_17_hp_nmr_A,rnafold,R1,17,6,6,6,6,0,0,6,0,0,1.0,1.0,1.0,0.0,0.0,0.0,0,0,0,,,1.0
legacy121_v1__1tbk_17_hp_nmr_a__legacy_gt__rnafold__historical_legacy121_v1,1TBK_17_hp_nmr_A,rnafold,R2,17,6,6,6,6,0,0,6,0,0,1.0,1.0,1.0,0.0,0.0,0.0,0,0,0,,,1.0
legacy121_v1__1tbk_17_hp_nmr_a__legacy_gt__rnafold__historical_legacy121_v1,1TBK_17_hp_nmr_A,rnafold,R3,17,6,6,6,6,0,0,6,0,0,1.0,1.0,1.0,0.0,0.0,0.0,0,0,0,,,1.0
legacy121_v1__1tbk_17_hp_nmr_a__legacy_gt__rnafold__historical_legacy121_v1,1TBK_17_hp_nmr_A,rnafold,R1_R2,17,6,6,6,6,0,0,6,0,0,1.0,1.0,1.0,0.0,0.0,0.0,0,0,0,,,1.0
legacy121_v1__1tbk_17_hp_nmr_a__legacy_gt__rnafold__historical_legacy121_v1,1TBK_17_hp_nmr_A,rnafold,R1_R3,17,6,6,6,6,0,0,6,0,0,1.0,1.0,1.0,0.0,0.0,0.0,0,0,0,,,1.0
legacy121_v1__1tbk_17_hp_nmr_a__legacy_gt__trrosettarna2_native_ss__historical_legacy121_v1,1TBK_17_hp_nmr_A,trrosettarna2_native_ss,ORIGINAL,17,6,6,6,6,0,0,6,0,0,1.0,1.0,1.0,0.0,0.0,0.0,0,0,0,,,1.0
legacy121_v1__1tbk_17_hp_nmr_a__legacy_gt__trrosettarna2_native_ss__historical_legacy121_v1,1TBK_17_hp_nmr_A,trrosettarna2_native_ss,R1,17,6,6,6,6,0,0,6,0,0,1.0,1.0,1.0,0.0,0.0,0.0,0,0,0,,,1.0
legacy121_v1__1tbk_17_hp_nmr_a__legacy_gt__trrosettarna2_native_ss__historical_legacy121_v1,1TBK_17_hp_nmr_A,trrosettarna2_native_ss,R2,17,6,6,6,6,0,0,6,0,0,1.0,1.0,1.0,0.0,0.0,0.0,0,0,0,,,1.0
legacy121_v1__1tbk_17_hp_nmr_a__legacy_gt__trrosettarna2_native_ss__historical_legacy121_v1,1TBK_17_hp_nmr_A,trrosettarna2_native_ss,R3,17,6,6,6,6,0,0,6,0,0,1.0,1.0,1.0,0.0,0.0,0.0,0,0,0,,,1.0
legacy121_v1__1tbk_17_hp_nmr_a__legacy_gt__trrosettarna2_native_ss__historical_legacy121_v1,1TBK_17_hp_nmr_A,trrosettarna2_native_ss,R1_R2,17,6,6,6,6,0,0,6,0,0,1.0,1.0,1.0,0.0,0.0,0.0,0,0,0,,,1.0
legacy121_v1__1tbk_17_hp_nmr_a__legacy_gt__trrosettarna2_native_ss__historical_legacy121_v1,1TBK_17_hp_nmr_A,trrosettarna2_native_ss,R1_R3,17,6,6,6,6,0,0,6,0,0,1.0,1.0,1.0,0.0,0.0,0.0,0,0,0,,,1.0
legacy121_v1__1tjz_26_hp_nmr_a__legacy_gt__petfold__historical_legacy121_v1,1TJZ_26_hp_nmr_A,petfold,ORIGINAL,22,7,7,7,7,0,0,7,0,0,1.0,1.0,1.0,0.0,0.0,0.0,0,0,0,,,1.0
legacy121_v1__1tjz_26_hp_nmr_a__legacy_gt__petfold__historical_legacy121_v1,1TJZ_26_hp_nmr_A,petfold,R1,22,7,7,7,7,0,0,7,0,0,1.0,1.0,1.0,0.0,0.0,0.0,0,0,0,,,1.0
legacy121_v1__1tjz_26_hp_nmr_a__legacy_gt__petfold__historical_legacy121_v1,1TJZ_26_hp_nmr_A,petfold,R2,22,7,7,7,7,0,0,7,0,0,1.0,1.0,1.0,0.0,0.0,0.0,0,0,0,,,1.0
legacy121_v1__1tjz_26_hp_nmr_a__legacy_gt__petfold__historical_legacy121_v1,1TJZ_26_hp_nmr_A,petfold,R3,22,7,7,7,7,0,0,7,0,0,1.0,1.0,1.0,0.0,0.0,0.0,0,0,0,,,1.0
legacy121_v1__1tjz_26_hp_nmr_a__legacy_gt__petfold__historical_legacy121_v1,1TJZ_26_hp_nmr_A,petfold,R1_R2,22,7,7,7,7,0,0,7,0,0,1.0,1.0,1.0,0.0,0.0,0.0,0,0,0,,,1.0
legacy121_v1__1tjz_26_hp_nmr_a__legacy_gt__petfold__historical_legacy121_v1,1TJZ_26_hp_nmr_A,petfold,R1_R3,22,7,7,7,7,0,0,7,0,0,1.0,1.0,1.0,0.0,0.0,0.0,0,0,0,,,1.0
legacy121_v1__1tjz_26_hp_nmr_a__legacy_gt__rnafold__historical_legacy121_v1,1TJZ_26_hp_nmr_A,rnafold,ORIGINAL,22,7,7,7,7,0,0,7,0,0,1.0,1.0,1.0,0.0,0.0,0.0,0,0,0,,,1.0
legacy121_v1__1tjz_26_hp_nmr_a__legacy_gt__rnafold__historical_legacy121_v1,1TJZ_26_hp_nmr_A,rnafold,R1,22,7,7,7,7,0,0,7,0,0,1.0,1.0,1.0,0.0,0.0,0.0,0,0,0,,,1.0
legacy121_v1__1tjz_26_hp_nmr_a__legacy_gt__rnafold__historical_legacy121_v1,1TJZ_26_hp_nmr_A,rnafold,R2,22,7,7,7,7,0,0,7,0,0,1.0,1.0,1.0,0.0,0.0,0.0,0,0,0,,,1.0
legacy121_v1__1tjz_26_hp_nmr_a__legacy_gt__rnafold__historical_legacy121_v1,1TJZ_26_hp_nmr_A,rnafold,R3,22,7,7,7,7,0,0,7,0,0,1.0,1.0,1.0,0.0,0.0,0.0,0,0,0,,,1.0
legacy121_v1__1tjz_26_hp_nmr_a__legacy_gt__rnafold__historical_legacy121_v1,1TJZ_26_hp_nmr_A,rnafold,R1_R2,22,7,7,7,7,0,0,7,0,0,1.0,1.0,1.0,0.0,0.0,0.0,0,0,0,,,1.0
legacy121_v1__1tjz_26_hp_nmr_a__legacy_gt__rnafold__historical_legacy121_v1,1TJZ_26_hp_nmr_A,rnafold,R1_R3,22,7,7,7,7,0,0,7,0,0,1.0,1.0,1.0,0.0,0.0,0.0,0,0,0,,,1.0
legacy121_v1__1tjz_26_hp_nmr_a__legacy_gt__trrosettarna2_native_ss__historical_legacy121_v1,1TJZ_26_hp_nmr_A,trrosettarna2_native_ss,ORIGINAL,22,7,10,10,7,3,0,7,3,0,0.7,1.0,0.8235294117647058,0.0,0.0,0.0,0,0,0,,,1.0
legacy121_v1__1tjz_26_hp_nmr_a__legacy_gt__trrosettarna2_native_ss__historical_legacy121_v1,1TJZ_26_hp_nmr_A,trrosettarna2_native_ss,R1,22,7,10,10,7,3,0,7,3,0,0.7,1.0,0.8235294117647058,0.0,0.0,0.0,0,0,0,,,1.0
legacy121_v1__1tjz_26_hp_nmr_a__legacy_gt__trrosettarna2_native_ss__historical_legacy121_v1,1TJZ_26_hp_nmr_A,trrosettarna2_native_ss,R2,22,7,10,10,7,3,0,7,3,0,0.7,1.0,0.8235294117647058,0.0,0.0,0.0,0,0,0,,,1.0
legacy121_v1__1tjz_26_hp_nmr_a__legacy_gt__trrosettarna2_native_ss__historical_legacy121_v1,1TJZ_26_hp_nmr_A,trrosettarna2_native_ss,R3,22,7,10,10,7,3,0,7,3,0,0.7,1.0,0.8235294117647058,0.0,0.0,0.0,0,0,0,,,1.0
legacy121_v1__1tjz_26_hp_nmr_a__legacy_gt__trrosettarna2_native_ss__historical_legacy121_v1,1TJZ_26_hp_nmr_A,trrosettarna2_native_ss,R1_R2,22,7,10,10,7,3,0,7,3,0,0.7,1.0,0.8235294117647058,0.0,0.0,0.0,0,0,0,,,1.0
legacy121_v1__1tjz_26_hp_nmr_a__legacy_gt__trrosettarna2_native_ss__historical_legacy121_v1,1TJZ_26_hp_nmr_A,trrosettarna2_native_ss,R1_R3,22,7,10,10,7,3,0,7,3,0,0.7,1.0,0.8235294117647058,0.0,0.0,0.0,0,0,0,,,1.0
legacy121_v1__1tlr_23_hp_nmr_a__legacy_gt__petfold__historical_legacy121_v1,1TLR_23_hp_nmr_A,petfold,ORIGINAL,23,7,7,7,7,0,0,7,0,0,1.0,1.0,1.0,0.0,0.0,0.0,0,0,0,,,1.0
legacy121_v1__1tlr_23_hp_nmr_a__legacy_gt__petfold__historical_legacy121_v1,1TLR_23_hp_nmr_A,petfold,R1,23,7,7,7,7,0,0,7,0,0,1.0,1.0,1.0,0.0,0.0,0.0,0,0,0,,,1.0
legacy121_v1__1tlr_23_hp_nmr_a__legacy_gt__petfold__historical_legacy121_v1,1TLR_23_hp_nmr_A,petfold,R2,23,7,7,7,7,0,0,7,0,0,1.0,1.0,1.0,0.0,0.0,0.0,0,0,0,,,1.0
legacy121_v1__1tlr_23_hp_nmr_a__legacy_gt__petfold__historical_legacy121_v1,1TLR_23_hp_nmr_A,petfold,R3,23,7,7,7,7,0,0,7,0,0,1.0,1.0,1.0,0.0,0.0,0.0,0,0,0,,,1.0
legacy121_v1__1tlr_23_hp_nmr_a__legacy_gt__petfold__historical_legacy121_v1,1TLR_23_hp_nmr_A,petfold,R1_R2,23,7,7,7,7,0,0,7,0,0,1.0,1.0,1.0,0.0,0.0,0.0,0,0,0,,,1.0
legacy121_v1__1tlr_23_hp_nmr_a__legacy_gt__petfold__historical_legacy121_v1,1TLR_23_hp_nmr_A,petfold,R1_R3,23,7,7,7,7,0,0,7,0,0,1.0,1.0,1.0,0.0,0.0,0.0,0,0,0,,,1.0
legacy121_v1__1tlr_23_hp_nmr_a__legacy_gt__rnafold__historical_legacy121_v1,1TLR_23_hp_nmr_A,rnafold,ORIGINAL,23,7,7,7,7,0,0,7,0,0,1.0,1.0,1.0,0.0,0.0,0.0,0,0,0,,,1.0
legacy121_v1__1tlr_23_hp_nmr_a__legacy_gt__rnafold__historical_legacy121_v1,1TLR_23_hp_nmr_A,rnafold,R1,23,7,7,7,7,0,0,7,0,0,1.0,1.0,1.0,0.0,0.0,0.0,0,0,0,,,1.0
legacy121_v1__1tlr_23_hp_nmr_a__legacy_gt__rnafold__historical_legacy121_v1,1TLR_23_hp_nmr_A,rnafold,R2,23,7,7,7,7,0,0,7,0,0,1.0,1.0,1.0,0.0,0.0,0.0,0,0,0,,,1.0
legacy121_v1__1tlr_23_hp_nmr_a__legacy_gt__rnafold__historical_legacy121_v1,1TLR_23_hp_nmr_A,rnafold,R3,23,7,7,7,7,0,0,7,0,0,1.0,1.0,1.0,0.0,0.0,0.0,0,0,0,,,1.0
legacy121_v1__1tlr_23_hp_nmr_a__legacy_gt__rnafold__historical_legacy121_v1,1TLR_23_hp_nmr_A,rnafold,R1_R2,23,7,7,7,7,0,0,7,0,0,1.0,1.0,1.0,0.0,0.0,0.0,0,0,0,,,1.0
legacy121_v1__1tlr_23_hp_nmr_a__legacy_gt__rnafold__historical_legacy121_v1,1TLR_23_hp_nmr_A,rnafold,R1_R3,23,7,7,7,7,0,0,7,0,0,1.0,1.0,1.0,0.0,0.0,0.0,0,0,0,,,1.0
legacy121_v1__1tlr_23_hp_nmr_a__legacy_gt__trrosettarna2_native_ss__historical_legacy121_v1,1TLR_23_hp_nmr_A,trrosettarna2_native_ss,ORIGINAL,23,7,9,9,7,2,0,7,2,0,0.7777777777777778,1.0,0.875,0.0,0.0,0.0,0,0,0,,,1.0
legacy121_v1__1tlr_23_hp_nmr_a__legacy_gt__trrosettarna2_native_ss__historical_legacy121_v1,1TLR_23_hp_nmr_A,trrosettarna2_native_ss,R1,23,7,9,9,7,2,0,7,2,0,0.7777777777777778,1.0,0.875,0.0,0.0,0.0,0,0,0,,,1.0
legacy121_v1__1tlr_23_hp_nmr_a__legacy_gt__trrosettarna2_native_ss__historical_legacy121_v1,1TLR_23_hp_nmr_A,trrosettarna2_native_ss,R2,23,7,9,9,7,2,0,7,2,0,0.7777777777777778,1.0,0.875,0.0,0.0,0.0,0,0,0,,,1.0
legacy121_v1__1tlr_23_hp_nmr_a__legacy_gt__trrosettarna2_native_ss__historical_legacy121_v1,1TLR_23_hp_nmr_A,trrosettarna2_native_ss,R3,23,7,9,9,7,2,0,7,2,0,0.7777777777777778,1.0,0.875,0.0,0.0,0.0,0,0,0,,,1.0
legacy121_v1__1tlr_23_hp_nmr_a__legacy_gt__trrosettarna2_native_ss__historical_legacy121_v1,1TLR_23_hp_nmr_A,trrosettarna2_native_ss,R1_R2,23,7,9,9,7,2,0,7,2,0,0.7777777777777778,1.0,0.875,0.0,0.0,0.0,0,0,0,,,1.0
legacy121_v1__1tlr_23_hp_nmr_a__legacy_gt__trrosettarna2_native_ss__historical_legacy121_v1,1TLR_23_hp_nmr_A,trrosettarna2_native_ss,R1_R3,23,7,9,9,7,2,0,7,2,0,0.7777777777777778,1.0,0.875,0.0,0.0,0.0,0,0,0,,,1.0
legacy121_v1__1uuu_19_hp_nmr_a__legacy_gt__petfold__historical_legacy121_v1,1UUU_19_hp_nmr_A,petfold,ORIGINAL,19,6,8,8,6,2,0,6,2,0,0.75,1.0,0.8571428571428571,0.0,0.0,0.0,0,0,0,,,1.0
legacy121_v1__1uuu_19_hp_nmr_a__legacy_gt__petfold__historical_legacy121_v1,1UUU_19_hp_nmr_A,petfold,R1,19,6,8,8,6,2,0,6,2,0,0.75,1.0,0.8571428571428571,0.0,0.0,0.0,0,0,0,,,1.0
legacy121_v1__1uuu_19_hp_nmr_a__legacy_gt__petfold__historical_legacy121_v1,1UUU_19_hp_nmr_A,petfold,R2,19,6,8,8,6,2,0,6,2,0,0.75,1.0,0.8571428571428571,0.0,0.0,0.0,0,0,0,,,1.0
legacy121_v1__1uuu_19_hp_nmr_a__legacy_gt__petfold__historical_legacy121_v1,1UUU_19_hp_nmr_A,petfold,R3,19,6,8,8,6,2,0,6,2,0,0.75,1.0,0.8571428571428571,0.0,0.0,0.0,0,0,0,,,1.0
legacy121_v1__1uuu_19_hp_nmr_a__legacy_gt__petfold__historical_legacy121_v1,1UUU_19_hp_nmr_A,petfold,R1_R2,19,6,8,8,6,2,0,6,2,0,0.75,1.0,0.8571428571428571,0.0,0.0,0.0,0,0,0,,,1.0
legacy121_v1__1uuu_19_hp_nmr_a__legacy_gt__petfold__historical_legacy121_v1,1UUU_19_hp_nmr_A,petfold,R1_R3,19,6,8,8,6,2,0,6,2,0,0.75,1.0,0.8571428571428571,0.0,0.0,0.0,0,0,0,,,1.0
legacy121_v1__1uuu_19_hp_nmr_a__legacy_gt__rnafold__historical_legacy121_v1,1UUU_19_hp_nmr_A,rnafold,ORIGINAL,19,6,8,8,6,2,0,6,2,0,0.75,1.0,0.8571428571428571,0.0,0.0,0.0,0,0,0,,,1.0
legacy121_v1__1uuu_19_hp_nmr_a__legacy_gt__rnafold__historical_legacy121_v1,1UUU_19_hp_nmr_A,rnafold,R1,19,6,8,8,6,2,0,6,2,0,0.75,1.0,0.8571428571428571,0.0,0.0,0.0,0,0,0,,,1.0
legacy121_v1__1uuu_19_hp_nmr_a__legacy_gt__rnafold__historical_legacy121_v1,1UUU_19_hp_nmr_A,rnafold,R2,19,6,8,8,6,2,0,6,2,0,0.75,1.0,0.8571428571428571,0.0,0.0,0.0,0,0,0,,,1.0
legacy121_v1__1uuu_19_hp_nmr_a__legacy_gt__rnafold__historical_legacy121_v1,1UUU_19_hp_nmr_A,rnafold,R3,19,6,8,8,6,2,0,6,2,0,0.75,1.0,0.8571428571428571,0.0,0.0,0.0,0,0,0,,,1.0
legacy121_v1__1uuu_19_hp_nmr_a__legacy_gt__rnafold__historical_legacy121_v1,1UUU_19_hp_nmr_A,rnafold,R1_R2,19,6,8,8,6,2,0,6,2,0,0.75,1.0,0.8571428571428571,0.0,0.0,0.0,0,0,0,,,1.0
legacy121_v1__1uuu_19_hp_nmr_a__legacy_gt__rnafold__historical_legacy121_v1,1UUU_19_hp_nmr_A,rnafold,R1_R3,19,6,8,8,6,2,0,6,2,0,0.75,1.0,0.8571428571428571,0.0,0.0,0.0,0,0,0,,,1.0
legacy121_v1__1uuu_19_hp_nmr_a__legacy_gt__trrosettarna2_native_ss__historical_legacy121_v1,1UUU_19_hp_nmr_A,trrosettarna2_native_ss,ORIGINAL,19,6,7,7,5,2,1,5,2,1,0.7142857142857143,0.8333333333333334,0.7692307692307693,0.0,0.0,0.0,0,0,0,,,1.0
legacy121_v1__1uuu_19_hp_nmr_a__legacy_gt__trrosettarna2_native_ss__historical_legacy121_v1,1UUU_19_hp_nmr_A,trrosettarna2_native_ss,R1,19,6,7,6,5,2,1,5,1,1,0.8333333333333334,0.8333333333333334,0.8333333333333334,0.11904761904761907,0.0,0.0641025641025641,1,1,0,1.0,0.0,1.0
legacy121_v1__1uuu_19_hp_nmr_a__legacy_gt__trrosettarna2_native_ss__historical_legacy121_v1,1UUU_19_hp_nmr_A,trrosettarna2_native_ss,R2,19,6,7,7,5,2,1,5,2,1,0.7142857142857143,0.8333333333333334,0.7692307692307693,0.0,0.0,0.0,0,0,0,,,1.0
legacy121_v1__1uuu_19_hp_nmr_a__legacy_gt__trrosettarna2_native_ss__historical_legacy121_v1,1UUU_19_hp_nmr_A,trrosettarna2_native_ss,R3,19,6,7,7,5,2,1,5,2,1,0.7142857142857143,0.8333333333333334,0.7692307692307693,0.0,0.0,0.0,0,0,0,,,1.0
legacy121_v1__1uuu_19_hp_nmr_a__legacy_gt__trrosettarna2_native_ss__historical_legacy121_v1,1UUU_19_hp_nmr_A,trrosettarna2_native_ss,R1_R2,19,6,7,6,5,2,1,5,1,1,0.8333333333333334,0.8333333333333334,0.8333333333333334,0.11904761904761907,0.0,0.0641025641025641,1,1,0,1.0,0.0,1.0
legacy121_v1__1uuu_19_hp_nmr_a__legacy_gt__trrosettarna2_native_ss__historical_legacy121_v1,1UUU_19_hp_nmr_A,trrosettarna2_native_ss,R1_R3,19,6,7,6,5,2,1,5,1,1,0.8333333333333334,0.8333333333333334,0.8333333333333334,0.11904761904761907,0.0,0.0641025641025641,1,1,0,1.0,0.0,1.0
legacy121_v1__1xwu_16_hp_nmr_a__legacy_gt__petfold__historical_legacy121_v1,1XWU_16_hp_nmr_A,petfold,ORIGINAL,16,5,4,4,4,0,1,4,0,1,1.0,0.8,0.8888888888888888,0.0,0.0,0.0,0,0,0,,,1.0
legacy121_v1__1xwu_16_hp_nmr_a__legacy_gt__petfold__historical_legacy121_v1,1XWU_16_hp_nmr_A,petfold,R1,16,5,4,4,4,0,1,4,0,1,1.0,0.8,0.8888888888888888,0.0,0.0,0.0,0,0,0,,,1.0
legacy121_v1__1xwu_16_hp_nmr_a__legacy_gt__petfold__historical_legacy121_v1,1XWU_16_hp_nmr_A,petfold,R2,16,5,4,4,4,0,1,4,0,1,1.0,0.8,0.8888888888888888,0.0,0.0,0.0,0,0,0,,,1.0
legacy121_v1__1xwu_16_hp_nmr_a__legacy_gt__petfold__historical_legacy121_v1,1XWU_16_hp_nmr_A,petfold,R3,16,5,4,4,4,0,1,4,0,1,1.0,0.8,0.8888888888888888,0.0,0.0,0.0,0,0,0,,,1.0
legacy121_v1__1xwu_16_hp_nmr_a__legacy_gt__petfold__historical_legacy121_v1,1XWU_16_hp_nmr_A,petfold,R1_R2,16,5,4,4,4,0,1,4,0,1,1.0,0.8,0.8888888888888888,0.0,0.0,0.0,0,0,0,,,1.0
legacy121_v1__1xwu_16_hp_nmr_a__legacy_gt__petfold__historical_legacy121_v1,1XWU_16_hp_nmr_A,petfold,R1_R3,16,5,4,4,4,0,1,4,0,1,1.0,0.8,0.8888888888888888,0.0,0.0,0.0,0,0,0,,,1.0
legacy121_v1__1xwu_16_hp_nmr_a__legacy_gt__rnafold__historical_legacy121_v1,1XWU_16_hp_nmr_A,rnafold,ORIGINAL,16,5,4,4,4,0,1,4,0,1,1.0,0.8,0.8888888888888888,0.0,0.0,0.0,0,0,0,,,1.0
legacy121_v1__1xwu_16_hp_nmr_a__legacy_gt__rnafold__historical_legacy121_v1,1XWU_16_hp_nmr_A,rnafold,R1,16,5,4,4,4,0,1,4,0,1,1.0,0.8,0.8888888888888888,0.0,0.0,0.0,0,0,0,,,1.0
legacy121_v1__1xwu_16_hp_nmr_a__legacy_gt__rnafold__historical_legacy121_v1,1XWU_16_hp_nmr_A,rnafold,R2,16,5,4,4,4,0,1,4,0,1,1.0,0.8,0.8888888888888888,0.0,0.0,0.0,0,0,0,,,1.0
legacy121_v1__1xwu_16_hp_nmr_a__legacy_gt__rnafold__historical_legacy121_v1,1XWU_16_hp_nmr_A,rnafold,R3,16,5,4,4,4,0,1,4,0,1,1.0,0.8,0.8888888888888888,0.0,0.0,0.0,0,0,0,,,1.0
legacy121_v1__1xwu_16_hp_nmr_a__legacy_gt__rnafold__historical_legacy121_v1,1XWU_16_hp_nmr_A,rnafold,R1_R2,16,5,4,4,4,0,1,4,0,1,1.0,0.8,0.8888888888888888,0.0,0.0,0.0,0,0,0,,,1.0
legacy121_v1__1xwu_16_hp_nmr_a__legacy_gt__rnafold__historical_legacy121_v1,1XWU_16_hp_nmr_A,rnafold,R1_R3,16,5,4,4,4,0,1,4,0,1,1.0,0.8,0.8888888888888888,0.0,0.0,0.0,0,0,0,,,1.0
legacy121_v1__1xwu_16_hp_nmr_a__legacy_gt__trrosettarna2_native_ss__historical_legacy121_v1,1XWU_16_hp_nmr_A,trrosettarna2_native_ss,ORIGINAL,16,5,7,7,5,2,0,5,2,0,0.7142857142857143,1.0,0.8333333333333334,0.0,0.0,0.0,0,0,0,,,1.0
legacy121_v1__1xwu_16_hp_nmr_a__legacy_gt__trrosettarna2_native_ss__historical_legacy121_v1,1XWU_16_hp_nmr_A,trrosettarna2_native_ss,R1,16,5,7,7,5,2,0,5,2,0,0.7142857142857143,1.0,0.8333333333333334,0.0,0.0,0.0,0,0,0,,,1.0
legacy121_v1__1xwu_16_hp_nmr_a__legacy_gt__trrosettarna2_native_ss__historical_legacy121_v1,1XWU_16_hp_nmr_A,trrosettarna2_native_ss,R2,16,5,7,7,5,2,0,5,2,0,0.7142857142857143,1.0,0.8333333333333334,0.0,0.0,0.0,0,0,0,,,1.0
legacy121_v1__1xwu_16_hp_nmr_a__legacy_gt__trrosettarna2_native_ss__historical_legacy121_v1,1XWU_16_hp_nmr_A,trrosettarna2_native_ss,R3,16,5,7,7,5,2,0,5,2,0,0.7142857142857143,1.0,0.8333333333333334,0.0,0.0,0.0,0,0,0,,,1.0
legacy121_v1__1xwu_16_hp_nmr_a__legacy_gt__trrosettarna2_native_ss__historical_legacy121_v1,1XWU_16_hp_nmr_A,trrosettarna2_native_ss,R1_R2,16,5,7,7,5,2,0,5,2,0,0.7142857142857143,1.0,0.8333333333333334,0.0,0.0,0.0,0,0,0,,,1.0
legacy121_v1__1xwu_16_hp_nmr_a__legacy_gt__trrosettarna2_native_ss__historical_legacy121_v1,1XWU_16_hp_nmr_A,trrosettarna2_native_ss,R1_R3,16,5,7,7,5,2,0,5,2,0,0.7142857142857143,1.0,0.8333333333333334,0.0,0.0,0.0,0,0,0,,,1.0
legacy121_v1__1ylg_31_hp_nmr_a__legacy_gt__petfold__historical_legacy121_v1,1YLG_31_hp_nmr_A,petfold,ORIGINAL,31,10,12,12,10,2,0,10,2,0,0.8333333333333334,1.0,0.9090909090909091,0.0,0.0,0.0,0,0,0,,,1.0
legacy121_v1__1ylg_31_hp_nmr_a__legacy_gt__petfold__historical_legacy121_v1,1YLG_31_hp_nmr_A,petfold,R1,31,10,12,11,10,2,0,10,1,0,0.9090909090909091,1.0,0.9523809523809523,0.07575757575757569,0.0,0.04329004329004327,1,1,0,1.0,0.0,1.0
legacy121_v1__1ylg_31_hp_nmr_a__legacy_gt__petfold__historical_legacy121_v1,1YLG_31_hp_nmr_A,petfold,R2,31,10,12,12,10,2,0,10,2,0,0.8333333333333334,1.0,0.9090909090909091,0.0,0.0,0.0,0,0,0,,,1.0
legacy121_v1__1ylg_31_hp_nmr_a__legacy_gt__petfold__historical_legacy121_v1,1YLG_31_hp_nmr_A,petfold,R3,31,10,12,12,10,2,0,10,2,0,0.8333333333333334,1.0,0.9090909090909091,0.0,0.0,0.0,0,0,0,,,1.0
legacy121_v1__1ylg_31_hp_nmr_a__legacy_gt__petfold__historical_legacy121_v1,1YLG_31_hp_nmr_A,petfold,R1_R2,31,10,12,11,10,2,0,10,1,0,0.9090909090909091,1.0,0.9523809523809523,0.07575757575757569,0.0,0.04329004329004327,1,1,0,1.0,0.0,1.0
legacy121_v1__1ylg_31_hp_nmr_a__legacy_gt__petfold__historical_legacy121_v1,1YLG_31_hp_nmr_A,petfold,R1_R3,31,10,12,11,10,2,0,10,1,0,0.9090909090909091,1.0,0.9523809523809523,0.07575757575757569,0.0,0.04329004329004327,1,1,0,1.0,0.0,1.0
legacy121_v1__1ylg_31_hp_nmr_a__legacy_gt__rnafold__historical_legacy121_v1,1YLG_31_hp_nmr_A,rnafold,ORIGINAL,31,10,11,11,10,1,0,10,1,0,0.9090909090909091,1.0,0.9523809523809523,0.0,0.0,0.0,0,0,0,,,1.0
legacy121_v1__1ylg_31_hp_nmr_a__legacy_gt__rnafold__historical_legacy121_v1,1YLG_31_hp_nmr_A,rnafold,R1,31,10,11,11,10,1,0,10,1,0,0.9090909090909091,1.0,0.9523809523809523,0.0,0.0,0.0,0,0,0,,,1.0
legacy121_v1__1ylg_31_hp_nmr_a__legacy_gt__rnafold__historical_legacy121_v1,1YLG_31_hp_nmr_A,rnafold,R2,31,10,11,11,10,1,0,10,1,0,0.9090909090909091,1.0,0.9523809523809523,0.0,0.0,0.0,0,0,0,,,1.0
legacy121_v1__1ylg_31_hp_nmr_a__legacy_gt__rnafold__historical_legacy121_v1,1YLG_31_hp_nmr_A,rnafold,R3,31,10,11,11,10,1,0,10,1,0,0.9090909090909091,1.0,0.9523809523809523,0.0,0.0,0.0,0,0,0,,,1.0
legacy121_v1__1ylg_31_hp_nmr_a__legacy_gt__rnafold__historical_legacy121_v1,1YLG_31_hp_nmr_A,rnafold,R1_R2,31,10,11,11,10,1,0,10,1,0,0.9090909090909091,1.0,0.9523809523809523,0.0,0.0,0.0,0,0,0,,,1.0
legacy121_v1__1ylg_31_hp_nmr_a__legacy_gt__rnafold__historical_legacy121_v1,1YLG_31_hp_nmr_A,rnafold,R1_R3,31,10,11,11,10,1,0,10,1,0,0.9090909090909091,1.0,0.9523809523809523,0.0,0.0,0.0,0,0,0,,,1.0
legacy121_v1__1ylg_31_hp_nmr_a__legacy_gt__trrosettarna2_native_ss__historical_legacy121_v1,1YLG_31_hp_nmr_A,trrosettarna2_native_ss,ORIGINAL,31,10,13,13,10,3,0,10,3,0,0.7692307692307693,1.0,0.8695652173913043,0.0,0.0,0.0,0,0,0,,,1.0
legacy121_v1__1ylg_31_hp_nmr_a__legacy_gt__trrosettarna2_native_ss__historical_legacy121_v1,1YLG_31_hp_nmr_A,trrosettarna2_native_ss,R1,31,10,13,12,10,3,0,10,2,0,0.8333333333333334,1.0,0.9090909090909091,0.0641025641025641,0.0,0.03952569169960474,1,1,0,1.0,0.0,1.0
legacy121_v1__1ylg_31_hp_nmr_a__legacy_gt__trrosettarna2_native_ss__historical_legacy121_v1,1YLG_31_hp_nmr_A,trrosettarna2_native_ss,R2,31,10,13,13,10,3,0,10,3,0,0.7692307692307693,1.0,0.8695652173913043,0.0,0.0,0.0,0,0,0,,,1.0
legacy121_v1__1ylg_31_hp_nmr_a__legacy_gt__trrosettarna2_native_ss__historical_legacy121_v1,1YLG_31_hp_nmr_A,trrosettarna2_native_ss,R3,31,10,13,12,10,3,0,10,2,0,0.8333333333333334,1.0,0.9090909090909091,0.0641025641025641,0.0,0.03952569169960474,1,1,0,1.0,0.0,1.0
legacy121_v1__1ylg_31_hp_nmr_a__legacy_gt__trrosettarna2_native_ss__historical_legacy121_v1,1YLG_31_hp_nmr_A,trrosettarna2_native_ss,R1_R2,31,10,13,12,10,3,0,10,2,0,0.8333333333333334,1.0,0.9090909090909091,0.0641025641025641,0.0,0.03952569169960474,1,1,0,1.0,0.0,1.0
legacy121_v1__1ylg_31_hp_nmr_a__legacy_gt__trrosettarna2_native_ss__historical_legacy121_v1,1YLG_31_hp_nmr_A,trrosettarna2_native_ss,R1_R3,31,10,13,11,10,3,0,10,1,0,0.9090909090909091,1.0,0.9523809523809523,0.1398601398601398,0.0,0.082815734989648,2,2,0,1.0,0.0,1.0
legacy121_v1__1z31_32_hpbulge_nmr_a__legacy_gt__petfold__historical_legacy121_v1,1Z31_32_hpbulge_nmr_A,petfold,ORIGINAL,32,11,11,11,11,0,0,11,0,0,1.0,1.0,1.0,0.0,0.0,0.0,0,0,0,,,1.0
legacy121_v1__1z31_32_hpbulge_nmr_a__legacy_gt__petfold__historical_legacy121_v1,1Z31_32_hpbulge_nmr_A,petfold,R1,32,11,11,11,11,0,0,11,0,0,1.0,1.0,1.0,0.0,0.0,0.0,0,0,0,,,1.0
legacy121_v1__1z31_32_hpbulge_nmr_a__legacy_gt__petfold__historical_legacy121_v1,1Z31_32_hpbulge_nmr_A,petfold,R2,32,11,11,11,11,0,0,11,0,0,1.0,1.0,1.0,0.0,0.0,0.0,0,0,0,,,1.0
legacy121_v1__1z31_32_hpbulge_nmr_a__legacy_gt__petfold__historical_legacy121_v1,1Z31_32_hpbulge_nmr_A,petfold,R3,32,11,11,11,11,0,0,11,0,0,1.0,1.0,1.0,0.0,0.0,0.0,0,0,0,,,1.0
legacy121_v1__1z31_32_hpbulge_nmr_a__legacy_gt__petfold__historical_legacy121_v1,1Z31_32_hpbulge_nmr_A,petfold,R1_R2,32,11,11,11,11,0,0,11,0,0,1.0,1.0,1.0,0.0,0.0,0.0,0,0,0,,,1.0
legacy121_v1__1z31_32_hpbulge_nmr_a__legacy_gt__petfold__historical_legacy121_v1,1Z31_32_hpbulge_nmr_A,petfold,R1_R3,32,11,11,11,11,0,0,11,0,0,1.0,1.0,1.0,0.0,0.0,0.0,0,0,0,,,1.0
legacy121_v1__1z31_32_hpbulge_nmr_a__legacy_gt__rnafold__historical_legacy121_v1,1Z31_32_hpbulge_nmr_A,rnafold,ORIGINAL,32,11,11,11,11,0,0,11,0,0,1.0,1.0,1.0,0.0,0.0,0.0,0,0,0,,,1.0
legacy121_v1__1z31_32_hpbulge_nmr_a__legacy_gt__rnafold__historical_legacy121_v1,1Z31_32_hpbulge_nmr_A,rnafold,R1,32,11,11,11,11,0,0,11,0,0,1.0,1.0,1.0,0.0,0.0,0.0,0,0,0,,,1.0
legacy121_v1__1z31_32_hpbulge_nmr_a__legacy_gt__rnafold__historical_legacy121_v1,1Z31_32_hpbulge_nmr_A,rnafold,R2,32,11,11,11,11,0,0,11,0,0,1.0,1.0,1.0,0.0,0.0,0.0,0,0,0,,,1.0
legacy121_v1__1z31_32_hpbulge_nmr_a__legacy_gt__rnafold__historical_legacy121_v1,1Z31_32_hpbulge_nmr_A,rnafold,R3,32,11,11,11,11,0,0,11,0,0,1.0,1.0,1.0,0.0,0.0,0.0,0,0,0,,,1.0
legacy121_v1__1z31_32_hpbulge_nmr_a__legacy_gt__rnafold__historical_legacy121_v1,1Z31_32_hpbulge_nmr_A,rnafold,R1_R2,32,11,11,11,11,0,0,11,0,0,1.0,1.0,1.0,0.0,0.0,0.0,0,0,0,,,1.0
legacy121_v1__1z31_32_hpbulge_nmr_a__legacy_gt__rnafold__historical_legacy121_v1,1Z31_32_hpbulge_nmr_A,rnafold,R1_R3,32,11,11,11,11,0,0,11,0,0,1.0,1.0,1.0,0.0,0.0,0.0,0,0,0,,,1.0
legacy121_v1__1z31_32_hpbulge_nmr_a__legacy_gt__trrosettarna2_native_ss__historical_legacy121_v1,1Z31_32_hpbulge_nmr_A,trrosettarna2_native_ss,ORIGINAL,32,11,12,12,11,1,0,11,1,0,0.9166666666666666,1.0,0.9565217391304348,0.0,0.0,0.0,0,0,0,,,1.0
legacy121_v1__1z31_32_hpbulge_nmr_a__legacy_gt__trrosettarna2_native_ss__historical_legacy121_v1,1Z31_32_hpbulge_nmr_A,trrosettarna2_native_ss,R1,32,11,12,12,11,1,0,11,1,0,0.9166666666666666,1.0,0.9565217391304348,0.0,0.0,0.0,0,0,0,,,1.0
legacy121_v1__1z31_32_hpbulge_nmr_a__legacy_gt__trrosettarna2_native_ss__historical_legacy121_v1,1Z31_32_hpbulge_nmr_A,trrosettarna2_native_ss,R2,32,11,12,12,11,1,0,11,1,0,0.9166666666666666,1.0,0.9565217391304348,0.0,0.0,0.0,0,0,0,,,1.0
legacy121_v1__1z31_32_hpbulge_nmr_a__legacy_gt__trrosettarna2_native_ss__historical_legacy121_v1,1Z31_32_hpbulge_nmr_A,trrosettarna2_native_ss,R3,32,11,12,12,11,1,0,11,1,0,0.9166666666666666,1.0,0.9565217391304348,0.0,0.0,0.0,0,0,0,,,1.0
legacy121_v1__1z31_32_hpbulge_nmr_a__legacy_gt__trrosettarna2_native_ss__historical_legacy121_v1,1Z31_32_hpbulge_nmr_A,trrosettarna2_native_ss,R1_R2,32,11,12,12,11,1,0,11,1,0,0.9166666666666666,1.0,0.9565217391304348,0.0,0.0,0.0,0,0,0,,,1.0
legacy121_v1__1z31_32_hpbulge_nmr_a__legacy_gt__trrosettarna2_native_ss__historical_legacy121_v1,1Z31_32_hpbulge_nmr_A,trrosettarna2_native_ss,R1_R3,32,11,12,12,11,1,0,11,1,0,0.9166666666666666,1.0,0.9565217391304348,0.0,0.0,0.0,0,0,0,,,1.0
legacy121_v1__2aht_27_hp_nmr_a__legacy_gt__petfold__historical_legacy121_v1,2AHT_27_hp_nmr_A,petfold,ORIGINAL,27,10,11,11,10,1,0,10,1,0,0.9090909090909091,1.0,0.9523809523809523,0.0,0.0,0.0,0,0,0,,,1.0
legacy121_v1__2aht_27_hp_nmr_a__legacy_gt__petfold__historical_legacy121_v1,2AHT_27_hp_nmr_A,petfold,R1,27,10,11,11,10,1,0,10,1,0,0.9090909090909091,1.0,0.9523809523809523,0.0,0.0,0.0,0,0,0,,,1.0
legacy121_v1__2aht_27_hp_nmr_a__legacy_gt__petfold__historical_legacy121_v1,2AHT_27_hp_nmr_A,petfold,R2,27,10,11,11,10,1,0,10,1,0,0.9090909090909091,1.0,0.9523809523809523,0.0,0.0,0.0,0,0,0,,,1.0
legacy121_v1__2aht_27_hp_nmr_a__legacy_gt__petfold__historical_legacy121_v1,2AHT_27_hp_nmr_A,petfold,R3,27,10,11,11,10,1,0,10,1,0,0.9090909090909091,1.0,0.9523809523809523,0.0,0.0,0.0,0,0,0,,,1.0
legacy121_v1__2aht_27_hp_nmr_a__legacy_gt__petfold__historical_legacy121_v1,2AHT_27_hp_nmr_A,petfold,R1_R2,27,10,11,11,10,1,0,10,1,0,0.9090909090909091,1.0,0.9523809523809523,0.0,0.0,0.0,0,0,0,,,1.0
legacy121_v1__2aht_27_hp_nmr_a__legacy_gt__petfold__historical_legacy121_v1,2AHT_27_hp_nmr_A,petfold,R1_R3,27,10,11,11,10,1,0,10,1,0,0.9090909090909091,1.0,0.9523809523809523,0.0,0.0,0.0,0,0,0,,,1.0
legacy121_v1__2aht_27_hp_nmr_a__legacy_gt__rnafold__historical_legacy121_v1,2AHT_27_hp_nmr_A,rnafold,ORIGINAL,27,10,11,11,10,1,0,10,1,0,0.9090909090909091,1.0,0.9523809523809523,0.0,0.0,0.0,0,0,0,,,1.0
legacy121_v1__2aht_27_hp_nmr_a__legacy_gt__rnafold__historical_legacy121_v1,2AHT_27_hp_nmr_A,rnafold,R1,27,10,11,11,10,1,0,10,1,0,0.9090909090909091,1.0,0.9523809523809523,0.0,0.0,0.0,0,0,0,,,1.0
legacy121_v1__2aht_27_hp_nmr_a__legacy_gt__rnafold__historical_legacy121_v1,2AHT_27_hp_nmr_A,rnafold,R2,27,10,11,11,10,1,0,10,1,0,0.9090909090909091,1.0,0.9523809523809523,0.0,0.0,0.0,0,0,0,,,1.0
legacy121_v1__2aht_27_hp_nmr_a__legacy_gt__rnafold__historical_legacy121_v1,2AHT_27_hp_nmr_A,rnafold,R3,27,10,11,11,10,1,0,10,1,0,0.9090909090909091,1.0,0.9523809523809523,0.0,0.0,0.0,0,0,0,,,1.0
legacy121_v1__2aht_27_hp_nmr_a__legacy_gt__rnafold__historical_legacy121_v1,2AHT_27_hp_nmr_A,rnafold,R1_R2,27,10,11,11,10,1,0,10,1,0,0.9090909090909091,1.0,0.9523809523809523,0.0,0.0,0.0,0,0,0,,,1.0
legacy121_v1__2aht_27_hp_nmr_a__legacy_gt__rnafold__historical_legacy121_v1,2AHT_27_hp_nmr_A,rnafold,R1_R3,27,10,11,11,10,1,0,10,1,0,0.9090909090909091,1.0,0.9523809523809523,0.0,0.0,0.0,0,0,0,,,1.0
legacy121_v1__2aht_27_hp_nmr_a__legacy_gt__trrosettarna2_native_ss__historical_legacy121_v1,2AHT_27_hp_nmr_A,trrosettarna2_native_ss,ORIGINAL,27,10,12,12,10,2,0,10,2,0,0.8333333333333334,1.0,0.9090909090909091,0.0,0.0,0.0,0,0,0,,,1.0
legacy121_v1__2aht_27_hp_nmr_a__legacy_gt__trrosettarna2_native_ss__historical_legacy121_v1,2AHT_27_hp_nmr_A,trrosettarna2_native_ss,R1,27,10,12,12,10,2,0,10,2,0,0.8333333333333334,1.0,0.9090909090909091,0.0,0.0,0.0,0,0,0,,,1.0
legacy121_v1__2aht_27_hp_nmr_a__legacy_gt__trrosettarna2_native_ss__historical_legacy121_v1,2AHT_27_hp_nmr_A,trrosettarna2_native_ss,R2,27,10,12,12,10,2,0,10,2,0,0.8333333333333334,1.0,0.9090909090909091,0.0,0.0,0.0,0,0,0,,,1.0
legacy121_v1__2aht_27_hp_nmr_a__legacy_gt__trrosettarna2_native_ss__historical_legacy121_v1,2AHT_27_hp_nmr_A,trrosettarna2_native_ss,R3,27,10,12,11,10,2,0,10,1,0,0.9090909090909091,1.0,0.9523809523809523,0.07575757575757569,0.0,0.04329004329004327,1,1,0,1.0,0.0,1.0
legacy121_v1__2aht_27_hp_nmr_a__legacy_gt__trrosettarna2_native_ss__historical_legacy121_v1,2AHT_27_hp_nmr_A,trrosettarna2_native_ss,R1_R2,27,10,12,12,10,2,0,10,2,0,0.8333333333333334,1.0,0.9090909090909091,0.0,0.0,0.0,0,0,0,,,1.0
legacy121_v1__2aht_27_hp_nmr_a__legacy_gt__trrosettarna2_native_ss__historical_legacy121_v1,2AHT_27_hp_nmr_A,trrosettarna2_native_ss,R1_R3,27,10,12,11,10,2,0,10,1,0,0.9090909090909091,1.0,0.9523809523809523,0.07575757575757569,0.0,0.04329004329004327,1,1,0,1.0,0.0,1.0
legacy121_v1__2es5_23_hp_nmr_a__legacy_gt__petfold__historical_legacy121_v1,2ES5_23_hp_nmr_A,petfold,ORIGINAL,23,10,9,9,9,0,1,9,0,1,1.0,0.9,0.9473684210526315,0.0,0.0,0.0,0,0,0,,,1.0
legacy121_v1__2es5_23_hp_nmr_a__legacy_gt__petfold__historical_legacy121_v1,2ES5_23_hp_nmr_A,petfold,R1,23,10,9,9,9,0,1,9,0,1,1.0,0.9,0.9473684210526315,0.0,0.0,0.0,0,0,0,,,1.0
legacy121_v1__2es5_23_hp_nmr_a__legacy_gt__petfold__historical_legacy121_v1,2ES5_23_hp_nmr_A,petfold,R2,23,10,9,9,9,0,1,9,0,1,1.0,0.9,0.9473684210526315,0.0,0.0,0.0,0,0,0,,,1.0
legacy121_v1__2es5_23_hp_nmr_a__legacy_gt__petfold__historical_legacy121_v1,2ES5_23_hp_nmr_A,petfold,R3,23,10,9,9,9,0,1,9,0,1,1.0,0.9,0.9473684210526315,0.0,0.0,0.0,0,0,0,,,1.0
legacy121_v1__2es5_23_hp_nmr_a__legacy_gt__petfold__historical_legacy121_v1,2ES5_23_hp_nmr_A,petfold,R1_R2,23,10,9,9,9,0,1,9,0,1,1.0,0.9,0.9473684210526315,0.0,0.0,0.0,0,0,0,,,1.0
legacy121_v1__2es5_23_hp_nmr_a__legacy_gt__petfold__historical_legacy121_v1,2ES5_23_hp_nmr_A,petfold,R1_R3,23,10,9,9,9,0,1,9,0,1,1.0,0.9,0.9473684210526315,0.0,0.0,0.0,0,0,0,,,1.0
legacy121_v1__2es5_23_hp_nmr_a__legacy_gt__rnafold__historical_legacy121_v1,2ES5_23_hp_nmr_A,rnafold,ORIGINAL,23,10,9,9,9,0,1,9,0,1,1.0,0.9,0.9473684210526315,0.0,0.0,0.0,0,0,0,,,1.0
legacy121_v1__2es5_23_hp_nmr_a__legacy_gt__rnafold__historical_legacy121_v1,2ES5_23_hp_nmr_A,rnafold,R1,23,10,9,9,9,0,1,9,0,1,1.0,0.9,0.9473684210526315,0.0,0.0,0.0,0,0,0,,,1.0
legacy121_v1__2es5_23_hp_nmr_a__legacy_gt__rnafold__historical_legacy121_v1,2ES5_23_hp_nmr_A,rnafold,R2,23,10,9,9,9,0,1,9,0,1,1.0,0.9,0.9473684210526315,0.0,0.0,0.0,0,0,0,,,1.0
legacy121_v1__2es5_23_hp_nmr_a__legacy_gt__rnafold__historical_legacy121_v1,2ES5_23_hp_nmr_A,rnafold,R3,23,10,9,9,9,0,1,9,0,1,1.0,0.9,0.9473684210526315,0.0,0.0,0.0,0,0,0,,,1.0
legacy121_v1__2es5_23_hp_nmr_a__legacy_gt__rnafold__historical_legacy121_v1,2ES5_23_hp_nmr_A,rnafold,R1_R2,23,10,9,9,9,0,1,9,0,1,1.0,0.9,0.9473684210526315,0.0,0.0,0.0,0,0,0,,,1.0
legacy121_v1__2es5_23_hp_nmr_a__legacy_gt__rnafold__historical_legacy121_v1,2ES5_23_hp_nmr_A,rnafold,R1_R3,23,10,9,9,9,0,1,9,0,1,1.0,0.9,0.9473684210526315,0.0,0.0,0.0,0,0,0,,,1.0
legacy121_v1__2es5_23_hp_nmr_a__legacy_gt__trrosettarna2_native_ss__historical_legacy121_v1,2ES5_23_hp_nmr_A,trrosettarna2_native_ss,ORIGINAL,23,10,10,10,10,0,0,10,0,0,1.0,1.0,1.0,0.0,0.0,0.0,0,0,0,,,1.0
legacy121_v1__2es5_23_hp_nmr_a__legacy_gt__trrosettarna2_native_ss__historical_legacy121_v1,2ES5_23_hp_nmr_A,trrosettarna2_native_ss,R1,23,10,10,9,10,0,0,9,0,1,1.0,0.9,0.9473684210526315,0.0,-0.09999999999999998,-0.052631578947368474,1,0,1,0.0,1.0,0.9
legacy121_v1__2es5_23_hp_nmr_a__legacy_gt__trrosettarna2_native_ss__historical_legacy121_v1,2ES5_23_hp_nmr_A,trrosettarna2_native_ss,R2,23,10,10,10,10,0,0,10,0,0,1.0,1.0,1.0,0.0,0.0,0.0,0,0,0,,,1.0
legacy121_v1__2es5_23_hp_nmr_a__legacy_gt__trrosettarna2_native_ss__historical_legacy121_v1,2ES5_23_hp_nmr_A,trrosettarna2_native_ss,R3,23,10,10,10,10,0,0,10,0,0,1.0,1.0,1.0,0.0,0.0,0.0,0,0,0,,,1.0
legacy121_v1__2es5_23_hp_nmr_a__legacy_gt__trrosettarna2_native_ss__historical_legacy121_v1,2ES5_23_hp_nmr_A,trrosettarna2_native_ss,R1_R2,23,10,10,9,10,0,0,9,0,1,1.0,0.9,0.9473684210526315,0.0,-0.09999999999999998,-0.052631578947368474,1,0,1,0.0,1.0,0.9
legacy121_v1__2es5_23_hp_nmr_a__legacy_gt__trrosettarna2_native_ss__historical_legacy121_v1,2ES5_23_hp_nmr_A,trrosettarna2_native_ss,R1_R3,23,10,10,9,10,0,0,9,0,1,1.0,0.9,0.9473684210526315,0.0,-0.09999999999999998,-0.052631578947368474,1,0,1,0.0,1.0,0.9
legacy121_v1__2euy_34_hp_nmr_a__legacy_gt__petfold__historical_legacy121_v1,2EUY_34_hp_nmr_A,petfold,ORIGINAL,34,11,12,12,10,2,1,10,2,1,0.8333333333333334,0.9090909090909091,0.8695652173913043,0.0,0.0,0.0,0,0,0,,,1.0
legacy121_v1__2euy_34_hp_nmr_a__legacy_gt__petfold__historical_legacy121_v1,2EUY_34_hp_nmr_A,petfold,R1,34,11,12,12,10,2,1,10,2,1,0.8333333333333334,0.9090909090909091,0.8695652173913043,0.0,0.0,0.0,0,0,0,,,1.0
legacy121_v1__2euy_34_hp_nmr_a__legacy_gt__petfold__historical_legacy121_v1,2EUY_34_hp_nmr_A,petfold,R2,34,11,12,10,10,2,1,10,0,1,1.0,0.9090909090909091,0.9523809523809523,0.16666666666666663,0.0,0.082815734989648,2,2,0,1.0,0.0,1.0
legacy121_v1__2euy_34_hp_nmr_a__legacy_gt__petfold__historical_legacy121_v1,2EUY_34_hp_nmr_A,petfold,R3,34,11,12,12,10,2,1,10,2,1,0.8333333333333334,0.9090909090909091,0.8695652173913043,0.0,0.0,0.0,0,0,0,,,1.0
legacy121_v1__2euy_34_hp_nmr_a__legacy_gt__petfold__historical_legacy121_v1,2EUY_34_hp_nmr_A,petfold,R1_R2,34,11,12,10,10,2,1,10,0,1,1.0,0.9090909090909091,0.9523809523809523,0.16666666666666663,0.0,0.082815734989648,2,2,0,1.0,0.0,1.0
legacy121_v1__2euy_34_hp_nmr_a__legacy_gt__petfold__historical_legacy121_v1,2EUY_34_hp_nmr_A,petfold,R1_R3,34,11,12,12,10,2,1,10,2,1,0.8333333333333334,0.9090909090909091,0.8695652173913043,0.0,0.0,0.0,0,0,0,,,1.0
legacy121_v1__2euy_34_hp_nmr_a__legacy_gt__rnafold__historical_legacy121_v1,2EUY_34_hp_nmr_A,rnafold,ORIGINAL,34,11,12,12,10,2,1,10,2,1,0.8333333333333334,0.9090909090909091,0.8695652173913043,0.0,0.0,0.0,0,0,0,,,1.0
legacy121_v1__2euy_34_hp_nmr_a__legacy_gt__rnafold__historical_legacy121_v1,2EUY_34_hp_nmr_A,rnafold,R1,34,11,12,12,10,2,1,10,2,1,0.8333333333333334,0.9090909090909091,0.8695652173913043,0.0,0.0,0.0,0,0,0,,,1.0
legacy121_v1__2euy_34_hp_nmr_a__legacy_gt__rnafold__historical_legacy121_v1,2EUY_34_hp_nmr_A,rnafold,R2,34,11,12,10,10,2,1,10,0,1,1.0,0.9090909090909091,0.9523809523809523,0.16666666666666663,0.0,0.082815734989648,2,2,0,1.0,0.0,1.0
legacy121_v1__2euy_34_hp_nmr_a__legacy_gt__rnafold__historical_legacy121_v1,2EUY_34_hp_nmr_A,rnafold,R3,34,11,12,12,10,2,1,10,2,1,0.8333333333333334,0.9090909090909091,0.8695652173913043,0.0,0.0,0.0,0,0,0,,,1.0
legacy121_v1__2euy_34_hp_nmr_a__legacy_gt__rnafold__historical_legacy121_v1,2EUY_34_hp_nmr_A,rnafold,R1_R2,34,11,12,10,10,2,1,10,0,1,1.0,0.9090909090909091,0.9523809523809523,0.16666666666666663,0.0,0.082815734989648,2,2,0,1.0,0.0,1.0
legacy121_v1__2euy_34_hp_nmr_a__legacy_gt__rnafold__historical_legacy121_v1,2EUY_34_hp_nmr_A,rnafold,R1_R3,34,11,12,12,10,2,1,10,2,1,0.8333333333333334,0.9090909090909091,0.8695652173913043,0.0,0.0,0.0,0,0,0,,,1.0
legacy121_v1__2euy_34_hp_nmr_a__legacy_gt__trrosettarna2_native_ss__historical_legacy121_v1,2EUY_34_hp_nmr_A,trrosettarna2_native_ss,ORIGINAL,34,11,14,14,11,3,0,11,3,0,0.7857142857142857,1.0,0.88,0.0,0.0,0.0,0,0,0,,,1.0
legacy121_v1__2euy_34_hp_nmr_a__legacy_gt__trrosettarna2_native_ss__historical_legacy121_v1,2EUY_34_hp_nmr_A,trrosettarna2_native_ss,R1,34,11,14,14,11,3,0,11,3,0,0.7857142857142857,1.0,0.88,0.0,0.0,0.0,0,0,0,,,1.0
legacy121_v1__2euy_34_hp_nmr_a__legacy_gt__trrosettarna2_native_ss__historical_legacy121_v1,2EUY_34_hp_nmr_A,trrosettarna2_native_ss,R2,34,11,14,14,11,3,0,11,3,0,0.7857142857142857,1.0,0.88,0.0,0.0,0.0,0,0,0,,,1.0
legacy121_v1__2euy_34_hp_nmr_a__legacy_gt__trrosettarna2_native_ss__historical_legacy121_v1,2EUY_34_hp_nmr_A,trrosettarna2_native_ss,R3,34,11,14,14,11,3,0,11,3,0,0.7857142857142857,1.0,0.88,0.0,0.0,0.0,0,0,0,,,1.0
legacy121_v1__2euy_34_hp_nmr_a__legacy_gt__trrosettarna2_native_ss__historical_legacy121_v1,2EUY_34_hp_nmr_A,trrosettarna2_native_ss,R1_R2,34,11,14,14,11,3,0,11,3,0,0.7857142857142857,1.0,0.88,0.0,0.0,0.0,0,0,0,,,1.0
legacy121_v1__2euy_34_hp_nmr_a__legacy_gt__trrosettarna2_native_ss__historical_legacy121_v1,2EUY_34_hp_nmr_A,trrosettarna2_native_ss,R1_R3,34,11,14,14,11,3,0,11,3,0,0.7857142857142857,1.0,0.88,0.0,0.0,0.0,0,0,0,,,1.0
legacy121_v1__2fdt_35_hp_nmr_a__legacy_gt__petfold__historical_legacy121_v1,2FDT_35_hp_nmr_A,petfold,ORIGINAL,36,14,13,13,13,0,1,13,0,1,1.0,0.9285714285714286,0.9629629629629629,0.0,0.0,0.0,0,0,0,,,1.0
legacy121_v1__2fdt_35_hp_nmr_a__legacy_gt__petfold__historical_legacy121_v1,2FDT_35_hp_nmr_A,petfold,R1,36,14,13,13,13,0,1,13,0,1,1.0,0.9285714285714286,0.9629629629629629,0.0,0.0,0.0,0,0,0,,,1.0
legacy121_v1__2fdt_35_hp_nmr_a__legacy_gt__petfold__historical_legacy121_v1,2FDT_35_hp_nmr_A,petfold,R2,36,14,13,13,13,0,1,13,0,1,1.0,0.9285714285714286,0.9629629629629629,0.0,0.0,0.0,0,0,0,,,1.0
legacy121_v1__2fdt_35_hp_nmr_a__legacy_gt__petfold__historical_legacy121_v1,2FDT_35_hp_nmr_A,petfold,R3,36,14,13,13,13,0,1,13,0,1,1.0,0.9285714285714286,0.9629629629629629,0.0,0.0,0.0,0,0,0,,,1.0
legacy121_v1__2fdt_35_hp_nmr_a__legacy_gt__petfold__historical_legacy121_v1,2FDT_35_hp_nmr_A,petfold,R1_R2,36,14,13,13,13,0,1,13,0,1,1.0,0.9285714285714286,0.9629629629629629,0.0,0.0,0.0,0,0,0,,,1.0
legacy121_v1__2fdt_35_hp_nmr_a__legacy_gt__petfold__historical_legacy121_v1,2FDT_35_hp_nmr_A,petfold,R1_R3,36,14,13,13,13,0,1,13,0,1,1.0,0.9285714285714286,0.9629629629629629,0.0,0.0,0.0,0,0,0,,,1.0
legacy121_v1__2fdt_35_hp_nmr_a__legacy_gt__rnafold__historical_legacy121_v1,2FDT_35_hp_nmr_A,rnafold,ORIGINAL,36,14,14,14,14,0,0,14,0,0,1.0,1.0,1.0,0.0,0.0,0.0,0,0,0,,,1.0
legacy121_v1__2fdt_35_hp_nmr_a__legacy_gt__rnafold__historical_legacy121_v1,2FDT_35_hp_nmr_A,rnafold,R1,36,14,14,13,14,0,0,13,0,1,1.0,0.9285714285714286,0.9629629629629629,0.0,-0.0714285714285714,-0.03703703703703709,1,0,1,0.0,1.0,0.9285714285714286
legacy121_v1__2fdt_35_hp_nmr_a__legacy_gt__rnafold__historical_legacy121_v1,2FDT_35_hp_nmr_A,rnafold,R2,36,14,14,14,14,0,0,14,0,0,1.0,1.0,1.0,0.0,0.0,0.0,0,0,0,,,1.0
legacy121_v1__2fdt_35_hp_nmr_a__legacy_gt__rnafold__historical_legacy121_v1,2FDT_35_hp_nmr_A,rnafold,R3,36,14,14,14,14,0,0,14,0,0,1.0,1.0,1.0,0.0,0.0,0.0,0,0,0,,,1.0
legacy121_v1__2fdt_35_hp_nmr_a__legacy_gt__rnafold__historical_legacy121_v1,2FDT_35_hp_nmr_A,rnafold,R1_R2,36,14,14,13,14,0,0,13,0,1,1.0,0.9285714285714286,0.9629629629629629,0.0,-0.0714285714285714,-0.03703703703703709,1,0,1,0.0,1.0,0.9285714285714286
legacy121_v1__2fdt_35_hp_nmr_a__legacy_gt__rnafold__historical_legacy121_v1,2FDT_35_hp_nmr_A,rnafold,R1_R3,36,14,14,13,14,0,0,13,0,1,1.0,0.9285714285714286,0.9629629629629629,0.0,-0.0714285714285714,-0.03703703703703709,1,0,1,0.0,1.0,0.9285714285714286
legacy121_v1__2fdt_35_hp_nmr_a__legacy_gt__trrosettarna2_native_ss__historical_legacy121_v1,2FDT_35_hp_nmr_A,trrosettarna2_native_ss,ORIGINAL,36,14,15,15,13,2,1,13,2,1,0.8666666666666667,0.9285714285714286,0.896551724137931,0.0,0.0,0.0,0,0,0,,,1.0
legacy121_v1__2fdt_35_hp_nmr_a__legacy_gt__trrosettarna2_native_ss__historical_legacy121_v1,2FDT_35_hp_nmr_A,trrosettarna2_native_ss,R1,36,14,15,14,13,2,1,13,1,1,0.9285714285714286,0.9285714285714286,0.9285714285714286,0.06190476190476191,0.0,0.03201970443349755,1,1,0,1.0,0.0,1.0
legacy121_v1__2fdt_35_hp_nmr_a__legacy_gt__trrosettarna2_native_ss__historical_legacy121_v1,2FDT_35_hp_nmr_A,trrosettarna2_native_ss,R2,36,14,15,15,13,2,1,13,2,1,0.8666666666666667,0.9285714285714286,0.896551724137931,0.0,0.0,0.0,0,0,0,,,1.0
legacy121_v1__2fdt_35_hp_nmr_a__legacy_gt__trrosettarna2_native_ss__historical_legacy121_v1,2FDT_35_hp_nmr_A,trrosettarna2_native_ss,R3,36,14,15,15,13,2,1,13,2,1,0.8666666666666667,0.9285714285714286,0.896551724137931,0.0,0.0,0.0,0,0,0,,,1.0
legacy121_v1__2fdt_35_hp_nmr_a__legacy_gt__trrosettarna2_native_ss__historical_legacy121_v1,2FDT_35_hp_nmr_A,trrosettarna2_native_ss,R1_R2,36,14,15,14,13,2,1,13,1,1,0.9285714285714286,0.9285714285714286,0.9285714285714286,0.06190476190476191,0.0,0.03201970443349755,1,1,0,1.0,0.0,1.0
legacy121_v1__2fdt_35_hp_nmr_a__legacy_gt__trrosettarna2_native_ss__historical_legacy121_v1,2FDT_35_hp_nmr_A,trrosettarna2_native_ss,R1_R3,36,14,15,14,13,2,1,13,1,1,0.9285714285714286,0.9285714285714286,0.9285714285714286,0.06190476190476191,0.0,0.03201970443349755,1,1,0,1.0,0.0,1.0
legacy121_v1__2gio_29_hp_nmr_a__legacy_gt__petfold__historical_legacy121_v1,2GIO_29_hp_nmr_A,petfold,ORIGINAL,29,9,8,8,8,0,1,8,0,1,1.0,0.8888888888888888,0.9411764705882353,0.0,0.0,0.0,0,0,0,,,1.0
legacy121_v1__2gio_29_hp_nmr_a__legacy_gt__petfold__historical_legacy121_v1,2GIO_29_hp_nmr_A,petfold,R1,29,9,8,8,8,0,1,8,0,1,1.0,0.8888888888888888,0.9411764705882353,0.0,0.0,0.0,0,0,0,,,1.0
legacy121_v1__2gio_29_hp_nmr_a__legacy_gt__petfold__historical_legacy121_v1,2GIO_29_hp_nmr_A,petfold,R2,29,9,8,8,8,0,1,8,0,1,1.0,0.8888888888888888,0.9411764705882353,0.0,0.0,0.0,0,0,0,,,1.0
legacy121_v1__2gio_29_hp_nmr_a__legacy_gt__petfold__historical_legacy121_v1,2GIO_29_hp_nmr_A,petfold,R3,29,9,8,8,8,0,1,8,0,1,1.0,0.8888888888888888,0.9411764705882353,0.0,0.0,0.0,0,0,0,,,1.0
legacy121_v1__2gio_29_hp_nmr_a__legacy_gt__petfold__historical_legacy121_v1,2GIO_29_hp_nmr_A,petfold,R1_R2,29,9,8,8,8,0,1,8,0,1,1.0,0.8888888888888888,0.9411764705882353,0.0,0.0,0.0,0,0,0,,,1.0
legacy121_v1__2gio_29_hp_nmr_a__legacy_gt__petfold__historical_legacy121_v1,2GIO_29_hp_nmr_A,petfold,R1_R3,29,9,8,8,8,0,1,8,0,1,1.0,0.8888888888888888,0.9411764705882353,0.0,0.0,0.0,0,0,0,,,1.0
legacy121_v1__2gio_29_hp_nmr_a__legacy_gt__rnafold__historical_legacy121_v1,2GIO_29_hp_nmr_A,rnafold,ORIGINAL,29,9,9,9,9,0,0,9,0,0,1.0,1.0,1.0,0.0,0.0,0.0,0,0,0,,,1.0
legacy121_v1__2gio_29_hp_nmr_a__legacy_gt__rnafold__historical_legacy121_v1,2GIO_29_hp_nmr_A,rnafold,R1,29,9,9,8,9,0,0,8,0,1,1.0,0.8888888888888888,0.9411764705882353,0.0,-0.11111111111111116,-0.05882352941176472,1,0,1,0.0,1.0,0.8888888888888888
legacy121_v1__2gio_29_hp_nmr_a__legacy_gt__rnafold__historical_legacy121_v1,2GIO_29_hp_nmr_A,rnafold,R2,29,9,9,9,9,0,0,9,0,0,1.0,1.0,1.0,0.0,0.0,0.0,0,0,0,,,1.0
legacy121_v1__2gio_29_hp_nmr_a__legacy_gt__rnafold__historical_legacy121_v1,2GIO_29_hp_nmr_A,rnafold,R3,29,9,9,9,9,0,0,9,0,0,1.0,1.0,1.0,0.0,0.0,0.0,0,0,0,,,1.0
legacy121_v1__2gio_29_hp_nmr_a__legacy_gt__rnafold__historical_legacy121_v1,2GIO_29_hp_nmr_A,rnafold,R1_R2,29,9,9,8,9,0,0,8,0,1,1.0,0.8888888888888888,0.9411764705882353,0.0,-0.11111111111111116,-0.05882352941176472,1,0,1,0.0,1.0,0.8888888888888888
legacy121_v1__2gio_29_hp_nmr_a__legacy_gt__rnafold__historical_legacy121_v1,2GIO_29_hp_nmr_A,rnafold,R1_R3,29,9,9,8,9,0,0,8,0,1,1.0,0.8888888888888888,0.9411764705882353,0.0,-0.11111111111111116,-0.05882352941176472,1,0,1,0.0,1.0,0.8888888888888888
legacy121_v1__2gio_29_hp_nmr_a__legacy_gt__trrosettarna2_native_ss__historical_legacy121_v1,2GIO_29_hp_nmr_A,trrosettarna2_native_ss,ORIGINAL,29,9,13,13,9,4,0,9,4,0,0.6923076923076923,1.0,0.8181818181818182,0.0,0.0,0.0,0,0,0,,,1.0
legacy121_v1__2gio_29_hp_nmr_a__legacy_gt__trrosettarna2_native_ss__historical_legacy121_v1,2GIO_29_hp_nmr_A,trrosettarna2_native_ss,R1,29,9,13,13,9,4,0,9,4,0,0.6923076923076923,1.0,0.8181818181818182,0.0,0.0,0.0,0,0,0,,,1.0
legacy121_v1__2gio_29_hp_nmr_a__legacy_gt__trrosettarna2_native_ss__historical_legacy121_v1,2GIO_29_hp_nmr_A,trrosettarna2_native_ss,R2,29,9,13,13,9,4,0,9,4,0,0.6923076923076923,1.0,0.8181818181818182,0.0,0.0,0.0,0,0,0,,,1.0
legacy121_v1__2gio_29_hp_nmr_a__legacy_gt__trrosettarna2_native_ss__historical_legacy121_v1,2GIO_29_hp_nmr_A,trrosettarna2_native_ss,R3,29,9,13,13,9,4,0,9,4,0,0.6923076923076923,1.0,0.8181818181818182,0.0,0.0,0.0,0,0,0,,,1.0
legacy121_v1__2gio_29_hp_nmr_a__legacy_gt__trrosettarna2_native_ss__historical_legacy121_v1,2GIO_29_hp_nmr_A,trrosettarna2_native_ss,R1_R2,29,9,13,13,9,4,0,9,4,0,0.6923076923076923,1.0,0.8181818181818182,0.0,0.0,0.0,0,0,0,,,1.0
legacy121_v1__2gio_29_hp_nmr_a__legacy_gt__trrosettarna2_native_ss__historical_legacy121_v1,2GIO_29_hp_nmr_A,trrosettarna2_native_ss,R1_R3,29,9,13,13,9,4,0,9,4,0,0.6923076923076923,1.0,0.8181818181818182,0.0,0.0,0.0,0,0,0,,,1.0
legacy121_v1__2gv3_22_hp_nmr_a__legacy_gt__petfold__historical_legacy121_v1,2GV3_22_hp_nmr_A,petfold,ORIGINAL,22,8,7,7,7,0,1,7,0,1,1.0,0.875,0.9333333333333333,0.0,0.0,0.0,0,0,0,,,1.0
legacy121_v1__2gv3_22_hp_nmr_a__legacy_gt__petfold__historical_legacy121_v1,2GV3_22_hp_nmr_A,petfold,R1,22,8,7,7,7,0,1,7,0,1,1.0,0.875,0.9333333333333333,0.0,0.0,0.0,0,0,0,,,1.0
legacy121_v1__2gv3_22_hp_nmr_a__legacy_gt__petfold__historical_legacy121_v1,2GV3_22_hp_nmr_A,petfold,R2,22,8,7,7,7,0,1,7,0,1,1.0,0.875,0.9333333333333333,0.0,0.0,0.0,0,0,0,,,1.0
legacy121_v1__2gv3_22_hp_nmr_a__legacy_gt__petfold__historical_legacy121_v1,2GV3_22_hp_nmr_A,petfold,R3,22,8,7,7,7,0,1,7,0,1,1.0,0.875,0.9333333333333333,0.0,0.0,0.0,0,0,0,,,1.0
legacy121_v1__2gv3_22_hp_nmr_a__legacy_gt__petfold__historical_legacy121_v1,2GV3_22_hp_nmr_A,petfold,R1_R2,22,8,7,7,7,0,1,7,0,1,1.0,0.875,0.9333333333333333,0.0,0.0,0.0,0,0,0,,,1.0
legacy121_v1__2gv3_22_hp_nmr_a__legacy_gt__petfold__historical_legacy121_v1,2GV3_22_hp_nmr_A,petfold,R1_R3,22,8,7,7,7,0,1,7,0,1,1.0,0.875,0.9333333333333333,0.0,0.0,0.0,0,0,0,,,1.0
legacy121_v1__2gv3_22_hp_nmr_a__legacy_gt__rnafold__historical_legacy121_v1,2GV3_22_hp_nmr_A,rnafold,ORIGINAL,22,8,7,7,7,0,1,7,0,1,1.0,0.875,0.9333333333333333,0.0,0.0,0.0,0,0,0,,,1.0
legacy121_v1__2gv3_22_hp_nmr_a__legacy_gt__rnafold__historical_legacy121_v1,2GV3_22_hp_nmr_A,rnafold,R1,22,8,7,7,7,0,1,7,0,1,1.0,0.875,0.9333333333333333,0.0,0.0,0.0,0,0,0,,,1.0
legacy121_v1__2gv3_22_hp_nmr_a__legacy_gt__rnafold__historical_legacy121_v1,2GV3_22_hp_nmr_A,rnafold,R2,22,8,7,7,7,0,1,7,0,1,1.0,0.875,0.9333333333333333,0.0,0.0,0.0,0,0,0,,,1.0
legacy121_v1__2gv3_22_hp_nmr_a__legacy_gt__rnafold__historical_legacy121_v1,2GV3_22_hp_nmr_A,rnafold,R3,22,8,7,7,7,0,1,7,0,1,1.0,0.875,0.9333333333333333,0.0,0.0,0.0,0,0,0,,,1.0
legacy121_v1__2gv3_22_hp_nmr_a__legacy_gt__rnafold__historical_legacy121_v1,2GV3_22_hp_nmr_A,rnafold,R1_R2,22,8,7,7,7,0,1,7,0,1,1.0,0.875,0.9333333333333333,0.0,0.0,0.0,0,0,0,,,1.0
legacy121_v1__2gv3_22_hp_nmr_a__legacy_gt__rnafold__historical_legacy121_v1,2GV3_22_hp_nmr_A,rnafold,R1_R3,22,8,7,7,7,0,1,7,0,1,1.0,0.875,0.9333333333333333,0.0,0.0,0.0,0,0,0,,,1.0
legacy121_v1__2gv3_22_hp_nmr_a__legacy_gt__trrosettarna2_native_ss__historical_legacy121_v1,2GV3_22_hp_nmr_A,trrosettarna2_native_ss,ORIGINAL,22,8,8,8,8,0,0,8,0,0,1.0,1.0,1.0,0.0,0.0,0.0,0,0,0,,,1.0
legacy121_v1__2gv3_22_hp_nmr_a__legacy_gt__trrosettarna2_native_ss__historical_legacy121_v1,2GV3_22_hp_nmr_A,trrosettarna2_native_ss,R1,22,8,8,7,8,0,0,7,0,1,1.0,0.875,0.9333333333333333,0.0,-0.125,-0.06666666666666665,1,0,1,0.0,1.0,0.875
legacy121_v1__2gv3_22_hp_nmr_a__legacy_gt__trrosettarna2_native_ss__historical_legacy121_v1,2GV3_22_hp_nmr_A,trrosettarna2_native_ss,R2,22,8,8,8,8,0,0,8,0,0,1.0,1.0,1.0,0.0,0.0,0.0,0,0,0,,,1.0
legacy121_v1__2gv3_22_hp_nmr_a__legacy_gt__trrosettarna2_native_ss__historical_legacy121_v1,2GV3_22_hp_nmr_A,trrosettarna2_native_ss,R3,22,8,8,8,8,0,0,8,0,0,1.0,1.0,1.0,0.0,0.0,0.0,0,0,0,,,1.0
legacy121_v1__2gv3_22_hp_nmr_a__legacy_gt__trrosettarna2_native_ss__historical_legacy121_v1,2GV3_22_hp_nmr_A,trrosettarna2_native_ss,R1_R2,22,8,8,7,8,0,0,7,0,1,1.0,0.875,0.9333333333333333,0.0,-0.125,-0.06666666666666665,1,0,1,0.0,1.0,0.875
legacy121_v1__2gv3_22_hp_nmr_a__legacy_gt__trrosettarna2_native_ss__historical_legacy121_v1,2GV3_22_hp_nmr_A,trrosettarna2_native_ss,R1_R3,22,8,8,7,8,0,0,7,0,1,1.0,0.875,0.9333333333333333,0.0,-0.125,-0.06666666666666665,1,0,1,0.0,1.0,0.875
legacy121_v1__2hua_40_hpbulge_nmr_a__legacy_gt__petfold__historical_legacy121_v1,2HUA_40_hpbulge_nmr_A,petfold,ORIGINAL,40,12,12,12,11,1,1,11,1,1,0.9166666666666666,0.9166666666666666,0.9166666666666666,0.0,0.0,0.0,0,0,0,,,1.0
legacy121_v1__2hua_40_hpbulge_nmr_a__legacy_gt__petfold__historical_legacy121_v1,2HUA_40_hpbulge_nmr_A,petfold,R1,40,12,12,11,11,1,1,11,0,1,1.0,0.9166666666666666,0.9565217391304348,0.08333333333333337,0.0,0.03985507246376818,1,1,0,1.0,0.0,1.0
legacy121_v1__2hua_40_hpbulge_nmr_a__legacy_gt__petfold__historical_legacy121_v1,2HUA_40_hpbulge_nmr_A,petfold,R2,40,12,12,8,11,1,1,7,1,5,0.875,0.5833333333333334,0.7,-0.04166666666666663,-0.33333333333333326,-0.21666666666666667,4,0,4,0.0,1.0,0.6363636363636364
legacy121_v1__2hua_40_hpbulge_nmr_a__legacy_gt__petfold__historical_legacy121_v1,2HUA_40_hpbulge_nmr_A,petfold,R3,40,12,12,12,11,1,1,11,1,1,0.9166666666666666,0.9166666666666666,0.9166666666666666,0.0,0.0,0.0,0,0,0,,,1.0
legacy121_v1__2hua_40_hpbulge_nmr_a__legacy_gt__petfold__historical_legacy121_v1,2HUA_40_hpbulge_nmr_A,petfold,R1_R2,40,12,12,7,11,1,1,7,0,5,1.0,0.5833333333333334,0.7368421052631579,0.08333333333333337,-0.33333333333333326,-0.17982456140350878,5,1,4,0.2,0.8,0.6363636363636364
legacy121_v1__2hua_40_hpbulge_nmr_a__legacy_gt__petfold__historical_legacy121_v1,2HUA_40_hpbulge_nmr_A,petfold,R1_R3,40,12,12,11,11,1,1,11,0,1,1.0,0.9166666666666666,0.9565217391304348,0.08333333333333337,0.0,0.03985507246376818,1,1,0,1.0,0.0,1.0
legacy121_v1__2hua_40_hpbulge_nmr_a__legacy_gt__rnafold__historical_legacy121_v1,2HUA_40_hpbulge_nmr_A,rnafold,ORIGINAL,40,12,11,11,11,0,1,11,0,1,1.0,0.9166666666666666,0.9565217391304348,0.0,0.0,0.0,0,0,0,,,1.0
legacy121_v1__2hua_40_hpbulge_nmr_a__legacy_gt__rnafold__historical_legacy121_v1,2HUA_40_hpbulge_nmr_A,rnafold,R1,40,12,11,11,11,0,1,11,0,1,1.0,0.9166666666666666,0.9565217391304348,0.0,0.0,0.0,0,0,0,,,1.0
legacy121_v1__2hua_40_hpbulge_nmr_a__legacy_gt__rnafold__historical_legacy121_v1,2HUA_40_hpbulge_nmr_A,rnafold,R2,40,12,11,7,11,0,1,7,0,5,1.0,0.5833333333333334,0.7368421052631579,0.0,-0.33333333333333326,-0.21967963386727696,4,0,4,0.0,1.0,0.6363636363636364
legacy121_v1__2hua_40_hpbulge_nmr_a__legacy_gt__rnafold__historical_legacy121_v1,2HUA_40_hpbulge_nmr_A,rnafold,R3,40,12,11,11,11,0,1,11,0,1,1.0,0.9166666666666666,0.9565217391304348,0.0,0.0,0.0,0,0,0,,,1.0
legacy121_v1__2hua_40_hpbulge_nmr_a__legacy_gt__rnafold__historical_legacy121_v1,2HUA_40_hpbulge_nmr_A,rnafold,R1_R2,40,12,11,7,11,0,1,7,0,5,1.0,0.5833333333333334,0.7368421052631579,0.0,-0.33333333333333326,-0.21967963386727696,4,0,4,0.0,1.0,0.6363636363636364
legacy121_v1__2hua_40_hpbulge_nmr_a__legacy_gt__rnafold__historical_legacy121_v1,2HUA_40_hpbulge_nmr_A,rnafold,R1_R3,40,12,11,11,11,0,1,11,0,1,1.0,0.9166666666666666,0.9565217391304348,0.0,0.0,0.0,0,0,0,,,1.0
legacy121_v1__2hua_40_hpbulge_nmr_a__legacy_gt__trrosettarna2_native_ss__historical_legacy121_v1,2HUA_40_hpbulge_nmr_A,trrosettarna2_native_ss,ORIGINAL,40,12,15,15,12,3,0,12,3,0,0.8,1.0,0.8888888888888888,0.0,0.0,0.0,0,0,0,,,1.0
legacy121_v1__2hua_40_hpbulge_nmr_a__legacy_gt__trrosettarna2_native_ss__historical_legacy121_v1,2HUA_40_hpbulge_nmr_A,trrosettarna2_native_ss,R1,40,12,15,14,12,3,0,11,3,1,0.7857142857142857,0.9166666666666666,0.8461538461538461,-0.014285714285714346,-0.08333333333333337,-0.042735042735042694,1,0,1,0.0,1.0,0.9166666666666666
legacy121_v1__2hua_40_hpbulge_nmr_a__legacy_gt__trrosettarna2_native_ss__historical_legacy121_v1,2HUA_40_hpbulge_nmr_A,trrosettarna2_native_ss,R2,40,12,15,15,12,3,0,12,3,0,0.8,1.0,0.8888888888888888,0.0,0.0,0.0,0,0,0,,,1.0
legacy121_v1__2hua_40_hpbulge_nmr_a__legacy_gt__trrosettarna2_native_ss__historical_legacy121_v1,2HUA_40_hpbulge_nmr_A,trrosettarna2_native_ss,R3,40,12,15,15,12,3,0,12,3,0,0.8,1.0,0.8888888888888888,0.0,0.0,0.0,0,0,0,,,1.0
legacy121_v1__2hua_40_hpbulge_nmr_a__legacy_gt__trrosettarna2_native_ss__historical_legacy121_v1,2HUA_40_hpbulge_nmr_A,trrosettarna2_native_ss,R1_R2,40,12,15,14,12,3,0,11,3,1,0.7857142857142857,0.9166666666666666,0.8461538461538461,-0.014285714285714346,-0.08333333333333337,-0.042735042735042694,1,0,1,0.0,1.0,0.9166666666666666
legacy121_v1__2hua_40_hpbulge_nmr_a__legacy_gt__trrosettarna2_native_ss__historical_legacy121_v1,2HUA_40_hpbulge_nmr_A,trrosettarna2_native_ss,R1_R3,40,12,15,14,12,3,0,11,3,1,0.7857142857142857,0.9166666666666666,0.8461538461538461,-0.014285714285714346,-0.08333333333333337,-0.042735042735042694,1,0,1,0.0,1.0,0.9166666666666666
legacy121_v1__2jtp_34_hp_nmr_a__legacy_gt__petfold__historical_legacy121_v1,2JTP_34_hp_nmr_A,petfold,ORIGINAL,34,13,13,13,13,0,0,13,0,0,1.0,1.0,1.0,0.0,0.0,0.0,0,0,0,,,1.0
legacy121_v1__2jtp_34_hp_nmr_a__legacy_gt__petfold__historical_legacy121_v1,2JTP_34_hp_nmr_A,petfold,R1,34,13,13,13,13,0,0,13,0,0,1.0,1.0,1.0,0.0,0.0,0.0,0,0,0,,,1.0
legacy121_v1__2jtp_34_hp_nmr_a__legacy_gt__petfold__historical_legacy121_v1,2JTP_34_hp_nmr_A,petfold,R2,34,13,13,11,13,0,0,11,0,2,1.0,0.8461538461538461,0.9166666666666666,0.0,-0.15384615384615385,-0.08333333333333337,2,0,2,0.0,1.0,0.8461538461538461
legacy121_v1__2jtp_34_hp_nmr_a__legacy_gt__petfold__historical_legacy121_v1,2JTP_34_hp_nmr_A,petfold,R3,34,13,13,13,13,0,0,13,0,0,1.0,1.0,1.0,0.0,0.0,0.0,0,0,0,,,1.0
legacy121_v1__2jtp_34_hp_nmr_a__legacy_gt__petfold__historical_legacy121_v1,2JTP_34_hp_nmr_A,petfold,R1_R2,34,13,13,11,13,0,0,11,0,2,1.0,0.8461538461538461,0.9166666666666666,0.0,-0.15384615384615385,-0.08333333333333337,2,0,2,0.0,1.0,0.8461538461538461
legacy121_v1__2jtp_34_hp_nmr_a__legacy_gt__petfold__historical_legacy121_v1,2JTP_34_hp_nmr_A,petfold,R1_R3,34,13,13,13,13,0,0,13,0,0,1.0,1.0,1.0,0.0,0.0,0.0,0,0,0,,,1.0
legacy121_v1__2jtp_34_hp_nmr_a__legacy_gt__rnafold__historical_legacy121_v1,2JTP_34_hp_nmr_A,rnafold,ORIGINAL,34,13,13,13,13,0,0,13,0,0,1.0,1.0,1.0,0.0,0.0,0.0,0,0,0,,,1.0
legacy121_v1__2jtp_34_hp_nmr_a__legacy_gt__rnafold__historical_legacy121_v1,2JTP_34_hp_nmr_A,rnafold,R1,34,13,13,13,13,0,0,13,0,0,1.0,1.0,1.0,0.0,0.0,0.0,0,0,0,,,1.0
legacy121_v1__2jtp_34_hp_nmr_a__legacy_gt__rnafold__historical_legacy121_v1,2JTP_34_hp_nmr_A,rnafold,R2,34,13,13,11,13,0,0,11,0,2,1.0,0.8461538461538461,0.9166666666666666,0.0,-0.15384615384615385,-0.08333333333333337,2,0,2,0.0,1.0,0.8461538461538461
legacy121_v1__2jtp_34_hp_nmr_a__legacy_gt__rnafold__historical_legacy121_v1,2JTP_34_hp_nmr_A,rnafold,R3,34,13,13,13,13,0,0,13,0,0,1.0,1.0,1.0,0.0,0.0,0.0,0,0,0,,,1.0
legacy121_v1__2jtp_34_hp_nmr_a__legacy_gt__rnafold__historical_legacy121_v1,2JTP_34_hp_nmr_A,rnafold,R1_R2,34,13,13,11,13,0,0,11,0,2,1.0,0.8461538461538461,0.9166666666666666,0.0,-0.15384615384615385,-0.08333333333333337,2,0,2,0.0,1.0,0.8461538461538461
legacy121_v1__2jtp_34_hp_nmr_a__legacy_gt__rnafold__historical_legacy121_v1,2JTP_34_hp_nmr_A,rnafold,R1_R3,34,13,13,13,13,0,0,13,0,0,1.0,1.0,1.0,0.0,0.0,0.0,0,0,0,,,1.0
legacy121_v1__2jtp_34_hp_nmr_a__legacy_gt__trrosettarna2_native_ss__historical_legacy121_v1,2JTP_34_hp_nmr_A,trrosettarna2_native_ss,ORIGINAL,34,13,14,14,13,1,0,13,1,0,0.9285714285714286,1.0,0.9629629629629629,0.0,0.0,0.0,0,0,0,,,1.0
legacy121_v1__2jtp_34_hp_nmr_a__legacy_gt__trrosettarna2_native_ss__historical_legacy121_v1,2JTP_34_hp_nmr_A,trrosettarna2_native_ss,R1,34,13,14,14,13,1,0,13,1,0,0.9285714285714286,1.0,0.9629629629629629,0.0,0.0,0.0,0,0,0,,,1.0
legacy121_v1__2jtp_34_hp_nmr_a__legacy_gt__trrosettarna2_native_ss__historical_legacy121_v1,2JTP_34_hp_nmr_A,trrosettarna2_native_ss,R2,34,13,14,12,13,1,0,11,1,2,0.9166666666666666,0.8461538461538461,0.88,-0.011904761904761973,-0.15384615384615385,-0.0829629629629629,2,0,2,0.0,1.0,0.8461538461538461
legacy121_v1__2jtp_34_hp_nmr_a__legacy_gt__trrosettarna2_native_ss__historical_legacy121_v1,2JTP_34_hp_nmr_A,trrosettarna2_native_ss,R3,34,13,14,14,13,1,0,13,1,0,0.9285714285714286,1.0,0.9629629629629629,0.0,0.0,0.0,0,0,0,,,1.0
legacy121_v1__2jtp_34_hp_nmr_a__legacy_gt__trrosettarna2_native_ss__historical_legacy121_v1,2JTP_34_hp_nmr_A,trrosettarna2_native_ss,R1_R2,34,13,14,12,13,1,0,11,1,2,0.9166666666666666,0.8461538461538461,0.88,-0.011904761904761973,-0.15384615384615385,-0.0829629629629629,2,0,2,0.0,1.0,0.8461538461538461
legacy121_v1__2jtp_34_hp_nmr_a__legacy_gt__trrosettarna2_native_ss__historical_legacy121_v1,2JTP_34_hp_nmr_A,trrosettarna2_native_ss,R1_R3,34,13,14,14,13,1,0,13,1,0,0.9285714285714286,1.0,0.9629629629629629,0.0,0.0,0.0,0,0,0,,,1.0
legacy121_v1__2k5z_29_hp_nmr_a__legacy_gt__petfold__historical_legacy121_v1,2K5Z_29_hp_nmr_A,petfold,ORIGINAL,29,11,11,11,11,0,0,11,0,0,1.0,1.0,1.0,0.0,0.0,0.0,0,0,0,,,1.0
legacy121_v1__2k5z_29_hp_nmr_a__legacy_gt__petfold__historical_legacy121_v1,2K5Z_29_hp_nmr_A,petfold,R1,29,11,11,11,11,0,0,11,0,0,1.0,1.0,1.0,0.0,0.0,0.0,0,0,0,,,1.0
legacy121_v1__2k5z_29_hp_nmr_a__legacy_gt__petfold__historical_legacy121_v1,2K5Z_29_hp_nmr_A,petfold,R2,29,11,11,9,11,0,0,9,0,2,1.0,0.8181818181818182,0.9,0.0,-0.18181818181818177,-0.09999999999999998,2,0,2,0.0,1.0,0.8181818181818182
legacy121_v1__2k5z_29_hp_nmr_a__legacy_gt__petfold__historical_legacy121_v1,2K5Z_29_hp_nmr_A,petfold,R3,29,11,11,11,11,0,0,11,0,0,1.0,1.0,1.0,0.0,0.0,0.0,0,0,0,,,1.0
legacy121_v1__2k5z_29_hp_nmr_a__legacy_gt__petfold__historical_legacy121_v1,2K5Z_29_hp_nmr_A,petfold,R1_R2,29,11,11,9,11,0,0,9,0,2,1.0,0.8181818181818182,0.9,0.0,-0.18181818181818177,-0.09999999999999998,2,0,2,0.0,1.0,0.8181818181818182
legacy121_v1__2k5z_29_hp_nmr_a__legacy_gt__petfold__historical_legacy121_v1,2K5Z_29_hp_nmr_A,petfold,R1_R3,29,11,11,11,11,0,0,11,0,0,1.0,1.0,1.0,0.0,0.0,0.0,0,0,0,,,1.0
legacy121_v1__2k5z_29_hp_nmr_a__legacy_gt__rnafold__historical_legacy121_v1,2K5Z_29_hp_nmr_A,rnafold,ORIGINAL,29,11,11,11,11,0,0,11,0,0,1.0,1.0,1.0,0.0,0.0,0.0,0,0,0,,,1.0
legacy121_v1__2k5z_29_hp_nmr_a__legacy_gt__rnafold__historical_legacy121_v1,2K5Z_29_hp_nmr_A,rnafold,R1,29,11,11,11,11,0,0,11,0,0,1.0,1.0,1.0,0.0,0.0,0.0,0,0,0,,,1.0
legacy121_v1__2k5z_29_hp_nmr_a__legacy_gt__rnafold__historical_legacy121_v1,2K5Z_29_hp_nmr_A,rnafold,R2,29,11,11,9,11,0,0,9,0,2,1.0,0.8181818181818182,0.9,0.0,-0.18181818181818177,-0.09999999999999998,2,0,2,0.0,1.0,0.8181818181818182
legacy121_v1__2k5z_29_hp_nmr_a__legacy_gt__rnafold__historical_legacy121_v1,2K5Z_29_hp_nmr_A,rnafold,R3,29,11,11,11,11,0,0,11,0,0,1.0,1.0,1.0,0.0,0.0,0.0,0,0,0,,,1.0
legacy121_v1__2k5z_29_hp_nmr_a__legacy_gt__rnafold__historical_legacy121_v1,2K5Z_29_hp_nmr_A,rnafold,R1_R2,29,11,11,9,11,0,0,9,0,2,1.0,0.8181818181818182,0.9,0.0,-0.18181818181818177,-0.09999999999999998,2,0,2,0.0,1.0,0.8181818181818182
legacy121_v1__2k5z_29_hp_nmr_a__legacy_gt__rnafold__historical_legacy121_v1,2K5Z_29_hp_nmr_A,rnafold,R1_R3,29,11,11,11,11,0,0,11,0,0,1.0,1.0,1.0,0.0,0.0,0.0,0,0,0,,,1.0
legacy121_v1__2k5z_29_hp_nmr_a__legacy_gt__trrosettarna2_native_ss__historical_legacy121_v1,2K5Z_29_hp_nmr_A,trrosettarna2_native_ss,ORIGINAL,29,11,13,13,11,2,0,11,2,0,0.8461538461538461,1.0,0.9166666666666666,0.0,0.0,0.0,0,0,0,,,1.0
legacy121_v1__2k5z_29_hp_nmr_a__legacy_gt__trrosettarna2_native_ss__historical_legacy121_v1,2K5Z_29_hp_nmr_A,trrosettarna2_native_ss,R1,29,11,13,13,11,2,0,11,2,0,0.8461538461538461,1.0,0.9166666666666666,0.0,0.0,0.0,0,0,0,,,1.0
legacy121_v1__2k5z_29_hp_nmr_a__legacy_gt__trrosettarna2_native_ss__historical_legacy121_v1,2K5Z_29_hp_nmr_A,trrosettarna2_native_ss,R2,29,11,13,13,11,2,0,11,2,0,0.8461538461538461,1.0,0.9166666666666666,0.0,0.0,0.0,0,0,0,,,1.0
legacy121_v1__2k5z_29_hp_nmr_a__legacy_gt__trrosettarna2_native_ss__historical_legacy121_v1,2K5Z_29_hp_nmr_A,trrosettarna2_native_ss,R3,29,11,13,13,11,2,0,11,2,0,0.8461538461538461,1.0,0.9166666666666666,0.0,0.0,0.0,0,0,0,,,1.0
legacy121_v1__2k5z_29_hp_nmr_a__legacy_gt__trrosettarna2_native_ss__historical_legacy121_v1,2K5Z_29_hp_nmr_A,trrosettarna2_native_ss,R1_R2,29,11,13,13,11,2,0,11,2,0,0.8461538461538461,1.0,0.9166666666666666,0.0,0.0,0.0,0,0,0,,,1.0
legacy121_v1__2k5z_29_hp_nmr_a__legacy_gt__trrosettarna2_native_ss__historical_legacy121_v1,2K5Z_29_hp_nmr_A,trrosettarna2_native_ss,R1_R3,29,11,13,13,11,2,0,11,2,0,0.8461538461538461,1.0,0.9166666666666666,0.0,0.0,0.0,0,0,0,,,1.0
legacy121_v1__2k95_48_pseudoknot_nmr_a__legacy_gt__petfold__historical_legacy121_v1,2K95_48_pseudoknot_nmr_A,petfold,ORIGINAL,48,15,8,8,6,2,9,6,2,9,0.75,0.4,0.5217391304347826,0.0,0.0,0.0,0,0,0,,,1.0
legacy121_v1__2k95_48_pseudoknot_nmr_a__legacy_gt__petfold__historical_legacy121_v1,2K95_48_pseudoknot_nmr_A,petfold,R1,48,15,8,8,6,2,9,6,2,9,0.75,0.4,0.5217391304347826,0.0,0.0,0.0,0,0,0,,,1.0
legacy121_v1__2k95_48_pseudoknot_nmr_a__legacy_gt__petfold__historical_legacy121_v1,2K95_48_pseudoknot_nmr_A,petfold,R2,48,15,8,6,6,2,9,6,0,9,1.0,0.4,0.5714285714285714,0.25,0.0,0.0496894409937888,2,2,0,1.0,0.0,1.0
legacy121_v1__2k95_48_pseudoknot_nmr_a__legacy_gt__petfold__historical_legacy121_v1,2K95_48_pseudoknot_nmr_A,petfold,R3,48,15,8,8,6,2,9,6,2,9,0.75,0.4,0.5217391304347826,0.0,0.0,0.0,0,0,0,,,1.0
legacy121_v1__2k95_48_pseudoknot_nmr_a__legacy_gt__petfold__historical_legacy121_v1,2K95_48_pseudoknot_nmr_A,petfold,R1_R2,48,15,8,6,6,2,9,6,0,9,1.0,0.4,0.5714285714285714,0.25,0.0,0.0496894409937888,2,2,0,1.0,0.0,1.0
legacy121_v1__2k95_48_pseudoknot_nmr_a__legacy_gt__petfold__historical_legacy121_v1,2K95_48_pseudoknot_nmr_A,petfold,R1_R3,48,15,8,8,6,2,9,6,2,9,0.75,0.4,0.5217391304347826,0.0,0.0,0.0,0,0,0,,,1.0
legacy121_v1__2k95_48_pseudoknot_nmr_a__legacy_gt__rnafold__historical_legacy121_v1,2K95_48_pseudoknot_nmr_A,rnafold,ORIGINAL,48,15,8,8,6,2,9,6,2,9,0.75,0.4,0.5217391304347826,0.0,0.0,0.0,0,0,0,,,1.0
legacy121_v1__2k95_48_pseudoknot_nmr_a__legacy_gt__rnafold__historical_legacy121_v1,2K95_48_pseudoknot_nmr_A,rnafold,R1,48,15,8,8,6,2,9,6,2,9,0.75,0.4,0.5217391304347826,0.0,0.0,0.0,0,0,0,,,1.0
legacy121_v1__2k95_48_pseudoknot_nmr_a__legacy_gt__rnafold__historical_legacy121_v1,2K95_48_pseudoknot_nmr_A,rnafold,R2,48,15,8,6,6,2,9,6,0,9,1.0,0.4,0.5714285714285714,0.25,0.0,0.0496894409937888,2,2,0,1.0,0.0,1.0
legacy121_v1__2k95_48_pseudoknot_nmr_a__legacy_gt__rnafold__historical_legacy121_v1,2K95_48_pseudoknot_nmr_A,rnafold,R3,48,15,8,8,6,2,9,6,2,9,0.75,0.4,0.5217391304347826,0.0,0.0,0.0,0,0,0,,,1.0
legacy121_v1__2k95_48_pseudoknot_nmr_a__legacy_gt__rnafold__historical_legacy121_v1,2K95_48_pseudoknot_nmr_A,rnafold,R1_R2,48,15,8,6,6,2,9,6,0,9,1.0,0.4,0.5714285714285714,0.25,0.0,0.0496894409937888,2,2,0,1.0,0.0,1.0
legacy121_v1__2k95_48_pseudoknot_nmr_a__legacy_gt__rnafold__historical_legacy121_v1,2K95_48_pseudoknot_nmr_A,rnafold,R1_R3,48,15,8,8,6,2,9,6,2,9,0.75,0.4,0.5217391304347826,0.0,0.0,0.0,0,0,0,,,1.0
legacy121_v1__2k95_48_pseudoknot_nmr_a__legacy_gt__trrosettarna2_native_ss__historical_legacy121_v1,2K95_48_pseudoknot_nmr_A,trrosettarna2_native_ss,ORIGINAL,48,15,16,16,0,16,15,0,16,15,0.0,0.0,0.0,0.0,0.0,0.0,0,0,0,,,
legacy121_v1__2k95_48_pseudoknot_nmr_a__legacy_gt__trrosettarna2_native_ss__historical_legacy121_v1,2K95_48_pseudoknot_nmr_A,trrosettarna2_native_ss,R1,48,15,16,14,0,16,15,0,14,15,0.0,0.0,0.0,0.0,0.0,0.0,2,2,0,1.0,0.0,
legacy121_v1__2k95_48_pseudoknot_nmr_a__legacy_gt__trrosettarna2_native_ss__historical_legacy121_v1,2K95_48_pseudoknot_nmr_A,trrosettarna2_native_ss,R2,48,15,16,12,0,16,15,0,12,15,0.0,0.0,0.0,0.0,0.0,0.0,4,4,0,1.0,0.0,
legacy121_v1__2k95_48_pseudoknot_nmr_a__legacy_gt__trrosettarna2_native_ss__historical_legacy121_v1,2K95_48_pseudoknot_nmr_A,trrosettarna2_native_ss,R3,48,15,16,15,0,16,15,0,15,15,0.0,0.0,0.0,0.0,0.0,0.0,1,1,0,1.0,0.0,
legacy121_v1__2k95_48_pseudoknot_nmr_a__legacy_gt__trrosettarna2_native_ss__historical_legacy121_v1,2K95_48_pseudoknot_nmr_A,trrosettarna2_native_ss,R1_R2,48,15,16,10,0,16,15,0,10,15,0.0,0.0,0.0,0.0,0.0,0.0,6,6,0,1.0,0.0,
legacy121_v1__2k95_48_pseudoknot_nmr_a__legacy_gt__trrosettarna2_native_ss__historical_legacy121_v1,2K95_48_pseudoknot_nmr_A,trrosettarna2_native_ss,R1_R3,48,15,16,13,0,16,15,0,13,15,0.0,0.0,0.0,0.0,0.0,0.0,3,3,0,1.0,0.0,
legacy121_v1__2kd8_22_hp_nmr_a__legacy_gt__petfold__historical_legacy121_v1,2KD8_22_hp_nmr_A,petfold,ORIGINAL,22,9,9,9,9,0,0,9,0,0,1.0,1.0,1.0,0.0,0.0,0.0,0,0,0,,,1.0
legacy121_v1__2kd8_22_hp_nmr_a__legacy_gt__petfold__historical_legacy121_v1,2KD8_22_hp_nmr_A,petfold,R1,22,9,9,9,9,0,0,9,0,0,1.0,1.0,1.0,0.0,0.0,0.0,0,0,0,,,1.0
legacy121_v1__2kd8_22_hp_nmr_a__legacy_gt__petfold__historical_legacy121_v1,2KD8_22_hp_nmr_A,petfold,R2,22,9,9,9,9,0,0,9,0,0,1.0,1.0,1.0,0.0,0.0,0.0,0,0,0,,,1.0
legacy121_v1__2kd8_22_hp_nmr_a__legacy_gt__petfold__historical_legacy121_v1,2KD8_22_hp_nmr_A,petfold,R3,22,9,9,9,9,0,0,9,0,0,1.0,1.0,1.0,0.0,0.0,0.0,0,0,0,,,1.0
legacy121_v1__2kd8_22_hp_nmr_a__legacy_gt__petfold__historical_legacy121_v1,2KD8_22_hp_nmr_A,petfold,R1_R2,22,9,9,9,9,0,0,9,0,0,1.0,1.0,1.0,0.0,0.0,0.0,0,0,0,,,1.0
legacy121_v1__2kd8_22_hp_nmr_a__legacy_gt__petfold__historical_legacy121_v1,2KD8_22_hp_nmr_A,petfold,R1_R3,22,9,9,9,9,0,0,9,0,0,1.0,1.0,1.0,0.0,0.0,0.0,0,0,0,,,1.0
legacy121_v1__2kd8_22_hp_nmr_a__legacy_gt__rnafold__historical_legacy121_v1,2KD8_22_hp_nmr_A,rnafold,ORIGINAL,22,9,9,9,9,0,0,9,0,0,1.0,1.0,1.0,0.0,0.0,0.0,0,0,0,,,1.0
legacy121_v1__2kd8_22_hp_nmr_a__legacy_gt__rnafold__historical_legacy121_v1,2KD8_22_hp_nmr_A,rnafold,R1,22,9,9,9,9,0,0,9,0,0,1.0,1.0,1.0,0.0,0.0,0.0,0,0,0,,,1.0
legacy121_v1__2kd8_22_hp_nmr_a__legacy_gt__rnafold__historical_legacy121_v1,2KD8_22_hp_nmr_A,rnafold,R2,22,9,9,9,9,0,0,9,0,0,1.0,1.0,1.0,0.0,0.0,0.0,0,0,0,,,1.0
legacy121_v1__2kd8_22_hp_nmr_a__legacy_gt__rnafold__historical_legacy121_v1,2KD8_22_hp_nmr_A,rnafold,R3,22,9,9,9,9,0,0,9,0,0,1.0,1.0,1.0,0.0,0.0,0.0,0,0,0,,,1.0
legacy121_v1__2kd8_22_hp_nmr_a__legacy_gt__rnafold__historical_legacy121_v1,2KD8_22_hp_nmr_A,rnafold,R1_R2,22,9,9,9,9,0,0,9,0,0,1.0,1.0,1.0,0.0,0.0,0.0,0,0,0,,,1.0
legacy121_v1__2kd8_22_hp_nmr_a__legacy_gt__rnafold__historical_legacy121_v1,2KD8_22_hp_nmr_A,rnafold,R1_R3,22,9,9,9,9,0,0,9,0,0,1.0,1.0,1.0,0.0,0.0,0.0,0,0,0,,,1.0
legacy121_v1__2kd8_22_hp_nmr_a__legacy_gt__trrosettarna2_native_ss__historical_legacy121_v1,2KD8_22_hp_nmr_A,trrosettarna2_native_ss,ORIGINAL,22,9,9,9,9,0,0,9,0,0,1.0,1.0,1.0,0.0,0.0,0.0,0,0,0,,,1.0
legacy121_v1__2kd8_22_hp_nmr_a__legacy_gt__trrosettarna2_native_ss__historical_legacy121_v1,2KD8_22_hp_nmr_A,trrosettarna2_native_ss,R1,22,9,9,9,9,0,0,9,0,0,1.0,1.0,1.0,0.0,0.0,0.0,0,0,0,,,1.0
legacy121_v1__2kd8_22_hp_nmr_a__legacy_gt__trrosettarna2_native_ss__historical_legacy121_v1,2KD8_22_hp_nmr_A,trrosettarna2_native_ss,R2,22,9,9,9,9,0,0,9,0,0,1.0,1.0,1.0,0.0,0.0,0.0,0,0,0,,,1.0
legacy121_v1__2kd8_22_hp_nmr_a__legacy_gt__trrosettarna2_native_ss__historical_legacy121_v1,2KD8_22_hp_nmr_A,trrosettarna2_native_ss,R3,22,9,9,9,9,0,0,9,0,0,1.0,1.0,1.0,0.0,0.0,0.0,0,0,0,,,1.0
legacy121_v1__2kd8_22_hp_nmr_a__legacy_gt__trrosettarna2_native_ss__historical_legacy121_v1,2KD8_22_hp_nmr_A,trrosettarna2_native_ss,R1_R2,22,9,9,9,9,0,0,9,0,0,1.0,1.0,1.0,0.0,0.0,0.0,0,0,0,,,1.0
legacy121_v1__2kd8_22_hp_nmr_a__legacy_gt__trrosettarna2_native_ss__historical_legacy121_v1,2KD8_22_hp_nmr_A,trrosettarna2_native_ss,R1_R3,22,9,9,9,9,0,0,9,0,0,1.0,1.0,1.0,0.0,0.0,0.0,0,0,0,,,1.0
legacy121_v1__2ke6_49_hp_nmr_a__legacy_gt__petfold__historical_legacy121_v1,2KE6_49_hp_nmr_A,petfold,ORIGINAL,48,18,19,19,17,2,1,17,2,1,0.8947368421052632,0.9444444444444444,0.918918918918919,0.0,0.0,0.0,0,0,0,,,1.0
legacy121_v1__2ke6_49_hp_nmr_a__legacy_gt__petfold__historical_legacy121_v1,2KE6_49_hp_nmr_A,petfold,R1,48,18,19,19,17,2,1,17,2,1,0.8947368421052632,0.9444444444444444,0.918918918918919,0.0,0.0,0.0,0,0,0,,,1.0
legacy121_v1__2ke6_49_hp_nmr_a__legacy_gt__petfold__historical_legacy121_v1,2KE6_49_hp_nmr_A,petfold,R2,48,18,19,19,17,2,1,17,2,1,0.8947368421052632,0.9444444444444444,0.918918918918919,0.0,0.0,0.0,0,0,0,,,1.0
legacy121_v1__2ke6_49_hp_nmr_a__legacy_gt__petfold__historical_legacy121_v1,2KE6_49_hp_nmr_A,petfold,R3,48,18,19,19,17,2,1,17,2,1,0.8947368421052632,0.9444444444444444,0.918918918918919,0.0,0.0,0.0,0,0,0,,,1.0
legacy121_v1__2ke6_49_hp_nmr_a__legacy_gt__petfold__historical_legacy121_v1,2KE6_49_hp_nmr_A,petfold,R1_R2,48,18,19,19,17,2,1,17,2,1,0.8947368421052632,0.9444444444444444,0.918918918918919,0.0,0.0,0.0,0,0,0,,,1.0
legacy121_v1__2ke6_49_hp_nmr_a__legacy_gt__petfold__historical_legacy121_v1,2KE6_49_hp_nmr_A,petfold,R1_R3,48,18,19,19,17,2,1,17,2,1,0.8947368421052632,0.9444444444444444,0.918918918918919,0.0,0.0,0.0,0,0,0,,,1.0
legacy121_v1__2ke6_49_hp_nmr_a__legacy_gt__rnafold__historical_legacy121_v1,2KE6_49_hp_nmr_A,rnafold,ORIGINAL,48,18,19,19,18,1,0,18,1,0,0.9473684210526315,1.0,0.972972972972973,0.0,0.0,0.0,0,0,0,,,1.0
legacy121_v1__2ke6_49_hp_nmr_a__legacy_gt__rnafold__historical_legacy121_v1,2KE6_49_hp_nmr_A,rnafold,R1,48,18,19,19,18,1,0,18,1,0,0.9473684210526315,1.0,0.972972972972973,0.0,0.0,0.0,0,0,0,,,1.0
legacy121_v1__2ke6_49_hp_nmr_a__legacy_gt__rnafold__historical_legacy121_v1,2KE6_49_hp_nmr_A,rnafold,R2,48,18,19,19,18,1,0,18,1,0,0.9473684210526315,1.0,0.972972972972973,0.0,0.0,0.0,0,0,0,,,1.0
legacy121_v1__2ke6_49_hp_nmr_a__legacy_gt__rnafold__historical_legacy121_v1,2KE6_49_hp_nmr_A,rnafold,R3,48,18,19,19,18,1,0,18,1,0,0.9473684210526315,1.0,0.972972972972973,0.0,0.0,0.0,0,0,0,,,1.0
legacy121_v1__2ke6_49_hp_nmr_a__legacy_gt__rnafold__historical_legacy121_v1,2KE6_49_hp_nmr_A,rnafold,R1_R2,48,18,19,19,18,1,0,18,1,0,0.9473684210526315,1.0,0.972972972972973,0.0,0.0,0.0,0,0,0,,,1.0
legacy121_v1__2ke6_49_hp_nmr_a__legacy_gt__rnafold__historical_legacy121_v1,2KE6_49_hp_nmr_A,rnafold,R1_R3,48,18,19,19,18,1,0,18,1,0,0.9473684210526315,1.0,0.972972972972973,0.0,0.0,0.0,0,0,0,,,1.0
legacy121_v1__2ke6_49_hp_nmr_a__legacy_gt__trrosettarna2_native_ss__historical_legacy121_v1,2KE6_49_hp_nmr_A,trrosettarna2_native_ss,ORIGINAL,48,18,19,19,18,1,0,18,1,0,0.9473684210526315,1.0,0.972972972972973,0.0,0.0,0.0,0,0,0,,,1.0
legacy121_v1__2ke6_49_hp_nmr_a__legacy_gt__trrosettarna2_native_ss__historical_legacy121_v1,2KE6_49_hp_nmr_A,trrosettarna2_native_ss,R1,48,18,19,18,18,1,0,18,0,0,1.0,1.0,1.0,0.052631578947368474,0.0,0.027027027027026973,1,1,0,1.0,0.0,1.0
legacy121_v1__2ke6_49_hp_nmr_a__legacy_gt__trrosettarna2_native_ss__historical_legacy121_v1,2KE6_49_hp_nmr_A,trrosettarna2_native_ss,R2,48,18,19,19,18,1,0,18,1,0,0.9473684210526315,1.0,0.972972972972973,0.0,0.0,0.0,0,0,0,,,1.0
legacy121_v1__2ke6_49_hp_nmr_a__legacy_gt__trrosettarna2_native_ss__historical_legacy121_v1,2KE6_49_hp_nmr_A,trrosettarna2_native_ss,R3,48,18,19,19,18,1,0,18,1,0,0.9473684210526315,1.0,0.972972972972973,0.0,0.0,0.0,0,0,0,,,1.0
legacy121_v1__2ke6_49_hp_nmr_a__legacy_gt__trrosettarna2_native_ss__historical_legacy121_v1,2KE6_49_hp_nmr_A,trrosettarna2_native_ss,R1_R2,48,18,19,18,18,1,0,18,0,0,1.0,1.0,1.0,0.052631578947368474,0.0,0.027027027027026973,1,1,0,1.0,0.0,1.0
legacy121_v1__2ke6_49_hp_nmr_a__legacy_gt__trrosettarna2_native_ss__historical_legacy121_v1,2KE6_49_hp_nmr_A,trrosettarna2_native_ss,R1_R3,48,18,19,18,18,1,0,18,0,0,1.0,1.0,1.0,0.052631578947368474,0.0,0.027027027027026973,1,1,0,1.0,0.0,1.0
legacy121_v1__2khy_38_hpbulge_nmr_a__legacy_gt__petfold__historical_legacy121_v1,2KHY_38_hpbulge_nmr_A,petfold,ORIGINAL,38,9,10,10,9,1,0,9,1,0,0.9,1.0,0.9473684210526315,0.0,0.0,0.0,0,0,0,,,1.0
legacy121_v1__2khy_38_hpbulge_nmr_a__legacy_gt__petfold__historical_legacy121_v1,2KHY_38_hpbulge_nmr_A,petfold,R1,38,9,10,10,9,1,0,9,1,0,0.9,1.0,0.9473684210526315,0.0,0.0,0.0,0,0,0,,,1.0
legacy121_v1__2khy_38_hpbulge_nmr_a__legacy_gt__petfold__historical_legacy121_v1,2KHY_38_hpbulge_nmr_A,petfold,R2,38,9,10,10,9,1,0,9,1,0,0.9,1.0,0.9473684210526315,0.0,0.0,0.0,0,0,0,,,1.0
legacy121_v1__2khy_38_hpbulge_nmr_a__legacy_gt__petfold__historical_legacy121_v1,2KHY_38_hpbulge_nmr_A,petfold,R3,38,9,10,10,9,1,0,9,1,0,0.9,1.0,0.9473684210526315,0.0,0.0,0.0,0,0,0,,,1.0
legacy121_v1__2khy_38_hpbulge_nmr_a__legacy_gt__petfold__historical_legacy121_v1,2KHY_38_hpbulge_nmr_A,petfold,R1_R2,38,9,10,10,9,1,0,9,1,0,0.9,1.0,0.9473684210526315,0.0,0.0,0.0,0,0,0,,,1.0
legacy121_v1__2khy_38_hpbulge_nmr_a__legacy_gt__petfold__historical_legacy121_v1,2KHY_38_hpbulge_nmr_A,petfold,R1_R3,38,9,10,10,9,1,0,9,1,0,0.9,1.0,0.9473684210526315,0.0,0.0,0.0,0,0,0,,,1.0
legacy121_v1__2khy_38_hpbulge_nmr_a__legacy_gt__rnafold__historical_legacy121_v1,2KHY_38_hpbulge_nmr_A,rnafold,ORIGINAL,38,9,10,10,9,1,0,9,1,0,0.9,1.0,0.9473684210526315,0.0,0.0,0.0,0,0,0,,,1.0
legacy121_v1__2khy_38_hpbulge_nmr_a__legacy_gt__rnafold__historical_legacy121_v1,2KHY_38_hpbulge_nmr_A,rnafold,R1,38,9,10,10,9,1,0,9,1,0,0.9,1.0,0.9473684210526315,0.0,0.0,0.0,0,0,0,,,1.0
legacy121_v1__2khy_38_hpbulge_nmr_a__legacy_gt__rnafold__historical_legacy121_v1,2KHY_38_hpbulge_nmr_A,rnafold,R2,38,9,10,10,9,1,0,9,1,0,0.9,1.0,0.9473684210526315,0.0,0.0,0.0,0,0,0,,,1.0
legacy121_v1__2khy_38_hpbulge_nmr_a__legacy_gt__rnafold__historical_legacy121_v1,2KHY_38_hpbulge_nmr_A,rnafold,R3,38,9,10,10,9,1,0,9,1,0,0.9,1.0,0.9473684210526315,0.0,0.0,0.0,0,0,0,,,1.0
legacy121_v1__2khy_38_hpbulge_nmr_a__legacy_gt__rnafold__historical_legacy121_v1,2KHY_38_hpbulge_nmr_A,rnafold,R1_R2,38,9,10,10,9,1,0,9,1,0,0.9,1.0,0.9473684210526315,0.0,0.0,0.0,0,0,0,,,1.0
legacy121_v1__2khy_38_hpbulge_nmr_a__legacy_gt__rnafold__historical_legacy121_v1,2KHY_38_hpbulge_nmr_A,rnafold,R1_R3,38,9,10,10,9,1,0,9,1,0,0.9,1.0,0.9473684210526315,0.0,0.0,0.0,0,0,0,,,1.0
legacy121_v1__2khy_38_hpbulge_nmr_a__legacy_gt__trrosettarna2_native_ss__historical_legacy121_v1,2KHY_38_hpbulge_nmr_A,trrosettarna2_native_ss,ORIGINAL,38,9,15,15,9,6,0,9,6,0,0.6,1.0,0.75,0.0,0.0,0.0,0,0,0,,,1.0
legacy121_v1__2khy_38_hpbulge_nmr_a__legacy_gt__trrosettarna2_native_ss__historical_legacy121_v1,2KHY_38_hpbulge_nmr_A,trrosettarna2_native_ss,R1,38,9,15,13,9,6,0,9,4,0,0.6923076923076923,1.0,0.8181818181818182,0.09230769230769231,0.0,0.06818181818181823,2,2,0,1.0,0.0,1.0
legacy121_v1__2khy_38_hpbulge_nmr_a__legacy_gt__trrosettarna2_native_ss__historical_legacy121_v1,2KHY_38_hpbulge_nmr_A,trrosettarna2_native_ss,R2,38,9,15,15,9,6,0,9,6,0,0.6,1.0,0.75,0.0,0.0,0.0,0,0,0,,,1.0
legacy121_v1__2khy_38_hpbulge_nmr_a__legacy_gt__trrosettarna2_native_ss__historical_legacy121_v1,2KHY_38_hpbulge_nmr_A,trrosettarna2_native_ss,R3,38,9,15,15,9,6,0,9,6,0,0.6,1.0,0.75,0.0,0.0,0.0,0,0,0,,,1.0
legacy121_v1__2khy_38_hpbulge_nmr_a__legacy_gt__trrosettarna2_native_ss__historical_legacy121_v1,2KHY_38_hpbulge_nmr_A,trrosettarna2_native_ss,R1_R2,38,9,15,13,9,6,0,9,4,0,0.6923076923076923,1.0,0.8181818181818182,0.09230769230769231,0.0,0.06818181818181823,2,2,0,1.0,0.0,1.0
legacy121_v1__2khy_38_hpbulge_nmr_a__legacy_gt__trrosettarna2_native_ss__historical_legacy121_v1,2KHY_38_hpbulge_nmr_A,trrosettarna2_native_ss,R1_R3,38,9,15,13,9,6,0,9,4,0,0.6923076923076923,1.0,0.8181818181818182,0.09230769230769231,0.0,0.06818181818181823,2,2,0,1.0,0.0,1.0
legacy121_v1__2kpv_34_hpbulge_nmr_a__legacy_gt__petfold__historical_legacy121_v1,2KPV_34_hpbulge_nmr_A,petfold,ORIGINAL,34,13,12,12,12,0,1,12,0,1,1.0,0.9230769230769231,0.96,0.0,0.0,0.0,0,0,0,,,1.0
legacy121_v1__2kpv_34_hpbulge_nmr_a__legacy_gt__petfold__historical_legacy121_v1,2KPV_34_hpbulge_nmr_A,petfold,R1,34,13,12,12,12,0,1,12,0,1,1.0,0.9230769230769231,0.96,0.0,0.0,0.0,0,0,0,,,1.0
legacy121_v1__2kpv_34_hpbulge_nmr_a__legacy_gt__petfold__historical_legacy121_v1,2KPV_34_hpbulge_nmr_A,petfold,R2,34,13,12,12,12,0,1,12,0,1,1.0,0.9230769230769231,0.96,0.0,0.0,0.0,0,0,0,,,1.0
legacy121_v1__2kpv_34_hpbulge_nmr_a__legacy_gt__petfold__historical_legacy121_v1,2KPV_34_hpbulge_nmr_A,petfold,R3,34,13,12,12,12,0,1,12,0,1,1.0,0.9230769230769231,0.96,0.0,0.0,0.0,0,0,0,,,1.0
legacy121_v1__2kpv_34_hpbulge_nmr_a__legacy_gt__petfold__historical_legacy121_v1,2KPV_34_hpbulge_nmr_A,petfold,R1_R2,34,13,12,12,12,0,1,12,0,1,1.0,0.9230769230769231,0.96,0.0,0.0,0.0,0,0,0,,,1.0
legacy121_v1__2kpv_34_hpbulge_nmr_a__legacy_gt__petfold__historical_legacy121_v1,2KPV_34_hpbulge_nmr_A,petfold,R1_R3,34,13,12,12,12,0,1,12,0,1,1.0,0.9230769230769231,0.96,0.0,0.0,0.0,0,0,0,,,1.0
legacy121_v1__2kpv_34_hpbulge_nmr_a__legacy_gt__rnafold__historical_legacy121_v1,2KPV_34_hpbulge_nmr_A,rnafold,ORIGINAL,34,13,12,12,12,0,1,12,0,1,1.0,0.9230769230769231,0.96,0.0,0.0,0.0,0,0,0,,,1.0
legacy121_v1__2kpv_34_hpbulge_nmr_a__legacy_gt__rnafold__historical_legacy121_v1,2KPV_34_hpbulge_nmr_A,rnafold,R1,34,13,12,12,12,0,1,12,0,1,1.0,0.9230769230769231,0.96,0.0,0.0,0.0,0,0,0,,,1.0
legacy121_v1__2kpv_34_hpbulge_nmr_a__legacy_gt__rnafold__historical_legacy121_v1,2KPV_34_hpbulge_nmr_A,rnafold,R2,34,13,12,12,12,0,1,12,0,1,1.0,0.9230769230769231,0.96,0.0,0.0,0.0,0,0,0,,,1.0
legacy121_v1__2kpv_34_hpbulge_nmr_a__legacy_gt__rnafold__historical_legacy121_v1,2KPV_34_hpbulge_nmr_A,rnafold,R3,34,13,12,12,12,0,1,12,0,1,1.0,0.9230769230769231,0.96,0.0,0.0,0.0,0,0,0,,,1.0
legacy121_v1__2kpv_34_hpbulge_nmr_a__legacy_gt__rnafold__historical_legacy121_v1,2KPV_34_hpbulge_nmr_A,rnafold,R1_R2,34,13,12,12,12,0,1,12,0,1,1.0,0.9230769230769231,0.96,0.0,0.0,0.0,0,0,0,,,1.0
legacy121_v1__2kpv_34_hpbulge_nmr_a__legacy_gt__rnafold__historical_legacy121_v1,2KPV_34_hpbulge_nmr_A,rnafold,R1_R3,34,13,12,12,12,0,1,12,0,1,1.0,0.9230769230769231,0.96,0.0,0.0,0.0,0,0,0,,,1.0
legacy121_v1__2kpv_34_hpbulge_nmr_a__legacy_gt__trrosettarna2_native_ss__historical_legacy121_v1,2KPV_34_hpbulge_nmr_A,trrosettarna2_native_ss,ORIGINAL,34,13,14,14,13,1,0,13,1,0,0.9285714285714286,1.0,0.9629629629629629,0.0,0.0,0.0,0,0,0,,,1.0
legacy121_v1__2kpv_34_hpbulge_nmr_a__legacy_gt__trrosettarna2_native_ss__historical_legacy121_v1,2KPV_34_hpbulge_nmr_A,trrosettarna2_native_ss,R1,34,13,14,13,13,1,0,12,1,1,0.9230769230769231,0.9230769230769231,0.9230769230769231,-0.005494505494505475,-0.07692307692307687,-0.03988603988603978,1,0,1,0.0,1.0,0.9230769230769231
legacy121_v1__2kpv_34_hpbulge_nmr_a__legacy_gt__trrosettarna2_native_ss__historical_legacy121_v1,2KPV_34_hpbulge_nmr_A,trrosettarna2_native_ss,R2,34,13,14,14,13,1,0,13,1,0,0.9285714285714286,1.0,0.9629629629629629,0.0,0.0,0.0,0,0,0,,,1.0
legacy121_v1__2kpv_34_hpbulge_nmr_a__legacy_gt__trrosettarna2_native_ss__historical_legacy121_v1,2KPV_34_hpbulge_nmr_A,trrosettarna2_native_ss,R3,34,13,14,14,13,1,0,13,1,0,0.9285714285714286,1.0,0.9629629629629629,0.0,0.0,0.0,0,0,0,,,1.0
legacy121_v1__2kpv_34_hpbulge_nmr_a__legacy_gt__trrosettarna2_native_ss__historical_legacy121_v1,2KPV_34_hpbulge_nmr_A,trrosettarna2_native_ss,R1_R2,34,13,14,13,13,1,0,12,1,1,0.9230769230769231,0.9230769230769231,0.9230769230769231,-0.005494505494505475,-0.07692307692307687,-0.03988603988603978,1,0,1,0.0,1.0,0.9230769230769231
legacy121_v1__2kpv_34_hpbulge_nmr_a__legacy_gt__trrosettarna2_native_ss__historical_legacy121_v1,2KPV_34_hpbulge_nmr_A,trrosettarna2_native_ss,R1_R3,34,13,14,13,13,1,0,12,1,1,0.9230769230769231,0.9230769230769231,0.9230769230769231,-0.005494505494505475,-0.07692307692307687,-0.03988603988603978,1,0,1,0.0,1.0,0.9230769230769231
legacy121_v1__2krl_102_3wj_nmr_a__legacy_gt__petfold__historical_legacy121_v1,2KRL_102_3wj_nmr_A,petfold,ORIGINAL,102,28,30,30,25,5,3,25,5,3,0.8333333333333334,0.8928571428571429,0.8620689655172413,0.0,0.0,0.0,0,0,0,,,1.0
legacy121_v1__2krl_102_3wj_nmr_a__legacy_gt__petfold__historical_legacy121_v1,2KRL_102_3wj_nmr_A,petfold,R1,102,28,30,30,25,5,3,25,5,3,0.8333333333333334,0.8928571428571429,0.8620689655172413,0.0,0.0,0.0,0,0,0,,,1.0
legacy121_v1__2krl_102_3wj_nmr_a__legacy_gt__petfold__historical_legacy121_v1,2KRL_102_3wj_nmr_A,petfold,R2,102,28,30,30,25,5,3,25,5,3,0.8333333333333334,0.8928571428571429,0.8620689655172413,0.0,0.0,0.0,0,0,0,,,1.0
legacy121_v1__2krl_102_3wj_nmr_a__legacy_gt__petfold__historical_legacy121_v1,2KRL_102_3wj_nmr_A,petfold,R3,102,28,30,30,25,5,3,25,5,3,0.8333333333333334,0.8928571428571429,0.8620689655172413,0.0,0.0,0.0,0,0,0,,,1.0
legacy121_v1__2krl_102_3wj_nmr_a__legacy_gt__petfold__historical_legacy121_v1,2KRL_102_3wj_nmr_A,petfold,R1_R2,102,28,30,30,25,5,3,25,5,3,0.8333333333333334,0.8928571428571429,0.8620689655172413,0.0,0.0,0.0,0,0,0,,,1.0
legacy121_v1__2krl_102_3wj_nmr_a__legacy_gt__petfold__historical_legacy121_v1,2KRL_102_3wj_nmr_A,petfold,R1_R3,102,28,30,30,25,5,3,25,5,3,0.8333333333333334,0.8928571428571429,0.8620689655172413,0.0,0.0,0.0,0,0,0,,,1.0
legacy121_v1__2krl_102_3wj_nmr_a__legacy_gt__rnafold__historical_legacy121_v1,2KRL_102_3wj_nmr_A,rnafold,ORIGINAL,102,28,29,29,25,4,3,25,4,3,0.8620689655172413,0.8928571428571429,0.8771929824561403,0.0,0.0,0.0,0,0,0,,,1.0
legacy121_v1__2krl_102_3wj_nmr_a__legacy_gt__rnafold__historical_legacy121_v1,2KRL_102_3wj_nmr_A,rnafold,R1,102,28,29,29,25,4,3,25,4,3,0.8620689655172413,0.8928571428571429,0.8771929824561403,0.0,0.0,0.0,0,0,0,,,1.0
legacy121_v1__2krl_102_3wj_nmr_a__legacy_gt__rnafold__historical_legacy121_v1,2KRL_102_3wj_nmr_A,rnafold,R2,102,28,29,29,25,4,3,25,4,3,0.8620689655172413,0.8928571428571429,0.8771929824561403,0.0,0.0,0.0,0,0,0,,,1.0
legacy121_v1__2krl_102_3wj_nmr_a__legacy_gt__rnafold__historical_legacy121_v1,2KRL_102_3wj_nmr_A,rnafold,R3,102,28,29,29,25,4,3,25,4,3,0.8620689655172413,0.8928571428571429,0.8771929824561403,0.0,0.0,0.0,0,0,0,,,1.0
legacy121_v1__2krl_102_3wj_nmr_a__legacy_gt__rnafold__historical_legacy121_v1,2KRL_102_3wj_nmr_A,rnafold,R1_R2,102,28,29,29,25,4,3,25,4,3,0.8620689655172413,0.8928571428571429,0.8771929824561403,0.0,0.0,0.0,0,0,0,,,1.0
legacy121_v1__2krl_102_3wj_nmr_a__legacy_gt__rnafold__historical_legacy121_v1,2KRL_102_3wj_nmr_A,rnafold,R1_R3,102,28,29,29,25,4,3,25,4,3,0.8620689655172413,0.8928571428571429,0.8771929824561403,0.0,0.0,0.0,0,0,0,,,1.0
legacy121_v1__2krl_102_3wj_nmr_a__legacy_gt__trrosettarna2_native_ss__historical_legacy121_v1,2KRL_102_3wj_nmr_A,trrosettarna2_native_ss,ORIGINAL,102,28,36,36,16,20,12,16,20,12,0.4444444444444444,0.5714285714285714,0.5,0.0,0.0,0.0,0,0,0,,,1.0
legacy121_v1__2krl_102_3wj_nmr_a__legacy_gt__trrosettarna2_native_ss__historical_legacy121_v1,2KRL_102_3wj_nmr_A,trrosettarna2_native_ss,R1,102,28,36,35,16,20,12,16,19,12,0.45714285714285713,0.5714285714285714,0.5079365079365079,0.012698412698412709,0.0,0.007936507936507908,1,1,0,1.0,0.0,1.0
legacy121_v1__2krl_102_3wj_nmr_a__legacy_gt__trrosettarna2_native_ss__historical_legacy121_v1,2KRL_102_3wj_nmr_A,trrosettarna2_native_ss,R2,102,28,36,36,16,20,12,16,20,12,0.4444444444444444,0.5714285714285714,0.5,0.0,0.0,0.0,0,0,0,,,1.0
legacy121_v1__2krl_102_3wj_nmr_a__legacy_gt__trrosettarna2_native_ss__historical_legacy121_v1,2KRL_102_3wj_nmr_A,trrosettarna2_native_ss,R3,102,28,36,35,16,20,12,16,19,12,0.45714285714285713,0.5714285714285714,0.5079365079365079,0.012698412698412709,0.0,0.007936507936507908,1,1,0,1.0,0.0,1.0
legacy121_v1__2krl_102_3wj_nmr_a__legacy_gt__trrosettarna2_native_ss__historical_legacy121_v1,2KRL_102_3wj_nmr_A,trrosettarna2_native_ss,R1_R2,102,28,36,35,16,20,12,16,19,12,0.45714285714285713,0.5714285714285714,0.5079365079365079,0.012698412698412709,0.0,0.007936507936507908,1,1,0,1.0,0.0,1.0
legacy121_v1__2krl_102_3wj_nmr_a__legacy_gt__trrosettarna2_native_ss__historical_legacy121_v1,2KRL_102_3wj_nmr_A,trrosettarna2_native_ss,R1_R3,102,28,36,34,16,20,12,16,18,12,0.47058823529411764,0.5714285714285714,0.5161290322580645,0.02614379084967322,0.0,0.016129032258064502,2,2,0,1.0,0.0,1.0
legacy121_v1__2kvn_17_hp_nmr_a__legacy_gt__petfold__historical_legacy121_v1,2KVN_17_hp_nmr_A,petfold,ORIGINAL,17,5,5,5,5,0,0,5,0,0,1.0,1.0,1.0,0.0,0.0,0.0,0,0,0,,,1.0
legacy121_v1__2kvn_17_hp_nmr_a__legacy_gt__petfold__historical_legacy121_v1,2KVN_17_hp_nmr_A,petfold,R1,17,5,5,5,5,0,0,5,0,0,1.0,1.0,1.0,0.0,0.0,0.0,0,0,0,,,1.0
legacy121_v1__2kvn_17_hp_nmr_a__legacy_gt__petfold__historical_legacy121_v1,2KVN_17_hp_nmr_A,petfold,R2,17,5,5,5,5,0,0,5,0,0,1.0,1.0,1.0,0.0,0.0,0.0,0,0,0,,,1.0
legacy121_v1__2kvn_17_hp_nmr_a__legacy_gt__petfold__historical_legacy121_v1,2KVN_17_hp_nmr_A,petfold,R3,17,5,5,5,5,0,0,5,0,0,1.0,1.0,1.0,0.0,0.0,0.0,0,0,0,,,1.0
legacy121_v1__2kvn_17_hp_nmr_a__legacy_gt__petfold__historical_legacy121_v1,2KVN_17_hp_nmr_A,petfold,R1_R2,17,5,5,5,5,0,0,5,0,0,1.0,1.0,1.0,0.0,0.0,0.0,0,0,0,,,1.0
legacy121_v1__2kvn_17_hp_nmr_a__legacy_gt__petfold__historical_legacy121_v1,2KVN_17_hp_nmr_A,petfold,R1_R3,17,5,5,5,5,0,0,5,0,0,1.0,1.0,1.0,0.0,0.0,0.0,0,0,0,,,1.0
legacy121_v1__2kvn_17_hp_nmr_a__legacy_gt__rnafold__historical_legacy121_v1,2KVN_17_hp_nmr_A,rnafold,ORIGINAL,17,5,5,5,5,0,0,5,0,0,1.0,1.0,1.0,0.0,0.0,0.0,0,0,0,,,1.0
legacy121_v1__2kvn_17_hp_nmr_a__legacy_gt__rnafold__historical_legacy121_v1,2KVN_17_hp_nmr_A,rnafold,R1,17,5,5,5,5,0,0,5,0,0,1.0,1.0,1.0,0.0,0.0,0.0,0,0,0,,,1.0
legacy121_v1__2kvn_17_hp_nmr_a__legacy_gt__rnafold__historical_legacy121_v1,2KVN_17_hp_nmr_A,rnafold,R2,17,5,5,5,5,0,0,5,0,0,1.0,1.0,1.0,0.0,0.0,0.0,0,0,0,,,1.0
legacy121_v1__2kvn_17_hp_nmr_a__legacy_gt__rnafold__historical_legacy121_v1,2KVN_17_hp_nmr_A,rnafold,R3,17,5,5,5,5,0,0,5,0,0,1.0,1.0,1.0,0.0,0.0,0.0,0,0,0,,,1.0
legacy121_v1__2kvn_17_hp_nmr_a__legacy_gt__rnafold__historical_legacy121_v1,2KVN_17_hp_nmr_A,rnafold,R1_R2,17,5,5,5,5,0,0,5,0,0,1.0,1.0,1.0,0.0,0.0,0.0,0,0,0,,,1.0
legacy121_v1__2kvn_17_hp_nmr_a__legacy_gt__rnafold__historical_legacy121_v1,2KVN_17_hp_nmr_A,rnafold,R1_R3,17,5,5,5,5,0,0,5,0,0,1.0,1.0,1.0,0.0,0.0,0.0,0,0,0,,,1.0
legacy121_v1__2kvn_17_hp_nmr_a__legacy_gt__trrosettarna2_native_ss__historical_legacy121_v1,2KVN_17_hp_nmr_A,trrosettarna2_native_ss,ORIGINAL,17,5,6,6,5,1,0,5,1,0,0.8333333333333334,1.0,0.9090909090909091,0.0,0.0,0.0,0,0,0,,,1.0
legacy121_v1__2kvn_17_hp_nmr_a__legacy_gt__trrosettarna2_native_ss__historical_legacy121_v1,2KVN_17_hp_nmr_A,trrosettarna2_native_ss,R1,17,5,6,6,5,1,0,5,1,0,0.8333333333333334,1.0,0.9090909090909091,0.0,0.0,0.0,0,0,0,,,1.0
legacy121_v1__2kvn_17_hp_nmr_a__legacy_gt__trrosettarna2_native_ss__historical_legacy121_v1,2KVN_17_hp_nmr_A,trrosettarna2_native_ss,R2,17,5,6,6,5,1,0,5,1,0,0.8333333333333334,1.0,0.9090909090909091,0.0,0.0,0.0,0,0,0,,,1.0
legacy121_v1__2kvn_17_hp_nmr_a__legacy_gt__trrosettarna2_native_ss__historical_legacy121_v1,2KVN_17_hp_nmr_A,trrosettarna2_native_ss,R3,17,5,6,6,5,1,0,5,1,0,0.8333333333333334,1.0,0.9090909090909091,0.0,0.0,0.0,0,0,0,,,1.0
legacy121_v1__2kvn_17_hp_nmr_a__legacy_gt__trrosettarna2_native_ss__historical_legacy121_v1,2KVN_17_hp_nmr_A,trrosettarna2_native_ss,R1_R2,17,5,6,6,5,1,0,5,1,0,0.8333333333333334,1.0,0.9090909090909091,0.0,0.0,0.0,0,0,0,,,1.0
legacy121_v1__2kvn_17_hp_nmr_a__legacy_gt__trrosettarna2_native_ss__historical_legacy121_v1,2KVN_17_hp_nmr_A,trrosettarna2_native_ss,R1_R3,17,5,6,6,5,1,0,5,1,0,0.8333333333333334,1.0,0.9090909090909091,0.0,0.0,0.0,0,0,0,,,1.0
legacy121_v1__2kzl_55_hpbulge_nmr_a__legacy_gt__petfold__historical_legacy121_v1,2KZL_55_hpbulge_nmr_A,petfold,ORIGINAL,55,13,14,14,13,1,0,13,1,0,0.9285714285714286,1.0,0.9629629629629629,0.0,0.0,0.0,0,0,0,,,1.0
legacy121_v1__2kzl_55_hpbulge_nmr_a__legacy_gt__petfold__historical_legacy121_v1,2KZL_55_hpbulge_nmr_A,petfold,R1,55,13,14,14,13,1,0,13,1,0,0.9285714285714286,1.0,0.9629629629629629,0.0,0.0,0.0,0,0,0,,,1.0
legacy121_v1__2kzl_55_hpbulge_nmr_a__legacy_gt__petfold__historical_legacy121_v1,2KZL_55_hpbulge_nmr_A,petfold,R2,55,13,14,14,13,1,0,13,1,0,0.9285714285714286,1.0,0.9629629629629629,0.0,0.0,0.0,0,0,0,,,1.0
legacy121_v1__2kzl_55_hpbulge_nmr_a__legacy_gt__petfold__historical_legacy121_v1,2KZL_55_hpbulge_nmr_A,petfold,R3,55,13,14,14,13,1,0,13,1,0,0.9285714285714286,1.0,0.9629629629629629,0.0,0.0,0.0,0,0,0,,,1.0
legacy121_v1__2kzl_55_hpbulge_nmr_a__legacy_gt__petfold__historical_legacy121_v1,2KZL_55_hpbulge_nmr_A,petfold,R1_R2,55,13,14,14,13,1,0,13,1,0,0.9285714285714286,1.0,0.9629629629629629,0.0,0.0,0.0,0,0,0,,,1.0
legacy121_v1__2kzl_55_hpbulge_nmr_a__legacy_gt__petfold__historical_legacy121_v1,2KZL_55_hpbulge_nmr_A,petfold,R1_R3,55,13,14,14,13,1,0,13,1,0,0.9285714285714286,1.0,0.9629629629629629,0.0,0.0,0.0,0,0,0,,,1.0
legacy121_v1__2kzl_55_hpbulge_nmr_a__legacy_gt__rnafold__historical_legacy121_v1,2KZL_55_hpbulge_nmr_A,rnafold,ORIGINAL,55,13,14,14,13,1,0,13,1,0,0.9285714285714286,1.0,0.9629629629629629,0.0,0.0,0.0,0,0,0,,,1.0
legacy121_v1__2kzl_55_hpbulge_nmr_a__legacy_gt__rnafold__historical_legacy121_v1,2KZL_55_hpbulge_nmr_A,rnafold,R1,55,13,14,14,13,1,0,13,1,0,0.9285714285714286,1.0,0.9629629629629629,0.0,0.0,0.0,0,0,0,,,1.0
legacy121_v1__2kzl_55_hpbulge_nmr_a__legacy_gt__rnafold__historical_legacy121_v1,2KZL_55_hpbulge_nmr_A,rnafold,R2,55,13,14,14,13,1,0,13,1,0,0.9285714285714286,1.0,0.9629629629629629,0.0,0.0,0.0,0,0,0,,,1.0
legacy121_v1__2kzl_55_hpbulge_nmr_a__legacy_gt__rnafold__historical_legacy121_v1,2KZL_55_hpbulge_nmr_A,rnafold,R3,55,13,14,14,13,1,0,13,1,0,0.9285714285714286,1.0,0.9629629629629629,0.0,0.0,0.0,0,0,0,,,1.0
legacy121_v1__2kzl_55_hpbulge_nmr_a__legacy_gt__rnafold__historical_legacy121_v1,2KZL_55_hpbulge_nmr_A,rnafold,R1_R2,55,13,14,14,13,1,0,13,1,0,0.9285714285714286,1.0,0.9629629629629629,0.0,0.0,0.0,0,0,0,,,1.0
legacy121_v1__2kzl_55_hpbulge_nmr_a__legacy_gt__rnafold__historical_legacy121_v1,2KZL_55_hpbulge_nmr_A,rnafold,R1_R3,55,13,14,14,13,1,0,13,1,0,0.9285714285714286,1.0,0.9629629629629629,0.0,0.0,0.0,0,0,0,,,1.0
legacy121_v1__2kzl_55_hpbulge_nmr_a__legacy_gt__trrosettarna2_native_ss__historical_legacy121_v1,2KZL_55_hpbulge_nmr_A,trrosettarna2_native_ss,ORIGINAL,55,13,21,21,13,8,0,13,8,0,0.6190476190476191,1.0,0.7647058823529411,0.0,0.0,0.0,0,0,0,,,1.0
legacy121_v1__2kzl_55_hpbulge_nmr_a__legacy_gt__trrosettarna2_native_ss__historical_legacy121_v1,2KZL_55_hpbulge_nmr_A,trrosettarna2_native_ss,R1,55,13,21,20,13,8,0,13,7,0,0.65,1.0,0.7878787878787878,0.030952380952380953,0.0,0.02317290552584672,1,1,0,1.0,0.0,1.0
legacy121_v1__2kzl_55_hpbulge_nmr_a__legacy_gt__trrosettarna2_native_ss__historical_legacy121_v1,2KZL_55_hpbulge_nmr_A,trrosettarna2_native_ss,R2,55,13,21,21,13,8,0,13,8,0,0.6190476190476191,1.0,0.7647058823529411,0.0,0.0,0.0,0,0,0,,,1.0
legacy121_v1__2kzl_55_hpbulge_nmr_a__legacy_gt__trrosettarna2_native_ss__historical_legacy121_v1,2KZL_55_hpbulge_nmr_A,trrosettarna2_native_ss,R3,55,13,21,21,13,8,0,13,8,0,0.6190476190476191,1.0,0.7647058823529411,0.0,0.0,0.0,0,0,0,,,1.0
legacy121_v1__2kzl_55_hpbulge_nmr_a__legacy_gt__trrosettarna2_native_ss__historical_legacy121_v1,2KZL_55_hpbulge_nmr_A,trrosettarna2_native_ss,R1_R2,55,13,21,20,13,8,0,13,7,0,0.65,1.0,0.7878787878787878,0.030952380952380953,0.0,0.02317290552584672,1,1,0,1.0,0.0,1.0
legacy121_v1__2kzl_55_hpbulge_nmr_a__legacy_gt__trrosettarna2_native_ss__historical_legacy121_v1,2KZL_55_hpbulge_nmr_A,trrosettarna2_native_ss,R1_R3,55,13,21,20,13,8,0,13,7,0,0.65,1.0,0.7878787878787878,0.030952380952380953,0.0,0.02317290552584672,1,1,0,1.0,0.0,1.0
legacy121_v1__2l2j_42_hp_nmr_a__legacy_gt__petfold__historical_legacy121_v1,2L2J_42_hp_nmr_A,petfold,ORIGINAL,42,17,19,19,17,2,0,17,2,0,0.8947368421052632,1.0,0.9444444444444444,0.0,0.0,0.0,0,0,0,,,1.0
legacy121_v1__2l2j_42_hp_nmr_a__legacy_gt__petfold__historical_legacy121_v1,2L2J_42_hp_nmr_A,petfold,R1,42,17,19,19,17,2,0,17,2,0,0.8947368421052632,1.0,0.9444444444444444,0.0,0.0,0.0,0,0,0,,,1.0
legacy121_v1__2l2j_42_hp_nmr_a__legacy_gt__petfold__historical_legacy121_v1,2L2J_42_hp_nmr_A,petfold,R2,42,17,19,19,17,2,0,17,2,0,0.8947368421052632,1.0,0.9444444444444444,0.0,0.0,0.0,0,0,0,,,1.0
legacy121_v1__2l2j_42_hp_nmr_a__legacy_gt__petfold__historical_legacy121_v1,2L2J_42_hp_nmr_A,petfold,R3,42,17,19,19,17,2,0,17,2,0,0.8947368421052632,1.0,0.9444444444444444,0.0,0.0,0.0,0,0,0,,,1.0
legacy121_v1__2l2j_42_hp_nmr_a__legacy_gt__petfold__historical_legacy121_v1,2L2J_42_hp_nmr_A,petfold,R1_R2,42,17,19,19,17,2,0,17,2,0,0.8947368421052632,1.0,0.9444444444444444,0.0,0.0,0.0,0,0,0,,,1.0
legacy121_v1__2l2j_42_hp_nmr_a__legacy_gt__petfold__historical_legacy121_v1,2L2J_42_hp_nmr_A,petfold,R1_R3,42,17,19,19,17,2,0,17,2,0,0.8947368421052632,1.0,0.9444444444444444,0.0,0.0,0.0,0,0,0,,,1.0
legacy121_v1__2l2j_42_hp_nmr_a__legacy_gt__rnafold__historical_legacy121_v1,2L2J_42_hp_nmr_A,rnafold,ORIGINAL,42,17,17,17,17,0,0,17,0,0,1.0,1.0,1.0,0.0,0.0,0.0,0,0,0,,,1.0
legacy121_v1__2l2j_42_hp_nmr_a__legacy_gt__rnafold__historical_legacy121_v1,2L2J_42_hp_nmr_A,rnafold,R1,42,17,17,17,17,0,0,17,0,0,1.0,1.0,1.0,0.0,0.0,0.0,0,0,0,,,1.0
legacy121_v1__2l2j_42_hp_nmr_a__legacy_gt__rnafold__historical_legacy121_v1,2L2J_42_hp_nmr_A,rnafold,R2,42,17,17,17,17,0,0,17,0,0,1.0,1.0,1.0,0.0,0.0,0.0,0,0,0,,,1.0
legacy121_v1__2l2j_42_hp_nmr_a__legacy_gt__rnafold__historical_legacy121_v1,2L2J_42_hp_nmr_A,rnafold,R3,42,17,17,17,17,0,0,17,0,0,1.0,1.0,1.0,0.0,0.0,0.0,0,0,0,,,1.0
legacy121_v1__2l2j_42_hp_nmr_a__legacy_gt__rnafold__historical_legacy121_v1,2L2J_42_hp_nmr_A,rnafold,R1_R2,42,17,17,17,17,0,0,17,0,0,1.0,1.0,1.0,0.0,0.0,0.0,0,0,0,,,1.0
legacy121_v1__2l2j_42_hp_nmr_a__legacy_gt__rnafold__historical_legacy121_v1,2L2J_42_hp_nmr_A,rnafold,R1_R3,42,17,17,17,17,0,0,17,0,0,1.0,1.0,1.0,0.0,0.0,0.0,0,0,0,,,1.0
legacy121_v1__2l2j_42_hp_nmr_a__legacy_gt__trrosettarna2_native_ss__historical_legacy121_v1,2L2J_42_hp_nmr_A,trrosettarna2_native_ss,ORIGINAL,42,17,20,20,17,3,0,17,3,0,0.85,1.0,0.918918918918919,0.0,0.0,0.0,0,0,0,,,1.0
legacy121_v1__2l2j_42_hp_nmr_a__legacy_gt__trrosettarna2_native_ss__historical_legacy121_v1,2L2J_42_hp_nmr_A,trrosettarna2_native_ss,R1,42,17,20,20,17,3,0,17,3,0,0.85,1.0,0.918918918918919,0.0,0.0,0.0,0,0,0,,,1.0
legacy121_v1__2l2j_42_hp_nmr_a__legacy_gt__trrosettarna2_native_ss__historical_legacy121_v1,2L2J_42_hp_nmr_A,trrosettarna2_native_ss,R2,42,17,20,20,17,3,0,17,3,0,0.85,1.0,0.918918918918919,0.0,0.0,0.0,0,0,0,,,1.0
legacy121_v1__2l2j_42_hp_nmr_a__legacy_gt__trrosettarna2_native_ss__historical_legacy121_v1,2L2J_42_hp_nmr_A,trrosettarna2_native_ss,R3,42,17,20,20,17,3,0,17,3,0,0.85,1.0,0.918918918918919,0.0,0.0,0.0,0,0,0,,,1.0
legacy121_v1__2l2j_42_hp_nmr_a__legacy_gt__trrosettarna2_native_ss__historical_legacy121_v1,2L2J_42_hp_nmr_A,trrosettarna2_native_ss,R1_R2,42,17,20,20,17,3,0,17,3,0,0.85,1.0,0.918918918918919,0.0,0.0,0.0,0,0,0,,,1.0
legacy121_v1__2l2j_42_hp_nmr_a__legacy_gt__trrosettarna2_native_ss__historical_legacy121_v1,2L2J_42_hp_nmr_A,trrosettarna2_native_ss,R1_R3,42,17,20,20,17,3,0,17,3,0,0.85,1.0,0.918918918918919,0.0,0.0,0.0,0,0,0,,,1.0
legacy121_v1__2l3e_35_hpbulge_nmr_a__legacy_gt__petfold__historical_legacy121_v1,2L3E_35_hpbulge_nmr_A,petfold,ORIGINAL,35,13,13,13,13,0,0,13,0,0,1.0,1.0,1.0,0.0,0.0,0.0,0,0,0,,,1.0
legacy121_v1__2l3e_35_hpbulge_nmr_a__legacy_gt__petfold__historical_legacy121_v1,2L3E_35_hpbulge_nmr_A,petfold,R1,35,13,13,13,13,0,0,13,0,0,1.0,1.0,1.0,0.0,0.0,0.0,0,0,0,,,1.0
legacy121_v1__2l3e_35_hpbulge_nmr_a__legacy_gt__petfold__historical_legacy121_v1,2L3E_35_hpbulge_nmr_A,petfold,R2,35,13,13,13,13,0,0,13,0,0,1.0,1.0,1.0,0.0,0.0,0.0,0,0,0,,,1.0
legacy121_v1__2l3e_35_hpbulge_nmr_a__legacy_gt__petfold__historical_legacy121_v1,2L3E_35_hpbulge_nmr_A,petfold,R3,35,13,13,13,13,0,0,13,0,0,1.0,1.0,1.0,0.0,0.0,0.0,0,0,0,,,1.0
legacy121_v1__2l3e_35_hpbulge_nmr_a__legacy_gt__petfold__historical_legacy121_v1,2L3E_35_hpbulge_nmr_A,petfold,R1_R2,35,13,13,13,13,0,0,13,0,0,1.0,1.0,1.0,0.0,0.0,0.0,0,0,0,,,1.0
legacy121_v1__2l3e_35_hpbulge_nmr_a__legacy_gt__petfold__historical_legacy121_v1,2L3E_35_hpbulge_nmr_A,petfold,R1_R3,35,13,13,13,13,0,0,13,0,0,1.0,1.0,1.0,0.0,0.0,0.0,0,0,0,,,1.0
legacy121_v1__2l3e_35_hpbulge_nmr_a__legacy_gt__rnafold__historical_legacy121_v1,2L3E_35_hpbulge_nmr_A,rnafold,ORIGINAL,35,13,13,13,13,0,0,13,0,0,1.0,1.0,1.0,0.0,0.0,0.0,0,0,0,,,1.0
legacy121_v1__2l3e_35_hpbulge_nmr_a__legacy_gt__rnafold__historical_legacy121_v1,2L3E_35_hpbulge_nmr_A,rnafold,R1,35,13,13,13,13,0,0,13,0,0,1.0,1.0,1.0,0.0,0.0,0.0,0,0,0,,,1.0
legacy121_v1__2l3e_35_hpbulge_nmr_a__legacy_gt__rnafold__historical_legacy121_v1,2L3E_35_hpbulge_nmr_A,rnafold,R2,35,13,13,13,13,0,0,13,0,0,1.0,1.0,1.0,0.0,0.0,0.0,0,0,0,,,1.0
legacy121_v1__2l3e_35_hpbulge_nmr_a__legacy_gt__rnafold__historical_legacy121_v1,2L3E_35_hpbulge_nmr_A,rnafold,R3,35,13,13,13,13,0,0,13,0,0,1.0,1.0,1.0,0.0,0.0,0.0,0,0,0,,,1.0
legacy121_v1__2l3e_35_hpbulge_nmr_a__legacy_gt__rnafold__historical_legacy121_v1,2L3E_35_hpbulge_nmr_A,rnafold,R1_R2,35,13,13,13,13,0,0,13,0,0,1.0,1.0,1.0,0.0,0.0,0.0,0,0,0,,,1.0
legacy121_v1__2l3e_35_hpbulge_nmr_a__legacy_gt__rnafold__historical_legacy121_v1,2L3E_35_hpbulge_nmr_A,rnafold,R1_R3,35,13,13,13,13,0,0,13,0,0,1.0,1.0,1.0,0.0,0.0,0.0,0,0,0,,,1.0
legacy121_v1__2l3e_35_hpbulge_nmr_a__legacy_gt__trrosettarna2_native_ss__historical_legacy121_v1,2L3E_35_hpbulge_nmr_A,trrosettarna2_native_ss,ORIGINAL,35,13,14,14,13,1,0,13,1,0,0.9285714285714286,1.0,0.9629629629629629,0.0,0.0,0.0,0,0,0,,,1.0
legacy121_v1__2l3e_35_hpbulge_nmr_a__legacy_gt__trrosettarna2_native_ss__historical_legacy121_v1,2L3E_35_hpbulge_nmr_A,trrosettarna2_native_ss,R1,35,13,14,14,13,1,0,13,1,0,0.9285714285714286,1.0,0.9629629629629629,0.0,0.0,0.0,0,0,0,,,1.0
legacy121_v1__2l3e_35_hpbulge_nmr_a__legacy_gt__trrosettarna2_native_ss__historical_legacy121_v1,2L3E_35_hpbulge_nmr_A,trrosettarna2_native_ss,R2,35,13,14,14,13,1,0,13,1,0,0.9285714285714286,1.0,0.9629629629629629,0.0,0.0,0.0,0,0,0,,,1.0
legacy121_v1__2l3e_35_hpbulge_nmr_a__legacy_gt__trrosettarna2_native_ss__historical_legacy121_v1,2L3E_35_hpbulge_nmr_A,trrosettarna2_native_ss,R3,35,13,14,14,13,1,0,13,1,0,0.9285714285714286,1.0,0.9629629629629629,0.0,0.0,0.0,0,0,0,,,1.0
legacy121_v1__2l3e_35_hpbulge_nmr_a__legacy_gt__trrosettarna2_native_ss__historical_legacy121_v1,2L3E_35_hpbulge_nmr_A,trrosettarna2_native_ss,R1_R2,35,13,14,14,13,1,0,13,1,0,0.9285714285714286,1.0,0.9629629629629629,0.0,0.0,0.0,0,0,0,,,1.0
legacy121_v1__2l3e_35_hpbulge_nmr_a__legacy_gt__trrosettarna2_native_ss__historical_legacy121_v1,2L3E_35_hpbulge_nmr_A,trrosettarna2_native_ss,R1_R3,35,13,14,14,13,1,0,13,1,0,0.9285714285714286,1.0,0.9629629629629629,0.0,0.0,0.0,0,0,0,,,1.0
legacy121_v1__2l5z_26_hpbulge_nmr_a__legacy_gt__petfold__historical_legacy121_v1,2L5Z_26_hpbulge_nmr_A,petfold,ORIGINAL,26,9,9,9,9,0,0,9,0,0,1.0,1.0,1.0,0.0,0.0,0.0,0,0,0,,,1.0
legacy121_v1__2l5z_26_hpbulge_nmr_a__legacy_gt__petfold__historical_legacy121_v1,2L5Z_26_hpbulge_nmr_A,petfold,R1,26,9,9,9,9,0,0,9,0,0,1.0,1.0,1.0,0.0,0.0,0.0,0,0,0,,,1.0
legacy121_v1__2l5z_26_hpbulge_nmr_a__legacy_gt__petfold__historical_legacy121_v1,2L5Z_26_hpbulge_nmr_A,petfold,R2,26,9,9,9,9,0,0,9,0,0,1.0,1.0,1.0,0.0,0.0,0.0,0,0,0,,,1.0
legacy121_v1__2l5z_26_hpbulge_nmr_a__legacy_gt__petfold__historical_legacy121_v1,2L5Z_26_hpbulge_nmr_A,petfold,R3,26,9,9,9,9,0,0,9,0,0,1.0,1.0,1.0,0.0,0.0,0.0,0,0,0,,,1.0
legacy121_v1__2l5z_26_hpbulge_nmr_a__legacy_gt__petfold__historical_legacy121_v1,2L5Z_26_hpbulge_nmr_A,petfold,R1_R2,26,9,9,9,9,0,0,9,0,0,1.0,1.0,1.0,0.0,0.0,0.0,0,0,0,,,1.0
legacy121_v1__2l5z_26_hpbulge_nmr_a__legacy_gt__petfold__historical_legacy121_v1,2L5Z_26_hpbulge_nmr_A,petfold,R1_R3,26,9,9,9,9,0,0,9,0,0,1.0,1.0,1.0,0.0,0.0,0.0,0,0,0,,,1.0
legacy121_v1__2l5z_26_hpbulge_nmr_a__legacy_gt__rnafold__historical_legacy121_v1,2L5Z_26_hpbulge_nmr_A,rnafold,ORIGINAL,26,9,9,9,9,0,0,9,0,0,1.0,1.0,1.0,0.0,0.0,0.0,0,0,0,,,1.0
legacy121_v1__2l5z_26_hpbulge_nmr_a__legacy_gt__rnafold__historical_legacy121_v1,2L5Z_26_hpbulge_nmr_A,rnafold,R1,26,9,9,9,9,0,0,9,0,0,1.0,1.0,1.0,0.0,0.0,0.0,0,0,0,,,1.0
legacy121_v1__2l5z_26_hpbulge_nmr_a__legacy_gt__rnafold__historical_legacy121_v1,2L5Z_26_hpbulge_nmr_A,rnafold,R2,26,9,9,9,9,0,0,9,0,0,1.0,1.0,1.0,0.0,0.0,0.0,0,0,0,,,1.0
legacy121_v1__2l5z_26_hpbulge_nmr_a__legacy_gt__rnafold__historical_legacy121_v1,2L5Z_26_hpbulge_nmr_A,rnafold,R3,26,9,9,9,9,0,0,9,0,0,1.0,1.0,1.0,0.0,0.0,0.0,0,0,0,,,1.0
legacy121_v1__2l5z_26_hpbulge_nmr_a__legacy_gt__rnafold__historical_legacy121_v1,2L5Z_26_hpbulge_nmr_A,rnafold,R1_R2,26,9,9,9,9,0,0,9,0,0,1.0,1.0,1.0,0.0,0.0,0.0,0,0,0,,,1.0
legacy121_v1__2l5z_26_hpbulge_nmr_a__legacy_gt__rnafold__historical_legacy121_v1,2L5Z_26_hpbulge_nmr_A,rnafold,R1_R3,26,9,9,9,9,0,0,9,0,0,1.0,1.0,1.0,0.0,0.0,0.0,0,0,0,,,1.0
legacy121_v1__2l5z_26_hpbulge_nmr_a__legacy_gt__trrosettarna2_native_ss__historical_legacy121_v1,2L5Z_26_hpbulge_nmr_A,trrosettarna2_native_ss,ORIGINAL,26,9,11,11,9,2,0,9,2,0,0.8181818181818182,1.0,0.9,0.0,0.0,0.0,0,0,0,,,1.0
legacy121_v1__2l5z_26_hpbulge_nmr_a__legacy_gt__trrosettarna2_native_ss__historical_legacy121_v1,2L5Z_26_hpbulge_nmr_A,trrosettarna2_native_ss,R1,26,9,11,11,9,2,0,9,2,0,0.8181818181818182,1.0,0.9,0.0,0.0,0.0,0,0,0,,,1.0
legacy121_v1__2l5z_26_hpbulge_nmr_a__legacy_gt__trrosettarna2_native_ss__historical_legacy121_v1,2L5Z_26_hpbulge_nmr_A,trrosettarna2_native_ss,R2,26,9,11,11,9,2,0,9,2,0,0.8181818181818182,1.0,0.9,0.0,0.0,0.0,0,0,0,,,1.0
legacy121_v1__2l5z_26_hpbulge_nmr_a__legacy_gt__trrosettarna2_native_ss__historical_legacy121_v1,2L5Z_26_hpbulge_nmr_A,trrosettarna2_native_ss,R3,26,9,11,10,9,2,0,9,1,0,0.9,1.0,0.9473684210526315,0.08181818181818179,0.0,0.047368421052631504,1,1,0,1.0,0.0,1.0
legacy121_v1__2l5z_26_hpbulge_nmr_a__legacy_gt__trrosettarna2_native_ss__historical_legacy121_v1,2L5Z_26_hpbulge_nmr_A,trrosettarna2_native_ss,R1_R2,26,9,11,11,9,2,0,9,2,0,0.8181818181818182,1.0,0.9,0.0,0.0,0.0,0,0,0,,,1.0
legacy121_v1__2l5z_26_hpbulge_nmr_a__legacy_gt__trrosettarna2_native_ss__historical_legacy121_v1,2L5Z_26_hpbulge_nmr_A,trrosettarna2_native_ss,R1_R3,26,9,11,10,9,2,0,9,1,0,0.9,1.0,0.9473684210526315,0.08181818181818179,0.0,0.047368421052631504,1,1,0,1.0,0.0,1.0
legacy121_v1__2lbl_17_hp_nmr_a__legacy_gt__petfold__historical_legacy121_v1,2LBL_17_hp_nmr_A,petfold,ORIGINAL,17,5,5,5,5,0,0,5,0,0,1.0,1.0,1.0,0.0,0.0,0.0,0,0,0,,,1.0
legacy121_v1__2lbl_17_hp_nmr_a__legacy_gt__petfold__historical_legacy121_v1,2LBL_17_hp_nmr_A,petfold,R1,17,5,5,5,5,0,0,5,0,0,1.0,1.0,1.0,0.0,0.0,0.0,0,0,0,,,1.0
legacy121_v1__2lbl_17_hp_nmr_a__legacy_gt__petfold__historical_legacy121_v1,2LBL_17_hp_nmr_A,petfold,R2,17,5,5,5,5,0,0,5,0,0,1.0,1.0,1.0,0.0,0.0,0.0,0,0,0,,,1.0
legacy121_v1__2lbl_17_hp_nmr_a__legacy_gt__petfold__historical_legacy121_v1,2LBL_17_hp_nmr_A,petfold,R3,17,5,5,5,5,0,0,5,0,0,1.0,1.0,1.0,0.0,0.0,0.0,0,0,0,,,1.0
legacy121_v1__2lbl_17_hp_nmr_a__legacy_gt__petfold__historical_legacy121_v1,2LBL_17_hp_nmr_A,petfold,R1_R2,17,5,5,5,5,0,0,5,0,0,1.0,1.0,1.0,0.0,0.0,0.0,0,0,0,,,1.0
legacy121_v1__2lbl_17_hp_nmr_a__legacy_gt__petfold__historical_legacy121_v1,2LBL_17_hp_nmr_A,petfold,R1_R3,17,5,5,5,5,0,0,5,0,0,1.0,1.0,1.0,0.0,0.0,0.0,0,0,0,,,1.0
legacy121_v1__2lbl_17_hp_nmr_a__legacy_gt__rnafold__historical_legacy121_v1,2LBL_17_hp_nmr_A,rnafold,ORIGINAL,17,5,5,5,5,0,0,5,0,0,1.0,1.0,1.0,0.0,0.0,0.0,0,0,0,,,1.0
legacy121_v1__2lbl_17_hp_nmr_a__legacy_gt__rnafold__historical_legacy121_v1,2LBL_17_hp_nmr_A,rnafold,R1,17,5,5,5,5,0,0,5,0,0,1.0,1.0,1.0,0.0,0.0,0.0,0,0,0,,,1.0
legacy121_v1__2lbl_17_hp_nmr_a__legacy_gt__rnafold__historical_legacy121_v1,2LBL_17_hp_nmr_A,rnafold,R2,17,5,5,5,5,0,0,5,0,0,1.0,1.0,1.0,0.0,0.0,0.0,0,0,0,,,1.0
legacy121_v1__2lbl_17_hp_nmr_a__legacy_gt__rnafold__historical_legacy121_v1,2LBL_17_hp_nmr_A,rnafold,R3,17,5,5,5,5,0,0,5,0,0,1.0,1.0,1.0,0.0,0.0,0.0,0,0,0,,,1.0
legacy121_v1__2lbl_17_hp_nmr_a__legacy_gt__rnafold__historical_legacy121_v1,2LBL_17_hp_nmr_A,rnafold,R1_R2,17,5,5,5,5,0,0,5,0,0,1.0,1.0,1.0,0.0,0.0,0.0,0,0,0,,,1.0
legacy121_v1__2lbl_17_hp_nmr_a__legacy_gt__rnafold__historical_legacy121_v1,2LBL_17_hp_nmr_A,rnafold,R1_R3,17,5,5,5,5,0,0,5,0,0,1.0,1.0,1.0,0.0,0.0,0.0,0,0,0,,,1.0
legacy121_v1__2lbl_17_hp_nmr_a__legacy_gt__trrosettarna2_native_ss__historical_legacy121_v1,2LBL_17_hp_nmr_A,trrosettarna2_native_ss,ORIGINAL,17,5,5,5,5,0,0,5,0,0,1.0,1.0,1.0,0.0,0.0,0.0,0,0,0,,,1.0
legacy121_v1__2lbl_17_hp_nmr_a__legacy_gt__trrosettarna2_native_ss__historical_legacy121_v1,2LBL_17_hp_nmr_A,trrosettarna2_native_ss,R1,17,5,5,5,5,0,0,5,0,0,1.0,1.0,1.0,0.0,0.0,0.0,0,0,0,,,1.0
legacy121_v1__2lbl_17_hp_nmr_a__legacy_gt__trrosettarna2_native_ss__historical_legacy121_v1,2LBL_17_hp_nmr_A,trrosettarna2_native_ss,R2,17,5,5,5,5,0,0,5,0,0,1.0,1.0,1.0,0.0,0.0,0.0,0,0,0,,,1.0
legacy121_v1__2lbl_17_hp_nmr_a__legacy_gt__trrosettarna2_native_ss__historical_legacy121_v1,2LBL_17_hp_nmr_A,trrosettarna2_native_ss,R3,17,5,5,5,5,0,0,5,0,0,1.0,1.0,1.0,0.0,0.0,0.0,0,0,0,,,1.0
legacy121_v1__2lbl_17_hp_nmr_a__legacy_gt__trrosettarna2_native_ss__historical_legacy121_v1,2LBL_17_hp_nmr_A,trrosettarna2_native_ss,R1_R2,17,5,5,5,5,0,0,5,0,0,1.0,1.0,1.0,0.0,0.0,0.0,0,0,0,,,1.0
legacy121_v1__2lbl_17_hp_nmr_a__legacy_gt__trrosettarna2_native_ss__historical_legacy121_v1,2LBL_17_hp_nmr_A,trrosettarna2_native_ss,R1_R3,17,5,5,5,5,0,0,5,0,0,1.0,1.0,1.0,0.0,0.0,0.0,0,0,0,,,1.0
legacy121_v1__2ldl_27_hp_nmr_a__legacy_gt__petfold__historical_legacy121_v1,2LDL_27_hp_nmr_A,petfold,ORIGINAL,27,9,11,11,9,2,0,9,2,0,0.8181818181818182,1.0,0.9,0.0,0.0,0.0,0,0,0,,,1.0
legacy121_v1__2ldl_27_hp_nmr_a__legacy_gt__petfold__historical_legacy121_v1,2LDL_27_hp_nmr_A,petfold,R1,27,9,11,11,9,2,0,9,2,0,0.8181818181818182,1.0,0.9,0.0,0.0,0.0,0,0,0,,,1.0
legacy121_v1__2ldl_27_hp_nmr_a__legacy_gt__petfold__historical_legacy121_v1,2LDL_27_hp_nmr_A,petfold,R2,27,9,11,11,9,2,0,9,2,0,0.8181818181818182,1.0,0.9,0.0,0.0,0.0,0,0,0,,,1.0
legacy121_v1__2ldl_27_hp_nmr_a__legacy_gt__petfold__historical_legacy121_v1,2LDL_27_hp_nmr_A,petfold,R3,27,9,11,11,9,2,0,9,2,0,0.8181818181818182,1.0,0.9,0.0,0.0,0.0,0,0,0,,,1.0
legacy121_v1__2ldl_27_hp_nmr_a__legacy_gt__petfold__historical_legacy121_v1,2LDL_27_hp_nmr_A,petfold,R1_R2,27,9,11,11,9,2,0,9,2,0,0.8181818181818182,1.0,0.9,0.0,0.0,0.0,0,0,0,,,1.0
legacy121_v1__2ldl_27_hp_nmr_a__legacy_gt__petfold__historical_legacy121_v1,2LDL_27_hp_nmr_A,petfold,R1_R3,27,9,11,11,9,2,0,9,2,0,0.8181818181818182,1.0,0.9,0.0,0.0,0.0,0,0,0,,,1.0
legacy121_v1__2ldl_27_hp_nmr_a__legacy_gt__rnafold__historical_legacy121_v1,2LDL_27_hp_nmr_A,rnafold,ORIGINAL,27,9,10,10,9,1,0,9,1,0,0.9,1.0,0.9473684210526315,0.0,0.0,0.0,0,0,0,,,1.0
legacy121_v1__2ldl_27_hp_nmr_a__legacy_gt__rnafold__historical_legacy121_v1,2LDL_27_hp_nmr_A,rnafold,R1,27,9,10,10,9,1,0,9,1,0,0.9,1.0,0.9473684210526315,0.0,0.0,0.0,0,0,0,,,1.0
legacy121_v1__2ldl_27_hp_nmr_a__legacy_gt__rnafold__historical_legacy121_v1,2LDL_27_hp_nmr_A,rnafold,R2,27,9,10,10,9,1,0,9,1,0,0.9,1.0,0.9473684210526315,0.0,0.0,0.0,0,0,0,,,1.0
legacy121_v1__2ldl_27_hp_nmr_a__legacy_gt__rnafold__historical_legacy121_v1,2LDL_27_hp_nmr_A,rnafold,R3,27,9,10,10,9,1,0,9,1,0,0.9,1.0,0.9473684210526315,0.0,0.0,0.0,0,0,0,,,1.0
legacy121_v1__2ldl_27_hp_nmr_a__legacy_gt__rnafold__historical_legacy121_v1,2LDL_27_hp_nmr_A,rnafold,R1_R2,27,9,10,10,9,1,0,9,1,0,0.9,1.0,0.9473684210526315,0.0,0.0,0.0,0,0,0,,,1.0
legacy121_v1__2ldl_27_hp_nmr_a__legacy_gt__rnafold__historical_legacy121_v1,2LDL_27_hp_nmr_A,rnafold,R1_R3,27,9,10,10,9,1,0,9,1,0,0.9,1.0,0.9473684210526315,0.0,0.0,0.0,0,0,0,,,1.0
legacy121_v1__2ldl_27_hp_nmr_a__legacy_gt__trrosettarna2_native_ss__historical_legacy121_v1,2LDL_27_hp_nmr_A,trrosettarna2_native_ss,ORIGINAL,27,9,10,10,9,1,0,9,1,0,0.9,1.0,0.9473684210526315,0.0,0.0,0.0,0,0,0,,,1.0
legacy121_v1__2ldl_27_hp_nmr_a__legacy_gt__trrosettarna2_native_ss__historical_legacy121_v1,2LDL_27_hp_nmr_A,trrosettarna2_native_ss,R1,27,9,10,10,9,1,0,9,1,0,0.9,1.0,0.9473684210526315,0.0,0.0,0.0,0,0,0,,,1.0
legacy121_v1__2ldl_27_hp_nmr_a__legacy_gt__trrosettarna2_native_ss__historical_legacy121_v1,2LDL_27_hp_nmr_A,trrosettarna2_native_ss,R2,27,9,10,10,9,1,0,9,1,0,0.9,1.0,0.9473684210526315,0.0,0.0,0.0,0,0,0,,,1.0
legacy121_v1__2ldl_27_hp_nmr_a__legacy_gt__trrosettarna2_native_ss__historical_legacy121_v1,2LDL_27_hp_nmr_A,trrosettarna2_native_ss,R3,27,9,10,10,9,1,0,9,1,0,0.9,1.0,0.9473684210526315,0.0,0.0,0.0,0,0,0,,,1.0
legacy121_v1__2ldl_27_hp_nmr_a__legacy_gt__trrosettarna2_native_ss__historical_legacy121_v1,2LDL_27_hp_nmr_A,trrosettarna2_native_ss,R1_R2,27,9,10,10,9,1,0,9,1,0,0.9,1.0,0.9473684210526315,0.0,0.0,0.0,0,0,0,,,1.0
legacy121_v1__2ldl_27_hp_nmr_a__legacy_gt__trrosettarna2_native_ss__historical_legacy121_v1,2LDL_27_hp_nmr_A,trrosettarna2_native_ss,R1_R3,27,9,10,10,9,1,0,9,1,0,0.9,1.0,0.9473684210526315,0.0,0.0,0.0,0,0,0,,,1.0
legacy121_v1__2ldt_31_hp_nmr_a__legacy_gt__petfold__historical_legacy121_v1,2LDT_31_hp_nmr_A,petfold,ORIGINAL,31,11,11,11,11,0,0,11,0,0,1.0,1.0,1.0,0.0,0.0,0.0,0,0,0,,,1.0
legacy121_v1__2ldt_31_hp_nmr_a__legacy_gt__petfold__historical_legacy121_v1,2LDT_31_hp_nmr_A,petfold,R1,31,11,11,11,11,0,0,11,0,0,1.0,1.0,1.0,0.0,0.0,0.0,0,0,0,,,1.0
legacy121_v1__2ldt_31_hp_nmr_a__legacy_gt__petfold__historical_legacy121_v1,2LDT_31_hp_nmr_A,petfold,R2,31,11,11,11,11,0,0,11,0,0,1.0,1.0,1.0,0.0,0.0,0.0,0,0,0,,,1.0
legacy121_v1__2ldt_31_hp_nmr_a__legacy_gt__petfold__historical_legacy121_v1,2LDT_31_hp_nmr_A,petfold,R3,31,11,11,11,11,0,0,11,0,0,1.0,1.0,1.0,0.0,0.0,0.0,0,0,0,,,1.0
legacy121_v1__2ldt_31_hp_nmr_a__legacy_gt__petfold__historical_legacy121_v1,2LDT_31_hp_nmr_A,petfold,R1_R2,31,11,11,11,11,0,0,11,0,0,1.0,1.0,1.0,0.0,0.0,0.0,0,0,0,,,1.0
legacy121_v1__2ldt_31_hp_nmr_a__legacy_gt__petfold__historical_legacy121_v1,2LDT_31_hp_nmr_A,petfold,R1_R3,31,11,11,11,11,0,0,11,0,0,1.0,1.0,1.0,0.0,0.0,0.0,0,0,0,,,1.0
legacy121_v1__2ldt_31_hp_nmr_a__legacy_gt__rnafold__historical_legacy121_v1,2LDT_31_hp_nmr_A,rnafold,ORIGINAL,31,11,11,11,11,0,0,11,0,0,1.0,1.0,1.0,0.0,0.0,0.0,0,0,0,,,1.0
legacy121_v1__2ldt_31_hp_nmr_a__legacy_gt__rnafold__historical_legacy121_v1,2LDT_31_hp_nmr_A,rnafold,R1,31,11,11,11,11,0,0,11,0,0,1.0,1.0,1.0,0.0,0.0,0.0,0,0,0,,,1.0
legacy121_v1__2ldt_31_hp_nmr_a__legacy_gt__rnafold__historical_legacy121_v1,2LDT_31_hp_nmr_A,rnafold,R2,31,11,11,11,11,0,0,11,0,0,1.0,1.0,1.0,0.0,0.0,0.0,0,0,0,,,1.0
legacy121_v1__2ldt_31_hp_nmr_a__legacy_gt__rnafold__historical_legacy121_v1,2LDT_31_hp_nmr_A,rnafold,R3,31,11,11,11,11,0,0,11,0,0,1.0,1.0,1.0,0.0,0.0,0.0,0,0,0,,,1.0
legacy121_v1__2ldt_31_hp_nmr_a__legacy_gt__rnafold__historical_legacy121_v1,2LDT_31_hp_nmr_A,rnafold,R1_R2,31,11,11,11,11,0,0,11,0,0,1.0,1.0,1.0,0.0,0.0,0.0,0,0,0,,,1.0
legacy121_v1__2ldt_31_hp_nmr_a__legacy_gt__rnafold__historical_legacy121_v1,2LDT_31_hp_nmr_A,rnafold,R1_R3,31,11,11,11,11,0,0,11,0,0,1.0,1.0,1.0,0.0,0.0,0.0,0,0,0,,,1.0
legacy121_v1__2ldt_31_hp_nmr_a__legacy_gt__trrosettarna2_native_ss__historical_legacy121_v1,2LDT_31_hp_nmr_A,trrosettarna2_native_ss,ORIGINAL,31,11,13,13,11,2,0,11,2,0,0.8461538461538461,1.0,0.9166666666666666,0.0,0.0,0.0,0,0,0,,,1.0
legacy121_v1__2ldt_31_hp_nmr_a__legacy_gt__trrosettarna2_native_ss__historical_legacy121_v1,2LDT_31_hp_nmr_A,trrosettarna2_native_ss,R1,31,11,13,12,11,2,0,11,1,0,0.9166666666666666,1.0,0.9565217391304348,0.07051282051282048,0.0,0.03985507246376818,1,1,0,1.0,0.0,1.0
legacy121_v1__2ldt_31_hp_nmr_a__legacy_gt__trrosettarna2_native_ss__historical_legacy121_v1,2LDT_31_hp_nmr_A,trrosettarna2_native_ss,R2,31,11,13,13,11,2,0,11,2,0,0.8461538461538461,1.0,0.9166666666666666,0.0,0.0,0.0,0,0,0,,,1.0
legacy121_v1__2ldt_31_hp_nmr_a__legacy_gt__trrosettarna2_native_ss__historical_legacy121_v1,2LDT_31_hp_nmr_A,trrosettarna2_native_ss,R3,31,11,13,13,11,2,0,11,2,0,0.8461538461538461,1.0,0.9166666666666666,0.0,0.0,0.0,0,0,0,,,1.0
legacy121_v1__2ldt_31_hp_nmr_a__legacy_gt__trrosettarna2_native_ss__historical_legacy121_v1,2LDT_31_hp_nmr_A,trrosettarna2_native_ss,R1_R2,31,11,13,12,11,2,0,11,1,0,0.9166666666666666,1.0,0.9565217391304348,0.07051282051282048,0.0,0.03985507246376818,1,1,0,1.0,0.0,1.0
legacy121_v1__2ldt_31_hp_nmr_a__legacy_gt__trrosettarna2_native_ss__historical_legacy121_v1,2LDT_31_hp_nmr_A,trrosettarna2_native_ss,R1_R3,31,11,13,12,11,2,0,11,1,0,0.9166666666666666,1.0,0.9565217391304348,0.07051282051282048,0.0,0.03985507246376818,1,1,0,1.0,0.0,1.0
legacy121_v1__2lhp_37_hp_nmr_a__legacy_gt__petfold__historical_legacy121_v1,2LHP_37_hp_nmr_A,petfold,ORIGINAL,37,15,15,15,15,0,0,15,0,0,1.0,1.0,1.0,0.0,0.0,0.0,0,0,0,,,1.0
legacy121_v1__2lhp_37_hp_nmr_a__legacy_gt__petfold__historical_legacy121_v1,2LHP_37_hp_nmr_A,petfold,R1,37,15,15,15,15,0,0,15,0,0,1.0,1.0,1.0,0.0,0.0,0.0,0,0,0,,,1.0
legacy121_v1__2lhp_37_hp_nmr_a__legacy_gt__petfold__historical_legacy121_v1,2LHP_37_hp_nmr_A,petfold,R2,37,15,15,15,15,0,0,15,0,0,1.0,1.0,1.0,0.0,0.0,0.0,0,0,0,,,1.0
legacy121_v1__2lhp_37_hp_nmr_a__legacy_gt__petfold__historical_legacy121_v1,2LHP_37_hp_nmr_A,petfold,R3,37,15,15,15,15,0,0,15,0,0,1.0,1.0,1.0,0.0,0.0,0.0,0,0,0,,,1.0
legacy121_v1__2lhp_37_hp_nmr_a__legacy_gt__petfold__historical_legacy121_v1,2LHP_37_hp_nmr_A,petfold,R1_R2,37,15,15,15,15,0,0,15,0,0,1.0,1.0,1.0,0.0,0.0,0.0,0,0,0,,,1.0
legacy121_v1__2lhp_37_hp_nmr_a__legacy_gt__petfold__historical_legacy121_v1,2LHP_37_hp_nmr_A,petfold,R1_R3,37,15,15,15,15,0,0,15,0,0,1.0,1.0,1.0,0.0,0.0,0.0,0,0,0,,,1.0
legacy121_v1__2lhp_37_hp_nmr_a__legacy_gt__rnafold__historical_legacy121_v1,2LHP_37_hp_nmr_A,rnafold,ORIGINAL,37,15,15,15,15,0,0,15,0,0,1.0,1.0,1.0,0.0,0.0,0.0,0,0,0,,,1.0
legacy121_v1__2lhp_37_hp_nmr_a__legacy_gt__rnafold__historical_legacy121_v1,2LHP_37_hp_nmr_A,rnafold,R1,37,15,15,15,15,0,0,15,0,0,1.0,1.0,1.0,0.0,0.0,0.0,0,0,0,,,1.0
legacy121_v1__2lhp_37_hp_nmr_a__legacy_gt__rnafold__historical_legacy121_v1,2LHP_37_hp_nmr_A,rnafold,R2,37,15,15,15,15,0,0,15,0,0,1.0,1.0,1.0,0.0,0.0,0.0,0,0,0,,,1.0
legacy121_v1__2lhp_37_hp_nmr_a__legacy_gt__rnafold__historical_legacy121_v1,2LHP_37_hp_nmr_A,rnafold,R3,37,15,15,15,15,0,0,15,0,0,1.0,1.0,1.0,0.0,0.0,0.0,0,0,0,,,1.0
legacy121_v1__2lhp_37_hp_nmr_a__legacy_gt__rnafold__historical_legacy121_v1,2LHP_37_hp_nmr_A,rnafold,R1_R2,37,15,15,15,15,0,0,15,0,0,1.0,1.0,1.0,0.0,0.0,0.0,0,0,0,,,1.0
legacy121_v1__2lhp_37_hp_nmr_a__legacy_gt__rnafold__historical_legacy121_v1,2LHP_37_hp_nmr_A,rnafold,R1_R3,37,15,15,15,15,0,0,15,0,0,1.0,1.0,1.0,0.0,0.0,0.0,0,0,0,,,1.0
legacy121_v1__2lhp_37_hp_nmr_a__legacy_gt__trrosettarna2_native_ss__historical_legacy121_v1,2LHP_37_hp_nmr_A,trrosettarna2_native_ss,ORIGINAL,37,15,17,17,15,2,0,15,2,0,0.8823529411764706,1.0,0.9375,0.0,0.0,0.0,0,0,0,,,1.0
legacy121_v1__2lhp_37_hp_nmr_a__legacy_gt__trrosettarna2_native_ss__historical_legacy121_v1,2LHP_37_hp_nmr_A,trrosettarna2_native_ss,R1,37,15,17,17,15,2,0,15,2,0,0.8823529411764706,1.0,0.9375,0.0,0.0,0.0,0,0,0,,,1.0
legacy121_v1__2lhp_37_hp_nmr_a__legacy_gt__trrosettarna2_native_ss__historical_legacy121_v1,2LHP_37_hp_nmr_A,trrosettarna2_native_ss,R2,37,15,17,17,15,2,0,15,2,0,0.8823529411764706,1.0,0.9375,0.0,0.0,0.0,0,0,0,,,1.0
legacy121_v1__2lhp_37_hp_nmr_a__legacy_gt__trrosettarna2_native_ss__historical_legacy121_v1,2LHP_37_hp_nmr_A,trrosettarna2_native_ss,R3,37,15,17,17,15,2,0,15,2,0,0.8823529411764706,1.0,0.9375,0.0,0.0,0.0,0,0,0,,,1.0
legacy121_v1__2lhp_37_hp_nmr_a__legacy_gt__trrosettarna2_native_ss__historical_legacy121_v1,2LHP_37_hp_nmr_A,trrosettarna2_native_ss,R1_R2,37,15,17,17,15,2,0,15,2,0,0.8823529411764706,1.0,0.9375,0.0,0.0,0.0,0,0,0,,,1.0
legacy121_v1__2lhp_37_hp_nmr_a__legacy_gt__trrosettarna2_native_ss__historical_legacy121_v1,2LHP_37_hp_nmr_A,trrosettarna2_native_ss,R1_R3,37,15,17,17,15,2,0,15,2,0,0.8823529411764706,1.0,0.9375,0.0,0.0,0.0,0,0,0,,,1.0
legacy121_v1__2li4_32_hp_nmr_a__legacy_gt__petfold__historical_legacy121_v1,2LI4_32_hp_nmr_A,petfold,ORIGINAL,32,14,14,14,14,0,0,14,0,0,1.0,1.0,1.0,0.0,0.0,0.0,0,0,0,,,1.0
legacy121_v1__2li4_32_hp_nmr_a__legacy_gt__petfold__historical_legacy121_v1,2LI4_32_hp_nmr_A,petfold,R1,32,14,14,14,14,0,0,14,0,0,1.0,1.0,1.0,0.0,0.0,0.0,0,0,0,,,1.0
legacy121_v1__2li4_32_hp_nmr_a__legacy_gt__petfold__historical_legacy121_v1,2LI4_32_hp_nmr_A,petfold,R2,32,14,14,14,14,0,0,14,0,0,1.0,1.0,1.0,0.0,0.0,0.0,0,0,0,,,1.0
legacy121_v1__2li4_32_hp_nmr_a__legacy_gt__petfold__historical_legacy121_v1,2LI4_32_hp_nmr_A,petfold,R3,32,14,14,14,14,0,0,14,0,0,1.0,1.0,1.0,0.0,0.0,0.0,0,0,0,,,1.0
legacy121_v1__2li4_32_hp_nmr_a__legacy_gt__petfold__historical_legacy121_v1,2LI4_32_hp_nmr_A,petfold,R1_R2,32,14,14,14,14,0,0,14,0,0,1.0,1.0,1.0,0.0,0.0,0.0,0,0,0,,,1.0
legacy121_v1__2li4_32_hp_nmr_a__legacy_gt__petfold__historical_legacy121_v1,2LI4_32_hp_nmr_A,petfold,R1_R3,32,14,14,14,14,0,0,14,0,0,1.0,1.0,1.0,0.0,0.0,0.0,0,0,0,,,1.0
legacy121_v1__2li4_32_hp_nmr_a__legacy_gt__rnafold__historical_legacy121_v1,2LI4_32_hp_nmr_A,rnafold,ORIGINAL,32,14,14,14,14,0,0,14,0,0,1.0,1.0,1.0,0.0,0.0,0.0,0,0,0,,,1.0
legacy121_v1__2li4_32_hp_nmr_a__legacy_gt__rnafold__historical_legacy121_v1,2LI4_32_hp_nmr_A,rnafold,R1,32,14,14,14,14,0,0,14,0,0,1.0,1.0,1.0,0.0,0.0,0.0,0,0,0,,,1.0
legacy121_v1__2li4_32_hp_nmr_a__legacy_gt__rnafold__historical_legacy121_v1,2LI4_32_hp_nmr_A,rnafold,R2,32,14,14,14,14,0,0,14,0,0,1.0,1.0,1.0,0.0,0.0,0.0,0,0,0,,,1.0
legacy121_v1__2li4_32_hp_nmr_a__legacy_gt__rnafold__historical_legacy121_v1,2LI4_32_hp_nmr_A,rnafold,R3,32,14,14,14,14,0,0,14,0,0,1.0,1.0,1.0,0.0,0.0,0.0,0,0,0,,,1.0
legacy121_v1__2li4_32_hp_nmr_a__legacy_gt__rnafold__historical_legacy121_v1,2LI4_32_hp_nmr_A,rnafold,R1_R2,32,14,14,14,14,0,0,14,0,0,1.0,1.0,1.0,0.0,0.0,0.0,0,0,0,,,1.0
legacy121_v1__2li4_32_hp_nmr_a__legacy_gt__rnafold__historical_legacy121_v1,2LI4_32_hp_nmr_A,rnafold,R1_R3,32,14,14,14,14,0,0,14,0,0,1.0,1.0,1.0,0.0,0.0,0.0,0,0,0,,,1.0
legacy121_v1__2li4_32_hp_nmr_a__legacy_gt__trrosettarna2_native_ss__historical_legacy121_v1,2LI4_32_hp_nmr_A,trrosettarna2_native_ss,ORIGINAL,32,14,15,15,14,1,0,14,1,0,0.9333333333333333,1.0,0.9655172413793104,0.0,0.0,0.0,0,0,0,,,1.0
legacy121_v1__2li4_32_hp_nmr_a__legacy_gt__trrosettarna2_native_ss__historical_legacy121_v1,2LI4_32_hp_nmr_A,trrosettarna2_native_ss,R1,32,14,15,15,14,1,0,14,1,0,0.9333333333333333,1.0,0.9655172413793104,0.0,0.0,0.0,0,0,0,,,1.0
legacy121_v1__2li4_32_hp_nmr_a__legacy_gt__trrosettarna2_native_ss__historical_legacy121_v1,2LI4_32_hp_nmr_A,trrosettarna2_native_ss,R2,32,14,15,15,14,1,0,14,1,0,0.9333333333333333,1.0,0.9655172413793104,0.0,0.0,0.0,0,0,0,,,1.0
legacy121_v1__2li4_32_hp_nmr_a__legacy_gt__trrosettarna2_native_ss__historical_legacy121_v1,2LI4_32_hp_nmr_A,trrosettarna2_native_ss,R3,32,14,15,15,14,1,0,14,1,0,0.9333333333333333,1.0,0.9655172413793104,0.0,0.0,0.0,0,0,0,,,1.0
legacy121_v1__2li4_32_hp_nmr_a__legacy_gt__trrosettarna2_native_ss__historical_legacy121_v1,2LI4_32_hp_nmr_A,trrosettarna2_native_ss,R1_R2,32,14,15,15,14,1,0,14,1,0,0.9333333333333333,1.0,0.9655172413793104,0.0,0.0,0.0,0,0,0,,,1.0
legacy121_v1__2li4_32_hp_nmr_a__legacy_gt__trrosettarna2_native_ss__historical_legacy121_v1,2LI4_32_hp_nmr_A,trrosettarna2_native_ss,R1_R3,32,14,15,15,14,1,0,14,1,0,0.9333333333333333,1.0,0.9655172413793104,0.0,0.0,0.0,0,0,0,,,1.0
legacy121_v1__2ljj_27_hpbulge_nmr_a__legacy_gt__petfold__historical_legacy121_v1,2LJJ_27_hpbulge_nmr_A,petfold,ORIGINAL,27,9,10,10,9,1,0,9,1,0,0.9,1.0,0.9473684210526315,0.0,0.0,0.0,0,0,0,,,1.0
legacy121_v1__2ljj_27_hpbulge_nmr_a__legacy_gt__petfold__historical_legacy121_v1,2LJJ_27_hpbulge_nmr_A,petfold,R1,27,9,10,10,9,1,0,9,1,0,0.9,1.0,0.9473684210526315,0.0,0.0,0.0,0,0,0,,,1.0
legacy121_v1__2ljj_27_hpbulge_nmr_a__legacy_gt__petfold__historical_legacy121_v1,2LJJ_27_hpbulge_nmr_A,petfold,R2,27,9,10,10,9,1,0,9,1,0,0.9,1.0,0.9473684210526315,0.0,0.0,0.0,0,0,0,,,1.0
legacy121_v1__2ljj_27_hpbulge_nmr_a__legacy_gt__petfold__historical_legacy121_v1,2LJJ_27_hpbulge_nmr_A,petfold,R3,27,9,10,10,9,1,0,9,1,0,0.9,1.0,0.9473684210526315,0.0,0.0,0.0,0,0,0,,,1.0
legacy121_v1__2ljj_27_hpbulge_nmr_a__legacy_gt__petfold__historical_legacy121_v1,2LJJ_27_hpbulge_nmr_A,petfold,R1_R2,27,9,10,10,9,1,0,9,1,0,0.9,1.0,0.9473684210526315,0.0,0.0,0.0,0,0,0,,,1.0
legacy121_v1__2ljj_27_hpbulge_nmr_a__legacy_gt__petfold__historical_legacy121_v1,2LJJ_27_hpbulge_nmr_A,petfold,R1_R3,27,9,10,10,9,1,0,9,1,0,0.9,1.0,0.9473684210526315,0.0,0.0,0.0,0,0,0,,,1.0
legacy121_v1__2ljj_27_hpbulge_nmr_a__legacy_gt__rnafold__historical_legacy121_v1,2LJJ_27_hpbulge_nmr_A,rnafold,ORIGINAL,27,9,10,10,9,1,0,9,1,0,0.9,1.0,0.9473684210526315,0.0,0.0,0.0,0,0,0,,,1.0
legacy121_v1__2ljj_27_hpbulge_nmr_a__legacy_gt__rnafold__historical_legacy121_v1,2LJJ_27_hpbulge_nmr_A,rnafold,R1,27,9,10,10,9,1,0,9,1,0,0.9,1.0,0.9473684210526315,0.0,0.0,0.0,0,0,0,,,1.0
legacy121_v1__2ljj_27_hpbulge_nmr_a__legacy_gt__rnafold__historical_legacy121_v1,2LJJ_27_hpbulge_nmr_A,rnafold,R2,27,9,10,10,9,1,0,9,1,0,0.9,1.0,0.9473684210526315,0.0,0.0,0.0,0,0,0,,,1.0
legacy121_v1__2ljj_27_hpbulge_nmr_a__legacy_gt__rnafold__historical_legacy121_v1,2LJJ_27_hpbulge_nmr_A,rnafold,R3,27,9,10,10,9,1,0,9,1,0,0.9,1.0,0.9473684210526315,0.0,0.0,0.0,0,0,0,,,1.0
legacy121_v1__2ljj_27_hpbulge_nmr_a__legacy_gt__rnafold__historical_legacy121_v1,2LJJ_27_hpbulge_nmr_A,rnafold,R1_R2,27,9,10,10,9,1,0,9,1,0,0.9,1.0,0.9473684210526315,0.0,0.0,0.0,0,0,0,,,1.0
legacy121_v1__2ljj_27_hpbulge_nmr_a__legacy_gt__rnafold__historical_legacy121_v1,2LJJ_27_hpbulge_nmr_A,rnafold,R1_R3,27,9,10,10,9,1,0,9,1,0,0.9,1.0,0.9473684210526315,0.0,0.0,0.0,0,0,0,,,1.0
legacy121_v1__2ljj_27_hpbulge_nmr_a__legacy_gt__trrosettarna2_native_ss__historical_legacy121_v1,2LJJ_27_hpbulge_nmr_A,trrosettarna2_native_ss,ORIGINAL,27,9,9,9,9,0,0,9,0,0,1.0,1.0,1.0,0.0,0.0,0.0,0,0,0,,,1.0
legacy121_v1__2ljj_27_hpbulge_nmr_a__legacy_gt__trrosettarna2_native_ss__historical_legacy121_v1,2LJJ_27_hpbulge_nmr_A,trrosettarna2_native_ss,R1,27,9,9,9,9,0,0,9,0,0,1.0,1.0,1.0,0.0,0.0,0.0,0,0,0,,,1.0
legacy121_v1__2ljj_27_hpbulge_nmr_a__legacy_gt__trrosettarna2_native_ss__historical_legacy121_v1,2LJJ_27_hpbulge_nmr_A,trrosettarna2_native_ss,R2,27,9,9,9,9,0,0,9,0,0,1.0,1.0,1.0,0.0,0.0,0.0,0,0,0,,,1.0
legacy121_v1__2ljj_27_hpbulge_nmr_a__legacy_gt__trrosettarna2_native_ss__historical_legacy121_v1,2LJJ_27_hpbulge_nmr_A,trrosettarna2_native_ss,R3,27,9,9,9,9,0,0,9,0,0,1.0,1.0,1.0,0.0,0.0,0.0,0,0,0,,,1.0
legacy121_v1__2ljj_27_hpbulge_nmr_a__legacy_gt__trrosettarna2_native_ss__historical_legacy121_v1,2LJJ_27_hpbulge_nmr_A,trrosettarna2_native_ss,R1_R2,27,9,9,9,9,0,0,9,0,0,1.0,1.0,1.0,0.0,0.0,0.0,0,0,0,,,1.0
legacy121_v1__2ljj_27_hpbulge_nmr_a__legacy_gt__trrosettarna2_native_ss__historical_legacy121_v1,2LJJ_27_hpbulge_nmr_A,trrosettarna2_native_ss,R1_R3,27,9,9,9,9,0,0,9,0,0,1.0,1.0,1.0,0.0,0.0,0.0,0,0,0,,,1.0
legacy121_v1__2lk3_24_hpbulge_nmr_a__legacy_gt__petfold__historical_legacy121_v1,2LK3_24_hpbulge_nmr_A,petfold,ORIGINAL,24,9,9,9,9,0,0,9,0,0,1.0,1.0,1.0,0.0,0.0,0.0,0,0,0,,,1.0
legacy121_v1__2lk3_24_hpbulge_nmr_a__legacy_gt__petfold__historical_legacy121_v1,2LK3_24_hpbulge_nmr_A,petfold,R1,24,9,9,9,9,0,0,9,0,0,1.0,1.0,1.0,0.0,0.0,0.0,0,0,0,,,1.0
legacy121_v1__2lk3_24_hpbulge_nmr_a__legacy_gt__petfold__historical_legacy121_v1,2LK3_24_hpbulge_nmr_A,petfold,R2,24,9,9,9,9,0,0,9,0,0,1.0,1.0,1.0,0.0,0.0,0.0,0,0,0,,,1.0
legacy121_v1__2lk3_24_hpbulge_nmr_a__legacy_gt__petfold__historical_legacy121_v1,2LK3_24_hpbulge_nmr_A,petfold,R3,24,9,9,9,9,0,0,9,0,0,1.0,1.0,1.0,0.0,0.0,0.0,0,0,0,,,1.0
legacy121_v1__2lk3_24_hpbulge_nmr_a__legacy_gt__petfold__historical_legacy121_v1,2LK3_24_hpbulge_nmr_A,petfold,R1_R2,24,9,9,9,9,0,0,9,0,0,1.0,1.0,1.0,0.0,0.0,0.0,0,0,0,,,1.0
legacy121_v1__2lk3_24_hpbulge_nmr_a__legacy_gt__petfold__historical_legacy121_v1,2LK3_24_hpbulge_nmr_A,petfold,R1_R3,24,9,9,9,9,0,0,9,0,0,1.0,1.0,1.0,0.0,0.0,0.0,0,0,0,,,1.0
legacy121_v1__2lk3_24_hpbulge_nmr_a__legacy_gt__rnafold__historical_legacy121_v1,2LK3_24_hpbulge_nmr_A,rnafold,ORIGINAL,24,9,9,9,9,0,0,9,0,0,1.0,1.0,1.0,0.0,0.0,0.0,0,0,0,,,1.0
legacy121_v1__2lk3_24_hpbulge_nmr_a__legacy_gt__rnafold__historical_legacy121_v1,2LK3_24_hpbulge_nmr_A,rnafold,R1,24,9,9,9,9,0,0,9,0,0,1.0,1.0,1.0,0.0,0.0,0.0,0,0,0,,,1.0
legacy121_v1__2lk3_24_hpbulge_nmr_a__legacy_gt__rnafold__historical_legacy121_v1,2LK3_24_hpbulge_nmr_A,rnafold,R2,24,9,9,9,9,0,0,9,0,0,1.0,1.0,1.0,0.0,0.0,0.0,0,0,0,,,1.0
legacy121_v1__2lk3_24_hpbulge_nmr_a__legacy_gt__rnafold__historical_legacy121_v1,2LK3_24_hpbulge_nmr_A,rnafold,R3,24,9,9,9,9,0,0,9,0,0,1.0,1.0,1.0,0.0,0.0,0.0,0,0,0,,,1.0
legacy121_v1__2lk3_24_hpbulge_nmr_a__legacy_gt__rnafold__historical_legacy121_v1,2LK3_24_hpbulge_nmr_A,rnafold,R1_R2,24,9,9,9,9,0,0,9,0,0,1.0,1.0,1.0,0.0,0.0,0.0,0,0,0,,,1.0
legacy121_v1__2lk3_24_hpbulge_nmr_a__legacy_gt__rnafold__historical_legacy121_v1,2LK3_24_hpbulge_nmr_A,rnafold,R1_R3,24,9,9,9,9,0,0,9,0,0,1.0,1.0,1.0,0.0,0.0,0.0,0,0,0,,,1.0
legacy121_v1__2lk3_24_hpbulge_nmr_a__legacy_gt__trrosettarna2_native_ss__historical_legacy121_v1,2LK3_24_hpbulge_nmr_A,trrosettarna2_native_ss,ORIGINAL,24,9,10,10,9,1,0,9,1,0,0.9,1.0,0.9473684210526315,0.0,0.0,0.0,0,0,0,,,1.0
legacy121_v1__2lk3_24_hpbulge_nmr_a__legacy_gt__trrosettarna2_native_ss__historical_legacy121_v1,2LK3_24_hpbulge_nmr_A,trrosettarna2_native_ss,R1,24,9,10,10,9,1,0,9,1,0,0.9,1.0,0.9473684210526315,0.0,0.0,0.0,0,0,0,,,1.0
legacy121_v1__2lk3_24_hpbulge_nmr_a__legacy_gt__trrosettarna2_native_ss__historical_legacy121_v1,2LK3_24_hpbulge_nmr_A,trrosettarna2_native_ss,R2,24,9,10,10,9,1,0,9,1,0,0.9,1.0,0.9473684210526315,0.0,0.0,0.0,0,0,0,,,1.0
legacy121_v1__2lk3_24_hpbulge_nmr_a__legacy_gt__trrosettarna2_native_ss__historical_legacy121_v1,2LK3_24_hpbulge_nmr_A,trrosettarna2_native_ss,R3,24,9,10,10,9,1,0,9,1,0,0.9,1.0,0.9473684210526315,0.0,0.0,0.0,0,0,0,,,1.0
legacy121_v1__2lk3_24_hpbulge_nmr_a__legacy_gt__trrosettarna2_native_ss__historical_legacy121_v1,2LK3_24_hpbulge_nmr_A,trrosettarna2_native_ss,R1_R2,24,9,10,10,9,1,0,9,1,0,0.9,1.0,0.9473684210526315,0.0,0.0,0.0,0,0,0,,,1.0
legacy121_v1__2lk3_24_hpbulge_nmr_a__legacy_gt__trrosettarna2_native_ss__historical_legacy121_v1,2LK3_24_hpbulge_nmr_A,trrosettarna2_native_ss,R1_R3,24,9,10,10,9,1,0,9,1,0,0.9,1.0,0.9473684210526315,0.0,0.0,0.0,0,0,0,,,1.0
legacy121_v1__2lkr_110_3wj_nmr_a__legacy_gt__petfold__historical_legacy121_v1,2LKR_110_3wj_nmr_A,petfold,ORIGINAL,111,33,37,37,30,7,3,30,7,3,0.8108108108108109,0.9090909090909091,0.8571428571428571,0.0,0.0,0.0,0,0,0,,,1.0
legacy121_v1__2lkr_110_3wj_nmr_a__legacy_gt__petfold__historical_legacy121_v1,2LKR_110_3wj_nmr_A,petfold,R1,111,33,37,37,30,7,3,30,7,3,0.8108108108108109,0.9090909090909091,0.8571428571428571,0.0,0.0,0.0,0,0,0,,,1.0
legacy121_v1__2lkr_110_3wj_nmr_a__legacy_gt__petfold__historical_legacy121_v1,2LKR_110_3wj_nmr_A,petfold,R2,111,33,37,35,30,7,3,30,5,3,0.8571428571428571,0.9090909090909091,0.8823529411764706,0.04633204633204624,0.0,0.025210084033613467,2,2,0,1.0,0.0,1.0
legacy121_v1__2lkr_110_3wj_nmr_a__legacy_gt__petfold__historical_legacy121_v1,2LKR_110_3wj_nmr_A,petfold,R3,111,33,37,37,30,7,3,30,7,3,0.8108108108108109,0.9090909090909091,0.8571428571428571,0.0,0.0,0.0,0,0,0,,,1.0
legacy121_v1__2lkr_110_3wj_nmr_a__legacy_gt__petfold__historical_legacy121_v1,2LKR_110_3wj_nmr_A,petfold,R1_R2,111,33,37,35,30,7,3,30,5,3,0.8571428571428571,0.9090909090909091,0.8823529411764706,0.04633204633204624,0.0,0.025210084033613467,2,2,0,1.0,0.0,1.0
legacy121_v1__2lkr_110_3wj_nmr_a__legacy_gt__petfold__historical_legacy121_v1,2LKR_110_3wj_nmr_A,petfold,R1_R3,111,33,37,37,30,7,3,30,7,3,0.8108108108108109,0.9090909090909091,0.8571428571428571,0.0,0.0,0.0,0,0,0,,,1.0
legacy121_v1__2lkr_110_3wj_nmr_a__legacy_gt__rnafold__historical_legacy121_v1,2LKR_110_3wj_nmr_A,rnafold,ORIGINAL,111,33,39,39,29,10,4,29,10,4,0.7435897435897436,0.8787878787878788,0.8055555555555556,0.0,0.0,0.0,0,0,0,,,1.0
legacy121_v1__2lkr_110_3wj_nmr_a__legacy_gt__rnafold__historical_legacy121_v1,2LKR_110_3wj_nmr_A,rnafold,R1,111,33,39,37,29,10,4,29,8,4,0.7837837837837838,0.8787878787878788,0.8285714285714286,0.04019404019404016,0.0,0.023015873015873045,2,2,0,1.0,0.0,1.0
legacy121_v1__2lkr_110_3wj_nmr_a__legacy_gt__rnafold__historical_legacy121_v1,2LKR_110_3wj_nmr_A,rnafold,R2,111,33,39,39,29,10,4,29,10,4,0.7435897435897436,0.8787878787878788,0.8055555555555556,0.0,0.0,0.0,0,0,0,,,1.0
legacy121_v1__2lkr_110_3wj_nmr_a__legacy_gt__rnafold__historical_legacy121_v1,2LKR_110_3wj_nmr_A,rnafold,R3,111,33,39,39,29,10,4,29,10,4,0.7435897435897436,0.8787878787878788,0.8055555555555556,0.0,0.0,0.0,0,0,0,,,1.0
legacy121_v1__2lkr_110_3wj_nmr_a__legacy_gt__rnafold__historical_legacy121_v1,2LKR_110_3wj_nmr_A,rnafold,R1_R2,111,33,39,37,29,10,4,29,8,4,0.7837837837837838,0.8787878787878788,0.8285714285714286,0.04019404019404016,0.0,0.023015873015873045,2,2,0,1.0,0.0,1.0
legacy121_v1__2lkr_110_3wj_nmr_a__legacy_gt__rnafold__historical_legacy121_v1,2LKR_110_3wj_nmr_A,rnafold,R1_R3,111,33,39,37,29,10,4,29,8,4,0.7837837837837838,0.8787878787878788,0.8285714285714286,0.04019404019404016,0.0,0.023015873015873045,2,2,0,1.0,0.0,1.0
legacy121_v1__2lkr_110_3wj_nmr_a__legacy_gt__trrosettarna2_native_ss__historical_legacy121_v1,2LKR_110_3wj_nmr_A,trrosettarna2_native_ss,ORIGINAL,111,33,37,37,33,4,0,33,4,0,0.8918918918918919,1.0,0.9428571428571428,0.0,0.0,0.0,0,0,0,,,1.0
legacy121_v1__2lkr_110_3wj_nmr_a__legacy_gt__trrosettarna2_native_ss__historical_legacy121_v1,2LKR_110_3wj_nmr_A,trrosettarna2_native_ss,R1,111,33,37,37,33,4,0,33,4,0,0.8918918918918919,1.0,0.9428571428571428,0.0,0.0,0.0,0,0,0,,,1.0
legacy121_v1__2lkr_110_3wj_nmr_a__legacy_gt__trrosettarna2_native_ss__historical_legacy121_v1,2LKR_110_3wj_nmr_A,trrosettarna2_native_ss,R2,111,33,37,37,33,4,0,33,4,0,0.8918918918918919,1.0,0.9428571428571428,0.0,0.0,0.0,0,0,0,,,1.0
legacy121_v1__2lkr_110_3wj_nmr_a__legacy_gt__trrosettarna2_native_ss__historical_legacy121_v1,2LKR_110_3wj_nmr_A,trrosettarna2_native_ss,R3,111,33,37,37,33,4,0,33,4,0,0.8918918918918919,1.0,0.9428571428571428,0.0,0.0,0.0,0,0,0,,,1.0
legacy121_v1__2lkr_110_3wj_nmr_a__legacy_gt__trrosettarna2_native_ss__historical_legacy121_v1,2LKR_110_3wj_nmr_A,trrosettarna2_native_ss,R1_R2,111,33,37,37,33,4,0,33,4,0,0.8918918918918919,1.0,0.9428571428571428,0.0,0.0,0.0,0,0,0,,,1.0
legacy121_v1__2lkr_110_3wj_nmr_a__legacy_gt__trrosettarna2_native_ss__historical_legacy121_v1,2LKR_110_3wj_nmr_A,trrosettarna2_native_ss,R1_R3,111,33,37,37,33,4,0,33,4,0,0.8918918918918919,1.0,0.9428571428571428,0.0,0.0,0.0,0,0,0,,,1.0
legacy121_v1__2lqz_27_hpbulge_nmr_a__legacy_gt__petfold__historical_legacy121_v1,2LQZ_27_hpbulge_nmr_A,petfold,ORIGINAL,27,8,10,10,8,2,0,8,2,0,0.8,1.0,0.8888888888888888,0.0,0.0,0.0,0,0,0,,,1.0
legacy121_v1__2lqz_27_hpbulge_nmr_a__legacy_gt__petfold__historical_legacy121_v1,2LQZ_27_hpbulge_nmr_A,petfold,R1,27,8,10,10,8,2,0,8,2,0,0.8,1.0,0.8888888888888888,0.0,0.0,0.0,0,0,0,,,1.0
legacy121_v1__2lqz_27_hpbulge_nmr_a__legacy_gt__petfold__historical_legacy121_v1,2LQZ_27_hpbulge_nmr_A,petfold,R2,27,8,10,10,8,2,0,8,2,0,0.8,1.0,0.8888888888888888,0.0,0.0,0.0,0,0,0,,,1.0
legacy121_v1__2lqz_27_hpbulge_nmr_a__legacy_gt__petfold__historical_legacy121_v1,2LQZ_27_hpbulge_nmr_A,petfold,R3,27,8,10,10,8,2,0,8,2,0,0.8,1.0,0.8888888888888888,0.0,0.0,0.0,0,0,0,,,1.0
legacy121_v1__2lqz_27_hpbulge_nmr_a__legacy_gt__petfold__historical_legacy121_v1,2LQZ_27_hpbulge_nmr_A,petfold,R1_R2,27,8,10,10,8,2,0,8,2,0,0.8,1.0,0.8888888888888888,0.0,0.0,0.0,0,0,0,,,1.0
legacy121_v1__2lqz_27_hpbulge_nmr_a__legacy_gt__petfold__historical_legacy121_v1,2LQZ_27_hpbulge_nmr_A,petfold,R1_R3,27,8,10,10,8,2,0,8,2,0,0.8,1.0,0.8888888888888888,0.0,0.0,0.0,0,0,0,,,1.0
legacy121_v1__2lqz_27_hpbulge_nmr_a__legacy_gt__rnafold__historical_legacy121_v1,2LQZ_27_hpbulge_nmr_A,rnafold,ORIGINAL,27,8,10,10,8,2,0,8,2,0,0.8,1.0,0.8888888888888888,0.0,0.0,0.0,0,0,0,,,1.0
legacy121_v1__2lqz_27_hpbulge_nmr_a__legacy_gt__rnafold__historical_legacy121_v1,2LQZ_27_hpbulge_nmr_A,rnafold,R1,27,8,10,10,8,2,0,8,2,0,0.8,1.0,0.8888888888888888,0.0,0.0,0.0,0,0,0,,,1.0
legacy121_v1__2lqz_27_hpbulge_nmr_a__legacy_gt__rnafold__historical_legacy121_v1,2LQZ_27_hpbulge_nmr_A,rnafold,R2,27,8,10,10,8,2,0,8,2,0,0.8,1.0,0.8888888888888888,0.0,0.0,0.0,0,0,0,,,1.0
legacy121_v1__2lqz_27_hpbulge_nmr_a__legacy_gt__rnafold__historical_legacy121_v1,2LQZ_27_hpbulge_nmr_A,rnafold,R3,27,8,10,10,8,2,0,8,2,0,0.8,1.0,0.8888888888888888,0.0,0.0,0.0,0,0,0,,,1.0
legacy121_v1__2lqz_27_hpbulge_nmr_a__legacy_gt__rnafold__historical_legacy121_v1,2LQZ_27_hpbulge_nmr_A,rnafold,R1_R2,27,8,10,10,8,2,0,8,2,0,0.8,1.0,0.8888888888888888,0.0,0.0,0.0,0,0,0,,,1.0
legacy121_v1__2lqz_27_hpbulge_nmr_a__legacy_gt__rnafold__historical_legacy121_v1,2LQZ_27_hpbulge_nmr_A,rnafold,R1_R3,27,8,10,10,8,2,0,8,2,0,0.8,1.0,0.8888888888888888,0.0,0.0,0.0,0,0,0,,,1.0
legacy121_v1__2lqz_27_hpbulge_nmr_a__legacy_gt__trrosettarna2_native_ss__historical_legacy121_v1,2LQZ_27_hpbulge_nmr_A,trrosettarna2_native_ss,ORIGINAL,27,8,10,10,8,2,0,8,2,0,0.8,1.0,0.8888888888888888,0.0,0.0,0.0,0,0,0,,,1.0
legacy121_v1__2lqz_27_hpbulge_nmr_a__legacy_gt__trrosettarna2_native_ss__historical_legacy121_v1,2LQZ_27_hpbulge_nmr_A,trrosettarna2_native_ss,R1,27,8,10,10,8,2,0,8,2,0,0.8,1.0,0.8888888888888888,0.0,0.0,0.0,0,0,0,,,1.0
legacy121_v1__2lqz_27_hpbulge_nmr_a__legacy_gt__trrosettarna2_native_ss__historical_legacy121_v1,2LQZ_27_hpbulge_nmr_A,trrosettarna2_native_ss,R2,27,8,10,10,8,2,0,8,2,0,0.8,1.0,0.8888888888888888,0.0,0.0,0.0,0,0,0,,,1.0
legacy121_v1__2lqz_27_hpbulge_nmr_a__legacy_gt__trrosettarna2_native_ss__historical_legacy121_v1,2LQZ_27_hpbulge_nmr_A,trrosettarna2_native_ss,R3,27,8,10,10,8,2,0,8,2,0,0.8,1.0,0.8888888888888888,0.0,0.0,0.0,0,0,0,,,1.0
legacy121_v1__2lqz_27_hpbulge_nmr_a__legacy_gt__trrosettarna2_native_ss__historical_legacy121_v1,2LQZ_27_hpbulge_nmr_A,trrosettarna2_native_ss,R1_R2,27,8,10,10,8,2,0,8,2,0,0.8,1.0,0.8888888888888888,0.0,0.0,0.0,0,0,0,,,1.0
legacy121_v1__2lqz_27_hpbulge_nmr_a__legacy_gt__trrosettarna2_native_ss__historical_legacy121_v1,2LQZ_27_hpbulge_nmr_A,trrosettarna2_native_ss,R1_R3,27,8,10,10,8,2,0,8,2,0,0.8,1.0,0.8888888888888888,0.0,0.0,0.0,0,0,0,,,1.0
legacy121_v1__2lu0_49_3wj_nmr_a__legacy_gt__petfold__historical_legacy121_v1,2LU0_49_3wj_nmr_A,petfold,ORIGINAL,49,16,16,16,16,0,0,16,0,0,1.0,1.0,1.0,0.0,0.0,0.0,0,0,0,,,1.0
legacy121_v1__2lu0_49_3wj_nmr_a__legacy_gt__petfold__historical_legacy121_v1,2LU0_49_3wj_nmr_A,petfold,R1,49,16,16,16,16,0,0,16,0,0,1.0,1.0,1.0,0.0,0.0,0.0,0,0,0,,,1.0
legacy121_v1__2lu0_49_3wj_nmr_a__legacy_gt__petfold__historical_legacy121_v1,2LU0_49_3wj_nmr_A,petfold,R2,49,16,16,14,16,0,0,14,0,2,1.0,0.875,0.9333333333333333,0.0,-0.125,-0.06666666666666665,2,0,2,0.0,1.0,0.875
legacy121_v1__2lu0_49_3wj_nmr_a__legacy_gt__petfold__historical_legacy121_v1,2LU0_49_3wj_nmr_A,petfold,R3,49,16,16,16,16,0,0,16,0,0,1.0,1.0,1.0,0.0,0.0,0.0,0,0,0,,,1.0
legacy121_v1__2lu0_49_3wj_nmr_a__legacy_gt__petfold__historical_legacy121_v1,2LU0_49_3wj_nmr_A,petfold,R1_R2,49,16,16,14,16,0,0,14,0,2,1.0,0.875,0.9333333333333333,0.0,-0.125,-0.06666666666666665,2,0,2,0.0,1.0,0.875
legacy121_v1__2lu0_49_3wj_nmr_a__legacy_gt__petfold__historical_legacy121_v1,2LU0_49_3wj_nmr_A,petfold,R1_R3,49,16,16,16,16,0,0,16,0,0,1.0,1.0,1.0,0.0,0.0,0.0,0,0,0,,,1.0
legacy121_v1__2lu0_49_3wj_nmr_a__legacy_gt__rnafold__historical_legacy121_v1,2LU0_49_3wj_nmr_A,rnafold,ORIGINAL,49,16,16,16,16,0,0,16,0,0,1.0,1.0,1.0,0.0,0.0,0.0,0,0,0,,,1.0
legacy121_v1__2lu0_49_3wj_nmr_a__legacy_gt__rnafold__historical_legacy121_v1,2LU0_49_3wj_nmr_A,rnafold,R1,49,16,16,16,16,0,0,16,0,0,1.0,1.0,1.0,0.0,0.0,0.0,0,0,0,,,1.0
legacy121_v1__2lu0_49_3wj_nmr_a__legacy_gt__rnafold__historical_legacy121_v1,2LU0_49_3wj_nmr_A,rnafold,R2,49,16,16,14,16,0,0,14,0,2,1.0,0.875,0.9333333333333333,0.0,-0.125,-0.06666666666666665,2,0,2,0.0,1.0,0.875
legacy121_v1__2lu0_49_3wj_nmr_a__legacy_gt__rnafold__historical_legacy121_v1,2LU0_49_3wj_nmr_A,rnafold,R3,49,16,16,16,16,0,0,16,0,0,1.0,1.0,1.0,0.0,0.0,0.0,0,0,0,,,1.0
legacy121_v1__2lu0_49_3wj_nmr_a__legacy_gt__rnafold__historical_legacy121_v1,2LU0_49_3wj_nmr_A,rnafold,R1_R2,49,16,16,14,16,0,0,14,0,2,1.0,0.875,0.9333333333333333,0.0,-0.125,-0.06666666666666665,2,0,2,0.0,1.0,0.875
legacy121_v1__2lu0_49_3wj_nmr_a__legacy_gt__rnafold__historical_legacy121_v1,2LU0_49_3wj_nmr_A,rnafold,R1_R3,49,16,16,16,16,0,0,16,0,0,1.0,1.0,1.0,0.0,0.0,0.0,0,0,0,,,1.0
legacy121_v1__2lu0_49_3wj_nmr_a__legacy_gt__trrosettarna2_native_ss__historical_legacy121_v1,2LU0_49_3wj_nmr_A,trrosettarna2_native_ss,ORIGINAL,49,16,20,20,16,4,0,16,4,0,0.8,1.0,0.8888888888888888,0.0,0.0,0.0,0,0,0,,,1.0
legacy121_v1__2lu0_49_3wj_nmr_a__legacy_gt__trrosettarna2_native_ss__historical_legacy121_v1,2LU0_49_3wj_nmr_A,trrosettarna2_native_ss,R1,49,16,20,18,16,4,0,16,2,0,0.8888888888888888,1.0,0.9411764705882353,0.0888888888888888,0.0,0.05228758169934644,2,2,0,1.0,0.0,1.0
legacy121_v1__2lu0_49_3wj_nmr_a__legacy_gt__trrosettarna2_native_ss__historical_legacy121_v1,2LU0_49_3wj_nmr_A,trrosettarna2_native_ss,R2,49,16,20,20,16,4,0,16,4,0,0.8,1.0,0.8888888888888888,0.0,0.0,0.0,0,0,0,,,1.0
legacy121_v1__2lu0_49_3wj_nmr_a__legacy_gt__trrosettarna2_native_ss__historical_legacy121_v1,2LU0_49_3wj_nmr_A,trrosettarna2_native_ss,R3,49,16,20,20,16,4,0,16,4,0,0.8,1.0,0.8888888888888888,0.0,0.0,0.0,0,0,0,,,1.0
legacy121_v1__2lu0_49_3wj_nmr_a__legacy_gt__trrosettarna2_native_ss__historical_legacy121_v1,2LU0_49_3wj_nmr_A,trrosettarna2_native_ss,R1_R2,49,16,20,18,16,4,0,16,2,0,0.8888888888888888,1.0,0.9411764705882353,0.0888888888888888,0.0,0.05228758169934644,2,2,0,1.0,0.0,1.0
legacy121_v1__2lu0_49_3wj_nmr_a__legacy_gt__trrosettarna2_native_ss__historical_legacy121_v1,2LU0_49_3wj_nmr_A,trrosettarna2_native_ss,R1_R3,49,16,20,18,16,4,0,16,2,0,0.8888888888888888,1.0,0.9411764705882353,0.0888888888888888,0.0,0.05228758169934644,2,2,0,1.0,0.0,1.0
legacy121_v1__2lun_28_hp_nmr_a__legacy_gt__petfold__historical_legacy121_v1,2LUN_28_hp_nmr_A,petfold,ORIGINAL,28,9,8,8,8,0,1,8,0,1,1.0,0.8888888888888888,0.9411764705882353,0.0,0.0,0.0,0,0,0,,,1.0
legacy121_v1__2lun_28_hp_nmr_a__legacy_gt__petfold__historical_legacy121_v1,2LUN_28_hp_nmr_A,petfold,R1,28,9,8,8,8,0,1,8,0,1,1.0,0.8888888888888888,0.9411764705882353,0.0,0.0,0.0,0,0,0,,,1.0
legacy121_v1__2lun_28_hp_nmr_a__legacy_gt__petfold__historical_legacy121_v1,2LUN_28_hp_nmr_A,petfold,R2,28,9,8,8,8,0,1,8,0,1,1.0,0.8888888888888888,0.9411764705882353,0.0,0.0,0.0,0,0,0,,,1.0
legacy121_v1__2lun_28_hp_nmr_a__legacy_gt__petfold__historical_legacy121_v1,2LUN_28_hp_nmr_A,petfold,R3,28,9,8,8,8,0,1,8,0,1,1.0,0.8888888888888888,0.9411764705882353,0.0,0.0,0.0,0,0,0,,,1.0
legacy121_v1__2lun_28_hp_nmr_a__legacy_gt__petfold__historical_legacy121_v1,2LUN_28_hp_nmr_A,petfold,R1_R2,28,9,8,8,8,0,1,8,0,1,1.0,0.8888888888888888,0.9411764705882353,0.0,0.0,0.0,0,0,0,,,1.0
legacy121_v1__2lun_28_hp_nmr_a__legacy_gt__petfold__historical_legacy121_v1,2LUN_28_hp_nmr_A,petfold,R1_R3,28,9,8,8,8,0,1,8,0,1,1.0,0.8888888888888888,0.9411764705882353,0.0,0.0,0.0,0,0,0,,,1.0
legacy121_v1__2lun_28_hp_nmr_a__legacy_gt__rnafold__historical_legacy121_v1,2LUN_28_hp_nmr_A,rnafold,ORIGINAL,28,9,9,9,9,0,0,9,0,0,1.0,1.0,1.0,0.0,0.0,0.0,0,0,0,,,1.0
legacy121_v1__2lun_28_hp_nmr_a__legacy_gt__rnafold__historical_legacy121_v1,2LUN_28_hp_nmr_A,rnafold,R1,28,9,9,8,9,0,0,8,0,1,1.0,0.8888888888888888,0.9411764705882353,0.0,-0.11111111111111116,-0.05882352941176472,1,0,1,0.0,1.0,0.8888888888888888
legacy121_v1__2lun_28_hp_nmr_a__legacy_gt__rnafold__historical_legacy121_v1,2LUN_28_hp_nmr_A,rnafold,R2,28,9,9,9,9,0,0,9,0,0,1.0,1.0,1.0,0.0,0.0,0.0,0,0,0,,,1.0
legacy121_v1__2lun_28_hp_nmr_a__legacy_gt__rnafold__historical_legacy121_v1,2LUN_28_hp_nmr_A,rnafold,R3,28,9,9,9,9,0,0,9,0,0,1.0,1.0,1.0,0.0,0.0,0.0,0,0,0,,,1.0
legacy121_v1__2lun_28_hp_nmr_a__legacy_gt__rnafold__historical_legacy121_v1,2LUN_28_hp_nmr_A,rnafold,R1_R2,28,9,9,8,9,0,0,8,0,1,1.0,0.8888888888888888,0.9411764705882353,0.0,-0.11111111111111116,-0.05882352941176472,1,0,1,0.0,1.0,0.8888888888888888
legacy121_v1__2lun_28_hp_nmr_a__legacy_gt__rnafold__historical_legacy121_v1,2LUN_28_hp_nmr_A,rnafold,R1_R3,28,9,9,8,9,0,0,8,0,1,1.0,0.8888888888888888,0.9411764705882353,0.0,-0.11111111111111116,-0.05882352941176472,1,0,1,0.0,1.0,0.8888888888888888
legacy121_v1__2lun_28_hp_nmr_a__legacy_gt__trrosettarna2_native_ss__historical_legacy121_v1,2LUN_28_hp_nmr_A,trrosettarna2_native_ss,ORIGINAL,28,9,12,12,9,3,0,9,3,0,0.75,1.0,0.8571428571428571,0.0,0.0,0.0,0,0,0,,,1.0
legacy121_v1__2lun_28_hp_nmr_a__legacy_gt__trrosettarna2_native_ss__historical_legacy121_v1,2LUN_28_hp_nmr_A,trrosettarna2_native_ss,R1,28,9,12,12,9,3,0,9,3,0,0.75,1.0,0.8571428571428571,0.0,0.0,0.0,0,0,0,,,1.0
legacy121_v1__2lun_28_hp_nmr_a__legacy_gt__trrosettarna2_native_ss__historical_legacy121_v1,2LUN_28_hp_nmr_A,trrosettarna2_native_ss,R2,28,9,12,12,9,3,0,9,3,0,0.75,1.0,0.8571428571428571,0.0,0.0,0.0,0,0,0,,,1.0
legacy121_v1__2lun_28_hp_nmr_a__legacy_gt__trrosettarna2_native_ss__historical_legacy121_v1,2LUN_28_hp_nmr_A,trrosettarna2_native_ss,R3,28,9,12,12,9,3,0,9,3,0,0.75,1.0,0.8571428571428571,0.0,0.0,0.0,0,0,0,,,1.0
legacy121_v1__2lun_28_hp_nmr_a__legacy_gt__trrosettarna2_native_ss__historical_legacy121_v1,2LUN_28_hp_nmr_A,trrosettarna2_native_ss,R1_R2,28,9,12,12,9,3,0,9,3,0,0.75,1.0,0.8571428571428571,0.0,0.0,0.0,0,0,0,,,1.0
legacy121_v1__2lun_28_hp_nmr_a__legacy_gt__trrosettarna2_native_ss__historical_legacy121_v1,2LUN_28_hp_nmr_A,trrosettarna2_native_ss,R1_R3,28,9,12,12,9,3,0,9,3,0,0.75,1.0,0.8571428571428571,0.0,0.0,0.0,0,0,0,,,1.0
legacy121_v1__2m12_23_hp_nmr_a__legacy_gt__petfold__historical_legacy121_v1,2M12_23_hp_nmr_A,petfold,ORIGINAL,23,6,6,6,6,0,0,6,0,0,1.0,1.0,1.0,0.0,0.0,0.0,0,0,0,,,1.0
legacy121_v1__2m12_23_hp_nmr_a__legacy_gt__petfold__historical_legacy121_v1,2M12_23_hp_nmr_A,petfold,R1,23,6,6,6,6,0,0,6,0,0,1.0,1.0,1.0,0.0,0.0,0.0,0,0,0,,,1.0
legacy121_v1__2m12_23_hp_nmr_a__legacy_gt__petfold__historical_legacy121_v1,2M12_23_hp_nmr_A,petfold,R2,23,6,6,6,6,0,0,6,0,0,1.0,1.0,1.0,0.0,0.0,0.0,0,0,0,,,1.0
legacy121_v1__2m12_23_hp_nmr_a__legacy_gt__petfold__historical_legacy121_v1,2M12_23_hp_nmr_A,petfold,R3,23,6,6,6,6,0,0,6,0,0,1.0,1.0,1.0,0.0,0.0,0.0,0,0,0,,,1.0
legacy121_v1__2m12_23_hp_nmr_a__legacy_gt__petfold__historical_legacy121_v1,2M12_23_hp_nmr_A,petfold,R1_R2,23,6,6,6,6,0,0,6,0,0,1.0,1.0,1.0,0.0,0.0,0.0,0,0,0,,,1.0
legacy121_v1__2m12_23_hp_nmr_a__legacy_gt__petfold__historical_legacy121_v1,2M12_23_hp_nmr_A,petfold,R1_R3,23,6,6,6,6,0,0,6,0,0,1.0,1.0,1.0,0.0,0.0,0.0,0,0,0,,,1.0
legacy121_v1__2m12_23_hp_nmr_a__legacy_gt__rnafold__historical_legacy121_v1,2M12_23_hp_nmr_A,rnafold,ORIGINAL,23,6,6,6,6,0,0,6,0,0,1.0,1.0,1.0,0.0,0.0,0.0,0,0,0,,,1.0
legacy121_v1__2m12_23_hp_nmr_a__legacy_gt__rnafold__historical_legacy121_v1,2M12_23_hp_nmr_A,rnafold,R1,23,6,6,6,6,0,0,6,0,0,1.0,1.0,1.0,0.0,0.0,0.0,0,0,0,,,1.0
legacy121_v1__2m12_23_hp_nmr_a__legacy_gt__rnafold__historical_legacy121_v1,2M12_23_hp_nmr_A,rnafold,R2,23,6,6,6,6,0,0,6,0,0,1.0,1.0,1.0,0.0,0.0,0.0,0,0,0,,,1.0
legacy121_v1__2m12_23_hp_nmr_a__legacy_gt__rnafold__historical_legacy121_v1,2M12_23_hp_nmr_A,rnafold,R3,23,6,6,6,6,0,0,6,0,0,1.0,1.0,1.0,0.0,0.0,0.0,0,0,0,,,1.0
legacy121_v1__2m12_23_hp_nmr_a__legacy_gt__rnafold__historical_legacy121_v1,2M12_23_hp_nmr_A,rnafold,R1_R2,23,6,6,6,6,0,0,6,0,0,1.0,1.0,1.0,0.0,0.0,0.0,0,0,0,,,1.0
legacy121_v1__2m12_23_hp_nmr_a__legacy_gt__rnafold__historical_legacy121_v1,2M12_23_hp_nmr_A,rnafold,R1_R3,23,6,6,6,6,0,0,6,0,0,1.0,1.0,1.0,0.0,0.0,0.0,0,0,0,,,1.0
legacy121_v1__2m12_23_hp_nmr_a__legacy_gt__trrosettarna2_native_ss__historical_legacy121_v1,2M12_23_hp_nmr_A,trrosettarna2_native_ss,ORIGINAL,23,6,7,7,6,1,0,6,1,0,0.8571428571428571,1.0,0.9230769230769231,0.0,0.0,0.0,0,0,0,,,1.0
legacy121_v1__2m12_23_hp_nmr_a__legacy_gt__trrosettarna2_native_ss__historical_legacy121_v1,2M12_23_hp_nmr_A,trrosettarna2_native_ss,R1,23,6,7,6,6,1,0,6,0,0,1.0,1.0,1.0,0.1428571428571429,0.0,0.07692307692307687,1,1,0,1.0,0.0,1.0
legacy121_v1__2m12_23_hp_nmr_a__legacy_gt__trrosettarna2_native_ss__historical_legacy121_v1,2M12_23_hp_nmr_A,trrosettarna2_native_ss,R2,23,6,7,7,6,1,0,6,1,0,0.8571428571428571,1.0,0.9230769230769231,0.0,0.0,0.0,0,0,0,,,1.0
legacy121_v1__2m12_23_hp_nmr_a__legacy_gt__trrosettarna2_native_ss__historical_legacy121_v1,2M12_23_hp_nmr_A,trrosettarna2_native_ss,R3,23,6,7,7,6,1,0,6,1,0,0.8571428571428571,1.0,0.9230769230769231,0.0,0.0,0.0,0,0,0,,,1.0
legacy121_v1__2m12_23_hp_nmr_a__legacy_gt__trrosettarna2_native_ss__historical_legacy121_v1,2M12_23_hp_nmr_A,trrosettarna2_native_ss,R1_R2,23,6,7,6,6,1,0,6,0,0,1.0,1.0,1.0,0.1428571428571429,0.0,0.07692307692307687,1,1,0,1.0,0.0,1.0
legacy121_v1__2m12_23_hp_nmr_a__legacy_gt__trrosettarna2_native_ss__historical_legacy121_v1,2M12_23_hp_nmr_A,trrosettarna2_native_ss,R1_R3,23,6,7,6,6,1,0,6,0,0,1.0,1.0,1.0,0.1428571428571429,0.0,0.07692307692307687,1,1,0,1.0,0.0,1.0
legacy121_v1__2m21_21_hp_nmr_a__legacy_gt__petfold__historical_legacy121_v1,2M21_21_hp_nmr_A,petfold,ORIGINAL,21,7,7,7,7,0,0,7,0,0,1.0,1.0,1.0,0.0,0.0,0.0,0,0,0,,,1.0
legacy121_v1__2m21_21_hp_nmr_a__legacy_gt__petfold__historical_legacy121_v1,2M21_21_hp_nmr_A,petfold,R1,21,7,7,7,7,0,0,7,0,0,1.0,1.0,1.0,0.0,0.0,0.0,0,0,0,,,1.0
legacy121_v1__2m21_21_hp_nmr_a__legacy_gt__petfold__historical_legacy121_v1,2M21_21_hp_nmr_A,petfold,R2,21,7,7,7,7,0,0,7,0,0,1.0,1.0,1.0,0.0,0.0,0.0,0,0,0,,,1.0
legacy121_v1__2m21_21_hp_nmr_a__legacy_gt__petfold__historical_legacy121_v1,2M21_21_hp_nmr_A,petfold,R3,21,7,7,7,7,0,0,7,0,0,1.0,1.0,1.0,0.0,0.0,0.0,0,0,0,,,1.0
legacy121_v1__2m21_21_hp_nmr_a__legacy_gt__petfold__historical_legacy121_v1,2M21_21_hp_nmr_A,petfold,R1_R2,21,7,7,7,7,0,0,7,0,0,1.0,1.0,1.0,0.0,0.0,0.0,0,0,0,,,1.0
legacy121_v1__2m21_21_hp_nmr_a__legacy_gt__petfold__historical_legacy121_v1,2M21_21_hp_nmr_A,petfold,R1_R3,21,7,7,7,7,0,0,7,0,0,1.0,1.0,1.0,0.0,0.0,0.0,0,0,0,,,1.0
legacy121_v1__2m21_21_hp_nmr_a__legacy_gt__rnafold__historical_legacy121_v1,2M21_21_hp_nmr_A,rnafold,ORIGINAL,21,7,7,7,7,0,0,7,0,0,1.0,1.0,1.0,0.0,0.0,0.0,0,0,0,,,1.0
legacy121_v1__2m21_21_hp_nmr_a__legacy_gt__rnafold__historical_legacy121_v1,2M21_21_hp_nmr_A,rnafold,R1,21,7,7,7,7,0,0,7,0,0,1.0,1.0,1.0,0.0,0.0,0.0,0,0,0,,,1.0
legacy121_v1__2m21_21_hp_nmr_a__legacy_gt__rnafold__historical_legacy121_v1,2M21_21_hp_nmr_A,rnafold,R2,21,7,7,7,7,0,0,7,0,0,1.0,1.0,1.0,0.0,0.0,0.0,0,0,0,,,1.0
legacy121_v1__2m21_21_hp_nmr_a__legacy_gt__rnafold__historical_legacy121_v1,2M21_21_hp_nmr_A,rnafold,R3,21,7,7,7,7,0,0,7,0,0,1.0,1.0,1.0,0.0,0.0,0.0,0,0,0,,,1.0
legacy121_v1__2m21_21_hp_nmr_a__legacy_gt__rnafold__historical_legacy121_v1,2M21_21_hp_nmr_A,rnafold,R1_R2,21,7,7,7,7,0,0,7,0,0,1.0,1.0,1.0,0.0,0.0,0.0,0,0,0,,,1.0
legacy121_v1__2m21_21_hp_nmr_a__legacy_gt__rnafold__historical_legacy121_v1,2M21_21_hp_nmr_A,rnafold,R1_R3,21,7,7,7,7,0,0,7,0,0,1.0,1.0,1.0,0.0,0.0,0.0,0,0,0,,,1.0
legacy121_v1__2m21_21_hp_nmr_a__legacy_gt__trrosettarna2_native_ss__historical_legacy121_v1,2M21_21_hp_nmr_A,trrosettarna2_native_ss,ORIGINAL,21,7,8,8,7,1,0,7,1,0,0.875,1.0,0.9333333333333333,0.0,0.0,0.0,0,0,0,,,1.0
legacy121_v1__2m21_21_hp_nmr_a__legacy_gt__trrosettarna2_native_ss__historical_legacy121_v1,2M21_21_hp_nmr_A,trrosettarna2_native_ss,R1,21,7,8,8,7,1,0,7,1,0,0.875,1.0,0.9333333333333333,0.0,0.0,0.0,0,0,0,,,1.0
legacy121_v1__2m21_21_hp_nmr_a__legacy_gt__trrosettarna2_native_ss__historical_legacy121_v1,2M21_21_hp_nmr_A,trrosettarna2_native_ss,R2,21,7,8,8,7,1,0,7,1,0,0.875,1.0,0.9333333333333333,0.0,0.0,0.0,0,0,0,,,1.0
legacy121_v1__2m21_21_hp_nmr_a__legacy_gt__trrosettarna2_native_ss__historical_legacy121_v1,2M21_21_hp_nmr_A,trrosettarna2_native_ss,R3,21,7,8,8,7,1,0,7,1,0,0.875,1.0,0.9333333333333333,0.0,0.0,0.0,0,0,0,,,1.0
legacy121_v1__2m21_21_hp_nmr_a__legacy_gt__trrosettarna2_native_ss__historical_legacy121_v1,2M21_21_hp_nmr_A,trrosettarna2_native_ss,R1_R2,21,7,8,8,7,1,0,7,1,0,0.875,1.0,0.9333333333333333,0.0,0.0,0.0,0,0,0,,,1.0
legacy121_v1__2m21_21_hp_nmr_a__legacy_gt__trrosettarna2_native_ss__historical_legacy121_v1,2M21_21_hp_nmr_A,trrosettarna2_native_ss,R1_R3,21,7,8,8,7,1,0,7,1,0,0.875,1.0,0.9333333333333333,0.0,0.0,0.0,0,0,0,,,1.0
legacy121_v1__2m8k_48_pseudoknot_nmr_a__legacy_gt__petfold__historical_legacy121_v1,2M8K_48_pseudoknot_nmr_A,petfold,ORIGINAL,48,17,16,16,11,5,6,11,5,6,0.6875,0.6470588235294118,0.6666666666666666,0.0,0.0,0.0,0,0,0,,,1.0
legacy121_v1__2m8k_48_pseudoknot_nmr_a__legacy_gt__petfold__historical_legacy121_v1,2M8K_48_pseudoknot_nmr_A,petfold,R1,48,17,16,16,11,5,6,11,5,6,0.6875,0.6470588235294118,0.6666666666666666,0.0,0.0,0.0,0,0,0,,,1.0
legacy121_v1__2m8k_48_pseudoknot_nmr_a__legacy_gt__petfold__historical_legacy121_v1,2M8K_48_pseudoknot_nmr_A,petfold,R2,48,17,16,16,11,5,6,11,5,6,0.6875,0.6470588235294118,0.6666666666666666,0.0,0.0,0.0,0,0,0,,,1.0
legacy121_v1__2m8k_48_pseudoknot_nmr_a__legacy_gt__petfold__historical_legacy121_v1,2M8K_48_pseudoknot_nmr_A,petfold,R3,48,17,16,16,11,5,6,11,5,6,0.6875,0.6470588235294118,0.6666666666666666,0.0,0.0,0.0,0,0,0,,,1.0
legacy121_v1__2m8k_48_pseudoknot_nmr_a__legacy_gt__petfold__historical_legacy121_v1,2M8K_48_pseudoknot_nmr_A,petfold,R1_R2,48,17,16,16,11,5,6,11,5,6,0.6875,0.6470588235294118,0.6666666666666666,0.0,0.0,0.0,0,0,0,,,1.0
legacy121_v1__2m8k_48_pseudoknot_nmr_a__legacy_gt__petfold__historical_legacy121_v1,2M8K_48_pseudoknot_nmr_A,petfold,R1_R3,48,17,16,16,11,5,6,11,5,6,0.6875,0.6470588235294118,0.6666666666666666,0.0,0.0,0.0,0,0,0,,,1.0
legacy121_v1__2m8k_48_pseudoknot_nmr_a__legacy_gt__rnafold__historical_legacy121_v1,2M8K_48_pseudoknot_nmr_A,rnafold,ORIGINAL,48,17,16,16,12,4,5,12,4,5,0.75,0.7058823529411765,0.7272727272727273,0.0,0.0,0.0,0,0,0,,,1.0
legacy121_v1__2m8k_48_pseudoknot_nmr_a__legacy_gt__rnafold__historical_legacy121_v1,2M8K_48_pseudoknot_nmr_A,rnafold,R1,48,17,16,15,12,4,5,11,4,6,0.7333333333333333,0.6470588235294118,0.6875,-0.01666666666666672,-0.05882352941176472,-0.03977272727272729,1,0,1,0.0,1.0,0.9166666666666666
legacy121_v1__2m8k_48_pseudoknot_nmr_a__legacy_gt__rnafold__historical_legacy121_v1,2M8K_48_pseudoknot_nmr_A,rnafold,R2,48,17,16,16,12,4,5,12,4,5,0.75,0.7058823529411765,0.7272727272727273,0.0,0.0,0.0,0,0,0,,,1.0
legacy121_v1__2m8k_48_pseudoknot_nmr_a__legacy_gt__rnafold__historical_legacy121_v1,2M8K_48_pseudoknot_nmr_A,rnafold,R3,48,17,16,16,12,4,5,12,4,5,0.75,0.7058823529411765,0.7272727272727273,0.0,0.0,0.0,0,0,0,,,1.0
legacy121_v1__2m8k_48_pseudoknot_nmr_a__legacy_gt__rnafold__historical_legacy121_v1,2M8K_48_pseudoknot_nmr_A,rnafold,R1_R2,48,17,16,15,12,4,5,11,4,6,0.7333333333333333,0.6470588235294118,0.6875,-0.01666666666666672,-0.05882352941176472,-0.03977272727272729,1,0,1,0.0,1.0,0.9166666666666666
legacy121_v1__2m8k_48_pseudoknot_nmr_a__legacy_gt__rnafold__historical_legacy121_v1,2M8K_48_pseudoknot_nmr_A,rnafold,R1_R3,48,17,16,15,12,4,5,11,4,6,0.7333333333333333,0.6470588235294118,0.6875,-0.01666666666666672,-0.05882352941176472,-0.03977272727272729,1,0,1,0.0,1.0,0.9166666666666666
legacy121_v1__2m8k_48_pseudoknot_nmr_a__legacy_gt__trrosettarna2_native_ss__historical_legacy121_v1,2M8K_48_pseudoknot_nmr_A,trrosettarna2_native_ss,ORIGINAL,48,17,17,17,0,17,17,0,17,17,0.0,0.0,0.0,0.0,0.0,0.0,0,0,0,,,
legacy121_v1__2m8k_48_pseudoknot_nmr_a__legacy_gt__trrosettarna2_native_ss__historical_legacy121_v1,2M8K_48_pseudoknot_nmr_A,trrosettarna2_native_ss,R1,48,17,17,15,0,17,17,0,15,17,0.0,0.0,0.0,0.0,0.0,0.0,2,2,0,1.0,0.0,
legacy121_v1__2m8k_48_pseudoknot_nmr_a__legacy_gt__trrosettarna2_native_ss__historical_legacy121_v1,2M8K_48_pseudoknot_nmr_A,trrosettarna2_native_ss,R2,48,17,17,17,0,17,17,0,17,17,0.0,0.0,0.0,0.0,0.0,0.0,0,0,0,,,
legacy121_v1__2m8k_48_pseudoknot_nmr_a__legacy_gt__trrosettarna2_native_ss__historical_legacy121_v1,2M8K_48_pseudoknot_nmr_A,trrosettarna2_native_ss,R3,48,17,17,17,0,17,17,0,17,17,0.0,0.0,0.0,0.0,0.0,0.0,0,0,0,,,
legacy121_v1__2m8k_48_pseudoknot_nmr_a__legacy_gt__trrosettarna2_native_ss__historical_legacy121_v1,2M8K_48_pseudoknot_nmr_A,trrosettarna2_native_ss,R1_R2,48,17,17,15,0,17,17,0,15,17,0.0,0.0,0.0,0.0,0.0,0.0,2,2,0,1.0,0.0,
legacy121_v1__2m8k_48_pseudoknot_nmr_a__legacy_gt__trrosettarna2_native_ss__historical_legacy121_v1,2M8K_48_pseudoknot_nmr_A,trrosettarna2_native_ss,R1_R3,48,17,17,15,0,17,17,0,15,17,0.0,0.0,0.0,0.0,0.0,0.0,2,2,0,1.0,0.0,
legacy121_v1__2meq_19_hp_nmr_a__legacy_gt__petfold__historical_legacy121_v1,2MEQ_19_hp_nmr_A,petfold,ORIGINAL,19,5,6,6,5,1,0,5,1,0,0.8333333333333334,1.0,0.9090909090909091,0.0,0.0,0.0,0,0,0,,,1.0
legacy121_v1__2meq_19_hp_nmr_a__legacy_gt__petfold__historical_legacy121_v1,2MEQ_19_hp_nmr_A,petfold,R1,19,5,6,6,5,1,0,5,1,0,0.8333333333333334,1.0,0.9090909090909091,0.0,0.0,0.0,0,0,0,,,1.0
legacy121_v1__2meq_19_hp_nmr_a__legacy_gt__petfold__historical_legacy121_v1,2MEQ_19_hp_nmr_A,petfold,R2,19,5,6,6,5,1,0,5,1,0,0.8333333333333334,1.0,0.9090909090909091,0.0,0.0,0.0,0,0,0,,,1.0
legacy121_v1__2meq_19_hp_nmr_a__legacy_gt__petfold__historical_legacy121_v1,2MEQ_19_hp_nmr_A,petfold,R3,19,5,6,6,5,1,0,5,1,0,0.8333333333333334,1.0,0.9090909090909091,0.0,0.0,0.0,0,0,0,,,1.0
legacy121_v1__2meq_19_hp_nmr_a__legacy_gt__petfold__historical_legacy121_v1,2MEQ_19_hp_nmr_A,petfold,R1_R2,19,5,6,6,5,1,0,5,1,0,0.8333333333333334,1.0,0.9090909090909091,0.0,0.0,0.0,0,0,0,,,1.0
legacy121_v1__2meq_19_hp_nmr_a__legacy_gt__petfold__historical_legacy121_v1,2MEQ_19_hp_nmr_A,petfold,R1_R3,19,5,6,6,5,1,0,5,1,0,0.8333333333333334,1.0,0.9090909090909091,0.0,0.0,0.0,0,0,0,,,1.0
legacy121_v1__2meq_19_hp_nmr_a__legacy_gt__rnafold__historical_legacy121_v1,2MEQ_19_hp_nmr_A,rnafold,ORIGINAL,19,5,6,6,5,1,0,5,1,0,0.8333333333333334,1.0,0.9090909090909091,0.0,0.0,0.0,0,0,0,,,1.0
legacy121_v1__2meq_19_hp_nmr_a__legacy_gt__rnafold__historical_legacy121_v1,2MEQ_19_hp_nmr_A,rnafold,R1,19,5,6,6,5,1,0,5,1,0,0.8333333333333334,1.0,0.9090909090909091,0.0,0.0,0.0,0,0,0,,,1.0
legacy121_v1__2meq_19_hp_nmr_a__legacy_gt__rnafold__historical_legacy121_v1,2MEQ_19_hp_nmr_A,rnafold,R2,19,5,6,6,5,1,0,5,1,0,0.8333333333333334,1.0,0.9090909090909091,0.0,0.0,0.0,0,0,0,,,1.0
legacy121_v1__2meq_19_hp_nmr_a__legacy_gt__rnafold__historical_legacy121_v1,2MEQ_19_hp_nmr_A,rnafold,R3,19,5,6,6,5,1,0,5,1,0,0.8333333333333334,1.0,0.9090909090909091,0.0,0.0,0.0,0,0,0,,,1.0
legacy121_v1__2meq_19_hp_nmr_a__legacy_gt__rnafold__historical_legacy121_v1,2MEQ_19_hp_nmr_A,rnafold,R1_R2,19,5,6,6,5,1,0,5,1,0,0.8333333333333334,1.0,0.9090909090909091,0.0,0.0,0.0,0,0,0,,,1.0
legacy121_v1__2meq_19_hp_nmr_a__legacy_gt__rnafold__historical_legacy121_v1,2MEQ_19_hp_nmr_A,rnafold,R1_R3,19,5,6,6,5,1,0,5,1,0,0.8333333333333334,1.0,0.9090909090909091,0.0,0.0,0.0,0,0,0,,,1.0
legacy121_v1__2meq_19_hp_nmr_a__legacy_gt__trrosettarna2_native_ss__historical_legacy121_v1,2MEQ_19_hp_nmr_A,trrosettarna2_native_ss,ORIGINAL,19,5,6,6,5,1,0,5,1,0,0.8333333333333334,1.0,0.9090909090909091,0.0,0.0,0.0,0,0,0,,,1.0
legacy121_v1__2meq_19_hp_nmr_a__legacy_gt__trrosettarna2_native_ss__historical_legacy121_v1,2MEQ_19_hp_nmr_A,trrosettarna2_native_ss,R1,19,5,6,6,5,1,0,5,1,0,0.8333333333333334,1.0,0.9090909090909091,0.0,0.0,0.0,0,0,0,,,1.0
legacy121_v1__2meq_19_hp_nmr_a__legacy_gt__trrosettarna2_native_ss__historical_legacy121_v1,2MEQ_19_hp_nmr_A,trrosettarna2_native_ss,R2,19,5,6,6,5,1,0,5,1,0,0.8333333333333334,1.0,0.9090909090909091,0.0,0.0,0.0,0,0,0,,,1.0
legacy121_v1__2meq_19_hp_nmr_a__legacy_gt__trrosettarna2_native_ss__historical_legacy121_v1,2MEQ_19_hp_nmr_A,trrosettarna2_native_ss,R3,19,5,6,6,5,1,0,5,1,0,0.8333333333333334,1.0,0.9090909090909091,0.0,0.0,0.0,0,0,0,,,1.0
legacy121_v1__2meq_19_hp_nmr_a__legacy_gt__trrosettarna2_native_ss__historical_legacy121_v1,2MEQ_19_hp_nmr_A,trrosettarna2_native_ss,R1_R2,19,5,6,6,5,1,0,5,1,0,0.8333333333333334,1.0,0.9090909090909091,0.0,0.0,0.0,0,0,0,,,1.0
legacy121_v1__2meq_19_hp_nmr_a__legacy_gt__trrosettarna2_native_ss__historical_legacy121_v1,2MEQ_19_hp_nmr_A,trrosettarna2_native_ss,R1_R3,19,5,6,6,5,1,0,5,1,0,0.8333333333333334,1.0,0.9090909090909091,0.0,0.0,0.0,0,0,0,,,1.0
legacy121_v1__2mhi_53_3wj_nmr_a__legacy_gt__petfold__historical_legacy121_v1,2MHI_53_3wj_nmr_A,petfold,ORIGINAL,53,20,20,20,18,2,2,18,2,2,0.9,0.9,0.9,0.0,0.0,0.0,0,0,0,,,1.0
legacy121_v1__2mhi_53_3wj_nmr_a__legacy_gt__petfold__historical_legacy121_v1,2MHI_53_3wj_nmr_A,petfold,R1,53,20,20,20,18,2,2,18,2,2,0.9,0.9,0.9,0.0,0.0,0.0,0,0,0,,,1.0
legacy121_v1__2mhi_53_3wj_nmr_a__legacy_gt__petfold__historical_legacy121_v1,2MHI_53_3wj_nmr_A,petfold,R2,53,20,20,20,18,2,2,18,2,2,0.9,0.9,0.9,0.0,0.0,0.0,0,0,0,,,1.0
legacy121_v1__2mhi_53_3wj_nmr_a__legacy_gt__petfold__historical_legacy121_v1,2MHI_53_3wj_nmr_A,petfold,R3,53,20,20,20,18,2,2,18,2,2,0.9,0.9,0.9,0.0,0.0,0.0,0,0,0,,,1.0
legacy121_v1__2mhi_53_3wj_nmr_a__legacy_gt__petfold__historical_legacy121_v1,2MHI_53_3wj_nmr_A,petfold,R1_R2,53,20,20,20,18,2,2,18,2,2,0.9,0.9,0.9,0.0,0.0,0.0,0,0,0,,,1.0
legacy121_v1__2mhi_53_3wj_nmr_a__legacy_gt__petfold__historical_legacy121_v1,2MHI_53_3wj_nmr_A,petfold,R1_R3,53,20,20,20,18,2,2,18,2,2,0.9,0.9,0.9,0.0,0.0,0.0,0,0,0,,,1.0
legacy121_v1__2mhi_53_3wj_nmr_a__legacy_gt__rnafold__historical_legacy121_v1,2MHI_53_3wj_nmr_A,rnafold,ORIGINAL,53,20,20,20,18,2,2,18,2,2,0.9,0.9,0.9,0.0,0.0,0.0,0,0,0,,,1.0
legacy121_v1__2mhi_53_3wj_nmr_a__legacy_gt__rnafold__historical_legacy121_v1,2MHI_53_3wj_nmr_A,rnafold,R1,53,20,20,20,18,2,2,18,2,2,0.9,0.9,0.9,0.0,0.0,0.0,0,0,0,,,1.0
legacy121_v1__2mhi_53_3wj_nmr_a__legacy_gt__rnafold__historical_legacy121_v1,2MHI_53_3wj_nmr_A,rnafold,R2,53,20,20,20,18,2,2,18,2,2,0.9,0.9,0.9,0.0,0.0,0.0,0,0,0,,,1.0
legacy121_v1__2mhi_53_3wj_nmr_a__legacy_gt__rnafold__historical_legacy121_v1,2MHI_53_3wj_nmr_A,rnafold,R3,53,20,20,20,18,2,2,18,2,2,0.9,0.9,0.9,0.0,0.0,0.0,0,0,0,,,1.0
legacy121_v1__2mhi_53_3wj_nmr_a__legacy_gt__rnafold__historical_legacy121_v1,2MHI_53_3wj_nmr_A,rnafold,R1_R2,53,20,20,20,18,2,2,18,2,2,0.9,0.9,0.9,0.0,0.0,0.0,0,0,0,,,1.0
legacy121_v1__2mhi_53_3wj_nmr_a__legacy_gt__rnafold__historical_legacy121_v1,2MHI_53_3wj_nmr_A,rnafold,R1_R3,53,20,20,20,18,2,2,18,2,2,0.9,0.9,0.9,0.0,0.0,0.0,0,0,0,,,1.0
legacy121_v1__2mhi_53_3wj_nmr_a__legacy_gt__trrosettarna2_native_ss__historical_legacy121_v1,2MHI_53_3wj_nmr_A,trrosettarna2_native_ss,ORIGINAL,53,20,22,22,18,4,2,18,4,2,0.8181818181818182,0.9,0.8571428571428571,0.0,0.0,0.0,0,0,0,,,1.0
legacy121_v1__2mhi_53_3wj_nmr_a__legacy_gt__trrosettarna2_native_ss__historical_legacy121_v1,2MHI_53_3wj_nmr_A,trrosettarna2_native_ss,R1,53,20,22,21,18,4,2,18,3,2,0.8571428571428571,0.9,0.8780487804878049,0.03896103896103886,0.0,0.020905923344947785,1,1,0,1.0,0.0,1.0
legacy121_v1__2mhi_53_3wj_nmr_a__legacy_gt__trrosettarna2_native_ss__historical_legacy121_v1,2MHI_53_3wj_nmr_A,trrosettarna2_native_ss,R2,53,20,22,22,18,4,2,18,4,2,0.8181818181818182,0.9,0.8571428571428571,0.0,0.0,0.0,0,0,0,,,1.0
legacy121_v1__2mhi_53_3wj_nmr_a__legacy_gt__trrosettarna2_native_ss__historical_legacy121_v1,2MHI_53_3wj_nmr_A,trrosettarna2_native_ss,R3,53,20,22,21,18,4,2,18,3,2,0.8571428571428571,0.9,0.8780487804878049,0.03896103896103886,0.0,0.020905923344947785,1,1,0,1.0,0.0,1.0
legacy121_v1__2mhi_53_3wj_nmr_a__legacy_gt__trrosettarna2_native_ss__historical_legacy121_v1,2MHI_53_3wj_nmr_A,trrosettarna2_native_ss,R1_R2,53,20,22,21,18,4,2,18,3,2,0.8571428571428571,0.9,0.8780487804878049,0.03896103896103886,0.0,0.020905923344947785,1,1,0,1.0,0.0,1.0
legacy121_v1__2mhi_53_3wj_nmr_a__legacy_gt__trrosettarna2_native_ss__historical_legacy121_v1,2MHI_53_3wj_nmr_A,trrosettarna2_native_ss,R1_R3,53,20,22,20,18,4,2,18,2,2,0.9,0.9,0.9,0.08181818181818179,0.0,0.04285714285714293,2,2,0,1.0,0.0,1.0
legacy121_v1__2mqt_68_hpbulge_nmr_a__legacy_gt__petfold__historical_legacy121_v1,2MQT_68_hpbulge_nmr_A,petfold,ORIGINAL,68,25,28,28,25,3,0,25,3,0,0.8928571428571429,1.0,0.9433962264150944,0.0,0.0,0.0,0,0,0,,,1.0
legacy121_v1__2mqt_68_hpbulge_nmr_a__legacy_gt__petfold__historical_legacy121_v1,2MQT_68_hpbulge_nmr_A,petfold,R1,68,25,28,28,25,3,0,25,3,0,0.8928571428571429,1.0,0.9433962264150944,0.0,0.0,0.0,0,0,0,,,1.0
legacy121_v1__2mqt_68_hpbulge_nmr_a__legacy_gt__petfold__historical_legacy121_v1,2MQT_68_hpbulge_nmr_A,petfold,R2,68,25,28,28,25,3,0,25,3,0,0.8928571428571429,1.0,0.9433962264150944,0.0,0.0,0.0,0,0,0,,,1.0
legacy121_v1__2mqt_68_hpbulge_nmr_a__legacy_gt__petfold__historical_legacy121_v1,2MQT_68_hpbulge_nmr_A,petfold,R3,68,25,28,28,25,3,0,25,3,0,0.8928571428571429,1.0,0.9433962264150944,0.0,0.0,0.0,0,0,0,,,1.0
legacy121_v1__2mqt_68_hpbulge_nmr_a__legacy_gt__petfold__historical_legacy121_v1,2MQT_68_hpbulge_nmr_A,petfold,R1_R2,68,25,28,28,25,3,0,25,3,0,0.8928571428571429,1.0,0.9433962264150944,0.0,0.0,0.0,0,0,0,,,1.0
legacy121_v1__2mqt_68_hpbulge_nmr_a__legacy_gt__petfold__historical_legacy121_v1,2MQT_68_hpbulge_nmr_A,petfold,R1_R3,68,25,28,28,25,3,0,25,3,0,0.8928571428571429,1.0,0.9433962264150944,0.0,0.0,0.0,0,0,0,,,1.0
legacy121_v1__2mqt_68_hpbulge_nmr_a__legacy_gt__rnafold__historical_legacy121_v1,2MQT_68_hpbulge_nmr_A,rnafold,ORIGINAL,68,25,27,27,25,2,0,25,2,0,0.9259259259259259,1.0,0.9615384615384616,0.0,0.0,0.0,0,0,0,,,1.0
legacy121_v1__2mqt_68_hpbulge_nmr_a__legacy_gt__rnafold__historical_legacy121_v1,2MQT_68_hpbulge_nmr_A,rnafold,R1,68,25,27,27,25,2,0,25,2,0,0.9259259259259259,1.0,0.9615384615384616,0.0,0.0,0.0,0,0,0,,,1.0
legacy121_v1__2mqt_68_hpbulge_nmr_a__legacy_gt__rnafold__historical_legacy121_v1,2MQT_68_hpbulge_nmr_A,rnafold,R2,68,25,27,27,25,2,0,25,2,0,0.9259259259259259,1.0,0.9615384615384616,0.0,0.0,0.0,0,0,0,,,1.0
legacy121_v1__2mqt_68_hpbulge_nmr_a__legacy_gt__rnafold__historical_legacy121_v1,2MQT_68_hpbulge_nmr_A,rnafold,R3,68,25,27,27,25,2,0,25,2,0,0.9259259259259259,1.0,0.9615384615384616,0.0,0.0,0.0,0,0,0,,,1.0
legacy121_v1__2mqt_68_hpbulge_nmr_a__legacy_gt__rnafold__historical_legacy121_v1,2MQT_68_hpbulge_nmr_A,rnafold,R1_R2,68,25,27,27,25,2,0,25,2,0,0.9259259259259259,1.0,0.9615384615384616,0.0,0.0,0.0,0,0,0,,,1.0
legacy121_v1__2mqt_68_hpbulge_nmr_a__legacy_gt__rnafold__historical_legacy121_v1,2MQT_68_hpbulge_nmr_A,rnafold,R1_R3,68,25,27,27,25,2,0,25,2,0,0.9259259259259259,1.0,0.9615384615384616,0.0,0.0,0.0,0,0,0,,,1.0
legacy121_v1__2mqt_68_hpbulge_nmr_a__legacy_gt__trrosettarna2_native_ss__historical_legacy121_v1,2MQT_68_hpbulge_nmr_A,trrosettarna2_native_ss,ORIGINAL,68,25,29,29,25,4,0,25,4,0,0.8620689655172413,1.0,0.9259259259259259,0.0,0.0,0.0,0,0,0,,,1.0
legacy121_v1__2mqt_68_hpbulge_nmr_a__legacy_gt__trrosettarna2_native_ss__historical_legacy121_v1,2MQT_68_hpbulge_nmr_A,trrosettarna2_native_ss,R1,68,25,29,29,25,4,0,25,4,0,0.8620689655172413,1.0,0.9259259259259259,0.0,0.0,0.0,0,0,0,,,1.0
legacy121_v1__2mqt_68_hpbulge_nmr_a__legacy_gt__trrosettarna2_native_ss__historical_legacy121_v1,2MQT_68_hpbulge_nmr_A,trrosettarna2_native_ss,R2,68,25,29,29,25,4,0,25,4,0,0.8620689655172413,1.0,0.9259259259259259,0.0,0.0,0.0,0,0,0,,,1.0
legacy121_v1__2mqt_68_hpbulge_nmr_a__legacy_gt__trrosettarna2_native_ss__historical_legacy121_v1,2MQT_68_hpbulge_nmr_A,trrosettarna2_native_ss,R3,68,25,29,29,25,4,0,25,4,0,0.8620689655172413,1.0,0.9259259259259259,0.0,0.0,0.0,0,0,0,,,1.0
legacy121_v1__2mqt_68_hpbulge_nmr_a__legacy_gt__trrosettarna2_native_ss__historical_legacy121_v1,2MQT_68_hpbulge_nmr_A,trrosettarna2_native_ss,R1_R2,68,25,29,29,25,4,0,25,4,0,0.8620689655172413,1.0,0.9259259259259259,0.0,0.0,0.0,0,0,0,,,1.0
legacy121_v1__2mqt_68_hpbulge_nmr_a__legacy_gt__trrosettarna2_native_ss__historical_legacy121_v1,2MQT_68_hpbulge_nmr_A,trrosettarna2_native_ss,R1_R3,68,25,29,29,25,4,0,25,4,0,0.8620689655172413,1.0,0.9259259259259259,0.0,0.0,0.0,0,0,0,,,1.0
legacy121_v1__2mtj_47_3wj_nmr_a__legacy_gt__petfold__historical_legacy121_v1,2MTJ_47_3wj_nmr_A,petfold,ORIGINAL,47,15,15,15,14,1,1,14,1,1,0.9333333333333333,0.9333333333333333,0.9333333333333333,0.0,0.0,0.0,0,0,0,,,1.0
legacy121_v1__2mtj_47_3wj_nmr_a__legacy_gt__petfold__historical_legacy121_v1,2MTJ_47_3wj_nmr_A,petfold,R1,47,15,15,15,14,1,1,14,1,1,0.9333333333333333,0.9333333333333333,0.9333333333333333,0.0,0.0,0.0,0,0,0,,,1.0
legacy121_v1__2mtj_47_3wj_nmr_a__legacy_gt__petfold__historical_legacy121_v1,2MTJ_47_3wj_nmr_A,petfold,R2,47,15,15,15,14,1,1,14,1,1,0.9333333333333333,0.9333333333333333,0.9333333333333333,0.0,0.0,0.0,0,0,0,,,1.0
legacy121_v1__2mtj_47_3wj_nmr_a__legacy_gt__petfold__historical_legacy121_v1,2MTJ_47_3wj_nmr_A,petfold,R3,47,15,15,15,14,1,1,14,1,1,0.9333333333333333,0.9333333333333333,0.9333333333333333,0.0,0.0,0.0,0,0,0,,,1.0
legacy121_v1__2mtj_47_3wj_nmr_a__legacy_gt__petfold__historical_legacy121_v1,2MTJ_47_3wj_nmr_A,petfold,R1_R2,47,15,15,15,14,1,1,14,1,1,0.9333333333333333,0.9333333333333333,0.9333333333333333,0.0,0.0,0.0,0,0,0,,,1.0
legacy121_v1__2mtj_47_3wj_nmr_a__legacy_gt__petfold__historical_legacy121_v1,2MTJ_47_3wj_nmr_A,petfold,R1_R3,47,15,15,15,14,1,1,14,1,1,0.9333333333333333,0.9333333333333333,0.9333333333333333,0.0,0.0,0.0,0,0,0,,,1.0
legacy121_v1__2mtj_47_3wj_nmr_a__legacy_gt__rnafold__historical_legacy121_v1,2MTJ_47_3wj_nmr_A,rnafold,ORIGINAL,47,15,15,15,14,1,1,14,1,1,0.9333333333333333,0.9333333333333333,0.9333333333333333,0.0,0.0,0.0,0,0,0,,,1.0
legacy121_v1__2mtj_47_3wj_nmr_a__legacy_gt__rnafold__historical_legacy121_v1,2MTJ_47_3wj_nmr_A,rnafold,R1,47,15,15,15,14,1,1,14,1,1,0.9333333333333333,0.9333333333333333,0.9333333333333333,0.0,0.0,0.0,0,0,0,,,1.0
legacy121_v1__2mtj_47_3wj_nmr_a__legacy_gt__rnafold__historical_legacy121_v1,2MTJ_47_3wj_nmr_A,rnafold,R2,47,15,15,15,14,1,1,14,1,1,0.9333333333333333,0.9333333333333333,0.9333333333333333,0.0,0.0,0.0,0,0,0,,,1.0
legacy121_v1__2mtj_47_3wj_nmr_a__legacy_gt__rnafold__historical_legacy121_v1,2MTJ_47_3wj_nmr_A,rnafold,R3,47,15,15,15,14,1,1,14,1,1,0.9333333333333333,0.9333333333333333,0.9333333333333333,0.0,0.0,0.0,0,0,0,,,1.0
legacy121_v1__2mtj_47_3wj_nmr_a__legacy_gt__rnafold__historical_legacy121_v1,2MTJ_47_3wj_nmr_A,rnafold,R1_R2,47,15,15,15,14,1,1,14,1,1,0.9333333333333333,0.9333333333333333,0.9333333333333333,0.0,0.0,0.0,0,0,0,,,1.0
legacy121_v1__2mtj_47_3wj_nmr_a__legacy_gt__rnafold__historical_legacy121_v1,2MTJ_47_3wj_nmr_A,rnafold,R1_R3,47,15,15,15,14,1,1,14,1,1,0.9333333333333333,0.9333333333333333,0.9333333333333333,0.0,0.0,0.0,0,0,0,,,1.0
legacy121_v1__2mtj_47_3wj_nmr_a__legacy_gt__trrosettarna2_native_ss__historical_legacy121_v1,2MTJ_47_3wj_nmr_A,trrosettarna2_native_ss,ORIGINAL,47,15,18,18,15,3,0,15,3,0,0.8333333333333334,1.0,0.9090909090909091,0.0,0.0,0.0,0,0,0,,,1.0
legacy121_v1__2mtj_47_3wj_nmr_a__legacy_gt__trrosettarna2_native_ss__historical_legacy121_v1,2MTJ_47_3wj_nmr_A,trrosettarna2_native_ss,R1,47,15,18,17,15,3,0,15,2,0,0.8823529411764706,1.0,0.9375,0.04901960784313719,0.0,0.02840909090909094,1,1,0,1.0,0.0,1.0
legacy121_v1__2mtj_47_3wj_nmr_a__legacy_gt__trrosettarna2_native_ss__historical_legacy121_v1,2MTJ_47_3wj_nmr_A,trrosettarna2_native_ss,R2,47,15,18,18,15,3,0,15,3,0,0.8333333333333334,1.0,0.9090909090909091,0.0,0.0,0.0,0,0,0,,,1.0
legacy121_v1__2mtj_47_3wj_nmr_a__legacy_gt__trrosettarna2_native_ss__historical_legacy121_v1,2MTJ_47_3wj_nmr_A,trrosettarna2_native_ss,R3,47,15,18,18,15,3,0,15,3,0,0.8333333333333334,1.0,0.9090909090909091,0.0,0.0,0.0,0,0,0,,,1.0
legacy121_v1__2mtj_47_3wj_nmr_a__legacy_gt__trrosettarna2_native_ss__historical_legacy121_v1,2MTJ_47_3wj_nmr_A,trrosettarna2_native_ss,R1_R2,47,15,18,17,15,3,0,15,2,0,0.8823529411764706,1.0,0.9375,0.04901960784313719,0.0,0.02840909090909094,1,1,0,1.0,0.0,1.0
legacy121_v1__2mtj_47_3wj_nmr_a__legacy_gt__trrosettarna2_native_ss__historical_legacy121_v1,2MTJ_47_3wj_nmr_A,trrosettarna2_native_ss,R1_R3,47,15,18,17,15,3,0,15,2,0,0.8823529411764706,1.0,0.9375,0.04901960784313719,0.0,0.02840909090909094,1,1,0,1.0,0.0,1.0
legacy121_v1__2mxl_39_hp_nmr_a__legacy_gt__petfold__historical_legacy121_v1,2MXL_39_hp_nmr_A,petfold,ORIGINAL,39,13,13,13,13,0,0,13,0,0,1.0,1.0,1.0,0.0,0.0,0.0,0,0,0,,,1.0
legacy121_v1__2mxl_39_hp_nmr_a__legacy_gt__petfold__historical_legacy121_v1,2MXL_39_hp_nmr_A,petfold,R1,39,13,13,13,13,0,0,13,0,0,1.0,1.0,1.0,0.0,0.0,0.0,0,0,0,,,1.0
legacy121_v1__2mxl_39_hp_nmr_a__legacy_gt__petfold__historical_legacy121_v1,2MXL_39_hp_nmr_A,petfold,R2,39,13,13,11,13,0,0,11,0,2,1.0,0.8461538461538461,0.9166666666666666,0.0,-0.15384615384615385,-0.08333333333333337,2,0,2,0.0,1.0,0.8461538461538461
legacy121_v1__2mxl_39_hp_nmr_a__legacy_gt__petfold__historical_legacy121_v1,2MXL_39_hp_nmr_A,petfold,R3,39,13,13,13,13,0,0,13,0,0,1.0,1.0,1.0,0.0,0.0,0.0,0,0,0,,,1.0
legacy121_v1__2mxl_39_hp_nmr_a__legacy_gt__petfold__historical_legacy121_v1,2MXL_39_hp_nmr_A,petfold,R1_R2,39,13,13,11,13,0,0,11,0,2,1.0,0.8461538461538461,0.9166666666666666,0.0,-0.15384615384615385,-0.08333333333333337,2,0,2,0.0,1.0,0.8461538461538461
legacy121_v1__2mxl_39_hp_nmr_a__legacy_gt__petfold__historical_legacy121_v1,2MXL_39_hp_nmr_A,petfold,R1_R3,39,13,13,13,13,0,0,13,0,0,1.0,1.0,1.0,0.0,0.0,0.0,0,0,0,,,1.0
legacy121_v1__2mxl_39_hp_nmr_a__legacy_gt__rnafold__historical_legacy121_v1,2MXL_39_hp_nmr_A,rnafold,ORIGINAL,39,13,13,13,13,0,0,13,0,0,1.0,1.0,1.0,0.0,0.0,0.0,0,0,0,,,1.0
legacy121_v1__2mxl_39_hp_nmr_a__legacy_gt__rnafold__historical_legacy121_v1,2MXL_39_hp_nmr_A,rnafold,R1,39,13,13,13,13,0,0,13,0,0,1.0,1.0,1.0,0.0,0.0,0.0,0,0,0,,,1.0
legacy121_v1__2mxl_39_hp_nmr_a__legacy_gt__rnafold__historical_legacy121_v1,2MXL_39_hp_nmr_A,rnafold,R2,39,13,13,11,13,0,0,11,0,2,1.0,0.8461538461538461,0.9166666666666666,0.0,-0.15384615384615385,-0.08333333333333337,2,0,2,0.0,1.0,0.8461538461538461
legacy121_v1__2mxl_39_hp_nmr_a__legacy_gt__rnafold__historical_legacy121_v1,2MXL_39_hp_nmr_A,rnafold,R3,39,13,13,13,13,0,0,13,0,0,1.0,1.0,1.0,0.0,0.0,0.0,0,0,0,,,1.0
legacy121_v1__2mxl_39_hp_nmr_a__legacy_gt__rnafold__historical_legacy121_v1,2MXL_39_hp_nmr_A,rnafold,R1_R2,39,13,13,11,13,0,0,11,0,2,1.0,0.8461538461538461,0.9166666666666666,0.0,-0.15384615384615385,-0.08333333333333337,2,0,2,0.0,1.0,0.8461538461538461
legacy121_v1__2mxl_39_hp_nmr_a__legacy_gt__rnafold__historical_legacy121_v1,2MXL_39_hp_nmr_A,rnafold,R1_R3,39,13,13,13,13,0,0,13,0,0,1.0,1.0,1.0,0.0,0.0,0.0,0,0,0,,,1.0
legacy121_v1__2mxl_39_hp_nmr_a__legacy_gt__trrosettarna2_native_ss__historical_legacy121_v1,2MXL_39_hp_nmr_A,trrosettarna2_native_ss,ORIGINAL,39,13,17,17,13,4,0,13,4,0,0.7647058823529411,1.0,0.8666666666666667,0.0,0.0,0.0,0,0,0,,,1.0
legacy121_v1__2mxl_39_hp_nmr_a__legacy_gt__trrosettarna2_native_ss__historical_legacy121_v1,2MXL_39_hp_nmr_A,trrosettarna2_native_ss,R1,39,13,17,17,13,4,0,13,4,0,0.7647058823529411,1.0,0.8666666666666667,0.0,0.0,0.0,0,0,0,,,1.0
legacy121_v1__2mxl_39_hp_nmr_a__legacy_gt__trrosettarna2_native_ss__historical_legacy121_v1,2MXL_39_hp_nmr_A,trrosettarna2_native_ss,R2,39,13,17,17,13,4,0,13,4,0,0.7647058823529411,1.0,0.8666666666666667,0.0,0.0,0.0,0,0,0,,,1.0
legacy121_v1__2mxl_39_hp_nmr_a__legacy_gt__trrosettarna2_native_ss__historical_legacy121_v1,2MXL_39_hp_nmr_A,trrosettarna2_native_ss,R3,39,13,17,17,13,4,0,13,4,0,0.7647058823529411,1.0,0.8666666666666667,0.0,0.0,0.0,0,0,0,,,1.0
legacy121_v1__2mxl_39_hp_nmr_a__legacy_gt__trrosettarna2_native_ss__historical_legacy121_v1,2MXL_39_hp_nmr_A,trrosettarna2_native_ss,R1_R2,39,13,17,17,13,4,0,13,4,0,0.7647058823529411,1.0,0.8666666666666667,0.0,0.0,0.0,0,0,0,,,1.0
legacy121_v1__2mxl_39_hp_nmr_a__legacy_gt__trrosettarna2_native_ss__historical_legacy121_v1,2MXL_39_hp_nmr_A,trrosettarna2_native_ss,R1_R3,39,13,17,17,13,4,0,13,4,0,0.7647058823529411,1.0,0.8666666666666667,0.0,0.0,0.0,0,0,0,,,1.0
legacy121_v1__2n1q_155_4wj_nmr_a__legacy_gt__petfold__historical_legacy121_v1,2N1Q_155_4wj_nmr_A,petfold,ORIGINAL,155,53,48,48,38,10,15,38,10,15,0.7916666666666666,0.7169811320754716,0.7524752475247525,0.0,0.0,0.0,0,0,0,,,1.0
legacy121_v1__2n1q_155_4wj_nmr_a__legacy_gt__petfold__historical_legacy121_v1,2N1Q_155_4wj_nmr_A,petfold,R1,155,53,48,46,38,10,15,36,10,17,0.782608695652174,0.6792452830188679,0.7272727272727273,-0.009057971014492683,-0.037735849056603765,-0.025202520252025185,2,0,2,0.0,1.0,0.9473684210526315
legacy121_v1__2n1q_155_4wj_nmr_a__legacy_gt__petfold__historical_legacy121_v1,2N1Q_155_4wj_nmr_A,petfold,R2,155,53,48,46,38,10,15,36,10,17,0.782608695652174,0.6792452830188679,0.7272727272727273,-0.009057971014492683,-0.037735849056603765,-0.025202520252025185,2,0,2,0.0,1.0,0.9473684210526315
legacy121_v1__2n1q_155_4wj_nmr_a__legacy_gt__petfold__historical_legacy121_v1,2N1Q_155_4wj_nmr_A,petfold,R3,155,53,48,48,38,10,15,38,10,15,0.7916666666666666,0.7169811320754716,0.7524752475247525,0.0,0.0,0.0,0,0,0,,,1.0
legacy121_v1__2n1q_155_4wj_nmr_a__legacy_gt__petfold__historical_legacy121_v1,2N1Q_155_4wj_nmr_A,petfold,R1_R2,155,53,48,44,38,10,15,34,10,19,0.7727272727272727,0.6415094339622641,0.7010309278350515,-0.018939393939393923,-0.07547169811320753,-0.05144431968970098,4,0,4,0.0,1.0,0.8947368421052632
legacy121_v1__2n1q_155_4wj_nmr_a__legacy_gt__petfold__historical_legacy121_v1,2N1Q_155_4wj_nmr_A,petfold,R1_R3,155,53,48,46,38,10,15,36,10,17,0.782608695652174,0.6792452830188679,0.7272727272727273,-0.009057971014492683,-0.037735849056603765,-0.025202520252025185,2,0,2,0.0,1.0,0.9473684210526315
legacy121_v1__2n1q_155_4wj_nmr_a__legacy_gt__rnafold__historical_legacy121_v1,2N1Q_155_4wj_nmr_A,rnafold,ORIGINAL,155,53,51,51,40,11,13,40,11,13,0.7843137254901961,0.7547169811320755,0.7692307692307693,0.0,0.0,0.0,0,0,0,,,1.0
legacy121_v1__2n1q_155_4wj_nmr_a__legacy_gt__rnafold__historical_legacy121_v1,2N1Q_155_4wj_nmr_A,rnafold,R1,155,53,51,51,40,11,13,40,11,13,0.7843137254901961,0.7547169811320755,0.7692307692307693,0.0,0.0,0.0,0,0,0,,,1.0
legacy121_v1__2n1q_155_4wj_nmr_a__legacy_gt__rnafold__historical_legacy121_v1,2N1Q_155_4wj_nmr_A,rnafold,R2,155,53,51,47,40,11,13,37,10,16,0.7872340425531915,0.6981132075471698,0.74,0.002920317062995448,-0.05660377358490576,-0.029230769230769282,4,1,3,0.25,0.75,0.925
legacy121_v1__2n1q_155_4wj_nmr_a__legacy_gt__rnafold__historical_legacy121_v1,2N1Q_155_4wj_nmr_A,rnafold,R3,155,53,51,51,40,11,13,40,11,13,0.7843137254901961,0.7547169811320755,0.7692307692307693,0.0,0.0,0.0,0,0,0,,,1.0
legacy121_v1__2n1q_155_4wj_nmr_a__legacy_gt__rnafold__historical_legacy121_v1,2N1Q_155_4wj_nmr_A,rnafold,R1_R2,155,53,51,47,40,11,13,37,10,16,0.7872340425531915,0.6981132075471698,0.74,0.002920317062995448,-0.05660377358490576,-0.029230769230769282,4,1,3,0.25,0.75,0.925
legacy121_v1__2n1q_155_4wj_nmr_a__legacy_gt__rnafold__historical_legacy121_v1,2N1Q_155_4wj_nmr_A,rnafold,R1_R3,155,53,51,51,40,11,13,40,11,13,0.7843137254901961,0.7547169811320755,0.7692307692307693,0.0,0.0,0.0,0,0,0,,,1.0
legacy121_v1__2n1q_155_4wj_nmr_a__legacy_gt__trrosettarna2_native_ss__historical_legacy121_v1,2N1Q_155_4wj_nmr_A,trrosettarna2_native_ss,ORIGINAL,155,53,55,55,45,10,8,45,10,8,0.8181818181818182,0.8490566037735849,0.8333333333333334,0.0,0.0,0.0,0,0,0,,,1.0
legacy121_v1__2n1q_155_4wj_nmr_a__legacy_gt__trrosettarna2_native_ss__historical_legacy121_v1,2N1Q_155_4wj_nmr_A,trrosettarna2_native_ss,R1,155,53,55,52,45,10,8,43,9,10,0.8269230769230769,0.8113207547169812,0.819047619047619,0.00874125874125864,-0.037735849056603765,-0.014285714285714346,3,1,2,0.3333333333333333,0.6666666666666666,0.9555555555555556
legacy121_v1__2n1q_155_4wj_nmr_a__legacy_gt__trrosettarna2_native_ss__historical_legacy121_v1,2N1Q_155_4wj_nmr_A,trrosettarna2_native_ss,R2,155,53,55,55,45,10,8,45,10,8,0.8181818181818182,0.8490566037735849,0.8333333333333334,0.0,0.0,0.0,0,0,0,,,1.0
legacy121_v1__2n1q_155_4wj_nmr_a__legacy_gt__trrosettarna2_native_ss__historical_legacy121_v1,2N1Q_155_4wj_nmr_A,trrosettarna2_native_ss,R3,155,53,55,52,45,10,8,45,7,8,0.8653846153846154,0.8490566037735849,0.8571428571428571,0.047202797202797186,0.0,0.023809523809523725,3,3,0,1.0,0.0,1.0
legacy121_v1__2n1q_155_4wj_nmr_a__legacy_gt__trrosettarna2_native_ss__historical_legacy121_v1,2N1Q_155_4wj_nmr_A,trrosettarna2_native_ss,R1_R2,155,53,55,52,45,10,8,43,9,10,0.8269230769230769,0.8113207547169812,0.819047619047619,0.00874125874125864,-0.037735849056603765,-0.014285714285714346,3,1,2,0.3333333333333333,0.6666666666666666,0.9555555555555556
legacy121_v1__2n1q_155_4wj_nmr_a__legacy_gt__trrosettarna2_native_ss__historical_legacy121_v1,2N1Q_155_4wj_nmr_A,trrosettarna2_native_ss,R1_R3,155,53,55,49,45,10,8,43,6,10,0.8775510204081632,0.8113207547169812,0.8431372549019608,0.05936920222634501,-0.037735849056603765,0.009803921568627416,6,4,2,0.6666666666666666,0.3333333333333333,0.9555555555555556
legacy121_v1__2n2p_23_hpbulge_nmr_a__legacy_gt__petfold__historical_legacy121_v1,2N2P_23_hpbulge_nmr_A,petfold,ORIGINAL,23,6,8,8,6,2,0,6,2,0,0.75,1.0,0.8571428571428571,0.0,0.0,0.0,0,0,0,,,1.0
legacy121_v1__2n2p_23_hpbulge_nmr_a__legacy_gt__petfold__historical_legacy121_v1,2N2P_23_hpbulge_nmr_A,petfold,R1,23,6,8,7,6,2,0,6,1,0,0.8571428571428571,1.0,0.9230769230769231,0.1071428571428571,0.0,0.06593406593406603,1,1,0,1.0,0.0,1.0
legacy121_v1__2n2p_23_hpbulge_nmr_a__legacy_gt__petfold__historical_legacy121_v1,2N2P_23_hpbulge_nmr_A,petfold,R2,23,6,8,8,6,2,0,6,2,0,0.75,1.0,0.8571428571428571,0.0,0.0,0.0,0,0,0,,,1.0
legacy121_v1__2n2p_23_hpbulge_nmr_a__legacy_gt__petfold__historical_legacy121_v1,2N2P_23_hpbulge_nmr_A,petfold,R3,23,6,8,8,6,2,0,6,2,0,0.75,1.0,0.8571428571428571,0.0,0.0,0.0,0,0,0,,,1.0
legacy121_v1__2n2p_23_hpbulge_nmr_a__legacy_gt__petfold__historical_legacy121_v1,2N2P_23_hpbulge_nmr_A,petfold,R1_R2,23,6,8,7,6,2,0,6,1,0,0.8571428571428571,1.0,0.9230769230769231,0.1071428571428571,0.0,0.06593406593406603,1,1,0,1.0,0.0,1.0
legacy121_v1__2n2p_23_hpbulge_nmr_a__legacy_gt__petfold__historical_legacy121_v1,2N2P_23_hpbulge_nmr_A,petfold,R1_R3,23,6,8,7,6,2,0,6,1,0,0.8571428571428571,1.0,0.9230769230769231,0.1071428571428571,0.0,0.06593406593406603,1,1,0,1.0,0.0,1.0
legacy121_v1__2n2p_23_hpbulge_nmr_a__legacy_gt__rnafold__historical_legacy121_v1,2N2P_23_hpbulge_nmr_A,rnafold,ORIGINAL,23,6,9,9,6,3,0,6,3,0,0.6666666666666666,1.0,0.8,0.0,0.0,0.0,0,0,0,,,1.0
legacy121_v1__2n2p_23_hpbulge_nmr_a__legacy_gt__rnafold__historical_legacy121_v1,2N2P_23_hpbulge_nmr_A,rnafold,R1,23,6,9,9,6,3,0,6,3,0,0.6666666666666666,1.0,0.8,0.0,0.0,0.0,0,0,0,,,1.0
legacy121_v1__2n2p_23_hpbulge_nmr_a__legacy_gt__rnafold__historical_legacy121_v1,2N2P_23_hpbulge_nmr_A,rnafold,R2,23,6,9,7,6,3,0,6,1,0,0.8571428571428571,1.0,0.9230769230769231,0.19047619047619047,0.0,0.12307692307692308,2,2,0,1.0,0.0,1.0
legacy121_v1__2n2p_23_hpbulge_nmr_a__legacy_gt__rnafold__historical_legacy121_v1,2N2P_23_hpbulge_nmr_A,rnafold,R3,23,6,9,9,6,3,0,6,3,0,0.6666666666666666,1.0,0.8,0.0,0.0,0.0,0,0,0,,,1.0
legacy121_v1__2n2p_23_hpbulge_nmr_a__legacy_gt__rnafold__historical_legacy121_v1,2N2P_23_hpbulge_nmr_A,rnafold,R1_R2,23,6,9,7,6,3,0,6,1,0,0.8571428571428571,1.0,0.9230769230769231,0.19047619047619047,0.0,0.12307692307692308,2,2,0,1.0,0.0,1.0
legacy121_v1__2n2p_23_hpbulge_nmr_a__legacy_gt__rnafold__historical_legacy121_v1,2N2P_23_hpbulge_nmr_A,rnafold,R1_R3,23,6,9,9,6,3,0,6,3,0,0.6666666666666666,1.0,0.8,0.0,0.0,0.0,0,0,0,,,1.0
legacy121_v1__2n2p_23_hpbulge_nmr_a__legacy_gt__trrosettarna2_native_ss__historical_legacy121_v1,2N2P_23_hpbulge_nmr_A,trrosettarna2_native_ss,ORIGINAL,23,6,6,6,6,0,0,6,0,0,1.0,1.0,1.0,0.0,0.0,0.0,0,0,0,,,1.0
legacy121_v1__2n2p_23_hpbulge_nmr_a__legacy_gt__trrosettarna2_native_ss__historical_legacy121_v1,2N2P_23_hpbulge_nmr_A,trrosettarna2_native_ss,R1,23,6,6,6,6,0,0,6,0,0,1.0,1.0,1.0,0.0,0.0,0.0,0,0,0,,,1.0
legacy121_v1__2n2p_23_hpbulge_nmr_a__legacy_gt__trrosettarna2_native_ss__historical_legacy121_v1,2N2P_23_hpbulge_nmr_A,trrosettarna2_native_ss,R2,23,6,6,6,6,0,0,6,0,0,1.0,1.0,1.0,0.0,0.0,0.0,0,0,0,,,1.0
legacy121_v1__2n2p_23_hpbulge_nmr_a__legacy_gt__trrosettarna2_native_ss__historical_legacy121_v1,2N2P_23_hpbulge_nmr_A,trrosettarna2_native_ss,R3,23,6,6,6,6,0,0,6,0,0,1.0,1.0,1.0,0.0,0.0,0.0,0,0,0,,,1.0
legacy121_v1__2n2p_23_hpbulge_nmr_a__legacy_gt__trrosettarna2_native_ss__historical_legacy121_v1,2N2P_23_hpbulge_nmr_A,trrosettarna2_native_ss,R1_R2,23,6,6,6,6,0,0,6,0,0,1.0,1.0,1.0,0.0,0.0,0.0,0,0,0,,,1.0
legacy121_v1__2n2p_23_hpbulge_nmr_a__legacy_gt__trrosettarna2_native_ss__historical_legacy121_v1,2N2P_23_hpbulge_nmr_A,trrosettarna2_native_ss,R1_R3,23,6,6,6,6,0,0,6,0,0,1.0,1.0,1.0,0.0,0.0,0.0,0,0,0,,,1.0
legacy121_v1__2n3q_62_3wj_nmr_a__legacy_gt__petfold__historical_legacy121_v1,2N3Q_62_3wj_nmr_A,petfold,ORIGINAL,62,21,19,19,8,11,13,8,11,13,0.42105263157894735,0.38095238095238093,0.4,0.0,0.0,0.0,0,0,0,,,1.0
legacy121_v1__2n3q_62_3wj_nmr_a__legacy_gt__petfold__historical_legacy121_v1,2N3Q_62_3wj_nmr_A,petfold,R1,62,21,19,18,8,11,13,8,10,13,0.4444444444444444,0.38095238095238093,0.41025641025641024,0.023391812865497075,0.0,0.01025641025641022,1,1,0,1.0,0.0,1.0
legacy121_v1__2n3q_62_3wj_nmr_a__legacy_gt__petfold__historical_legacy121_v1,2N3Q_62_3wj_nmr_A,petfold,R2,62,21,19,17,8,11,13,8,9,13,0.47058823529411764,0.38095238095238093,0.42105263157894735,0.049535603715170295,0.0,0.021052631578947323,2,2,0,1.0,0.0,1.0
legacy121_v1__2n3q_62_3wj_nmr_a__legacy_gt__petfold__historical_legacy121_v1,2N3Q_62_3wj_nmr_A,petfold,R3,62,21,19,19,8,11,13,8,11,13,0.42105263157894735,0.38095238095238093,0.4,0.0,0.0,0.0,0,0,0,,,1.0
legacy121_v1__2n3q_62_3wj_nmr_a__legacy_gt__petfold__historical_legacy121_v1,2N3Q_62_3wj_nmr_A,petfold,R1_R2,62,21,19,16,8,11,13,8,8,13,0.5,0.38095238095238093,0.43243243243243246,0.07894736842105265,0.0,0.032432432432432434,3,3,0,1.0,0.0,1.0
legacy121_v1__2n3q_62_3wj_nmr_a__legacy_gt__petfold__historical_legacy121_v1,2N3Q_62_3wj_nmr_A,petfold,R1_R3,62,21,19,18,8,11,13,8,10,13,0.4444444444444444,0.38095238095238093,0.41025641025641024,0.023391812865497075,0.0,0.01025641025641022,1,1,0,1.0,0.0,1.0
legacy121_v1__2n3q_62_3wj_nmr_a__legacy_gt__rnafold__historical_legacy121_v1,2N3Q_62_3wj_nmr_A,rnafold,ORIGINAL,62,21,19,19,8,11,13,8,11,13,0.42105263157894735,0.38095238095238093,0.4,0.0,0.0,0.0,0,0,0,,,1.0
legacy121_v1__2n3q_62_3wj_nmr_a__legacy_gt__rnafold__historical_legacy121_v1,2N3Q_62_3wj_nmr_A,rnafold,R1,62,21,19,19,8,11,13,8,11,13,0.42105263157894735,0.38095238095238093,0.4,0.0,0.0,0.0,0,0,0,,,1.0
legacy121_v1__2n3q_62_3wj_nmr_a__legacy_gt__rnafold__historical_legacy121_v1,2N3Q_62_3wj_nmr_A,rnafold,R2,62,21,19,19,8,11,13,8,11,13,0.42105263157894735,0.38095238095238093,0.4,0.0,0.0,0.0,0,0,0,,,1.0
legacy121_v1__2n3q_62_3wj_nmr_a__legacy_gt__rnafold__historical_legacy121_v1,2N3Q_62_3wj_nmr_A,rnafold,R3,62,21,19,19,8,11,13,8,11,13,0.42105263157894735,0.38095238095238093,0.4,0.0,0.0,0.0,0,0,0,,,1.0
legacy121_v1__2n3q_62_3wj_nmr_a__legacy_gt__rnafold__historical_legacy121_v1,2N3Q_62_3wj_nmr_A,rnafold,R1_R2,62,21,19,19,8,11,13,8,11,13,0.42105263157894735,0.38095238095238093,0.4,0.0,0.0,0.0,0,0,0,,,1.0
legacy121_v1__2n3q_62_3wj_nmr_a__legacy_gt__rnafold__historical_legacy121_v1,2N3Q_62_3wj_nmr_A,rnafold,R1_R3,62,21,19,19,8,11,13,8,11,13,0.42105263157894735,0.38095238095238093,0.4,0.0,0.0,0.0,0,0,0,,,1.0
legacy121_v1__2n3q_62_3wj_nmr_a__legacy_gt__trrosettarna2_native_ss__historical_legacy121_v1,2N3Q_62_3wj_nmr_A,trrosettarna2_native_ss,ORIGINAL,62,21,23,23,21,2,0,21,2,0,0.9130434782608695,1.0,0.9545454545454546,0.0,0.0,0.0,0,0,0,,,1.0
legacy121_v1__2n3q_62_3wj_nmr_a__legacy_gt__trrosettarna2_native_ss__historical_legacy121_v1,2N3Q_62_3wj_nmr_A,trrosettarna2_native_ss,R1,62,21,23,23,21,2,0,21,2,0,0.9130434782608695,1.0,0.9545454545454546,0.0,0.0,0.0,0,0,0,,,1.0
legacy121_v1__2n3q_62_3wj_nmr_a__legacy_gt__trrosettarna2_native_ss__historical_legacy121_v1,2N3Q_62_3wj_nmr_A,trrosettarna2_native_ss,R2,62,21,23,23,21,2,0,21,2,0,0.9130434782608695,1.0,0.9545454545454546,0.0,0.0,0.0,0,0,0,,,1.0
legacy121_v1__2n3q_62_3wj_nmr_a__legacy_gt__trrosettarna2_native_ss__historical_legacy121_v1,2N3Q_62_3wj_nmr_A,trrosettarna2_native_ss,R3,62,21,23,23,21,2,0,21,2,0,0.9130434782608695,1.0,0.9545454545454546,0.0,0.0,0.0,0,0,0,,,1.0
legacy121_v1__2n3q_62_3wj_nmr_a__legacy_gt__trrosettarna2_native_ss__historical_legacy121_v1,2N3Q_62_3wj_nmr_A,trrosettarna2_native_ss,R1_R2,62,21,23,23,21,2,0,21,2,0,0.9130434782608695,1.0,0.9545454545454546,0.0,0.0,0.0,0,0,0,,,1.0
legacy121_v1__2n3q_62_3wj_nmr_a__legacy_gt__trrosettarna2_native_ss__historical_legacy121_v1,2N3Q_62_3wj_nmr_A,trrosettarna2_native_ss,R1_R3,62,21,23,23,21,2,0,21,2,0,0.9130434782608695,1.0,0.9545454545454546,0.0,0.0,0.0,0,0,0,,,1.0
legacy121_v1__2n4l_53_hpbulge_nmr_a__legacy_gt__petfold__historical_legacy121_v1,2N4L_53_hpbulge_nmr_A,petfold,ORIGINAL,53,21,21,21,21,0,0,21,0,0,1.0,1.0,1.0,0.0,0.0,0.0,0,0,0,,,1.0
legacy121_v1__2n4l_53_hpbulge_nmr_a__legacy_gt__petfold__historical_legacy121_v1,2N4L_53_hpbulge_nmr_A,petfold,R1,53,21,21,21,21,0,0,21,0,0,1.0,1.0,1.0,0.0,0.0,0.0,0,0,0,,,1.0
legacy121_v1__2n4l_53_hpbulge_nmr_a__legacy_gt__petfold__historical_legacy121_v1,2N4L_53_hpbulge_nmr_A,petfold,R2,53,21,21,21,21,0,0,21,0,0,1.0,1.0,1.0,0.0,0.0,0.0,0,0,0,,,1.0
legacy121_v1__2n4l_53_hpbulge_nmr_a__legacy_gt__petfold__historical_legacy121_v1,2N4L_53_hpbulge_nmr_A,petfold,R3,53,21,21,21,21,0,0,21,0,0,1.0,1.0,1.0,0.0,0.0,0.0,0,0,0,,,1.0
legacy121_v1__2n4l_53_hpbulge_nmr_a__legacy_gt__petfold__historical_legacy121_v1,2N4L_53_hpbulge_nmr_A,petfold,R1_R2,53,21,21,21,21,0,0,21,0,0,1.0,1.0,1.0,0.0,0.0,0.0,0,0,0,,,1.0
legacy121_v1__2n4l_53_hpbulge_nmr_a__legacy_gt__petfold__historical_legacy121_v1,2N4L_53_hpbulge_nmr_A,petfold,R1_R3,53,21,21,21,21,0,0,21,0,0,1.0,1.0,1.0,0.0,0.0,0.0,0,0,0,,,1.0
legacy121_v1__2n4l_53_hpbulge_nmr_a__legacy_gt__rnafold__historical_legacy121_v1,2N4L_53_hpbulge_nmr_A,rnafold,ORIGINAL,53,21,21,21,20,1,1,20,1,1,0.9523809523809523,0.9523809523809523,0.9523809523809523,0.0,0.0,0.0,0,0,0,,,1.0
legacy121_v1__2n4l_53_hpbulge_nmr_a__legacy_gt__rnafold__historical_legacy121_v1,2N4L_53_hpbulge_nmr_A,rnafold,R1,53,21,21,21,20,1,1,20,1,1,0.9523809523809523,0.9523809523809523,0.9523809523809523,0.0,0.0,0.0,0,0,0,,,1.0
legacy121_v1__2n4l_53_hpbulge_nmr_a__legacy_gt__rnafold__historical_legacy121_v1,2N4L_53_hpbulge_nmr_A,rnafold,R2,53,21,21,19,20,1,1,18,1,3,0.9473684210526315,0.8571428571428571,0.9,-0.005012531328320802,-0.09523809523809523,-0.052380952380952306,2,0,2,0.0,1.0,0.9
legacy121_v1__2n4l_53_hpbulge_nmr_a__legacy_gt__rnafold__historical_legacy121_v1,2N4L_53_hpbulge_nmr_A,rnafold,R3,53,21,21,21,20,1,1,20,1,1,0.9523809523809523,0.9523809523809523,0.9523809523809523,0.0,0.0,0.0,0,0,0,,,1.0
legacy121_v1__2n4l_53_hpbulge_nmr_a__legacy_gt__rnafold__historical_legacy121_v1,2N4L_53_hpbulge_nmr_A,rnafold,R1_R2,53,21,21,19,20,1,1,18,1,3,0.9473684210526315,0.8571428571428571,0.9,-0.005012531328320802,-0.09523809523809523,-0.052380952380952306,2,0,2,0.0,1.0,0.9
legacy121_v1__2n4l_53_hpbulge_nmr_a__legacy_gt__rnafold__historical_legacy121_v1,2N4L_53_hpbulge_nmr_A,rnafold,R1_R3,53,21,21,21,20,1,1,20,1,1,0.9523809523809523,0.9523809523809523,0.9523809523809523,0.0,0.0,0.0,0,0,0,,,1.0
legacy121_v1__2n4l_53_hpbulge_nmr_a__legacy_gt__trrosettarna2_native_ss__historical_legacy121_v1,2N4L_53_hpbulge_nmr_A,trrosettarna2_native_ss,ORIGINAL,53,21,24,24,21,3,0,21,3,0,0.875,1.0,0.9333333333333333,0.0,0.0,0.0,0,0,0,,,1.0
legacy121_v1__2n4l_53_hpbulge_nmr_a__legacy_gt__trrosettarna2_native_ss__historical_legacy121_v1,2N4L_53_hpbulge_nmr_A,trrosettarna2_native_ss,R1,53,21,24,24,21,3,0,21,3,0,0.875,1.0,0.9333333333333333,0.0,0.0,0.0,0,0,0,,,1.0
legacy121_v1__2n4l_53_hpbulge_nmr_a__legacy_gt__trrosettarna2_native_ss__historical_legacy121_v1,2N4L_53_hpbulge_nmr_A,trrosettarna2_native_ss,R2,53,21,24,24,21,3,0,21,3,0,0.875,1.0,0.9333333333333333,0.0,0.0,0.0,0,0,0,,,1.0
legacy121_v1__2n4l_53_hpbulge_nmr_a__legacy_gt__trrosettarna2_native_ss__historical_legacy121_v1,2N4L_53_hpbulge_nmr_A,trrosettarna2_native_ss,R3,53,21,24,24,21,3,0,21,3,0,0.875,1.0,0.9333333333333333,0.0,0.0,0.0,0,0,0,,,1.0
legacy121_v1__2n4l_53_hpbulge_nmr_a__legacy_gt__trrosettarna2_native_ss__historical_legacy121_v1,2N4L_53_hpbulge_nmr_A,trrosettarna2_native_ss,R1_R2,53,21,24,24,21,3,0,21,3,0,0.875,1.0,0.9333333333333333,0.0,0.0,0.0,0,0,0,,,1.0
legacy121_v1__2n4l_53_hpbulge_nmr_a__legacy_gt__trrosettarna2_native_ss__historical_legacy121_v1,2N4L_53_hpbulge_nmr_A,trrosettarna2_native_ss,R1_R3,53,21,24,24,21,3,0,21,3,0,0.875,1.0,0.9333333333333333,0.0,0.0,0.0,0,0,0,,,1.0
legacy121_v1__2n6w_68_hpbulge_nmr_a__legacy_gt__petfold__historical_legacy121_v1,2N6W_68_hpbulge_nmr_A,petfold,ORIGINAL,68,25,28,28,24,4,1,24,4,1,0.8571428571428571,0.96,0.9056603773584906,0.0,0.0,0.0,0,0,0,,,1.0
legacy121_v1__2n6w_68_hpbulge_nmr_a__legacy_gt__petfold__historical_legacy121_v1,2N6W_68_hpbulge_nmr_A,petfold,R1,68,25,28,28,24,4,1,24,4,1,0.8571428571428571,0.96,0.9056603773584906,0.0,0.0,0.0,0,0,0,,,1.0
legacy121_v1__2n6w_68_hpbulge_nmr_a__legacy_gt__petfold__historical_legacy121_v1,2N6W_68_hpbulge_nmr_A,petfold,R2,68,25,28,26,24,4,1,23,3,2,0.8846153846153846,0.92,0.9019607843137255,0.027472527472527486,-0.039999999999999925,-0.0036995930447650816,2,1,1,0.5,0.5,0.9583333333333334
legacy121_v1__2n6w_68_hpbulge_nmr_a__legacy_gt__petfold__historical_legacy121_v1,2N6W_68_hpbulge_nmr_A,petfold,R3,68,25,28,28,24,4,1,24,4,1,0.8571428571428571,0.96,0.9056603773584906,0.0,0.0,0.0,0,0,0,,,1.0
legacy121_v1__2n6w_68_hpbulge_nmr_a__legacy_gt__petfold__historical_legacy121_v1,2N6W_68_hpbulge_nmr_A,petfold,R1_R2,68,25,28,26,24,4,1,23,3,2,0.8846153846153846,0.92,0.9019607843137255,0.027472527472527486,-0.039999999999999925,-0.0036995930447650816,2,1,1,0.5,0.5,0.9583333333333334
legacy121_v1__2n6w_68_hpbulge_nmr_a__legacy_gt__petfold__historical_legacy121_v1,2N6W_68_hpbulge_nmr_A,petfold,R1_R3,68,25,28,28,24,4,1,24,4,1,0.8571428571428571,0.96,0.9056603773584906,0.0,0.0,0.0,0,0,0,,,1.0
legacy121_v1__2n6w_68_hpbulge_nmr_a__legacy_gt__rnafold__historical_legacy121_v1,2N6W_68_hpbulge_nmr_A,rnafold,ORIGINAL,68,25,28,28,24,4,1,24,4,1,0.8571428571428571,0.96,0.9056603773584906,0.0,0.0,0.0,0,0,0,,,1.0
legacy121_v1__2n6w_68_hpbulge_nmr_a__legacy_gt__rnafold__historical_legacy121_v1,2N6W_68_hpbulge_nmr_A,rnafold,R1,68,25,28,28,24,4,1,24,4,1,0.8571428571428571,0.96,0.9056603773584906,0.0,0.0,0.0,0,0,0,,,1.0
legacy121_v1__2n6w_68_hpbulge_nmr_a__legacy_gt__rnafold__historical_legacy121_v1,2N6W_68_hpbulge_nmr_A,rnafold,R2,68,25,28,26,24,4,1,23,3,2,0.8846153846153846,0.92,0.9019607843137255,0.027472527472527486,-0.039999999999999925,-0.0036995930447650816,2,1,1,0.5,0.5,0.9583333333333334
legacy121_v1__2n6w_68_hpbulge_nmr_a__legacy_gt__rnafold__historical_legacy121_v1,2N6W_68_hpbulge_nmr_A,rnafold,R3,68,25,28,28,24,4,1,24,4,1,0.8571428571428571,0.96,0.9056603773584906,0.0,0.0,0.0,0,0,0,,,1.0
legacy121_v1__2n6w_68_hpbulge_nmr_a__legacy_gt__rnafold__historical_legacy121_v1,2N6W_68_hpbulge_nmr_A,rnafold,R1_R2,68,25,28,26,24,4,1,23,3,2,0.8846153846153846,0.92,0.9019607843137255,0.027472527472527486,-0.039999999999999925,-0.0036995930447650816,2,1,1,0.5,0.5,0.9583333333333334
legacy121_v1__2n6w_68_hpbulge_nmr_a__legacy_gt__rnafold__historical_legacy121_v1,2N6W_68_hpbulge_nmr_A,rnafold,R1_R3,68,25,28,28,24,4,1,24,4,1,0.8571428571428571,0.96,0.9056603773584906,0.0,0.0,0.0,0,0,0,,,1.0
legacy121_v1__2n6w_68_hpbulge_nmr_a__legacy_gt__trrosettarna2_native_ss__historical_legacy121_v1,2N6W_68_hpbulge_nmr_A,trrosettarna2_native_ss,ORIGINAL,68,25,26,26,23,3,2,23,3,2,0.8846153846153846,0.92,0.9019607843137255,0.0,0.0,0.0,0,0,0,,,1.0
legacy121_v1__2n6w_68_hpbulge_nmr_a__legacy_gt__trrosettarna2_native_ss__historical_legacy121_v1,2N6W_68_hpbulge_nmr_A,trrosettarna2_native_ss,R1,68,25,26,26,23,3,2,23,3,2,0.8846153846153846,0.92,0.9019607843137255,0.0,0.0,0.0,0,0,0,,,1.0
legacy121_v1__2n6w_68_hpbulge_nmr_a__legacy_gt__trrosettarna2_native_ss__historical_legacy121_v1,2N6W_68_hpbulge_nmr_A,trrosettarna2_native_ss,R2,68,25,26,26,23,3,2,23,3,2,0.8846153846153846,0.92,0.9019607843137255,0.0,0.0,0.0,0,0,0,,,1.0
legacy121_v1__2n6w_68_hpbulge_nmr_a__legacy_gt__trrosettarna2_native_ss__historical_legacy121_v1,2N6W_68_hpbulge_nmr_A,trrosettarna2_native_ss,R3,68,25,26,26,23,3,2,23,3,2,0.8846153846153846,0.92,0.9019607843137255,0.0,0.0,0.0,0,0,0,,,1.0
legacy121_v1__2n6w_68_hpbulge_nmr_a__legacy_gt__trrosettarna2_native_ss__historical_legacy121_v1,2N6W_68_hpbulge_nmr_A,trrosettarna2_native_ss,R1_R2,68,25,26,26,23,3,2,23,3,2,0.8846153846153846,0.92,0.9019607843137255,0.0,0.0,0.0,0,0,0,,,1.0
legacy121_v1__2n6w_68_hpbulge_nmr_a__legacy_gt__trrosettarna2_native_ss__historical_legacy121_v1,2N6W_68_hpbulge_nmr_A,trrosettarna2_native_ss,R1_R3,68,25,26,26,23,3,2,23,3,2,0.8846153846153846,0.92,0.9019607843137255,0.0,0.0,0.0,0,0,0,,,1.0
legacy121_v1__2nc1_67_3wj_nmr_a__legacy_gt__petfold__historical_legacy121_v1,2NC1_67_3wj_nmr_A,petfold,ORIGINAL,67,25,24,24,24,0,1,24,0,1,1.0,0.96,0.9795918367346939,0.0,0.0,0.0,0,0,0,,,1.0
legacy121_v1__2nc1_67_3wj_nmr_a__legacy_gt__petfold__historical_legacy121_v1,2NC1_67_3wj_nmr_A,petfold,R1,67,25,24,24,24,0,1,24,0,1,1.0,0.96,0.9795918367346939,0.0,0.0,0.0,0,0,0,,,1.0
legacy121_v1__2nc1_67_3wj_nmr_a__legacy_gt__petfold__historical_legacy121_v1,2NC1_67_3wj_nmr_A,petfold,R2,67,25,24,24,24,0,1,24,0,1,1.0,0.96,0.9795918367346939,0.0,0.0,0.0,0,0,0,,,1.0
legacy121_v1__2nc1_67_3wj_nmr_a__legacy_gt__petfold__historical_legacy121_v1,2NC1_67_3wj_nmr_A,petfold,R3,67,25,24,24,24,0,1,24,0,1,1.0,0.96,0.9795918367346939,0.0,0.0,0.0,0,0,0,,,1.0
legacy121_v1__2nc1_67_3wj_nmr_a__legacy_gt__petfold__historical_legacy121_v1,2NC1_67_3wj_nmr_A,petfold,R1_R2,67,25,24,24,24,0,1,24,0,1,1.0,0.96,0.9795918367346939,0.0,0.0,0.0,0,0,0,,,1.0
legacy121_v1__2nc1_67_3wj_nmr_a__legacy_gt__petfold__historical_legacy121_v1,2NC1_67_3wj_nmr_A,petfold,R1_R3,67,25,24,24,24,0,1,24,0,1,1.0,0.96,0.9795918367346939,0.0,0.0,0.0,0,0,0,,,1.0
legacy121_v1__2nc1_67_3wj_nmr_a__legacy_gt__rnafold__historical_legacy121_v1,2NC1_67_3wj_nmr_A,rnafold,ORIGINAL,67,25,24,24,24,0,1,24,0,1,1.0,0.96,0.9795918367346939,0.0,0.0,0.0,0,0,0,,,1.0
legacy121_v1__2nc1_67_3wj_nmr_a__legacy_gt__rnafold__historical_legacy121_v1,2NC1_67_3wj_nmr_A,rnafold,R1,67,25,24,24,24,0,1,24,0,1,1.0,0.96,0.9795918367346939,0.0,0.0,0.0,0,0,0,,,1.0
legacy121_v1__2nc1_67_3wj_nmr_a__legacy_gt__rnafold__historical_legacy121_v1,2NC1_67_3wj_nmr_A,rnafold,R2,67,25,24,24,24,0,1,24,0,1,1.0,0.96,0.9795918367346939,0.0,0.0,0.0,0,0,0,,,1.0
legacy121_v1__2nc1_67_3wj_nmr_a__legacy_gt__rnafold__historical_legacy121_v1,2NC1_67_3wj_nmr_A,rnafold,R3,67,25,24,24,24,0,1,24,0,1,1.0,0.96,0.9795918367346939,0.0,0.0,0.0,0,0,0,,,1.0
legacy121_v1__2nc1_67_3wj_nmr_a__legacy_gt__rnafold__historical_legacy121_v1,2NC1_67_3wj_nmr_A,rnafold,R1_R2,67,25,24,24,24,0,1,24,0,1,1.0,0.96,0.9795918367346939,0.0,0.0,0.0,0,0,0,,,1.0
legacy121_v1__2nc1_67_3wj_nmr_a__legacy_gt__rnafold__historical_legacy121_v1,2NC1_67_3wj_nmr_A,rnafold,R1_R3,67,25,24,24,24,0,1,24,0,1,1.0,0.96,0.9795918367346939,0.0,0.0,0.0,0,0,0,,,1.0
legacy121_v1__2nc1_67_3wj_nmr_a__legacy_gt__trrosettarna2_native_ss__historical_legacy121_v1,2NC1_67_3wj_nmr_A,trrosettarna2_native_ss,ORIGINAL,67,25,29,29,25,4,0,25,4,0,0.8620689655172413,1.0,0.9259259259259259,0.0,0.0,0.0,0,0,0,,,1.0
legacy121_v1__2nc1_67_3wj_nmr_a__legacy_gt__trrosettarna2_native_ss__historical_legacy121_v1,2NC1_67_3wj_nmr_A,trrosettarna2_native_ss,R1,67,25,29,29,25,4,0,25,4,0,0.8620689655172413,1.0,0.9259259259259259,0.0,0.0,0.0,0,0,0,,,1.0
legacy121_v1__2nc1_67_3wj_nmr_a__legacy_gt__trrosettarna2_native_ss__historical_legacy121_v1,2NC1_67_3wj_nmr_A,trrosettarna2_native_ss,R2,67,25,29,27,25,4,0,24,3,1,0.8888888888888888,0.96,0.9230769230769231,0.026819923371647514,-0.040000000000000036,-0.002849002849002802,2,1,1,0.5,0.5,0.96
legacy121_v1__2nc1_67_3wj_nmr_a__legacy_gt__trrosettarna2_native_ss__historical_legacy121_v1,2NC1_67_3wj_nmr_A,trrosettarna2_native_ss,R3,67,25,29,28,25,4,0,25,3,0,0.8928571428571429,1.0,0.9433962264150944,0.03078817733990158,0.0,0.017470300489168422,1,1,0,1.0,0.0,1.0
legacy121_v1__2nc1_67_3wj_nmr_a__legacy_gt__trrosettarna2_native_ss__historical_legacy121_v1,2NC1_67_3wj_nmr_A,trrosettarna2_native_ss,R1_R2,67,25,29,27,25,4,0,24,3,1,0.8888888888888888,0.96,0.9230769230769231,0.026819923371647514,-0.040000000000000036,-0.002849002849002802,2,1,1,0.5,0.5,0.96
legacy121_v1__2nc1_67_3wj_nmr_a__legacy_gt__trrosettarna2_native_ss__historical_legacy121_v1,2NC1_67_3wj_nmr_A,trrosettarna2_native_ss,R1_R3,67,25,29,28,25,4,0,25,3,0,0.8928571428571429,1.0,0.9433962264150944,0.03078817733990158,0.0,0.017470300489168422,1,1,0,1.0,0.0,1.0
legacy121_v1__2nci_28_hpbulge_nmr_a__legacy_gt__petfold__historical_legacy121_v1,2NCI_28_hpbulge_nmr_A,petfold,ORIGINAL,28,8,10,10,8,2,0,8,2,0,0.8,1.0,0.8888888888888888,0.0,0.0,0.0,0,0,0,,,1.0
legacy121_v1__2nci_28_hpbulge_nmr_a__legacy_gt__petfold__historical_legacy121_v1,2NCI_28_hpbulge_nmr_A,petfold,R1,28,8,10,10,8,2,0,8,2,0,0.8,1.0,0.8888888888888888,0.0,0.0,0.0,0,0,0,,,1.0
legacy121_v1__2nci_28_hpbulge_nmr_a__legacy_gt__petfold__historical_legacy121_v1,2NCI_28_hpbulge_nmr_A,petfold,R2,28,8,10,10,8,2,0,8,2,0,0.8,1.0,0.8888888888888888,0.0,0.0,0.0,0,0,0,,,1.0
legacy121_v1__2nci_28_hpbulge_nmr_a__legacy_gt__petfold__historical_legacy121_v1,2NCI_28_hpbulge_nmr_A,petfold,R3,28,8,10,10,8,2,0,8,2,0,0.8,1.0,0.8888888888888888,0.0,0.0,0.0,0,0,0,,,1.0
legacy121_v1__2nci_28_hpbulge_nmr_a__legacy_gt__petfold__historical_legacy121_v1,2NCI_28_hpbulge_nmr_A,petfold,R1_R2,28,8,10,10,8,2,0,8,2,0,0.8,1.0,0.8888888888888888,0.0,0.0,0.0,0,0,0,,,1.0
legacy121_v1__2nci_28_hpbulge_nmr_a__legacy_gt__petfold__historical_legacy121_v1,2NCI_28_hpbulge_nmr_A,petfold,R1_R3,28,8,10,10,8,2,0,8,2,0,0.8,1.0,0.8888888888888888,0.0,0.0,0.0,0,0,0,,,1.0
legacy121_v1__2nci_28_hpbulge_nmr_a__legacy_gt__rnafold__historical_legacy121_v1,2NCI_28_hpbulge_nmr_A,rnafold,ORIGINAL,28,8,10,10,8,2,0,8,2,0,0.8,1.0,0.8888888888888888,0.0,0.0,0.0,0,0,0,,,1.0
legacy121_v1__2nci_28_hpbulge_nmr_a__legacy_gt__rnafold__historical_legacy121_v1,2NCI_28_hpbulge_nmr_A,rnafold,R1,28,8,10,10,8,2,0,8,2,0,0.8,1.0,0.8888888888888888,0.0,0.0,0.0,0,0,0,,,1.0
legacy121_v1__2nci_28_hpbulge_nmr_a__legacy_gt__rnafold__historical_legacy121_v1,2NCI_28_hpbulge_nmr_A,rnafold,R2,28,8,10,10,8,2,0,8,2,0,0.8,1.0,0.8888888888888888,0.0,0.0,0.0,0,0,0,,,1.0
legacy121_v1__2nci_28_hpbulge_nmr_a__legacy_gt__rnafold__historical_legacy121_v1,2NCI_28_hpbulge_nmr_A,rnafold,R3,28,8,10,10,8,2,0,8,2,0,0.8,1.0,0.8888888888888888,0.0,0.0,0.0,0,0,0,,,1.0
legacy121_v1__2nci_28_hpbulge_nmr_a__legacy_gt__rnafold__historical_legacy121_v1,2NCI_28_hpbulge_nmr_A,rnafold,R1_R2,28,8,10,10,8,2,0,8,2,0,0.8,1.0,0.8888888888888888,0.0,0.0,0.0,0,0,0,,,1.0
legacy121_v1__2nci_28_hpbulge_nmr_a__legacy_gt__rnafold__historical_legacy121_v1,2NCI_28_hpbulge_nmr_A,rnafold,R1_R3,28,8,10,10,8,2,0,8,2,0,0.8,1.0,0.8888888888888888,0.0,0.0,0.0,0,0,0,,,1.0
legacy121_v1__2nci_28_hpbulge_nmr_a__legacy_gt__trrosettarna2_native_ss__historical_legacy121_v1,2NCI_28_hpbulge_nmr_A,trrosettarna2_native_ss,ORIGINAL,28,8,10,10,8,2,0,8,2,0,0.8,1.0,0.8888888888888888,0.0,0.0,0.0,0,0,0,,,1.0
legacy121_v1__2nci_28_hpbulge_nmr_a__legacy_gt__trrosettarna2_native_ss__historical_legacy121_v1,2NCI_28_hpbulge_nmr_A,trrosettarna2_native_ss,R1,28,8,10,9,8,2,0,8,1,0,0.8888888888888888,1.0,0.9411764705882353,0.0888888888888888,0.0,0.05228758169934644,1,1,0,1.0,0.0,1.0
legacy121_v1__2nci_28_hpbulge_nmr_a__legacy_gt__trrosettarna2_native_ss__historical_legacy121_v1,2NCI_28_hpbulge_nmr_A,trrosettarna2_native_ss,R2,28,8,10,10,8,2,0,8,2,0,0.8,1.0,0.8888888888888888,0.0,0.0,0.0,0,0,0,,,1.0
legacy121_v1__2nci_28_hpbulge_nmr_a__legacy_gt__trrosettarna2_native_ss__historical_legacy121_v1,2NCI_28_hpbulge_nmr_A,trrosettarna2_native_ss,R3,28,8,10,10,8,2,0,8,2,0,0.8,1.0,0.8888888888888888,0.0,0.0,0.0,0,0,0,,,1.0
legacy121_v1__2nci_28_hpbulge_nmr_a__legacy_gt__trrosettarna2_native_ss__historical_legacy121_v1,2NCI_28_hpbulge_nmr_A,trrosettarna2_native_ss,R1_R2,28,8,10,9,8,2,0,8,1,0,0.8888888888888888,1.0,0.9411764705882353,0.0888888888888888,0.0,0.05228758169934644,1,1,0,1.0,0.0,1.0
legacy121_v1__2nci_28_hpbulge_nmr_a__legacy_gt__trrosettarna2_native_ss__historical_legacy121_v1,2NCI_28_hpbulge_nmr_A,trrosettarna2_native_ss,R1_R3,28,8,10,9,8,2,0,8,1,0,0.8888888888888888,1.0,0.9411764705882353,0.0888888888888888,0.0,0.05228758169934644,1,1,0,1.0,0.0,1.0
legacy121_v1__2pcv_35_hpbulge_nmr_a__legacy_gt__petfold__historical_legacy121_v1,2PCV_35_hpbulge_nmr_A,petfold,ORIGINAL,35,9,11,11,9,2,0,9,2,0,0.8181818181818182,1.0,0.9,0.0,0.0,0.0,0,0,0,,,1.0
legacy121_v1__2pcv_35_hpbulge_nmr_a__legacy_gt__petfold__historical_legacy121_v1,2PCV_35_hpbulge_nmr_A,petfold,R1,35,9,11,11,9,2,0,9,2,0,0.8181818181818182,1.0,0.9,0.0,0.0,0.0,0,0,0,,,1.0
legacy121_v1__2pcv_35_hpbulge_nmr_a__legacy_gt__petfold__historical_legacy121_v1,2PCV_35_hpbulge_nmr_A,petfold,R2,35,9,11,9,9,2,0,9,0,0,1.0,1.0,1.0,0.18181818181818177,0.0,0.09999999999999998,2,2,0,1.0,0.0,1.0
legacy121_v1__2pcv_35_hpbulge_nmr_a__legacy_gt__petfold__historical_legacy121_v1,2PCV_35_hpbulge_nmr_A,petfold,R3,35,9,11,11,9,2,0,9,2,0,0.8181818181818182,1.0,0.9,0.0,0.0,0.0,0,0,0,,,1.0
legacy121_v1__2pcv_35_hpbulge_nmr_a__legacy_gt__petfold__historical_legacy121_v1,2PCV_35_hpbulge_nmr_A,petfold,R1_R2,35,9,11,9,9,2,0,9,0,0,1.0,1.0,1.0,0.18181818181818177,0.0,0.09999999999999998,2,2,0,1.0,0.0,1.0
legacy121_v1__2pcv_35_hpbulge_nmr_a__legacy_gt__petfold__historical_legacy121_v1,2PCV_35_hpbulge_nmr_A,petfold,R1_R3,35,9,11,11,9,2,0,9,2,0,0.8181818181818182,1.0,0.9,0.0,0.0,0.0,0,0,0,,,1.0
legacy121_v1__2pcv_35_hpbulge_nmr_a__legacy_gt__rnafold__historical_legacy121_v1,2PCV_35_hpbulge_nmr_A,rnafold,ORIGINAL,35,9,10,10,9,1,0,9,1,0,0.9,1.0,0.9473684210526315,0.0,0.0,0.0,0,0,0,,,1.0
legacy121_v1__2pcv_35_hpbulge_nmr_a__legacy_gt__rnafold__historical_legacy121_v1,2PCV_35_hpbulge_nmr_A,rnafold,R1,35,9,10,9,9,1,0,9,0,0,1.0,1.0,1.0,0.09999999999999998,0.0,0.052631578947368474,1,1,0,1.0,0.0,1.0
legacy121_v1__2pcv_35_hpbulge_nmr_a__legacy_gt__rnafold__historical_legacy121_v1,2PCV_35_hpbulge_nmr_A,rnafold,R2,35,9,10,10,9,1,0,9,1,0,0.9,1.0,0.9473684210526315,0.0,0.0,0.0,0,0,0,,,1.0
legacy121_v1__2pcv_35_hpbulge_nmr_a__legacy_gt__rnafold__historical_legacy121_v1,2PCV_35_hpbulge_nmr_A,rnafold,R3,35,9,10,10,9,1,0,9,1,0,0.9,1.0,0.9473684210526315,0.0,0.0,0.0,0,0,0,,,1.0
legacy121_v1__2pcv_35_hpbulge_nmr_a__legacy_gt__rnafold__historical_legacy121_v1,2PCV_35_hpbulge_nmr_A,rnafold,R1_R2,35,9,10,9,9,1,0,9,0,0,1.0,1.0,1.0,0.09999999999999998,0.0,0.052631578947368474,1,1,0,1.0,0.0,1.0
legacy121_v1__2pcv_35_hpbulge_nmr_a__legacy_gt__rnafold__historical_legacy121_v1,2PCV_35_hpbulge_nmr_A,rnafold,R1_R3,35,9,10,9,9,1,0,9,0,0,1.0,1.0,1.0,0.09999999999999998,0.0,0.052631578947368474,1,1,0,1.0,0.0,1.0
legacy121_v1__2pcv_35_hpbulge_nmr_a__legacy_gt__trrosettarna2_native_ss__historical_legacy121_v1,2PCV_35_hpbulge_nmr_A,trrosettarna2_native_ss,ORIGINAL,35,9,10,10,9,1,0,9,1,0,0.9,1.0,0.9473684210526315,0.0,0.0,0.0,0,0,0,,,1.0
legacy121_v1__2pcv_35_hpbulge_nmr_a__legacy_gt__trrosettarna2_native_ss__historical_legacy121_v1,2PCV_35_hpbulge_nmr_A,trrosettarna2_native_ss,R1,35,9,10,10,9,1,0,9,1,0,0.9,1.0,0.9473684210526315,0.0,0.0,0.0,0,0,0,,,1.0
legacy121_v1__2pcv_35_hpbulge_nmr_a__legacy_gt__trrosettarna2_native_ss__historical_legacy121_v1,2PCV_35_hpbulge_nmr_A,trrosettarna2_native_ss,R2,35,9,10,10,9,1,0,9,1,0,0.9,1.0,0.9473684210526315,0.0,0.0,0.0,0,0,0,,,1.0
legacy121_v1__2pcv_35_hpbulge_nmr_a__legacy_gt__trrosettarna2_native_ss__historical_legacy121_v1,2PCV_35_hpbulge_nmr_A,trrosettarna2_native_ss,R3,35,9,10,10,9,1,0,9,1,0,0.9,1.0,0.9473684210526315,0.0,0.0,0.0,0,0,0,,,1.0
legacy121_v1__2pcv_35_hpbulge_nmr_a__legacy_gt__trrosettarna2_native_ss__historical_legacy121_v1,2PCV_35_hpbulge_nmr_A,trrosettarna2_native_ss,R1_R2,35,9,10,10,9,1,0,9,1,0,0.9,1.0,0.9473684210526315,0.0,0.0,0.0,0,0,0,,,1.0
legacy121_v1__2pcv_35_hpbulge_nmr_a__legacy_gt__trrosettarna2_native_ss__historical_legacy121_v1,2PCV_35_hpbulge_nmr_A,trrosettarna2_native_ss,R1_R3,35,9,10,10,9,1,0,9,1,0,0.9,1.0,0.9473684210526315,0.0,0.0,0.0,0,0,0,,,1.0
legacy121_v1__2qh2_24_hp_nmr_a__legacy_gt__petfold__historical_legacy121_v1,2QH2_24_hp_nmr_A,petfold,ORIGINAL,24,9,8,8,8,0,1,8,0,1,1.0,0.8888888888888888,0.9411764705882353,0.0,0.0,0.0,0,0,0,,,1.0
legacy121_v1__2qh2_24_hp_nmr_a__legacy_gt__petfold__historical_legacy121_v1,2QH2_24_hp_nmr_A,petfold,R1,24,9,8,8,8,0,1,8,0,1,1.0,0.8888888888888888,0.9411764705882353,0.0,0.0,0.0,0,0,0,,,1.0
legacy121_v1__2qh2_24_hp_nmr_a__legacy_gt__petfold__historical_legacy121_v1,2QH2_24_hp_nmr_A,petfold,R2,24,9,8,8,8,0,1,8,0,1,1.0,0.8888888888888888,0.9411764705882353,0.0,0.0,0.0,0,0,0,,,1.0
legacy121_v1__2qh2_24_hp_nmr_a__legacy_gt__petfold__historical_legacy121_v1,2QH2_24_hp_nmr_A,petfold,R3,24,9,8,8,8,0,1,8,0,1,1.0,0.8888888888888888,0.9411764705882353,0.0,0.0,0.0,0,0,0,,,1.0
legacy121_v1__2qh2_24_hp_nmr_a__legacy_gt__petfold__historical_legacy121_v1,2QH2_24_hp_nmr_A,petfold,R1_R2,24,9,8,8,8,0,1,8,0,1,1.0,0.8888888888888888,0.9411764705882353,0.0,0.0,0.0,0,0,0,,,1.0
legacy121_v1__2qh2_24_hp_nmr_a__legacy_gt__petfold__historical_legacy121_v1,2QH2_24_hp_nmr_A,petfold,R1_R3,24,9,8,8,8,0,1,8,0,1,1.0,0.8888888888888888,0.9411764705882353,0.0,0.0,0.0,0,0,0,,,1.0
legacy121_v1__2qh2_24_hp_nmr_a__legacy_gt__rnafold__historical_legacy121_v1,2QH2_24_hp_nmr_A,rnafold,ORIGINAL,24,9,8,8,8,0,1,8,0,1,1.0,0.8888888888888888,0.9411764705882353,0.0,0.0,0.0,0,0,0,,,1.0
legacy121_v1__2qh2_24_hp_nmr_a__legacy_gt__rnafold__historical_legacy121_v1,2QH2_24_hp_nmr_A,rnafold,R1,24,9,8,8,8,0,1,8,0,1,1.0,0.8888888888888888,0.9411764705882353,0.0,0.0,0.0,0,0,0,,,1.0
legacy121_v1__2qh2_24_hp_nmr_a__legacy_gt__rnafold__historical_legacy121_v1,2QH2_24_hp_nmr_A,rnafold,R2,24,9,8,8,8,0,1,8,0,1,1.0,0.8888888888888888,0.9411764705882353,0.0,0.0,0.0,0,0,0,,,1.0
legacy121_v1__2qh2_24_hp_nmr_a__legacy_gt__rnafold__historical_legacy121_v1,2QH2_24_hp_nmr_A,rnafold,R3,24,9,8,8,8,0,1,8,0,1,1.0,0.8888888888888888,0.9411764705882353,0.0,0.0,0.0,0,0,0,,,1.0
legacy121_v1__2qh2_24_hp_nmr_a__legacy_gt__rnafold__historical_legacy121_v1,2QH2_24_hp_nmr_A,rnafold,R1_R2,24,9,8,8,8,0,1,8,0,1,1.0,0.8888888888888888,0.9411764705882353,0.0,0.0,0.0,0,0,0,,,1.0
legacy121_v1__2qh2_24_hp_nmr_a__legacy_gt__rnafold__historical_legacy121_v1,2QH2_24_hp_nmr_A,rnafold,R1_R3,24,9,8,8,8,0,1,8,0,1,1.0,0.8888888888888888,0.9411764705882353,0.0,0.0,0.0,0,0,0,,,1.0
legacy121_v1__2qh2_24_hp_nmr_a__legacy_gt__trrosettarna2_native_ss__historical_legacy121_v1,2QH2_24_hp_nmr_A,trrosettarna2_native_ss,ORIGINAL,24,9,9,9,9,0,0,9,0,0,1.0,1.0,1.0,0.0,0.0,0.0,0,0,0,,,1.0
legacy121_v1__2qh2_24_hp_nmr_a__legacy_gt__trrosettarna2_native_ss__historical_legacy121_v1,2QH2_24_hp_nmr_A,trrosettarna2_native_ss,R1,24,9,9,8,9,0,0,8,0,1,1.0,0.8888888888888888,0.9411764705882353,0.0,-0.11111111111111116,-0.05882352941176472,1,0,1,0.0,1.0,0.8888888888888888
legacy121_v1__2qh2_24_hp_nmr_a__legacy_gt__trrosettarna2_native_ss__historical_legacy121_v1,2QH2_24_hp_nmr_A,trrosettarna2_native_ss,R2,24,9,9,9,9,0,0,9,0,0,1.0,1.0,1.0,0.0,0.0,0.0,0,0,0,,,1.0
legacy121_v1__2qh2_24_hp_nmr_a__legacy_gt__trrosettarna2_native_ss__historical_legacy121_v1,2QH2_24_hp_nmr_A,trrosettarna2_native_ss,R3,24,9,9,9,9,0,0,9,0,0,1.0,1.0,1.0,0.0,0.0,0.0,0,0,0,,,1.0
legacy121_v1__2qh2_24_hp_nmr_a__legacy_gt__trrosettarna2_native_ss__historical_legacy121_v1,2QH2_24_hp_nmr_A,trrosettarna2_native_ss,R1_R2,24,9,9,8,9,0,0,8,0,1,1.0,0.8888888888888888,0.9411764705882353,0.0,-0.11111111111111116,-0.05882352941176472,1,0,1,0.0,1.0,0.8888888888888888
legacy121_v1__2qh2_24_hp_nmr_a__legacy_gt__trrosettarna2_native_ss__historical_legacy121_v1,2QH2_24_hp_nmr_A,trrosettarna2_native_ss,R1_R3,24,9,9,8,9,0,0,8,0,1,1.0,0.8888888888888888,0.9411764705882353,0.0,-0.11111111111111116,-0.05882352941176472,1,0,1,0.0,1.0,0.8888888888888888
legacy121_v1__2ro2_23_hp_nmr_a__legacy_gt__petfold__historical_legacy121_v1,2RO2_23_hp_nmr_A,petfold,ORIGINAL,23,9,9,9,9,0,0,9,0,0,1.0,1.0,1.0,0.0,0.0,0.0,0,0,0,,,1.0
legacy121_v1__2ro2_23_hp_nmr_a__legacy_gt__petfold__historical_legacy121_v1,2RO2_23_hp_nmr_A,petfold,R1,23,9,9,9,9,0,0,9,0,0,1.0,1.0,1.0,0.0,0.0,0.0,0,0,0,,,1.0
legacy121_v1__2ro2_23_hp_nmr_a__legacy_gt__petfold__historical_legacy121_v1,2RO2_23_hp_nmr_A,petfold,R2,23,9,9,9,9,0,0,9,0,0,1.0,1.0,1.0,0.0,0.0,0.0,0,0,0,,,1.0
legacy121_v1__2ro2_23_hp_nmr_a__legacy_gt__petfold__historical_legacy121_v1,2RO2_23_hp_nmr_A,petfold,R3,23,9,9,9,9,0,0,9,0,0,1.0,1.0,1.0,0.0,0.0,0.0,0,0,0,,,1.0
legacy121_v1__2ro2_23_hp_nmr_a__legacy_gt__petfold__historical_legacy121_v1,2RO2_23_hp_nmr_A,petfold,R1_R2,23,9,9,9,9,0,0,9,0,0,1.0,1.0,1.0,0.0,0.0,0.0,0,0,0,,,1.0
legacy121_v1__2ro2_23_hp_nmr_a__legacy_gt__petfold__historical_legacy121_v1,2RO2_23_hp_nmr_A,petfold,R1_R3,23,9,9,9,9,0,0,9,0,0,1.0,1.0,1.0,0.0,0.0,0.0,0,0,0,,,1.0
legacy121_v1__2ro2_23_hp_nmr_a__legacy_gt__rnafold__historical_legacy121_v1,2RO2_23_hp_nmr_A,rnafold,ORIGINAL,23,9,9,9,9,0,0,9,0,0,1.0,1.0,1.0,0.0,0.0,0.0,0,0,0,,,1.0
legacy121_v1__2ro2_23_hp_nmr_a__legacy_gt__rnafold__historical_legacy121_v1,2RO2_23_hp_nmr_A,rnafold,R1,23,9,9,9,9,0,0,9,0,0,1.0,1.0,1.0,0.0,0.0,0.0,0,0,0,,,1.0
legacy121_v1__2ro2_23_hp_nmr_a__legacy_gt__rnafold__historical_legacy121_v1,2RO2_23_hp_nmr_A,rnafold,R2,23,9,9,9,9,0,0,9,0,0,1.0,1.0,1.0,0.0,0.0,0.0,0,0,0,,,1.0
legacy121_v1__2ro2_23_hp_nmr_a__legacy_gt__rnafold__historical_legacy121_v1,2RO2_23_hp_nmr_A,rnafold,R3,23,9,9,9,9,0,0,9,0,0,1.0,1.0,1.0,0.0,0.0,0.0,0,0,0,,,1.0
legacy121_v1__2ro2_23_hp_nmr_a__legacy_gt__rnafold__historical_legacy121_v1,2RO2_23_hp_nmr_A,rnafold,R1_R2,23,9,9,9,9,0,0,9,0,0,1.0,1.0,1.0,0.0,0.0,0.0,0,0,0,,,1.0
legacy121_v1__2ro2_23_hp_nmr_a__legacy_gt__rnafold__historical_legacy121_v1,2RO2_23_hp_nmr_A,rnafold,R1_R3,23,9,9,9,9,0,0,9,0,0,1.0,1.0,1.0,0.0,0.0,0.0,0,0,0,,,1.0
legacy121_v1__2ro2_23_hp_nmr_a__legacy_gt__trrosettarna2_native_ss__historical_legacy121_v1,2RO2_23_hp_nmr_A,trrosettarna2_native_ss,ORIGINAL,23,9,10,10,9,1,0,9,1,0,0.9,1.0,0.9473684210526315,0.0,0.0,0.0,0,0,0,,,1.0
legacy121_v1__2ro2_23_hp_nmr_a__legacy_gt__trrosettarna2_native_ss__historical_legacy121_v1,2RO2_23_hp_nmr_A,trrosettarna2_native_ss,R1,23,9,10,9,9,1,0,9,0,0,1.0,1.0,1.0,0.09999999999999998,0.0,0.052631578947368474,1,1,0,1.0,0.0,1.0
legacy121_v1__2ro2_23_hp_nmr_a__legacy_gt__trrosettarna2_native_ss__historical_legacy121_v1,2RO2_23_hp_nmr_A,trrosettarna2_native_ss,R2,23,9,10,10,9,1,0,9,1,0,0.9,1.0,0.9473684210526315,0.0,0.0,0.0,0,0,0,,,1.0
legacy121_v1__2ro2_23_hp_nmr_a__legacy_gt__trrosettarna2_native_ss__historical_legacy121_v1,2RO2_23_hp_nmr_A,trrosettarna2_native_ss,R3,23,9,10,10,9,1,0,9,1,0,0.9,1.0,0.9473684210526315,0.0,0.0,0.0,0,0,0,,,1.0
legacy121_v1__2ro2_23_hp_nmr_a__legacy_gt__trrosettarna2_native_ss__historical_legacy121_v1,2RO2_23_hp_nmr_A,trrosettarna2_native_ss,R1_R2,23,9,10,9,9,1,0,9,0,0,1.0,1.0,1.0,0.09999999999999998,0.0,0.052631578947368474,1,1,0,1.0,0.0,1.0
legacy121_v1__2ro2_23_hp_nmr_a__legacy_gt__trrosettarna2_native_ss__historical_legacy121_v1,2RO2_23_hp_nmr_A,trrosettarna2_native_ss,R1_R3,23,9,10,9,9,1,0,9,0,0,1.0,1.0,1.0,0.09999999999999998,0.0,0.052631578947368474,1,1,0,1.0,0.0,1.0
legacy121_v1__2rvo_34_hp_nmr_a__legacy_gt__petfold__historical_legacy121_v1,2RVO_34_hp_nmr_A,petfold,ORIGINAL,34,13,13,13,13,0,0,13,0,0,1.0,1.0,1.0,0.0,0.0,0.0,0,0,0,,,1.0
legacy121_v1__2rvo_34_hp_nmr_a__legacy_gt__petfold__historical_legacy121_v1,2RVO_34_hp_nmr_A,petfold,R1,34,13,13,13,13,0,0,13,0,0,1.0,1.0,1.0,0.0,0.0,0.0,0,0,0,,,1.0
legacy121_v1__2rvo_34_hp_nmr_a__legacy_gt__petfold__historical_legacy121_v1,2RVO_34_hp_nmr_A,petfold,R2,34,13,13,13,13,0,0,13,0,0,1.0,1.0,1.0,0.0,0.0,0.0,0,0,0,,,1.0
legacy121_v1__2rvo_34_hp_nmr_a__legacy_gt__petfold__historical_legacy121_v1,2RVO_34_hp_nmr_A,petfold,R3,34,13,13,13,13,0,0,13,0,0,1.0,1.0,1.0,0.0,0.0,0.0,0,0,0,,,1.0
legacy121_v1__2rvo_34_hp_nmr_a__legacy_gt__petfold__historical_legacy121_v1,2RVO_34_hp_nmr_A,petfold,R1_R2,34,13,13,13,13,0,0,13,0,0,1.0,1.0,1.0,0.0,0.0,0.0,0,0,0,,,1.0
legacy121_v1__2rvo_34_hp_nmr_a__legacy_gt__petfold__historical_legacy121_v1,2RVO_34_hp_nmr_A,petfold,R1_R3,34,13,13,13,13,0,0,13,0,0,1.0,1.0,1.0,0.0,0.0,0.0,0,0,0,,,1.0
legacy121_v1__2rvo_34_hp_nmr_a__legacy_gt__rnafold__historical_legacy121_v1,2RVO_34_hp_nmr_A,rnafold,ORIGINAL,34,13,13,13,13,0,0,13,0,0,1.0,1.0,1.0,0.0,0.0,0.0,0,0,0,,,1.0
legacy121_v1__2rvo_34_hp_nmr_a__legacy_gt__rnafold__historical_legacy121_v1,2RVO_34_hp_nmr_A,rnafold,R1,34,13,13,13,13,0,0,13,0,0,1.0,1.0,1.0,0.0,0.0,0.0,0,0,0,,,1.0
legacy121_v1__2rvo_34_hp_nmr_a__legacy_gt__rnafold__historical_legacy121_v1,2RVO_34_hp_nmr_A,rnafold,R2,34,13,13,13,13,0,0,13,0,0,1.0,1.0,1.0,0.0,0.0,0.0,0,0,0,,,1.0
legacy121_v1__2rvo_34_hp_nmr_a__legacy_gt__rnafold__historical_legacy121_v1,2RVO_34_hp_nmr_A,rnafold,R3,34,13,13,13,13,0,0,13,0,0,1.0,1.0,1.0,0.0,0.0,0.0,0,0,0,,,1.0
legacy121_v1__2rvo_34_hp_nmr_a__legacy_gt__rnafold__historical_legacy121_v1,2RVO_34_hp_nmr_A,rnafold,R1_R2,34,13,13,13,13,0,0,13,0,0,1.0,1.0,1.0,0.0,0.0,0.0,0,0,0,,,1.0
legacy121_v1__2rvo_34_hp_nmr_a__legacy_gt__rnafold__historical_legacy121_v1,2RVO_34_hp_nmr_A,rnafold,R1_R3,34,13,13,13,13,0,0,13,0,0,1.0,1.0,1.0,0.0,0.0,0.0,0,0,0,,,1.0
legacy121_v1__2rvo_34_hp_nmr_a__legacy_gt__trrosettarna2_native_ss__historical_legacy121_v1,2RVO_34_hp_nmr_A,trrosettarna2_native_ss,ORIGINAL,34,13,14,14,13,1,0,13,1,0,0.9285714285714286,1.0,0.9629629629629629,0.0,0.0,0.0,0,0,0,,,1.0
legacy121_v1__2rvo_34_hp_nmr_a__legacy_gt__trrosettarna2_native_ss__historical_legacy121_v1,2RVO_34_hp_nmr_A,trrosettarna2_native_ss,R1,34,13,14,14,13,1,0,13,1,0,0.9285714285714286,1.0,0.9629629629629629,0.0,0.0,0.0,0,0,0,,,1.0
legacy121_v1__2rvo_34_hp_nmr_a__legacy_gt__trrosettarna2_native_ss__historical_legacy121_v1,2RVO_34_hp_nmr_A,trrosettarna2_native_ss,R2,34,13,14,14,13,1,0,13,1,0,0.9285714285714286,1.0,0.9629629629629629,0.0,0.0,0.0,0,0,0,,,1.0
legacy121_v1__2rvo_34_hp_nmr_a__legacy_gt__trrosettarna2_native_ss__historical_legacy121_v1,2RVO_34_hp_nmr_A,trrosettarna2_native_ss,R3,34,13,14,14,13,1,0,13,1,0,0.9285714285714286,1.0,0.9629629629629629,0.0,0.0,0.0,0,0,0,,,1.0
legacy121_v1__2rvo_34_hp_nmr_a__legacy_gt__trrosettarna2_native_ss__historical_legacy121_v1,2RVO_34_hp_nmr_A,trrosettarna2_native_ss,R1_R2,34,13,14,14,13,1,0,13,1,0,0.9285714285714286,1.0,0.9629629629629629,0.0,0.0,0.0,0,0,0,,,1.0
legacy121_v1__2rvo_34_hp_nmr_a__legacy_gt__trrosettarna2_native_ss__historical_legacy121_v1,2RVO_34_hp_nmr_A,trrosettarna2_native_ss,R1_R3,34,13,14,14,13,1,0,13,1,0,0.9285714285714286,1.0,0.9629629629629629,0.0,0.0,0.0,0,0,0,,,1.0
legacy121_v1__2tpk_35_pseudoknot_nmr_a__legacy_gt__petfold__historical_legacy121_v1,2TPK_35_pseudoknot_nmr_A,petfold,ORIGINAL,36,12,10,10,7,3,5,7,3,5,0.7,0.5833333333333334,0.6363636363636364,0.0,0.0,0.0,0,0,0,,,1.0
legacy121_v1__2tpk_35_pseudoknot_nmr_a__legacy_gt__petfold__historical_legacy121_v1,2TPK_35_pseudoknot_nmr_A,petfold,R1,36,12,10,10,7,3,5,7,3,5,0.7,0.5833333333333334,0.6363636363636364,0.0,0.0,0.0,0,0,0,,,1.0
legacy121_v1__2tpk_35_pseudoknot_nmr_a__legacy_gt__petfold__historical_legacy121_v1,2TPK_35_pseudoknot_nmr_A,petfold,R2,36,12,10,10,7,3,5,7,3,5,0.7,0.5833333333333334,0.6363636363636364,0.0,0.0,0.0,0,0,0,,,1.0
legacy121_v1__2tpk_35_pseudoknot_nmr_a__legacy_gt__petfold__historical_legacy121_v1,2TPK_35_pseudoknot_nmr_A,petfold,R3,36,12,10,10,7,3,5,7,3,5,0.7,0.5833333333333334,0.6363636363636364,0.0,0.0,0.0,0,0,0,,,1.0
legacy121_v1__2tpk_35_pseudoknot_nmr_a__legacy_gt__petfold__historical_legacy121_v1,2TPK_35_pseudoknot_nmr_A,petfold,R1_R2,36,12,10,10,7,3,5,7,3,5,0.7,0.5833333333333334,0.6363636363636364,0.0,0.0,0.0,0,0,0,,,1.0
legacy121_v1__2tpk_35_pseudoknot_nmr_a__legacy_gt__petfold__historical_legacy121_v1,2TPK_35_pseudoknot_nmr_A,petfold,R1_R3,36,12,10,10,7,3,5,7,3,5,0.7,0.5833333333333334,0.6363636363636364,0.0,0.0,0.0,0,0,0,,,1.0
legacy121_v1__2tpk_35_pseudoknot_nmr_a__legacy_gt__rnafold__historical_legacy121_v1,2TPK_35_pseudoknot_nmr_A,rnafold,ORIGINAL,36,12,8,8,7,1,5,7,1,5,0.875,0.5833333333333334,0.7,0.0,0.0,0.0,0,0,0,,,1.0
legacy121_v1__2tpk_35_pseudoknot_nmr_a__legacy_gt__rnafold__historical_legacy121_v1,2TPK_35_pseudoknot_nmr_A,rnafold,R1,36,12,8,7,7,1,5,7,0,5,1.0,0.5833333333333334,0.7368421052631579,0.125,0.0,0.0368421052631579,1,1,0,1.0,0.0,1.0
legacy121_v1__2tpk_35_pseudoknot_nmr_a__legacy_gt__rnafold__historical_legacy121_v1,2TPK_35_pseudoknot_nmr_A,rnafold,R2,36,12,8,8,7,1,5,7,1,5,0.875,0.5833333333333334,0.7,0.0,0.0,0.0,0,0,0,,,1.0
legacy121_v1__2tpk_35_pseudoknot_nmr_a__legacy_gt__rnafold__historical_legacy121_v1,2TPK_35_pseudoknot_nmr_A,rnafold,R3,36,12,8,8,7,1,5,7,1,5,0.875,0.5833333333333334,0.7,0.0,0.0,0.0,0,0,0,,,1.0
legacy121_v1__2tpk_35_pseudoknot_nmr_a__legacy_gt__rnafold__historical_legacy121_v1,2TPK_35_pseudoknot_nmr_A,rnafold,R1_R2,36,12,8,7,7,1,5,7,0,5,1.0,0.5833333333333334,0.7368421052631579,0.125,0.0,0.0368421052631579,1,1,0,1.0,0.0,1.0
legacy121_v1__2tpk_35_pseudoknot_nmr_a__legacy_gt__rnafold__historical_legacy121_v1,2TPK_35_pseudoknot_nmr_A,rnafold,R1_R3,36,12,8,7,7,1,5,7,0,5,1.0,0.5833333333333334,0.7368421052631579,0.125,0.0,0.0368421052631579,1,1,0,1.0,0.0,1.0
legacy121_v1__2tpk_35_pseudoknot_nmr_a__legacy_gt__trrosettarna2_native_ss__historical_legacy121_v1,2TPK_35_pseudoknot_nmr_A,trrosettarna2_native_ss,ORIGINAL,36,12,12,12,0,12,12,0,12,12,0.0,0.0,0.0,0.0,0.0,0.0,0,0,0,,,
legacy121_v1__2tpk_35_pseudoknot_nmr_a__legacy_gt__trrosettarna2_native_ss__historical_legacy121_v1,2TPK_35_pseudoknot_nmr_A,trrosettarna2_native_ss,R1,36,12,12,12,0,12,12,0,12,12,0.0,0.0,0.0,0.0,0.0,0.0,0,0,0,,,
legacy121_v1__2tpk_35_pseudoknot_nmr_a__legacy_gt__trrosettarna2_native_ss__historical_legacy121_v1,2TPK_35_pseudoknot_nmr_A,trrosettarna2_native_ss,R2,36,12,12,10,0,12,12,0,10,12,0.0,0.0,0.0,0.0,0.0,0.0,2,2,0,1.0,0.0,
legacy121_v1__2tpk_35_pseudoknot_nmr_a__legacy_gt__trrosettarna2_native_ss__historical_legacy121_v1,2TPK_35_pseudoknot_nmr_A,trrosettarna2_native_ss,R3,36,12,12,12,0,12,12,0,12,12,0.0,0.0,0.0,0.0,0.0,0.0,0,0,0,,,
legacy121_v1__2tpk_35_pseudoknot_nmr_a__legacy_gt__trrosettarna2_native_ss__historical_legacy121_v1,2TPK_35_pseudoknot_nmr_A,trrosettarna2_native_ss,R1_R2,36,12,12,10,0,12,12,0,10,12,0.0,0.0,0.0,0.0,0.0,0.0,2,2,0,1.0,0.0,
legacy121_v1__2tpk_35_pseudoknot_nmr_a__legacy_gt__trrosettarna2_native_ss__historical_legacy121_v1,2TPK_35_pseudoknot_nmr_A,trrosettarna2_native_ss,R1_R3,36,12,12,12,0,12,12,0,12,12,0.0,0.0,0.0,0.0,0.0,0.0,0,0,0,,,
legacy121_v1__387d_26_hpbulge_xray_a__legacy_gt__petfold__historical_legacy121_v1,387D_26_hpbulge_xray_A,petfold,ORIGINAL,26,4,6,6,0,6,4,0,6,4,0.0,0.0,0.0,0.0,0.0,0.0,0,0,0,,,
legacy121_v1__387d_26_hpbulge_xray_a__legacy_gt__petfold__historical_legacy121_v1,387D_26_hpbulge_xray_A,petfold,R1,26,4,6,6,0,6,4,0,6,4,0.0,0.0,0.0,0.0,0.0,0.0,0,0,0,,,
legacy121_v1__387d_26_hpbulge_xray_a__legacy_gt__petfold__historical_legacy121_v1,387D_26_hpbulge_xray_A,petfold,R2,26,4,6,6,0,6,4,0,6,4,0.0,0.0,0.0,0.0,0.0,0.0,0,0,0,,,
legacy121_v1__387d_26_hpbulge_xray_a__legacy_gt__petfold__historical_legacy121_v1,387D_26_hpbulge_xray_A,petfold,R3,26,4,6,6,0,6,4,0,6,4,0.0,0.0,0.0,0.0,0.0,0.0,0,0,0,,,
legacy121_v1__387d_26_hpbulge_xray_a__legacy_gt__petfold__historical_legacy121_v1,387D_26_hpbulge_xray_A,petfold,R1_R2,26,4,6,6,0,6,4,0,6,4,0.0,0.0,0.0,0.0,0.0,0.0,0,0,0,,,
legacy121_v1__387d_26_hpbulge_xray_a__legacy_gt__petfold__historical_legacy121_v1,387D_26_hpbulge_xray_A,petfold,R1_R3,26,4,6,6,0,6,4,0,6,4,0.0,0.0,0.0,0.0,0.0,0.0,0,0,0,,,
legacy121_v1__387d_26_hpbulge_xray_a__legacy_gt__rnafold__historical_legacy121_v1,387D_26_hpbulge_xray_A,rnafold,ORIGINAL,26,4,6,6,0,6,4,0,6,4,0.0,0.0,0.0,0.0,0.0,0.0,0,0,0,,,
legacy121_v1__387d_26_hpbulge_xray_a__legacy_gt__rnafold__historical_legacy121_v1,387D_26_hpbulge_xray_A,rnafold,R1,26,4,6,6,0,6,4,0,6,4,0.0,0.0,0.0,0.0,0.0,0.0,0,0,0,,,
legacy121_v1__387d_26_hpbulge_xray_a__legacy_gt__rnafold__historical_legacy121_v1,387D_26_hpbulge_xray_A,rnafold,R2,26,4,6,6,0,6,4,0,6,4,0.0,0.0,0.0,0.0,0.0,0.0,0,0,0,,,
legacy121_v1__387d_26_hpbulge_xray_a__legacy_gt__rnafold__historical_legacy121_v1,387D_26_hpbulge_xray_A,rnafold,R3,26,4,6,6,0,6,4,0,6,4,0.0,0.0,0.0,0.0,0.0,0.0,0,0,0,,,
legacy121_v1__387d_26_hpbulge_xray_a__legacy_gt__rnafold__historical_legacy121_v1,387D_26_hpbulge_xray_A,rnafold,R1_R2,26,4,6,6,0,6,4,0,6,4,0.0,0.0,0.0,0.0,0.0,0.0,0,0,0,,,
legacy121_v1__387d_26_hpbulge_xray_a__legacy_gt__rnafold__historical_legacy121_v1,387D_26_hpbulge_xray_A,rnafold,R1_R3,26,4,6,6,0,6,4,0,6,4,0.0,0.0,0.0,0.0,0.0,0.0,0,0,0,,,
legacy121_v1__387d_26_hpbulge_xray_a__legacy_gt__trrosettarna2_native_ss__historical_legacy121_v1,387D_26_hpbulge_xray_A,trrosettarna2_native_ss,ORIGINAL,26,4,5,5,4,1,0,4,1,0,0.8,1.0,0.8888888888888888,0.0,0.0,0.0,0,0,0,,,1.0
legacy121_v1__387d_26_hpbulge_xray_a__legacy_gt__trrosettarna2_native_ss__historical_legacy121_v1,387D_26_hpbulge_xray_A,trrosettarna2_native_ss,R1,26,4,5,4,4,1,0,3,1,1,0.75,0.75,0.75,-0.050000000000000044,-0.25,-0.13888888888888884,1,0,1,0.0,1.0,0.75
legacy121_v1__387d_26_hpbulge_xray_a__legacy_gt__trrosettarna2_native_ss__historical_legacy121_v1,387D_26_hpbulge_xray_A,trrosettarna2_native_ss,R2,26,4,5,5,4,1,0,4,1,0,0.8,1.0,0.8888888888888888,0.0,0.0,0.0,0,0,0,,,1.0
legacy121_v1__387d_26_hpbulge_xray_a__legacy_gt__trrosettarna2_native_ss__historical_legacy121_v1,387D_26_hpbulge_xray_A,trrosettarna2_native_ss,R3,26,4,5,5,4,1,0,4,1,0,0.8,1.0,0.8888888888888888,0.0,0.0,0.0,0,0,0,,,1.0
legacy121_v1__387d_26_hpbulge_xray_a__legacy_gt__trrosettarna2_native_ss__historical_legacy121_v1,387D_26_hpbulge_xray_A,trrosettarna2_native_ss,R1_R2,26,4,5,4,4,1,0,3,1,1,0.75,0.75,0.75,-0.050000000000000044,-0.25,-0.13888888888888884,1,0,1,0.0,1.0,0.75
legacy121_v1__387d_26_hpbulge_xray_a__legacy_gt__trrosettarna2_native_ss__historical_legacy121_v1,387D_26_hpbulge_xray_A,trrosettarna2_native_ss,R1_R3,26,4,5,4,4,1,0,3,1,1,0.75,0.75,0.75,-0.050000000000000044,-0.25,-0.13888888888888884,1,0,1,0.0,1.0,0.75
legacy121_v1__5a17_32_hp_nmr_a__legacy_gt__petfold__historical_legacy121_v1,5A17_32_hp_nmr_A,petfold,ORIGINAL,32,11,10,10,8,2,3,8,2,3,0.8,0.7272727272727273,0.7619047619047619,0.0,0.0,0.0,0,0,0,,,1.0
legacy121_v1__5a17_32_hp_nmr_a__legacy_gt__petfold__historical_legacy121_v1,5A17_32_hp_nmr_A,petfold,R1,32,11,10,10,8,2,3,8,2,3,0.8,0.7272727272727273,0.7619047619047619,0.0,0.0,0.0,0,0,0,,,1.0
legacy121_v1__5a17_32_hp_nmr_a__legacy_gt__petfold__historical_legacy121_v1,5A17_32_hp_nmr_A,petfold,R2,32,11,10,8,8,2,3,8,0,3,1.0,0.7272727272727273,0.8421052631578947,0.19999999999999996,0.0,0.08020050125313283,2,2,0,1.0,0.0,1.0
legacy121_v1__5a17_32_hp_nmr_a__legacy_gt__petfold__historical_legacy121_v1,5A17_32_hp_nmr_A,petfold,R3,32,11,10,10,8,2,3,8,2,3,0.8,0.7272727272727273,0.7619047619047619,0.0,0.0,0.0,0,0,0,,,1.0
legacy121_v1__5a17_32_hp_nmr_a__legacy_gt__petfold__historical_legacy121_v1,5A17_32_hp_nmr_A,petfold,R1_R2,32,11,10,8,8,2,3,8,0,3,1.0,0.7272727272727273,0.8421052631578947,0.19999999999999996,0.0,0.08020050125313283,2,2,0,1.0,0.0,1.0
legacy121_v1__5a17_32_hp_nmr_a__legacy_gt__petfold__historical_legacy121_v1,5A17_32_hp_nmr_A,petfold,R1_R3,32,11,10,10,8,2,3,8,2,3,0.8,0.7272727272727273,0.7619047619047619,0.0,0.0,0.0,0,0,0,,,1.0
legacy121_v1__5a17_32_hp_nmr_a__legacy_gt__rnafold__historical_legacy121_v1,5A17_32_hp_nmr_A,rnafold,ORIGINAL,32,11,11,11,11,0,0,11,0,0,1.0,1.0,1.0,0.0,0.0,0.0,0,0,0,,,1.0
legacy121_v1__5a17_32_hp_nmr_a__legacy_gt__rnafold__historical_legacy121_v1,5A17_32_hp_nmr_A,rnafold,R1,32,11,11,10,11,0,0,10,0,1,1.0,0.9090909090909091,0.9523809523809523,0.0,-0.09090909090909094,-0.04761904761904767,1,0,1,0.0,1.0,0.9090909090909091
legacy121_v1__5a17_32_hp_nmr_a__legacy_gt__rnafold__historical_legacy121_v1,5A17_32_hp_nmr_A,rnafold,R2,32,11,11,9,11,0,0,9,0,2,1.0,0.8181818181818182,0.9,0.0,-0.18181818181818177,-0.09999999999999998,2,0,2,0.0,1.0,0.8181818181818182
legacy121_v1__5a17_32_hp_nmr_a__legacy_gt__rnafold__historical_legacy121_v1,5A17_32_hp_nmr_A,rnafold,R3,32,11,11,11,11,0,0,11,0,0,1.0,1.0,1.0,0.0,0.0,0.0,0,0,0,,,1.0
legacy121_v1__5a17_32_hp_nmr_a__legacy_gt__rnafold__historical_legacy121_v1,5A17_32_hp_nmr_A,rnafold,R1_R2,32,11,11,8,11,0,0,8,0,3,1.0,0.7272727272727273,0.8421052631578947,0.0,-0.2727272727272727,-0.1578947368421053,3,0,3,0.0,1.0,0.7272727272727273
legacy121_v1__5a17_32_hp_nmr_a__legacy_gt__rnafold__historical_legacy121_v1,5A17_32_hp_nmr_A,rnafold,R1_R3,32,11,11,10,11,0,0,10,0,1,1.0,0.9090909090909091,0.9523809523809523,0.0,-0.09090909090909094,-0.04761904761904767,1,0,1,0.0,1.0,0.9090909090909091
legacy121_v1__5a17_32_hp_nmr_a__legacy_gt__trrosettarna2_native_ss__historical_legacy121_v1,5A17_32_hp_nmr_A,trrosettarna2_native_ss,ORIGINAL,32,11,13,13,11,2,0,11,2,0,0.8461538461538461,1.0,0.9166666666666666,0.0,0.0,0.0,0,0,0,,,1.0
legacy121_v1__5a17_32_hp_nmr_a__legacy_gt__trrosettarna2_native_ss__historical_legacy121_v1,5A17_32_hp_nmr_A,trrosettarna2_native_ss,R1,32,11,13,13,11,2,0,11,2,0,0.8461538461538461,1.0,0.9166666666666666,0.0,0.0,0.0,0,0,0,,,1.0
legacy121_v1__5a17_32_hp_nmr_a__legacy_gt__trrosettarna2_native_ss__historical_legacy121_v1,5A17_32_hp_nmr_A,trrosettarna2_native_ss,R2,32,11,13,13,11,2,0,11,2,0,0.8461538461538461,1.0,0.9166666666666666,0.0,0.0,0.0,0,0,0,,,1.0
legacy121_v1__5a17_32_hp_nmr_a__legacy_gt__trrosettarna2_native_ss__historical_legacy121_v1,5A17_32_hp_nmr_A,trrosettarna2_native_ss,R3,32,11,13,13,11,2,0,11,2,0,0.8461538461538461,1.0,0.9166666666666666,0.0,0.0,0.0,0,0,0,,,1.0
legacy121_v1__5a17_32_hp_nmr_a__legacy_gt__trrosettarna2_native_ss__historical_legacy121_v1,5A17_32_hp_nmr_A,trrosettarna2_native_ss,R1_R2,32,11,13,13,11,2,0,11,2,0,0.8461538461538461,1.0,0.9166666666666666,0.0,0.0,0.0,0,0,0,,,1.0
legacy121_v1__5a17_32_hp_nmr_a__legacy_gt__trrosettarna2_native_ss__historical_legacy121_v1,5A17_32_hp_nmr_A,trrosettarna2_native_ss,R1_R3,32,11,13,13,11,2,0,11,2,0,0.8461538461538461,1.0,0.9166666666666666,0.0,0.0,0.0,0,0,0,,,1.0
legacy121_v1__5kh8_47_3wj_nmr_a__legacy_gt__petfold__historical_legacy121_v1,5KH8_47_3wj_nmr_A,petfold,ORIGINAL,47,14,9,9,8,1,6,8,1,6,0.8888888888888888,0.5714285714285714,0.6956521739130435,0.0,0.0,0.0,0,0,0,,,1.0
legacy121_v1__5kh8_47_3wj_nmr_a__legacy_gt__petfold__historical_legacy121_v1,5KH8_47_3wj_nmr_A,petfold,R1,47,14,9,9,8,1,6,8,1,6,0.8888888888888888,0.5714285714285714,0.6956521739130435,0.0,0.0,0.0,0,0,0,,,1.0
legacy121_v1__5kh8_47_3wj_nmr_a__legacy_gt__petfold__historical_legacy121_v1,5KH8_47_3wj_nmr_A,petfold,R2,47,14,9,9,8,1,6,8,1,6,0.8888888888888888,0.5714285714285714,0.6956521739130435,0.0,0.0,0.0,0,0,0,,,1.0
legacy121_v1__5kh8_47_3wj_nmr_a__legacy_gt__petfold__historical_legacy121_v1,5KH8_47_3wj_nmr_A,petfold,R3,47,14,9,9,8,1,6,8,1,6,0.8888888888888888,0.5714285714285714,0.6956521739130435,0.0,0.0,0.0,0,0,0,,,1.0
legacy121_v1__5kh8_47_3wj_nmr_a__legacy_gt__petfold__historical_legacy121_v1,5KH8_47_3wj_nmr_A,petfold,R1_R2,47,14,9,9,8,1,6,8,1,6,0.8888888888888888,0.5714285714285714,0.6956521739130435,0.0,0.0,0.0,0,0,0,,,1.0
legacy121_v1__5kh8_47_3wj_nmr_a__legacy_gt__petfold__historical_legacy121_v1,5KH8_47_3wj_nmr_A,petfold,R1_R3,47,14,9,9,8,1,6,8,1,6,0.8888888888888888,0.5714285714285714,0.6956521739130435,0.0,0.0,0.0,0,0,0,,,1.0
legacy121_v1__5kh8_47_3wj_nmr_a__legacy_gt__rnafold__historical_legacy121_v1,5KH8_47_3wj_nmr_A,rnafold,ORIGINAL,47,14,9,9,8,1,6,8,1,6,0.8888888888888888,0.5714285714285714,0.6956521739130435,0.0,0.0,0.0,0,0,0,,,1.0
legacy121_v1__5kh8_47_3wj_nmr_a__legacy_gt__rnafold__historical_legacy121_v1,5KH8_47_3wj_nmr_A,rnafold,R1,47,14,9,9,8,1,6,8,1,6,0.8888888888888888,0.5714285714285714,0.6956521739130435,0.0,0.0,0.0,0,0,0,,,1.0
legacy121_v1__5kh8_47_3wj_nmr_a__legacy_gt__rnafold__historical_legacy121_v1,5KH8_47_3wj_nmr_A,rnafold,R2,47,14,9,9,8,1,6,8,1,6,0.8888888888888888,0.5714285714285714,0.6956521739130435,0.0,0.0,0.0,0,0,0,,,1.0
legacy121_v1__5kh8_47_3wj_nmr_a__legacy_gt__rnafold__historical_legacy121_v1,5KH8_47_3wj_nmr_A,rnafold,R3,47,14,9,9,8,1,6,8,1,6,0.8888888888888888,0.5714285714285714,0.6956521739130435,0.0,0.0,0.0,0,0,0,,,1.0
legacy121_v1__5kh8_47_3wj_nmr_a__legacy_gt__rnafold__historical_legacy121_v1,5KH8_47_3wj_nmr_A,rnafold,R1_R2,47,14,9,9,8,1,6,8,1,6,0.8888888888888888,0.5714285714285714,0.6956521739130435,0.0,0.0,0.0,0,0,0,,,1.0
legacy121_v1__5kh8_47_3wj_nmr_a__legacy_gt__rnafold__historical_legacy121_v1,5KH8_47_3wj_nmr_A,rnafold,R1_R3,47,14,9,9,8,1,6,8,1,6,0.8888888888888888,0.5714285714285714,0.6956521739130435,0.0,0.0,0.0,0,0,0,,,1.0
legacy121_v1__5kh8_47_3wj_nmr_a__legacy_gt__trrosettarna2_native_ss__historical_legacy121_v1,5KH8_47_3wj_nmr_A,trrosettarna2_native_ss,ORIGINAL,47,14,17,17,4,13,10,4,13,10,0.23529411764705882,0.2857142857142857,0.25806451612903225,0.0,0.0,0.0,0,0,0,,,1.0
legacy121_v1__5kh8_47_3wj_nmr_a__legacy_gt__trrosettarna2_native_ss__historical_legacy121_v1,5KH8_47_3wj_nmr_A,trrosettarna2_native_ss,R1,47,14,17,14,4,13,10,4,10,10,0.2857142857142857,0.2857142857142857,0.2857142857142857,0.05042016806722688,0.0,0.027649769585253448,3,3,0,1.0,0.0,1.0
legacy121_v1__5kh8_47_3wj_nmr_a__legacy_gt__trrosettarna2_native_ss__historical_legacy121_v1,5KH8_47_3wj_nmr_A,trrosettarna2_native_ss,R2,47,14,17,17,4,13,10,4,13,10,0.23529411764705882,0.2857142857142857,0.25806451612903225,0.0,0.0,0.0,0,0,0,,,1.0
legacy121_v1__5kh8_47_3wj_nmr_a__legacy_gt__trrosettarna2_native_ss__historical_legacy121_v1,5KH8_47_3wj_nmr_A,trrosettarna2_native_ss,R3,47,14,17,16,4,13,10,4,12,10,0.25,0.2857142857142857,0.26666666666666666,0.01470588235294118,0.0,0.008602150537634412,1,1,0,1.0,0.0,1.0
legacy121_v1__5kh8_47_3wj_nmr_a__legacy_gt__trrosettarna2_native_ss__historical_legacy121_v1,5KH8_47_3wj_nmr_A,trrosettarna2_native_ss,R1_R2,47,14,17,14,4,13,10,4,10,10,0.2857142857142857,0.2857142857142857,0.2857142857142857,0.05042016806722688,0.0,0.027649769585253448,3,3,0,1.0,0.0,1.0
legacy121_v1__5kh8_47_3wj_nmr_a__legacy_gt__trrosettarna2_native_ss__historical_legacy121_v1,5KH8_47_3wj_nmr_A,trrosettarna2_native_ss,R1_R3,47,14,17,13,4,13,10,4,9,10,0.3076923076923077,0.2857142857142857,0.2962962962962963,0.07239819004524889,0.0,0.03823178016726403,4,4,0,1.0,0.0,1.0
legacy121_v1__5kqe_35_hpbulge_nmr_a__legacy_gt__petfold__historical_legacy121_v1,5KQE_35_hpbulge_nmr_A,petfold,ORIGINAL,36,13,13,13,12,1,1,12,1,1,0.9230769230769231,0.9230769230769231,0.9230769230769231,0.0,0.0,0.0,0,0,0,,,1.0
legacy121_v1__5kqe_35_hpbulge_nmr_a__legacy_gt__petfold__historical_legacy121_v1,5KQE_35_hpbulge_nmr_A,petfold,R1,36,13,13,13,12,1,1,12,1,1,0.9230769230769231,0.9230769230769231,0.9230769230769231,0.0,0.0,0.0,0,0,0,,,1.0
legacy121_v1__5kqe_35_hpbulge_nmr_a__legacy_gt__petfold__historical_legacy121_v1,5KQE_35_hpbulge_nmr_A,petfold,R2,36,13,13,13,12,1,1,12,1,1,0.9230769230769231,0.9230769230769231,0.9230769230769231,0.0,0.0,0.0,0,0,0,,,1.0
legacy121_v1__5kqe_35_hpbulge_nmr_a__legacy_gt__petfold__historical_legacy121_v1,5KQE_35_hpbulge_nmr_A,petfold,R3,36,13,13,13,12,1,1,12,1,1,0.9230769230769231,0.9230769230769231,0.9230769230769231,0.0,0.0,0.0,0,0,0,,,1.0
legacy121_v1__5kqe_35_hpbulge_nmr_a__legacy_gt__petfold__historical_legacy121_v1,5KQE_35_hpbulge_nmr_A,petfold,R1_R2,36,13,13,13,12,1,1,12,1,1,0.9230769230769231,0.9230769230769231,0.9230769230769231,0.0,0.0,0.0,0,0,0,,,1.0
legacy121_v1__5kqe_35_hpbulge_nmr_a__legacy_gt__petfold__historical_legacy121_v1,5KQE_35_hpbulge_nmr_A,petfold,R1_R3,36,13,13,13,12,1,1,12,1,1,0.9230769230769231,0.9230769230769231,0.9230769230769231,0.0,0.0,0.0,0,0,0,,,1.0
legacy121_v1__5kqe_35_hpbulge_nmr_a__legacy_gt__rnafold__historical_legacy121_v1,5KQE_35_hpbulge_nmr_A,rnafold,ORIGINAL,36,13,13,13,12,1,1,12,1,1,0.9230769230769231,0.9230769230769231,0.9230769230769231,0.0,0.0,0.0,0,0,0,,,1.0
legacy121_v1__5kqe_35_hpbulge_nmr_a__legacy_gt__rnafold__historical_legacy121_v1,5KQE_35_hpbulge_nmr_A,rnafold,R1,36,13,13,13,12,1,1,12,1,1,0.9230769230769231,0.9230769230769231,0.9230769230769231,0.0,0.0,0.0,0,0,0,,,1.0
legacy121_v1__5kqe_35_hpbulge_nmr_a__legacy_gt__rnafold__historical_legacy121_v1,5KQE_35_hpbulge_nmr_A,rnafold,R2,36,13,13,13,12,1,1,12,1,1,0.9230769230769231,0.9230769230769231,0.9230769230769231,0.0,0.0,0.0,0,0,0,,,1.0
legacy121_v1__5kqe_35_hpbulge_nmr_a__legacy_gt__rnafold__historical_legacy121_v1,5KQE_35_hpbulge_nmr_A,rnafold,R3,36,13,13,13,12,1,1,12,1,1,0.9230769230769231,0.9230769230769231,0.9230769230769231,0.0,0.0,0.0,0,0,0,,,1.0
legacy121_v1__5kqe_35_hpbulge_nmr_a__legacy_gt__rnafold__historical_legacy121_v1,5KQE_35_hpbulge_nmr_A,rnafold,R1_R2,36,13,13,13,12,1,1,12,1,1,0.9230769230769231,0.9230769230769231,0.9230769230769231,0.0,0.0,0.0,0,0,0,,,1.0
legacy121_v1__5kqe_35_hpbulge_nmr_a__legacy_gt__rnafold__historical_legacy121_v1,5KQE_35_hpbulge_nmr_A,rnafold,R1_R3,36,13,13,13,12,1,1,12,1,1,0.9230769230769231,0.9230769230769231,0.9230769230769231,0.0,0.0,0.0,0,0,0,,,1.0
legacy121_v1__5kqe_35_hpbulge_nmr_a__legacy_gt__trrosettarna2_native_ss__historical_legacy121_v1,5KQE_35_hpbulge_nmr_A,trrosettarna2_native_ss,ORIGINAL,36,13,14,14,13,1,0,13,1,0,0.9285714285714286,1.0,0.9629629629629629,0.0,0.0,0.0,0,0,0,,,1.0
legacy121_v1__5kqe_35_hpbulge_nmr_a__legacy_gt__trrosettarna2_native_ss__historical_legacy121_v1,5KQE_35_hpbulge_nmr_A,trrosettarna2_native_ss,R1,36,13,14,13,13,1,0,12,1,1,0.9230769230769231,0.9230769230769231,0.9230769230769231,-0.005494505494505475,-0.07692307692307687,-0.03988603988603978,1,0,1,0.0,1.0,0.9230769230769231
legacy121_v1__5kqe_35_hpbulge_nmr_a__legacy_gt__trrosettarna2_native_ss__historical_legacy121_v1,5KQE_35_hpbulge_nmr_A,trrosettarna2_native_ss,R2,36,13,14,14,13,1,0,13,1,0,0.9285714285714286,1.0,0.9629629629629629,0.0,0.0,0.0,0,0,0,,,1.0
legacy121_v1__5kqe_35_hpbulge_nmr_a__legacy_gt__trrosettarna2_native_ss__historical_legacy121_v1,5KQE_35_hpbulge_nmr_A,trrosettarna2_native_ss,R3,36,13,14,14,13,1,0,13,1,0,0.9285714285714286,1.0,0.9629629629629629,0.0,0.0,0.0,0,0,0,,,1.0
legacy121_v1__5kqe_35_hpbulge_nmr_a__legacy_gt__trrosettarna2_native_ss__historical_legacy121_v1,5KQE_35_hpbulge_nmr_A,trrosettarna2_native_ss,R1_R2,36,13,14,13,13,1,0,12,1,1,0.9230769230769231,0.9230769230769231,0.9230769230769231,-0.005494505494505475,-0.07692307692307687,-0.03988603988603978,1,0,1,0.0,1.0,0.9230769230769231
legacy121_v1__5kqe_35_hpbulge_nmr_a__legacy_gt__trrosettarna2_native_ss__historical_legacy121_v1,5KQE_35_hpbulge_nmr_A,trrosettarna2_native_ss,R1_R3,36,13,14,13,13,1,0,12,1,1,0.9230769230769231,0.9230769230769231,0.9230769230769231,-0.005494505494505475,-0.07692307692307687,-0.03988603988603978,1,0,1,0.0,1.0,0.9230769230769231
legacy121_v1__5lsn_28_hp_nmr_a__legacy_gt__petfold__historical_legacy121_v1,5LSN_28_hp_nmr_A,petfold,ORIGINAL,29,12,13,13,12,1,0,12,1,0,0.9230769230769231,1.0,0.96,0.0,0.0,0.0,0,0,0,,,1.0
legacy121_v1__5lsn_28_hp_nmr_a__legacy_gt__petfold__historical_legacy121_v1,5LSN_28_hp_nmr_A,petfold,R1,29,12,13,13,12,1,0,12,1,0,0.9230769230769231,1.0,0.96,0.0,0.0,0.0,0,0,0,,,1.0
legacy121_v1__5lsn_28_hp_nmr_a__legacy_gt__petfold__historical_legacy121_v1,5LSN_28_hp_nmr_A,petfold,R2,29,12,13,13,12,1,0,12,1,0,0.9230769230769231,1.0,0.96,0.0,0.0,0.0,0,0,0,,,1.0
legacy121_v1__5lsn_28_hp_nmr_a__legacy_gt__petfold__historical_legacy121_v1,5LSN_28_hp_nmr_A,petfold,R3,29,12,13,13,12,1,0,12,1,0,0.9230769230769231,1.0,0.96,0.0,0.0,0.0,0,0,0,,,1.0
legacy121_v1__5lsn_28_hp_nmr_a__legacy_gt__petfold__historical_legacy121_v1,5LSN_28_hp_nmr_A,petfold,R1_R2,29,12,13,13,12,1,0,12,1,0,0.9230769230769231,1.0,0.96,0.0,0.0,0.0,0,0,0,,,1.0
legacy121_v1__5lsn_28_hp_nmr_a__legacy_gt__petfold__historical_legacy121_v1,5LSN_28_hp_nmr_A,petfold,R1_R3,29,12,13,13,12,1,0,12,1,0,0.9230769230769231,1.0,0.96,0.0,0.0,0.0,0,0,0,,,1.0
legacy121_v1__5lsn_28_hp_nmr_a__legacy_gt__rnafold__historical_legacy121_v1,5LSN_28_hp_nmr_A,rnafold,ORIGINAL,29,12,12,12,12,0,0,12,0,0,1.0,1.0,1.0,0.0,0.0,0.0,0,0,0,,,1.0
legacy121_v1__5lsn_28_hp_nmr_a__legacy_gt__rnafold__historical_legacy121_v1,5LSN_28_hp_nmr_A,rnafold,R1,29,12,12,12,12,0,0,12,0,0,1.0,1.0,1.0,0.0,0.0,0.0,0,0,0,,,1.0
legacy121_v1__5lsn_28_hp_nmr_a__legacy_gt__rnafold__historical_legacy121_v1,5LSN_28_hp_nmr_A,rnafold,R2,29,12,12,10,12,0,0,10,0,2,1.0,0.8333333333333334,0.9090909090909091,0.0,-0.16666666666666663,-0.09090909090909094,2,0,2,0.0,1.0,0.8333333333333334
legacy121_v1__5lsn_28_hp_nmr_a__legacy_gt__rnafold__historical_legacy121_v1,5LSN_28_hp_nmr_A,rnafold,R3,29,12,12,12,12,0,0,12,0,0,1.0,1.0,1.0,0.0,0.0,0.0,0,0,0,,,1.0
legacy121_v1__5lsn_28_hp_nmr_a__legacy_gt__rnafold__historical_legacy121_v1,5LSN_28_hp_nmr_A,rnafold,R1_R2,29,12,12,10,12,0,0,10,0,2,1.0,0.8333333333333334,0.9090909090909091,0.0,-0.16666666666666663,-0.09090909090909094,2,0,2,0.0,1.0,0.8333333333333334
legacy121_v1__5lsn_28_hp_nmr_a__legacy_gt__rnafold__historical_legacy121_v1,5LSN_28_hp_nmr_A,rnafold,R1_R3,29,12,12,12,12,0,0,12,0,0,1.0,1.0,1.0,0.0,0.0,0.0,0,0,0,,,1.0
legacy121_v1__5lsn_28_hp_nmr_a__legacy_gt__trrosettarna2_native_ss__historical_legacy121_v1,5LSN_28_hp_nmr_A,trrosettarna2_native_ss,ORIGINAL,29,12,14,14,12,2,0,12,2,0,0.8571428571428571,1.0,0.9230769230769231,0.0,0.0,0.0,0,0,0,,,1.0
legacy121_v1__5lsn_28_hp_nmr_a__legacy_gt__trrosettarna2_native_ss__historical_legacy121_v1,5LSN_28_hp_nmr_A,trrosettarna2_native_ss,R1,29,12,14,14,12,2,0,12,2,0,0.8571428571428571,1.0,0.9230769230769231,0.0,0.0,0.0,0,0,0,,,1.0
legacy121_v1__5lsn_28_hp_nmr_a__legacy_gt__trrosettarna2_native_ss__historical_legacy121_v1,5LSN_28_hp_nmr_A,trrosettarna2_native_ss,R2,29,12,14,14,12,2,0,12,2,0,0.8571428571428571,1.0,0.9230769230769231,0.0,0.0,0.0,0,0,0,,,1.0
legacy121_v1__5lsn_28_hp_nmr_a__legacy_gt__trrosettarna2_native_ss__historical_legacy121_v1,5LSN_28_hp_nmr_A,trrosettarna2_native_ss,R3,29,12,14,14,12,2,0,12,2,0,0.8571428571428571,1.0,0.9230769230769231,0.0,0.0,0.0,0,0,0,,,1.0
legacy121_v1__5lsn_28_hp_nmr_a__legacy_gt__trrosettarna2_native_ss__historical_legacy121_v1,5LSN_28_hp_nmr_A,trrosettarna2_native_ss,R1_R2,29,12,14,14,12,2,0,12,2,0,0.8571428571428571,1.0,0.9230769230769231,0.0,0.0,0.0,0,0,0,,,1.0
legacy121_v1__5lsn_28_hp_nmr_a__legacy_gt__trrosettarna2_native_ss__historical_legacy121_v1,5LSN_28_hp_nmr_A,trrosettarna2_native_ss,R1_R3,29,12,14,14,12,2,0,12,2,0,0.8571428571428571,1.0,0.9230769230769231,0.0,0.0,0.0,0,0,0,,,1.0
legacy121_v1__5uf3_23_hp_nmr_a__legacy_gt__petfold__historical_legacy121_v1,5UF3_23_hp_nmr_A,petfold,ORIGINAL,23,9,9,9,9,0,0,9,0,0,1.0,1.0,1.0,0.0,0.0,0.0,0,0,0,,,1.0
legacy121_v1__5uf3_23_hp_nmr_a__legacy_gt__petfold__historical_legacy121_v1,5UF3_23_hp_nmr_A,petfold,R1,23,9,9,9,9,0,0,9,0,0,1.0,1.0,1.0,0.0,0.0,0.0,0,0,0,,,1.0
legacy121_v1__5uf3_23_hp_nmr_a__legacy_gt__petfold__historical_legacy121_v1,5UF3_23_hp_nmr_A,petfold,R2,23,9,9,7,9,0,0,7,0,2,1.0,0.7777777777777778,0.875,0.0,-0.2222222222222222,-0.125,2,0,2,0.0,1.0,0.7777777777777778
legacy121_v1__5uf3_23_hp_nmr_a__legacy_gt__petfold__historical_legacy121_v1,5UF3_23_hp_nmr_A,petfold,R3,23,9,9,9,9,0,0,9,0,0,1.0,1.0,1.0,0.0,0.0,0.0,0,0,0,,,1.0
legacy121_v1__5uf3_23_hp_nmr_a__legacy_gt__petfold__historical_legacy121_v1,5UF3_23_hp_nmr_A,petfold,R1_R2,23,9,9,7,9,0,0,7,0,2,1.0,0.7777777777777778,0.875,0.0,-0.2222222222222222,-0.125,2,0,2,0.0,1.0,0.7777777777777778
legacy121_v1__5uf3_23_hp_nmr_a__legacy_gt__petfold__historical_legacy121_v1,5UF3_23_hp_nmr_A,petfold,R1_R3,23,9,9,9,9,0,0,9,0,0,1.0,1.0,1.0,0.0,0.0,0.0,0,0,0,,,1.0
legacy121_v1__5uf3_23_hp_nmr_a__legacy_gt__rnafold__historical_legacy121_v1,5UF3_23_hp_nmr_A,rnafold,ORIGINAL,23,9,9,9,9,0,0,9,0,0,1.0,1.0,1.0,0.0,0.0,0.0,0,0,0,,,1.0
legacy121_v1__5uf3_23_hp_nmr_a__legacy_gt__rnafold__historical_legacy121_v1,5UF3_23_hp_nmr_A,rnafold,R1,23,9,9,9,9,0,0,9,0,0,1.0,1.0,1.0,0.0,0.0,0.0,0,0,0,,,1.0
legacy121_v1__5uf3_23_hp_nmr_a__legacy_gt__rnafold__historical_legacy121_v1,5UF3_23_hp_nmr_A,rnafold,R2,23,9,9,7,9,0,0,7,0,2,1.0,0.7777777777777778,0.875,0.0,-0.2222222222222222,-0.125,2,0,2,0.0,1.0,0.7777777777777778
legacy121_v1__5uf3_23_hp_nmr_a__legacy_gt__rnafold__historical_legacy121_v1,5UF3_23_hp_nmr_A,rnafold,R3,23,9,9,9,9,0,0,9,0,0,1.0,1.0,1.0,0.0,0.0,0.0,0,0,0,,,1.0
legacy121_v1__5uf3_23_hp_nmr_a__legacy_gt__rnafold__historical_legacy121_v1,5UF3_23_hp_nmr_A,rnafold,R1_R2,23,9,9,7,9,0,0,7,0,2,1.0,0.7777777777777778,0.875,0.0,-0.2222222222222222,-0.125,2,0,2,0.0,1.0,0.7777777777777778
legacy121_v1__5uf3_23_hp_nmr_a__legacy_gt__rnafold__historical_legacy121_v1,5UF3_23_hp_nmr_A,rnafold,R1_R3,23,9,9,9,9,0,0,9,0,0,1.0,1.0,1.0,0.0,0.0,0.0,0,0,0,,,1.0
legacy121_v1__5uf3_23_hp_nmr_a__legacy_gt__trrosettarna2_native_ss__historical_legacy121_v1,5UF3_23_hp_nmr_A,trrosettarna2_native_ss,ORIGINAL,23,9,9,9,9,0,0,9,0,0,1.0,1.0,1.0,0.0,0.0,0.0,0,0,0,,,1.0
legacy121_v1__5uf3_23_hp_nmr_a__legacy_gt__trrosettarna2_native_ss__historical_legacy121_v1,5UF3_23_hp_nmr_A,trrosettarna2_native_ss,R1,23,9,9,9,9,0,0,9,0,0,1.0,1.0,1.0,0.0,0.0,0.0,0,0,0,,,1.0
legacy121_v1__5uf3_23_hp_nmr_a__legacy_gt__trrosettarna2_native_ss__historical_legacy121_v1,5UF3_23_hp_nmr_A,trrosettarna2_native_ss,R2,23,9,9,7,9,0,0,7,0,2,1.0,0.7777777777777778,0.875,0.0,-0.2222222222222222,-0.125,2,0,2,0.0,1.0,0.7777777777777778
legacy121_v1__5uf3_23_hp_nmr_a__legacy_gt__trrosettarna2_native_ss__historical_legacy121_v1,5UF3_23_hp_nmr_A,trrosettarna2_native_ss,R3,23,9,9,9,9,0,0,9,0,0,1.0,1.0,1.0,0.0,0.0,0.0,0,0,0,,,1.0
legacy121_v1__5uf3_23_hp_nmr_a__legacy_gt__trrosettarna2_native_ss__historical_legacy121_v1,5UF3_23_hp_nmr_A,trrosettarna2_native_ss,R1_R2,23,9,9,7,9,0,0,7,0,2,1.0,0.7777777777777778,0.875,0.0,-0.2222222222222222,-0.125,2,0,2,0.0,1.0,0.7777777777777778
legacy121_v1__5uf3_23_hp_nmr_a__legacy_gt__trrosettarna2_native_ss__historical_legacy121_v1,5UF3_23_hp_nmr_A,trrosettarna2_native_ss,R1_R3,23,9,9,9,9,0,0,9,0,0,1.0,1.0,1.0,0.0,0.0,0.0,0,0,0,,,1.0
legacy121_v1__5uzt_31_hp_nmr_a__legacy_gt__petfold__historical_legacy121_v1,5UZT_31_hp_nmr_A,petfold,ORIGINAL,31,10,13,13,10,3,0,10,3,0,0.7692307692307693,1.0,0.8695652173913043,0.0,0.0,0.0,0,0,0,,,1.0
legacy121_v1__5uzt_31_hp_nmr_a__legacy_gt__petfold__historical_legacy121_v1,5UZT_31_hp_nmr_A,petfold,R1,31,10,13,13,10,3,0,10,3,0,0.7692307692307693,1.0,0.8695652173913043,0.0,0.0,0.0,0,0,0,,,1.0
legacy121_v1__5uzt_31_hp_nmr_a__legacy_gt__petfold__historical_legacy121_v1,5UZT_31_hp_nmr_A,petfold,R2,31,10,13,13,10,3,0,10,3,0,0.7692307692307693,1.0,0.8695652173913043,0.0,0.0,0.0,0,0,0,,,1.0
legacy121_v1__5uzt_31_hp_nmr_a__legacy_gt__petfold__historical_legacy121_v1,5UZT_31_hp_nmr_A,petfold,R3,31,10,13,13,10,3,0,10,3,0,0.7692307692307693,1.0,0.8695652173913043,0.0,0.0,0.0,0,0,0,,,1.0
legacy121_v1__5uzt_31_hp_nmr_a__legacy_gt__petfold__historical_legacy121_v1,5UZT_31_hp_nmr_A,petfold,R1_R2,31,10,13,13,10,3,0,10,3,0,0.7692307692307693,1.0,0.8695652173913043,0.0,0.0,0.0,0,0,0,,,1.0
legacy121_v1__5uzt_31_hp_nmr_a__legacy_gt__petfold__historical_legacy121_v1,5UZT_31_hp_nmr_A,petfold,R1_R3,31,10,13,13,10,3,0,10,3,0,0.7692307692307693,1.0,0.8695652173913043,0.0,0.0,0.0,0,0,0,,,1.0
legacy121_v1__5uzt_31_hp_nmr_a__legacy_gt__rnafold__historical_legacy121_v1,5UZT_31_hp_nmr_A,rnafold,ORIGINAL,31,10,13,13,10,3,0,10,3,0,0.7692307692307693,1.0,0.8695652173913043,0.0,0.0,0.0,0,0,0,,,1.0
legacy121_v1__5uzt_31_hp_nmr_a__legacy_gt__rnafold__historical_legacy121_v1,5UZT_31_hp_nmr_A,rnafold,R1,31,10,13,13,10,3,0,10,3,0,0.7692307692307693,1.0,0.8695652173913043,0.0,0.0,0.0,0,0,0,,,1.0
legacy121_v1__5uzt_31_hp_nmr_a__legacy_gt__rnafold__historical_legacy121_v1,5UZT_31_hp_nmr_A,rnafold,R2,31,10,13,11,10,3,0,10,1,0,0.9090909090909091,1.0,0.9523809523809523,0.1398601398601398,0.0,0.082815734989648,2,2,0,1.0,0.0,1.0
legacy121_v1__5uzt_31_hp_nmr_a__legacy_gt__rnafold__historical_legacy121_v1,5UZT_31_hp_nmr_A,rnafold,R3,31,10,13,13,10,3,0,10,3,0,0.7692307692307693,1.0,0.8695652173913043,0.0,0.0,0.0,0,0,0,,,1.0
legacy121_v1__5uzt_31_hp_nmr_a__legacy_gt__rnafold__historical_legacy121_v1,5UZT_31_hp_nmr_A,rnafold,R1_R2,31,10,13,11,10,3,0,10,1,0,0.9090909090909091,1.0,0.9523809523809523,0.1398601398601398,0.0,0.082815734989648,2,2,0,1.0,0.0,1.0
legacy121_v1__5uzt_31_hp_nmr_a__legacy_gt__rnafold__historical_legacy121_v1,5UZT_31_hp_nmr_A,rnafold,R1_R3,31,10,13,13,10,3,0,10,3,0,0.7692307692307693,1.0,0.8695652173913043,0.0,0.0,0.0,0,0,0,,,1.0
legacy121_v1__5uzt_31_hp_nmr_a__legacy_gt__trrosettarna2_native_ss__historical_legacy121_v1,5UZT_31_hp_nmr_A,trrosettarna2_native_ss,ORIGINAL,31,10,10,10,7,3,3,7,3,3,0.7,0.7,0.7,0.0,0.0,0.0,0,0,0,,,1.0
legacy121_v1__5uzt_31_hp_nmr_a__legacy_gt__trrosettarna2_native_ss__historical_legacy121_v1,5UZT_31_hp_nmr_A,trrosettarna2_native_ss,R1,31,10,10,9,7,3,3,7,2,3,0.7777777777777778,0.7,0.7368421052631579,0.07777777777777783,0.0,0.0368421052631579,1,1,0,1.0,0.0,1.0
legacy121_v1__5uzt_31_hp_nmr_a__legacy_gt__trrosettarna2_native_ss__historical_legacy121_v1,5UZT_31_hp_nmr_A,trrosettarna2_native_ss,R2,31,10,10,8,7,3,3,7,1,3,0.875,0.7,0.7777777777777778,0.17500000000000004,0.0,0.07777777777777783,2,2,0,1.0,0.0,1.0
legacy121_v1__5uzt_31_hp_nmr_a__legacy_gt__trrosettarna2_native_ss__historical_legacy121_v1,5UZT_31_hp_nmr_A,trrosettarna2_native_ss,R3,31,10,10,10,7,3,3,7,3,3,0.7,0.7,0.7,0.0,0.0,0.0,0,0,0,,,1.0
legacy121_v1__5uzt_31_hp_nmr_a__legacy_gt__trrosettarna2_native_ss__historical_legacy121_v1,5UZT_31_hp_nmr_A,trrosettarna2_native_ss,R1_R2,31,10,10,7,7,3,3,7,0,3,1.0,0.7,0.8235294117647058,0.30000000000000004,0.0,0.12352941176470589,3,3,0,1.0,0.0,1.0
legacy121_v1__5uzt_31_hp_nmr_a__legacy_gt__trrosettarna2_native_ss__historical_legacy121_v1,5UZT_31_hp_nmr_A,trrosettarna2_native_ss,R1_R3,31,10,10,9,7,3,3,7,2,3,0.7777777777777778,0.7,0.7368421052631579,0.07777777777777783,0.0,0.0368421052631579,1,1,0,1.0,0.0,1.0
legacy121_v1__5v16_41_hpbulge_nmr_a__legacy_gt__petfold__historical_legacy121_v1,5V16_41_hpbulge_nmr_A,petfold,ORIGINAL,41,15,15,15,15,0,0,15,0,0,1.0,1.0,1.0,0.0,0.0,0.0,0,0,0,,,1.0
legacy121_v1__5v16_41_hpbulge_nmr_a__legacy_gt__petfold__historical_legacy121_v1,5V16_41_hpbulge_nmr_A,petfold,R1,41,15,15,15,15,0,0,15,0,0,1.0,1.0,1.0,0.0,0.0,0.0,0,0,0,,,1.0
legacy121_v1__5v16_41_hpbulge_nmr_a__legacy_gt__petfold__historical_legacy121_v1,5V16_41_hpbulge_nmr_A,petfold,R2,41,15,15,15,15,0,0,15,0,0,1.0,1.0,1.0,0.0,0.0,0.0,0,0,0,,,1.0
legacy121_v1__5v16_41_hpbulge_nmr_a__legacy_gt__petfold__historical_legacy121_v1,5V16_41_hpbulge_nmr_A,petfold,R3,41,15,15,15,15,0,0,15,0,0,1.0,1.0,1.0,0.0,0.0,0.0,0,0,0,,,1.0
legacy121_v1__5v16_41_hpbulge_nmr_a__legacy_gt__petfold__historical_legacy121_v1,5V16_41_hpbulge_nmr_A,petfold,R1_R2,41,15,15,15,15,0,0,15,0,0,1.0,1.0,1.0,0.0,0.0,0.0,0,0,0,,,1.0
legacy121_v1__5v16_41_hpbulge_nmr_a__legacy_gt__petfold__historical_legacy121_v1,5V16_41_hpbulge_nmr_A,petfold,R1_R3,41,15,15,15,15,0,0,15,0,0,1.0,1.0,1.0,0.0,0.0,0.0,0,0,0,,,1.0
legacy121_v1__5v16_41_hpbulge_nmr_a__legacy_gt__rnafold__historical_legacy121_v1,5V16_41_hpbulge_nmr_A,rnafold,ORIGINAL,41,15,15,15,15,0,0,15,0,0,1.0,1.0,1.0,0.0,0.0,0.0,0,0,0,,,1.0
legacy121_v1__5v16_41_hpbulge_nmr_a__legacy_gt__rnafold__historical_legacy121_v1,5V16_41_hpbulge_nmr_A,rnafold,R1,41,15,15,15,15,0,0,15,0,0,1.0,1.0,1.0,0.0,0.0,0.0,0,0,0,,,1.0
legacy121_v1__5v16_41_hpbulge_nmr_a__legacy_gt__rnafold__historical_legacy121_v1,5V16_41_hpbulge_nmr_A,rnafold,R2,41,15,15,15,15,0,0,15,0,0,1.0,1.0,1.0,0.0,0.0,0.0,0,0,0,,,1.0
legacy121_v1__5v16_41_hpbulge_nmr_a__legacy_gt__rnafold__historical_legacy121_v1,5V16_41_hpbulge_nmr_A,rnafold,R3,41,15,15,15,15,0,0,15,0,0,1.0,1.0,1.0,0.0,0.0,0.0,0,0,0,,,1.0
legacy121_v1__5v16_41_hpbulge_nmr_a__legacy_gt__rnafold__historical_legacy121_v1,5V16_41_hpbulge_nmr_A,rnafold,R1_R2,41,15,15,15,15,0,0,15,0,0,1.0,1.0,1.0,0.0,0.0,0.0,0,0,0,,,1.0
legacy121_v1__5v16_41_hpbulge_nmr_a__legacy_gt__rnafold__historical_legacy121_v1,5V16_41_hpbulge_nmr_A,rnafold,R1_R3,41,15,15,15,15,0,0,15,0,0,1.0,1.0,1.0,0.0,0.0,0.0,0,0,0,,,1.0
legacy121_v1__5v16_41_hpbulge_nmr_a__legacy_gt__trrosettarna2_native_ss__historical_legacy121_v1,5V16_41_hpbulge_nmr_A,trrosettarna2_native_ss,ORIGINAL,41,15,16,16,15,1,0,15,1,0,0.9375,1.0,0.967741935483871,0.0,0.0,0.0,0,0,0,,,1.0
legacy121_v1__5v16_41_hpbulge_nmr_a__legacy_gt__trrosettarna2_native_ss__historical_legacy121_v1,5V16_41_hpbulge_nmr_A,trrosettarna2_native_ss,R1,41,15,16,15,15,1,0,15,0,0,1.0,1.0,1.0,0.0625,0.0,0.032258064516129004,1,1,0,1.0,0.0,1.0
legacy121_v1__5v16_41_hpbulge_nmr_a__legacy_gt__trrosettarna2_native_ss__historical_legacy121_v1,5V16_41_hpbulge_nmr_A,trrosettarna2_native_ss,R2,41,15,16,16,15,1,0,15,1,0,0.9375,1.0,0.967741935483871,0.0,0.0,0.0,0,0,0,,,1.0
legacy121_v1__5v16_41_hpbulge_nmr_a__legacy_gt__trrosettarna2_native_ss__historical_legacy121_v1,5V16_41_hpbulge_nmr_A,trrosettarna2_native_ss,R3,41,15,16,16,15,1,0,15,1,0,0.9375,1.0,0.967741935483871,0.0,0.0,0.0,0,0,0,,,1.0
legacy121_v1__5v16_41_hpbulge_nmr_a__legacy_gt__trrosettarna2_native_ss__historical_legacy121_v1,5V16_41_hpbulge_nmr_A,trrosettarna2_native_ss,R1_R2,41,15,16,15,15,1,0,15,0,0,1.0,1.0,1.0,0.0625,0.0,0.032258064516129004,1,1,0,1.0,0.0,1.0
legacy121_v1__5v16_41_hpbulge_nmr_a__legacy_gt__trrosettarna2_native_ss__historical_legacy121_v1,5V16_41_hpbulge_nmr_A,trrosettarna2_native_ss,R1_R3,41,15,16,15,15,1,0,15,0,0,1.0,1.0,1.0,0.0625,0.0,0.032258064516129004,1,1,0,1.0,0.0,1.0
legacy121_v1__5wq1_23_hp_nmr_a__legacy_gt__petfold__historical_legacy121_v1,5WQ1_23_hp_nmr_A,petfold,ORIGINAL,23,9,9,9,9,0,0,9,0,0,1.0,1.0,1.0,0.0,0.0,0.0,0,0,0,,,1.0
legacy121_v1__5wq1_23_hp_nmr_a__legacy_gt__petfold__historical_legacy121_v1,5WQ1_23_hp_nmr_A,petfold,R1,23,9,9,9,9,0,0,9,0,0,1.0,1.0,1.0,0.0,0.0,0.0,0,0,0,,,1.0
legacy121_v1__5wq1_23_hp_nmr_a__legacy_gt__petfold__historical_legacy121_v1,5WQ1_23_hp_nmr_A,petfold,R2,23,9,9,9,9,0,0,9,0,0,1.0,1.0,1.0,0.0,0.0,0.0,0,0,0,,,1.0
legacy121_v1__5wq1_23_hp_nmr_a__legacy_gt__petfold__historical_legacy121_v1,5WQ1_23_hp_nmr_A,petfold,R3,23,9,9,9,9,0,0,9,0,0,1.0,1.0,1.0,0.0,0.0,0.0,0,0,0,,,1.0
legacy121_v1__5wq1_23_hp_nmr_a__legacy_gt__petfold__historical_legacy121_v1,5WQ1_23_hp_nmr_A,petfold,R1_R2,23,9,9,9,9,0,0,9,0,0,1.0,1.0,1.0,0.0,0.0,0.0,0,0,0,,,1.0
legacy121_v1__5wq1_23_hp_nmr_a__legacy_gt__petfold__historical_legacy121_v1,5WQ1_23_hp_nmr_A,petfold,R1_R3,23,9,9,9,9,0,0,9,0,0,1.0,1.0,1.0,0.0,0.0,0.0,0,0,0,,,1.0
legacy121_v1__5wq1_23_hp_nmr_a__legacy_gt__rnafold__historical_legacy121_v1,5WQ1_23_hp_nmr_A,rnafold,ORIGINAL,23,9,9,9,9,0,0,9,0,0,1.0,1.0,1.0,0.0,0.0,0.0,0,0,0,,,1.0
legacy121_v1__5wq1_23_hp_nmr_a__legacy_gt__rnafold__historical_legacy121_v1,5WQ1_23_hp_nmr_A,rnafold,R1,23,9,9,9,9,0,0,9,0,0,1.0,1.0,1.0,0.0,0.0,0.0,0,0,0,,,1.0
legacy121_v1__5wq1_23_hp_nmr_a__legacy_gt__rnafold__historical_legacy121_v1,5WQ1_23_hp_nmr_A,rnafold,R2,23,9,9,9,9,0,0,9,0,0,1.0,1.0,1.0,0.0,0.0,0.0,0,0,0,,,1.0
legacy121_v1__5wq1_23_hp_nmr_a__legacy_gt__rnafold__historical_legacy121_v1,5WQ1_23_hp_nmr_A,rnafold,R3,23,9,9,9,9,0,0,9,0,0,1.0,1.0,1.0,0.0,0.0,0.0,0,0,0,,,1.0
legacy121_v1__5wq1_23_hp_nmr_a__legacy_gt__rnafold__historical_legacy121_v1,5WQ1_23_hp_nmr_A,rnafold,R1_R2,23,9,9,9,9,0,0,9,0,0,1.0,1.0,1.0,0.0,0.0,0.0,0,0,0,,,1.0
legacy121_v1__5wq1_23_hp_nmr_a__legacy_gt__rnafold__historical_legacy121_v1,5WQ1_23_hp_nmr_A,rnafold,R1_R3,23,9,9,9,9,0,0,9,0,0,1.0,1.0,1.0,0.0,0.0,0.0,0,0,0,,,1.0
legacy121_v1__5wq1_23_hp_nmr_a__legacy_gt__trrosettarna2_native_ss__historical_legacy121_v1,5WQ1_23_hp_nmr_A,trrosettarna2_native_ss,ORIGINAL,23,9,9,9,9,0,0,9,0,0,1.0,1.0,1.0,0.0,0.0,0.0,0,0,0,,,1.0
legacy121_v1__5wq1_23_hp_nmr_a__legacy_gt__trrosettarna2_native_ss__historical_legacy121_v1,5WQ1_23_hp_nmr_A,trrosettarna2_native_ss,R1,23,9,9,9,9,0,0,9,0,0,1.0,1.0,1.0,0.0,0.0,0.0,0,0,0,,,1.0
legacy121_v1__5wq1_23_hp_nmr_a__legacy_gt__trrosettarna2_native_ss__historical_legacy121_v1,5WQ1_23_hp_nmr_A,trrosettarna2_native_ss,R2,23,9,9,9,9,0,0,9,0,0,1.0,1.0,1.0,0.0,0.0,0.0,0,0,0,,,1.0
legacy121_v1__5wq1_23_hp_nmr_a__legacy_gt__trrosettarna2_native_ss__historical_legacy121_v1,5WQ1_23_hp_nmr_A,trrosettarna2_native_ss,R3,23,9,9,9,9,0,0,9,0,0,1.0,1.0,1.0,0.0,0.0,0.0,0,0,0,,,1.0
legacy121_v1__5wq1_23_hp_nmr_a__legacy_gt__trrosettarna2_native_ss__historical_legacy121_v1,5WQ1_23_hp_nmr_A,trrosettarna2_native_ss,R1_R2,23,9,9,9,9,0,0,9,0,0,1.0,1.0,1.0,0.0,0.0,0.0,0,0,0,,,1.0
legacy121_v1__5wq1_23_hp_nmr_a__legacy_gt__trrosettarna2_native_ss__historical_legacy121_v1,5WQ1_23_hp_nmr_A,trrosettarna2_native_ss,R1_R3,23,9,9,9,9,0,0,9,0,0,1.0,1.0,1.0,0.0,0.0,0.0,0,0,0,,,1.0
legacy121_v1__6hyk_31_hpbulge_nmr_a__legacy_gt__petfold__historical_legacy121_v1,6HYK_31_hpbulge_nmr_A,petfold,ORIGINAL,31,9,9,9,9,0,0,9,0,0,1.0,1.0,1.0,0.0,0.0,0.0,0,0,0,,,1.0
legacy121_v1__6hyk_31_hpbulge_nmr_a__legacy_gt__petfold__historical_legacy121_v1,6HYK_31_hpbulge_nmr_A,petfold,R1,31,9,9,9,9,0,0,9,0,0,1.0,1.0,1.0,0.0,0.0,0.0,0,0,0,,,1.0
legacy121_v1__6hyk_31_hpbulge_nmr_a__legacy_gt__petfold__historical_legacy121_v1,6HYK_31_hpbulge_nmr_A,petfold,R2,31,9,9,9,9,0,0,9,0,0,1.0,1.0,1.0,0.0,0.0,0.0,0,0,0,,,1.0
legacy121_v1__6hyk_31_hpbulge_nmr_a__legacy_gt__petfold__historical_legacy121_v1,6HYK_31_hpbulge_nmr_A,petfold,R3,31,9,9,9,9,0,0,9,0,0,1.0,1.0,1.0,0.0,0.0,0.0,0,0,0,,,1.0
legacy121_v1__6hyk_31_hpbulge_nmr_a__legacy_gt__petfold__historical_legacy121_v1,6HYK_31_hpbulge_nmr_A,petfold,R1_R2,31,9,9,9,9,0,0,9,0,0,1.0,1.0,1.0,0.0,0.0,0.0,0,0,0,,,1.0
legacy121_v1__6hyk_31_hpbulge_nmr_a__legacy_gt__petfold__historical_legacy121_v1,6HYK_31_hpbulge_nmr_A,petfold,R1_R3,31,9,9,9,9,0,0,9,0,0,1.0,1.0,1.0,0.0,0.0,0.0,0,0,0,,,1.0
legacy121_v1__6hyk_31_hpbulge_nmr_a__legacy_gt__rnafold__historical_legacy121_v1,6HYK_31_hpbulge_nmr_A,rnafold,ORIGINAL,31,9,9,9,9,0,0,9,0,0,1.0,1.0,1.0,0.0,0.0,0.0,0,0,0,,,1.0
legacy121_v1__6hyk_31_hpbulge_nmr_a__legacy_gt__rnafold__historical_legacy121_v1,6HYK_31_hpbulge_nmr_A,rnafold,R1,31,9,9,9,9,0,0,9,0,0,1.0,1.0,1.0,0.0,0.0,0.0,0,0,0,,,1.0
legacy121_v1__6hyk_31_hpbulge_nmr_a__legacy_gt__rnafold__historical_legacy121_v1,6HYK_31_hpbulge_nmr_A,rnafold,R2,31,9,9,9,9,0,0,9,0,0,1.0,1.0,1.0,0.0,0.0,0.0,0,0,0,,,1.0
legacy121_v1__6hyk_31_hpbulge_nmr_a__legacy_gt__rnafold__historical_legacy121_v1,6HYK_31_hpbulge_nmr_A,rnafold,R3,31,9,9,9,9,0,0,9,0,0,1.0,1.0,1.0,0.0,0.0,0.0,0,0,0,,,1.0
legacy121_v1__6hyk_31_hpbulge_nmr_a__legacy_gt__rnafold__historical_legacy121_v1,6HYK_31_hpbulge_nmr_A,rnafold,R1_R2,31,9,9,9,9,0,0,9,0,0,1.0,1.0,1.0,0.0,0.0,0.0,0,0,0,,,1.0
legacy121_v1__6hyk_31_hpbulge_nmr_a__legacy_gt__rnafold__historical_legacy121_v1,6HYK_31_hpbulge_nmr_A,rnafold,R1_R3,31,9,9,9,9,0,0,9,0,0,1.0,1.0,1.0,0.0,0.0,0.0,0,0,0,,,1.0
legacy121_v1__6hyk_31_hpbulge_nmr_a__legacy_gt__trrosettarna2_native_ss__historical_legacy121_v1,6HYK_31_hpbulge_nmr_A,trrosettarna2_native_ss,ORIGINAL,31,9,13,13,9,4,0,9,4,0,0.6923076923076923,1.0,0.8181818181818182,0.0,0.0,0.0,0,0,0,,,1.0
legacy121_v1__6hyk_31_hpbulge_nmr_a__legacy_gt__trrosettarna2_native_ss__historical_legacy121_v1,6HYK_31_hpbulge_nmr_A,trrosettarna2_native_ss,R1,31,9,13,13,9,4,0,9,4,0,0.6923076923076923,1.0,0.8181818181818182,0.0,0.0,0.0,0,0,0,,,1.0
legacy121_v1__6hyk_31_hpbulge_nmr_a__legacy_gt__trrosettarna2_native_ss__historical_legacy121_v1,6HYK_31_hpbulge_nmr_A,trrosettarna2_native_ss,R2,31,9,13,13,9,4,0,9,4,0,0.6923076923076923,1.0,0.8181818181818182,0.0,0.0,0.0,0,0,0,,,1.0
legacy121_v1__6hyk_31_hpbulge_nmr_a__legacy_gt__trrosettarna2_native_ss__historical_legacy121_v1,6HYK_31_hpbulge_nmr_A,trrosettarna2_native_ss,R3,31,9,13,13,9,4,0,9,4,0,0.6923076923076923,1.0,0.8181818181818182,0.0,0.0,0.0,0,0,0,,,1.0
legacy121_v1__6hyk_31_hpbulge_nmr_a__legacy_gt__trrosettarna2_native_ss__historical_legacy121_v1,6HYK_31_hpbulge_nmr_A,trrosettarna2_native_ss,R1_R2,31,9,13,13,9,4,0,9,4,0,0.6923076923076923,1.0,0.8181818181818182,0.0,0.0,0.0,0,0,0,,,1.0
legacy121_v1__6hyk_31_hpbulge_nmr_a__legacy_gt__trrosettarna2_native_ss__historical_legacy121_v1,6HYK_31_hpbulge_nmr_A,trrosettarna2_native_ss,R1_R3,31,9,13,13,9,4,0,9,4,0,0.6923076923076923,1.0,0.8181818181818182,0.0,0.0,0.0,0,0,0,,,1.0
legacy121_v1__6noa_56_hp_nmr_a__legacy_gt__petfold__historical_legacy121_v1,6NOA_56_hp_nmr_A,petfold,ORIGINAL,56,17,17,17,17,0,0,17,0,0,1.0,1.0,1.0,0.0,0.0,0.0,0,0,0,,,1.0
legacy121_v1__6noa_56_hp_nmr_a__legacy_gt__petfold__historical_legacy121_v1,6NOA_56_hp_nmr_A,petfold,R1,56,17,17,17,17,0,0,17,0,0,1.0,1.0,1.0,0.0,0.0,0.0,0,0,0,,,1.0
legacy121_v1__6noa_56_hp_nmr_a__legacy_gt__petfold__historical_legacy121_v1,6NOA_56_hp_nmr_A,petfold,R2,56,17,17,15,17,0,0,15,0,2,1.0,0.8823529411764706,0.9375,0.0,-0.11764705882352944,-0.0625,2,0,2,0.0,1.0,0.8823529411764706
legacy121_v1__6noa_56_hp_nmr_a__legacy_gt__petfold__historical_legacy121_v1,6NOA_56_hp_nmr_A,petfold,R3,56,17,17,17,17,0,0,17,0,0,1.0,1.0,1.0,0.0,0.0,0.0,0,0,0,,,1.0
legacy121_v1__6noa_56_hp_nmr_a__legacy_gt__petfold__historical_legacy121_v1,6NOA_56_hp_nmr_A,petfold,R1_R2,56,17,17,15,17,0,0,15,0,2,1.0,0.8823529411764706,0.9375,0.0,-0.11764705882352944,-0.0625,2,0,2,0.0,1.0,0.8823529411764706
legacy121_v1__6noa_56_hp_nmr_a__legacy_gt__petfold__historical_legacy121_v1,6NOA_56_hp_nmr_A,petfold,R1_R3,56,17,17,17,17,0,0,17,0,0,1.0,1.0,1.0,0.0,0.0,0.0,0,0,0,,,1.0
legacy121_v1__6noa_56_hp_nmr_a__legacy_gt__rnafold__historical_legacy121_v1,6NOA_56_hp_nmr_A,rnafold,ORIGINAL,56,17,17,17,17,0,0,17,0,0,1.0,1.0,1.0,0.0,0.0,0.0,0,0,0,,,1.0
legacy121_v1__6noa_56_hp_nmr_a__legacy_gt__rnafold__historical_legacy121_v1,6NOA_56_hp_nmr_A,rnafold,R1,56,17,17,17,17,0,0,17,0,0,1.0,1.0,1.0,0.0,0.0,0.0,0,0,0,,,1.0
legacy121_v1__6noa_56_hp_nmr_a__legacy_gt__rnafold__historical_legacy121_v1,6NOA_56_hp_nmr_A,rnafold,R2,56,17,17,15,17,0,0,15,0,2,1.0,0.8823529411764706,0.9375,0.0,-0.11764705882352944,-0.0625,2,0,2,0.0,1.0,0.8823529411764706
legacy121_v1__6noa_56_hp_nmr_a__legacy_gt__rnafold__historical_legacy121_v1,6NOA_56_hp_nmr_A,rnafold,R3,56,17,17,17,17,0,0,17,0,0,1.0,1.0,1.0,0.0,0.0,0.0,0,0,0,,,1.0
legacy121_v1__6noa_56_hp_nmr_a__legacy_gt__rnafold__historical_legacy121_v1,6NOA_56_hp_nmr_A,rnafold,R1_R2,56,17,17,15,17,0,0,15,0,2,1.0,0.8823529411764706,0.9375,0.0,-0.11764705882352944,-0.0625,2,0,2,0.0,1.0,0.8823529411764706
legacy121_v1__6noa_56_hp_nmr_a__legacy_gt__rnafold__historical_legacy121_v1,6NOA_56_hp_nmr_A,rnafold,R1_R3,56,17,17,17,17,0,0,17,0,0,1.0,1.0,1.0,0.0,0.0,0.0,0,0,0,,,1.0
legacy121_v1__6noa_56_hp_nmr_a__legacy_gt__trrosettarna2_native_ss__historical_legacy121_v1,6NOA_56_hp_nmr_A,trrosettarna2_native_ss,ORIGINAL,56,17,19,19,15,4,2,15,4,2,0.7894736842105263,0.8823529411764706,0.8333333333333334,0.0,0.0,0.0,0,0,0,,,1.0
legacy121_v1__6noa_56_hp_nmr_a__legacy_gt__trrosettarna2_native_ss__historical_legacy121_v1,6NOA_56_hp_nmr_A,trrosettarna2_native_ss,R1,56,17,19,17,15,4,2,14,3,3,0.8235294117647058,0.8235294117647058,0.8235294117647058,0.034055727554179516,-0.05882352941176472,-0.009803921568627527,2,1,1,0.5,0.5,0.9333333333333333
legacy121_v1__6noa_56_hp_nmr_a__legacy_gt__trrosettarna2_native_ss__historical_legacy121_v1,6NOA_56_hp_nmr_A,trrosettarna2_native_ss,R2,56,17,19,17,15,4,2,13,4,4,0.7647058823529411,0.7647058823529411,0.7647058823529411,-0.024767801857585203,-0.11764705882352944,-0.06862745098039225,2,0,2,0.0,1.0,0.8666666666666667
legacy121_v1__6noa_56_hp_nmr_a__legacy_gt__trrosettarna2_native_ss__historical_legacy121_v1,6NOA_56_hp_nmr_A,trrosettarna2_native_ss,R3,56,17,19,19,15,4,2,15,4,2,0.7894736842105263,0.8823529411764706,0.8333333333333334,0.0,0.0,0.0,0,0,0,,,1.0
legacy121_v1__6noa_56_hp_nmr_a__legacy_gt__trrosettarna2_native_ss__historical_legacy121_v1,6NOA_56_hp_nmr_A,trrosettarna2_native_ss,R1_R2,56,17,19,15,15,4,2,12,3,5,0.8,0.7058823529411765,0.75,0.010526315789473717,-0.17647058823529405,-0.08333333333333337,4,1,3,0.25,0.75,0.8
legacy121_v1__6noa_56_hp_nmr_a__legacy_gt__trrosettarna2_native_ss__historical_legacy121_v1,6NOA_56_hp_nmr_A,trrosettarna2_native_ss,R1_R3,56,17,19,17,15,4,2,14,3,3,0.8235294117647058,0.8235294117647058,0.8235294117647058,0.034055727554179516,-0.05882352941176472,-0.009803921568627527,2,1,1,0.5,0.5,0.9333333333333333
legacy121_v1__6pk9_20_hp_nmr_a__legacy_gt__petfold__historical_legacy121_v1,6PK9_20_hp_nmr_A,petfold,ORIGINAL,20,7,7,7,7,0,0,7,0,0,1.0,1.0,1.0,0.0,0.0,0.0,0,0,0,,,1.0
legacy121_v1__6pk9_20_hp_nmr_a__legacy_gt__petfold__historical_legacy121_v1,6PK9_20_hp_nmr_A,petfold,R1,20,7,7,7,7,0,0,7,0,0,1.0,1.0,1.0,0.0,0.0,0.0,0,0,0,,,1.0
legacy121_v1__6pk9_20_hp_nmr_a__legacy_gt__petfold__historical_legacy121_v1,6PK9_20_hp_nmr_A,petfold,R2,20,7,7,7,7,0,0,7,0,0,1.0,1.0,1.0,0.0,0.0,0.0,0,0,0,,,1.0
legacy121_v1__6pk9_20_hp_nmr_a__legacy_gt__petfold__historical_legacy121_v1,6PK9_20_hp_nmr_A,petfold,R3,20,7,7,7,7,0,0,7,0,0,1.0,1.0,1.0,0.0,0.0,0.0,0,0,0,,,1.0
legacy121_v1__6pk9_20_hp_nmr_a__legacy_gt__petfold__historical_legacy121_v1,6PK9_20_hp_nmr_A,petfold,R1_R2,20,7,7,7,7,0,0,7,0,0,1.0,1.0,1.0,0.0,0.0,0.0,0,0,0,,,1.0
legacy121_v1__6pk9_20_hp_nmr_a__legacy_gt__petfold__historical_legacy121_v1,6PK9_20_hp_nmr_A,petfold,R1_R3,20,7,7,7,7,0,0,7,0,0,1.0,1.0,1.0,0.0,0.0,0.0,0,0,0,,,1.0
legacy121_v1__6pk9_20_hp_nmr_a__legacy_gt__rnafold__historical_legacy121_v1,6PK9_20_hp_nmr_A,rnafold,ORIGINAL,20,7,7,7,7,0,0,7,0,0,1.0,1.0,1.0,0.0,0.0,0.0,0,0,0,,,1.0
legacy121_v1__6pk9_20_hp_nmr_a__legacy_gt__rnafold__historical_legacy121_v1,6PK9_20_hp_nmr_A,rnafold,R1,20,7,7,7,7,0,0,7,0,0,1.0,1.0,1.0,0.0,0.0,0.0,0,0,0,,,1.0
legacy121_v1__6pk9_20_hp_nmr_a__legacy_gt__rnafold__historical_legacy121_v1,6PK9_20_hp_nmr_A,rnafold,R2,20,7,7,7,7,0,0,7,0,0,1.0,1.0,1.0,0.0,0.0,0.0,0,0,0,,,1.0
legacy121_v1__6pk9_20_hp_nmr_a__legacy_gt__rnafold__historical_legacy121_v1,6PK9_20_hp_nmr_A,rnafold,R3,20,7,7,7,7,0,0,7,0,0,1.0,1.0,1.0,0.0,0.0,0.0,0,0,0,,,1.0
legacy121_v1__6pk9_20_hp_nmr_a__legacy_gt__rnafold__historical_legacy121_v1,6PK9_20_hp_nmr_A,rnafold,R1_R2,20,7,7,7,7,0,0,7,0,0,1.0,1.0,1.0,0.0,0.0,0.0,0,0,0,,,1.0
legacy121_v1__6pk9_20_hp_nmr_a__legacy_gt__rnafold__historical_legacy121_v1,6PK9_20_hp_nmr_A,rnafold,R1_R3,20,7,7,7,7,0,0,7,0,0,1.0,1.0,1.0,0.0,0.0,0.0,0,0,0,,,1.0
legacy121_v1__6pk9_20_hp_nmr_a__legacy_gt__trrosettarna2_native_ss__historical_legacy121_v1,6PK9_20_hp_nmr_A,trrosettarna2_native_ss,ORIGINAL,20,7,7,7,7,0,0,7,0,0,1.0,1.0,1.0,0.0,0.0,0.0,0,0,0,,,1.0
legacy121_v1__6pk9_20_hp_nmr_a__legacy_gt__trrosettarna2_native_ss__historical_legacy121_v1,6PK9_20_hp_nmr_A,trrosettarna2_native_ss,R1,20,7,7,7,7,0,0,7,0,0,1.0,1.0,1.0,0.0,0.0,0.0,0,0,0,,,1.0
legacy121_v1__6pk9_20_hp_nmr_a__legacy_gt__trrosettarna2_native_ss__historical_legacy121_v1,6PK9_20_hp_nmr_A,trrosettarna2_native_ss,R2,20,7,7,7,7,0,0,7,0,0,1.0,1.0,1.0,0.0,0.0,0.0,0,0,0,,,1.0
legacy121_v1__6pk9_20_hp_nmr_a__legacy_gt__trrosettarna2_native_ss__historical_legacy121_v1,6PK9_20_hp_nmr_A,trrosettarna2_native_ss,R3,20,7,7,7,7,0,0,7,0,0,1.0,1.0,1.0,0.0,0.0,0.0,0,0,0,,,1.0
legacy121_v1__6pk9_20_hp_nmr_a__legacy_gt__trrosettarna2_native_ss__historical_legacy121_v1,6PK9_20_hp_nmr_A,trrosettarna2_native_ss,R1_R2,20,7,7,7,7,0,0,7,0,0,1.0,1.0,1.0,0.0,0.0,0.0,0,0,0,,,1.0
legacy121_v1__6pk9_20_hp_nmr_a__legacy_gt__trrosettarna2_native_ss__historical_legacy121_v1,6PK9_20_hp_nmr_A,trrosettarna2_native_ss,R1_R3,20,7,7,7,7,0,0,7,0,0,1.0,1.0,1.0,0.0,0.0,0.0,0,0,0,,,1.0
legacy121_v1__6u79_37_hp_nmr_a__legacy_gt__petfold__historical_legacy121_v1,6U79_37_hp_nmr_A,petfold,ORIGINAL,37,15,15,15,15,0,0,15,0,0,1.0,1.0,1.0,0.0,0.0,0.0,0,0,0,,,1.0
legacy121_v1__6u79_37_hp_nmr_a__legacy_gt__petfold__historical_legacy121_v1,6U79_37_hp_nmr_A,petfold,R1,37,15,15,15,15,0,0,15,0,0,1.0,1.0,1.0,0.0,0.0,0.0,0,0,0,,,1.0
legacy121_v1__6u79_37_hp_nmr_a__legacy_gt__petfold__historical_legacy121_v1,6U79_37_hp_nmr_A,petfold,R2,37,15,15,13,15,0,0,13,0,2,1.0,0.8666666666666667,0.9285714285714286,0.0,-0.1333333333333333,-0.0714285714285714,2,0,2,0.0,1.0,0.8666666666666667
legacy121_v1__6u79_37_hp_nmr_a__legacy_gt__petfold__historical_legacy121_v1,6U79_37_hp_nmr_A,petfold,R3,37,15,15,15,15,0,0,15,0,0,1.0,1.0,1.0,0.0,0.0,0.0,0,0,0,,,1.0
legacy121_v1__6u79_37_hp_nmr_a__legacy_gt__petfold__historical_legacy121_v1,6U79_37_hp_nmr_A,petfold,R1_R2,37,15,15,13,15,0,0,13,0,2,1.0,0.8666666666666667,0.9285714285714286,0.0,-0.1333333333333333,-0.0714285714285714,2,0,2,0.0,1.0,0.8666666666666667
legacy121_v1__6u79_37_hp_nmr_a__legacy_gt__petfold__historical_legacy121_v1,6U79_37_hp_nmr_A,petfold,R1_R3,37,15,15,15,15,0,0,15,0,0,1.0,1.0,1.0,0.0,0.0,0.0,0,0,0,,,1.0
legacy121_v1__6u79_37_hp_nmr_a__legacy_gt__rnafold__historical_legacy121_v1,6U79_37_hp_nmr_A,rnafold,ORIGINAL,37,15,15,15,15,0,0,15,0,0,1.0,1.0,1.0,0.0,0.0,0.0,0,0,0,,,1.0
legacy121_v1__6u79_37_hp_nmr_a__legacy_gt__rnafold__historical_legacy121_v1,6U79_37_hp_nmr_A,rnafold,R1,37,15,15,15,15,0,0,15,0,0,1.0,1.0,1.0,0.0,0.0,0.0,0,0,0,,,1.0
legacy121_v1__6u79_37_hp_nmr_a__legacy_gt__rnafold__historical_legacy121_v1,6U79_37_hp_nmr_A,rnafold,R2,37,15,15,13,15,0,0,13,0,2,1.0,0.8666666666666667,0.9285714285714286,0.0,-0.1333333333333333,-0.0714285714285714,2,0,2,0.0,1.0,0.8666666666666667
legacy121_v1__6u79_37_hp_nmr_a__legacy_gt__rnafold__historical_legacy121_v1,6U79_37_hp_nmr_A,rnafold,R3,37,15,15,15,15,0,0,15,0,0,1.0,1.0,1.0,0.0,0.0,0.0,0,0,0,,,1.0
legacy121_v1__6u79_37_hp_nmr_a__legacy_gt__rnafold__historical_legacy121_v1,6U79_37_hp_nmr_A,rnafold,R1_R2,37,15,15,13,15,0,0,13,0,2,1.0,0.8666666666666667,0.9285714285714286,0.0,-0.1333333333333333,-0.0714285714285714,2,0,2,0.0,1.0,0.8666666666666667
legacy121_v1__6u79_37_hp_nmr_a__legacy_gt__rnafold__historical_legacy121_v1,6U79_37_hp_nmr_A,rnafold,R1_R3,37,15,15,15,15,0,0,15,0,0,1.0,1.0,1.0,0.0,0.0,0.0,0,0,0,,,1.0
legacy121_v1__6u79_37_hp_nmr_a__legacy_gt__trrosettarna2_native_ss__historical_legacy121_v1,6U79_37_hp_nmr_A,trrosettarna2_native_ss,ORIGINAL,37,15,15,15,15,0,0,15,0,0,1.0,1.0,1.0,0.0,0.0,0.0,0,0,0,,,1.0
legacy121_v1__6u79_37_hp_nmr_a__legacy_gt__trrosettarna2_native_ss__historical_legacy121_v1,6U79_37_hp_nmr_A,trrosettarna2_native_ss,R1,37,15,15,15,15,0,0,15,0,0,1.0,1.0,1.0,0.0,0.0,0.0,0,0,0,,,1.0
legacy121_v1__6u79_37_hp_nmr_a__legacy_gt__trrosettarna2_native_ss__historical_legacy121_v1,6U79_37_hp_nmr_A,trrosettarna2_native_ss,R2,37,15,15,13,15,0,0,13,0,2,1.0,0.8666666666666667,0.9285714285714286,0.0,-0.1333333333333333,-0.0714285714285714,2,0,2,0.0,1.0,0.8666666666666667
legacy121_v1__6u79_37_hp_nmr_a__legacy_gt__trrosettarna2_native_ss__historical_legacy121_v1,6U79_37_hp_nmr_A,trrosettarna2_native_ss,R3,37,15,15,15,15,0,0,15,0,0,1.0,1.0,1.0,0.0,0.0,0.0,0,0,0,,,1.0
legacy121_v1__6u79_37_hp_nmr_a__legacy_gt__trrosettarna2_native_ss__historical_legacy121_v1,6U79_37_hp_nmr_A,trrosettarna2_native_ss,R1_R2,37,15,15,13,15,0,0,13,0,2,1.0,0.8666666666666667,0.9285714285714286,0.0,-0.1333333333333333,-0.0714285714285714,2,0,2,0.0,1.0,0.8666666666666667
legacy121_v1__6u79_37_hp_nmr_a__legacy_gt__trrosettarna2_native_ss__historical_legacy121_v1,6U79_37_hp_nmr_A,trrosettarna2_native_ss,R1_R3,37,15,15,15,15,0,0,15,0,0,1.0,1.0,1.0,0.0,0.0,0.0,0,0,0,,,1.0
legacy121_v1__6ues_119_4wjpseudoknot_cryoem_a__legacy_gt__petfold__historical_legacy121_v1,6UES_119_4wjpseudoknot_cryoEM_A,petfold,ORIGINAL,119,43,39,39,11,28,32,11,28,32,0.28205128205128205,0.2558139534883721,0.2682926829268293,0.0,0.0,0.0,0,0,0,,,1.0
legacy121_v1__6ues_119_4wjpseudoknot_cryoem_a__legacy_gt__petfold__historical_legacy121_v1,6UES_119_4wjpseudoknot_cryoEM_A,petfold,R1,119,43,39,38,11,28,32,11,27,32,0.2894736842105263,0.2558139534883721,0.2716049382716049,0.007422402159244279,0.0,0.0033122553447756387,1,1,0,1.0,0.0,1.0
legacy121_v1__6ues_119_4wjpseudoknot_cryoem_a__legacy_gt__petfold__historical_legacy121_v1,6UES_119_4wjpseudoknot_cryoEM_A,petfold,R2,119,43,39,33,11,28,32,9,24,34,0.2727272727272727,0.20930232558139536,0.23684210526315788,-0.009324009324009341,-0.046511627906976744,-0.0314505776636714,6,4,2,0.6666666666666666,0.3333333333333333,0.8181818181818182
legacy121_v1__6ues_119_4wjpseudoknot_cryoem_a__legacy_gt__petfold__historical_legacy121_v1,6UES_119_4wjpseudoknot_cryoEM_A,petfold,R3,119,43,39,39,11,28,32,11,28,32,0.28205128205128205,0.2558139534883721,0.2682926829268293,0.0,0.0,0.0,0,0,0,,,1.0
legacy121_v1__6ues_119_4wjpseudoknot_cryoem_a__legacy_gt__petfold__historical_legacy121_v1,6UES_119_4wjpseudoknot_cryoEM_A,petfold,R1_R2,119,43,39,32,11,28,32,9,23,34,0.28125,0.20930232558139536,0.24,-0.0008012820512820484,-0.046511627906976744,-0.028292682926829293,7,5,2,0.7142857142857143,0.2857142857142857,0.8181818181818182
legacy121_v1__6ues_119_4wjpseudoknot_cryoem_a__legacy_gt__petfold__historical_legacy121_v1,6UES_119_4wjpseudoknot_cryoEM_A,petfold,R1_R3,119,43,39,38,11,28,32,11,27,32,0.2894736842105263,0.2558139534883721,0.2716049382716049,0.007422402159244279,0.0,0.0033122553447756387,1,1,0,1.0,0.0,1.0
legacy121_v1__6ues_119_4wjpseudoknot_cryoem_a__legacy_gt__rnafold__historical_legacy121_v1,6UES_119_4wjpseudoknot_cryoEM_A,rnafold,ORIGINAL,119,43,38,38,11,27,32,11,27,32,0.2894736842105263,0.2558139534883721,0.2716049382716049,0.0,0.0,0.0,0,0,0,,,1.0
legacy121_v1__6ues_119_4wjpseudoknot_cryoem_a__legacy_gt__rnafold__historical_legacy121_v1,6UES_119_4wjpseudoknot_cryoEM_A,rnafold,R1,119,43,38,38,11,27,32,11,27,32,0.2894736842105263,0.2558139534883721,0.2716049382716049,0.0,0.0,0.0,0,0,0,,,1.0
legacy121_v1__6ues_119_4wjpseudoknot_cryoem_a__legacy_gt__rnafold__historical_legacy121_v1,6UES_119_4wjpseudoknot_cryoEM_A,rnafold,R2,119,43,38,32,11,27,32,9,23,34,0.28125,0.20930232558139536,0.24,-0.008223684210526327,-0.046511627906976744,-0.03160493827160493,6,4,2,0.6666666666666666,0.3333333333333333,0.8181818181818182
legacy121_v1__6ues_119_4wjpseudoknot_cryoem_a__legacy_gt__rnafold__historical_legacy121_v1,6UES_119_4wjpseudoknot_cryoEM_A,rnafold,R3,119,43,38,38,11,27,32,11,27,32,0.2894736842105263,0.2558139534883721,0.2716049382716049,0.0,0.0,0.0,0,0,0,,,1.0
legacy121_v1__6ues_119_4wjpseudoknot_cryoem_a__legacy_gt__rnafold__historical_legacy121_v1,6UES_119_4wjpseudoknot_cryoEM_A,rnafold,R1_R2,119,43,38,32,11,27,32,9,23,34,0.28125,0.20930232558139536,0.24,-0.008223684210526327,-0.046511627906976744,-0.03160493827160493,6,4,2,0.6666666666666666,0.3333333333333333,0.8181818181818182
legacy121_v1__6ues_119_4wjpseudoknot_cryoem_a__legacy_gt__rnafold__historical_legacy121_v1,6UES_119_4wjpseudoknot_cryoEM_A,rnafold,R1_R3,119,43,38,38,11,27,32,11,27,32,0.2894736842105263,0.2558139534883721,0.2716049382716049,0.0,0.0,0.0,0,0,0,,,1.0
legacy121_v1__6ues_119_4wjpseudoknot_cryoem_a__legacy_gt__trrosettarna2_native_ss__historical_legacy121_v1,6UES_119_4wjpseudoknot_cryoEM_A,trrosettarna2_native_ss,ORIGINAL,119,43,47,47,10,37,33,10,37,33,0.2127659574468085,0.23255813953488372,0.2222222222222222,0.0,0.0,0.0,0,0,0,,,1.0
legacy121_v1__6ues_119_4wjpseudoknot_cryoem_a__legacy_gt__trrosettarna2_native_ss__historical_legacy121_v1,6UES_119_4wjpseudoknot_cryoEM_A,trrosettarna2_native_ss,R1,119,43,47,41,10,37,33,10,31,33,0.24390243902439024,0.23255813953488372,0.23809523809523808,0.031136481577581726,0.0,0.015873015873015872,6,6,0,1.0,0.0,1.0
legacy121_v1__6ues_119_4wjpseudoknot_cryoem_a__legacy_gt__trrosettarna2_native_ss__historical_legacy121_v1,6UES_119_4wjpseudoknot_cryoEM_A,trrosettarna2_native_ss,R2,119,43,47,39,10,37,33,10,29,33,0.2564102564102564,0.23255813953488372,0.24390243902439024,0.043644298963447875,0.0,0.02168021680216803,8,8,0,1.0,0.0,1.0
legacy121_v1__6ues_119_4wjpseudoknot_cryoem_a__legacy_gt__trrosettarna2_native_ss__historical_legacy121_v1,6UES_119_4wjpseudoknot_cryoEM_A,trrosettarna2_native_ss,R3,119,43,47,45,10,37,33,10,35,33,0.2222222222222222,0.23255813953488372,0.22727272727272727,0.009456264775413697,0.0,0.005050505050505055,2,2,0,1.0,0.0,1.0
legacy121_v1__6ues_119_4wjpseudoknot_cryoem_a__legacy_gt__trrosettarna2_native_ss__historical_legacy121_v1,6UES_119_4wjpseudoknot_cryoEM_A,trrosettarna2_native_ss,R1_R2,119,43,47,33,10,37,33,10,23,33,0.30303030303030304,0.23255813953488372,0.2631578947368421,0.09026434558349453,0.0,0.04093567251461988,14,14,0,1.0,0.0,1.0
legacy121_v1__6ues_119_4wjpseudoknot_cryoem_a__legacy_gt__trrosettarna2_native_ss__historical_legacy121_v1,6UES_119_4wjpseudoknot_cryoEM_A,trrosettarna2_native_ss,R1_R3,119,43,47,39,10,37,33,10,29,33,0.2564102564102564,0.23255813953488372,0.24390243902439024,0.043644298963447875,0.0,0.02168021680216803,8,8,0,1.0,0.0,1.0
legacy121_v1__6var_61_hpbulge_nmr_a__legacy_gt__petfold__historical_legacy121_v1,6VAR_61_hpbulge_nmr_A,petfold,ORIGINAL,61,22,24,24,21,3,1,21,3,1,0.875,0.9545454545454546,0.9130434782608695,0.0,0.0,0.0,0,0,0,,,1.0
legacy121_v1__6var_61_hpbulge_nmr_a__legacy_gt__petfold__historical_legacy121_v1,6VAR_61_hpbulge_nmr_A,petfold,R1,61,22,24,24,21,3,1,21,3,1,0.875,0.9545454545454546,0.9130434782608695,0.0,0.0,0.0,0,0,0,,,1.0
legacy121_v1__6var_61_hpbulge_nmr_a__legacy_gt__petfold__historical_legacy121_v1,6VAR_61_hpbulge_nmr_A,petfold,R2,61,22,24,24,21,3,1,21,3,1,0.875,0.9545454545454546,0.9130434782608695,0.0,0.0,0.0,0,0,0,,,1.0
legacy121_v1__6var_61_hpbulge_nmr_a__legacy_gt__petfold__historical_legacy121_v1,6VAR_61_hpbulge_nmr_A,petfold,R3,61,22,24,24,21,3,1,21,3,1,0.875,0.9545454545454546,0.9130434782608695,0.0,0.0,0.0,0,0,0,,,1.0
legacy121_v1__6var_61_hpbulge_nmr_a__legacy_gt__petfold__historical_legacy121_v1,6VAR_61_hpbulge_nmr_A,petfold,R1_R2,61,22,24,24,21,3,1,21,3,1,0.875,0.9545454545454546,0.9130434782608695,0.0,0.0,0.0,0,0,0,,,1.0
legacy121_v1__6var_61_hpbulge_nmr_a__legacy_gt__petfold__historical_legacy121_v1,6VAR_61_hpbulge_nmr_A,petfold,R1_R3,61,22,24,24,21,3,1,21,3,1,0.875,0.9545454545454546,0.9130434782608695,0.0,0.0,0.0,0,0,0,,,1.0
legacy121_v1__6var_61_hpbulge_nmr_a__legacy_gt__rnafold__historical_legacy121_v1,6VAR_61_hpbulge_nmr_A,rnafold,ORIGINAL,61,22,24,24,21,3,1,21,3,1,0.875,0.9545454545454546,0.9130434782608695,0.0,0.0,0.0,0,0,0,,,1.0
legacy121_v1__6var_61_hpbulge_nmr_a__legacy_gt__rnafold__historical_legacy121_v1,6VAR_61_hpbulge_nmr_A,rnafold,R1,61,22,24,24,21,3,1,21,3,1,0.875,0.9545454545454546,0.9130434782608695,0.0,0.0,0.0,0,0,0,,,1.0
legacy121_v1__6var_61_hpbulge_nmr_a__legacy_gt__rnafold__historical_legacy121_v1,6VAR_61_hpbulge_nmr_A,rnafold,R2,61,22,24,24,21,3,1,21,3,1,0.875,0.9545454545454546,0.9130434782608695,0.0,0.0,0.0,0,0,0,,,1.0
legacy121_v1__6var_61_hpbulge_nmr_a__legacy_gt__rnafold__historical_legacy121_v1,6VAR_61_hpbulge_nmr_A,rnafold,R3,61,22,24,24,21,3,1,21,3,1,0.875,0.9545454545454546,0.9130434782608695,0.0,0.0,0.0,0,0,0,,,1.0
legacy121_v1__6var_61_hpbulge_nmr_a__legacy_gt__rnafold__historical_legacy121_v1,6VAR_61_hpbulge_nmr_A,rnafold,R1_R2,61,22,24,24,21,3,1,21,3,1,0.875,0.9545454545454546,0.9130434782608695,0.0,0.0,0.0,0,0,0,,,1.0
legacy121_v1__6var_61_hpbulge_nmr_a__legacy_gt__rnafold__historical_legacy121_v1,6VAR_61_hpbulge_nmr_A,rnafold,R1_R3,61,22,24,24,21,3,1,21,3,1,0.875,0.9545454545454546,0.9130434782608695,0.0,0.0,0.0,0,0,0,,,1.0
legacy121_v1__6var_61_hpbulge_nmr_a__legacy_gt__trrosettarna2_native_ss__historical_legacy121_v1,6VAR_61_hpbulge_nmr_A,trrosettarna2_native_ss,ORIGINAL,61,22,23,23,22,1,0,22,1,0,0.9565217391304348,1.0,0.9777777777777777,0.0,0.0,0.0,0,0,0,,,1.0
legacy121_v1__6var_61_hpbulge_nmr_a__legacy_gt__trrosettarna2_native_ss__historical_legacy121_v1,6VAR_61_hpbulge_nmr_A,trrosettarna2_native_ss,R1,61,22,23,22,22,1,0,21,1,1,0.9545454545454546,0.9545454545454546,0.9545454545454546,-0.0019762845849802257,-0.045454545454545414,-0.02323232323232316,1,0,1,0.0,1.0,0.9545454545454546
legacy121_v1__6var_61_hpbulge_nmr_a__legacy_gt__trrosettarna2_native_ss__historical_legacy121_v1,6VAR_61_hpbulge_nmr_A,trrosettarna2_native_ss,R2,61,22,23,23,22,1,0,22,1,0,0.9565217391304348,1.0,0.9777777777777777,0.0,0.0,0.0,0,0,0,,,1.0
legacy121_v1__6var_61_hpbulge_nmr_a__legacy_gt__trrosettarna2_native_ss__historical_legacy121_v1,6VAR_61_hpbulge_nmr_A,trrosettarna2_native_ss,R3,61,22,23,23,22,1,0,22,1,0,0.9565217391304348,1.0,0.9777777777777777,0.0,0.0,0.0,0,0,0,,,1.0
legacy121_v1__6var_61_hpbulge_nmr_a__legacy_gt__trrosettarna2_native_ss__historical_legacy121_v1,6VAR_61_hpbulge_nmr_A,trrosettarna2_native_ss,R1_R2,61,22,23,22,22,1,0,21,1,1,0.9545454545454546,0.9545454545454546,0.9545454545454546,-0.0019762845849802257,-0.045454545454545414,-0.02323232323232316,1,0,1,0.0,1.0,0.9545454545454546
legacy121_v1__6var_61_hpbulge_nmr_a__legacy_gt__trrosettarna2_native_ss__historical_legacy121_v1,6VAR_61_hpbulge_nmr_A,trrosettarna2_native_ss,R1_R3,61,22,23,22,22,1,0,21,1,1,0.9545454545454546,0.9545454545454546,0.9545454545454546,-0.0019762845849802257,-0.045454545454545414,-0.02323232323232316,1,0,1,0.0,1.0,0.9545454545454546
legacy121_v1__6w3m_41_hp_nmr_a__legacy_gt__petfold__historical_legacy121_v1,6W3M_41_hp_nmr_A,petfold,ORIGINAL,41,15,15,15,15,0,0,15,0,0,1.0,1.0,1.0,0.0,0.0,0.0,0,0,0,,,1.0
legacy121_v1__6w3m_41_hp_nmr_a__legacy_gt__petfold__historical_legacy121_v1,6W3M_41_hp_nmr_A,petfold,R1,41,15,15,15,15,0,0,15,0,0,1.0,1.0,1.0,0.0,0.0,0.0,0,0,0,,,1.0
legacy121_v1__6w3m_41_hp_nmr_a__legacy_gt__petfold__historical_legacy121_v1,6W3M_41_hp_nmr_A,petfold,R2,41,15,15,15,15,0,0,15,0,0,1.0,1.0,1.0,0.0,0.0,0.0,0,0,0,,,1.0
legacy121_v1__6w3m_41_hp_nmr_a__legacy_gt__petfold__historical_legacy121_v1,6W3M_41_hp_nmr_A,petfold,R3,41,15,15,15,15,0,0,15,0,0,1.0,1.0,1.0,0.0,0.0,0.0,0,0,0,,,1.0
legacy121_v1__6w3m_41_hp_nmr_a__legacy_gt__petfold__historical_legacy121_v1,6W3M_41_hp_nmr_A,petfold,R1_R2,41,15,15,15,15,0,0,15,0,0,1.0,1.0,1.0,0.0,0.0,0.0,0,0,0,,,1.0
legacy121_v1__6w3m_41_hp_nmr_a__legacy_gt__petfold__historical_legacy121_v1,6W3M_41_hp_nmr_A,petfold,R1_R3,41,15,15,15,15,0,0,15,0,0,1.0,1.0,1.0,0.0,0.0,0.0,0,0,0,,,1.0
legacy121_v1__6w3m_41_hp_nmr_a__legacy_gt__rnafold__historical_legacy121_v1,6W3M_41_hp_nmr_A,rnafold,ORIGINAL,41,15,15,15,15,0,0,15,0,0,1.0,1.0,1.0,0.0,0.0,0.0,0,0,0,,,1.0
legacy121_v1__6w3m_41_hp_nmr_a__legacy_gt__rnafold__historical_legacy121_v1,6W3M_41_hp_nmr_A,rnafold,R1,41,15,15,15,15,0,0,15,0,0,1.0,1.0,1.0,0.0,0.0,0.0,0,0,0,,,1.0
legacy121_v1__6w3m_41_hp_nmr_a__legacy_gt__rnafold__historical_legacy121_v1,6W3M_41_hp_nmr_A,rnafold,R2,41,15,15,15,15,0,0,15,0,0,1.0,1.0,1.0,0.0,0.0,0.0,0,0,0,,,1.0
legacy121_v1__6w3m_41_hp_nmr_a__legacy_gt__rnafold__historical_legacy121_v1,6W3M_41_hp_nmr_A,rnafold,R3,41,15,15,15,15,0,0,15,0,0,1.0,1.0,1.0,0.0,0.0,0.0,0,0,0,,,1.0
legacy121_v1__6w3m_41_hp_nmr_a__legacy_gt__rnafold__historical_legacy121_v1,6W3M_41_hp_nmr_A,rnafold,R1_R2,41,15,15,15,15,0,0,15,0,0,1.0,1.0,1.0,0.0,0.0,0.0,0,0,0,,,1.0
legacy121_v1__6w3m_41_hp_nmr_a__legacy_gt__rnafold__historical_legacy121_v1,6W3M_41_hp_nmr_A,rnafold,R1_R3,41,15,15,15,15,0,0,15,0,0,1.0,1.0,1.0,0.0,0.0,0.0,0,0,0,,,1.0
legacy121_v1__6w3m_41_hp_nmr_a__legacy_gt__trrosettarna2_native_ss__historical_legacy121_v1,6W3M_41_hp_nmr_A,trrosettarna2_native_ss,ORIGINAL,41,15,16,16,15,1,0,15,1,0,0.9375,1.0,0.967741935483871,0.0,0.0,0.0,0,0,0,,,1.0
legacy121_v1__6w3m_41_hp_nmr_a__legacy_gt__trrosettarna2_native_ss__historical_legacy121_v1,6W3M_41_hp_nmr_A,trrosettarna2_native_ss,R1,41,15,16,16,15,1,0,15,1,0,0.9375,1.0,0.967741935483871,0.0,0.0,0.0,0,0,0,,,1.0
legacy121_v1__6w3m_41_hp_nmr_a__legacy_gt__trrosettarna2_native_ss__historical_legacy121_v1,6W3M_41_hp_nmr_A,trrosettarna2_native_ss,R2,41,15,16,16,15,1,0,15,1,0,0.9375,1.0,0.967741935483871,0.0,0.0,0.0,0,0,0,,,1.0
legacy121_v1__6w3m_41_hp_nmr_a__legacy_gt__trrosettarna2_native_ss__historical_legacy121_v1,6W3M_41_hp_nmr_A,trrosettarna2_native_ss,R3,41,15,16,16,15,1,0,15,1,0,0.9375,1.0,0.967741935483871,0.0,0.0,0.0,0,0,0,,,1.0
legacy121_v1__6w3m_41_hp_nmr_a__legacy_gt__trrosettarna2_native_ss__historical_legacy121_v1,6W3M_41_hp_nmr_A,trrosettarna2_native_ss,R1_R2,41,15,16,16,15,1,0,15,1,0,0.9375,1.0,0.967741935483871,0.0,0.0,0.0,0,0,0,,,1.0
legacy121_v1__6w3m_41_hp_nmr_a__legacy_gt__trrosettarna2_native_ss__historical_legacy121_v1,6W3M_41_hp_nmr_A,trrosettarna2_native_ss,R1_R3,41,15,16,16,15,1,0,15,1,0,0.9375,1.0,0.967741935483871,0.0,0.0,0.0,0,0,0,,,1.0
legacy121_v1__7dd4_35_dumbbell_nmr_a__legacy_gt__petfold__historical_legacy121_v1,7DD4_35_dumbbell_nmr_A,petfold,ORIGINAL,36,13,13,13,13,0,0,13,0,0,1.0,1.0,1.0,0.0,0.0,0.0,0,0,0,,,1.0
legacy121_v1__7dd4_35_dumbbell_nmr_a__legacy_gt__petfold__historical_legacy121_v1,7DD4_35_dumbbell_nmr_A,petfold,R1,36,13,13,13,13,0,0,13,0,0,1.0,1.0,1.0,0.0,0.0,0.0,0,0,0,,,1.0
legacy121_v1__7dd4_35_dumbbell_nmr_a__legacy_gt__petfold__historical_legacy121_v1,7DD4_35_dumbbell_nmr_A,petfold,R2,36,13,13,13,13,0,0,13,0,0,1.0,1.0,1.0,0.0,0.0,0.0,0,0,0,,,1.0
legacy121_v1__7dd4_35_dumbbell_nmr_a__legacy_gt__petfold__historical_legacy121_v1,7DD4_35_dumbbell_nmr_A,petfold,R3,36,13,13,13,13,0,0,13,0,0,1.0,1.0,1.0,0.0,0.0,0.0,0,0,0,,,1.0
legacy121_v1__7dd4_35_dumbbell_nmr_a__legacy_gt__petfold__historical_legacy121_v1,7DD4_35_dumbbell_nmr_A,petfold,R1_R2,36,13,13,13,13,0,0,13,0,0,1.0,1.0,1.0,0.0,0.0,0.0,0,0,0,,,1.0
legacy121_v1__7dd4_35_dumbbell_nmr_a__legacy_gt__petfold__historical_legacy121_v1,7DD4_35_dumbbell_nmr_A,petfold,R1_R3,36,13,13,13,13,0,0,13,0,0,1.0,1.0,1.0,0.0,0.0,0.0,0,0,0,,,1.0
legacy121_v1__7dd4_35_dumbbell_nmr_a__legacy_gt__rnafold__historical_legacy121_v1,7DD4_35_dumbbell_nmr_A,rnafold,ORIGINAL,36,13,13,13,13,0,0,13,0,0,1.0,1.0,1.0,0.0,0.0,0.0,0,0,0,,,1.0
legacy121_v1__7dd4_35_dumbbell_nmr_a__legacy_gt__rnafold__historical_legacy121_v1,7DD4_35_dumbbell_nmr_A,rnafold,R1,36,13,13,13,13,0,0,13,0,0,1.0,1.0,1.0,0.0,0.0,0.0,0,0,0,,,1.0
legacy121_v1__7dd4_35_dumbbell_nmr_a__legacy_gt__rnafold__historical_legacy121_v1,7DD4_35_dumbbell_nmr_A,rnafold,R2,36,13,13,13,13,0,0,13,0,0,1.0,1.0,1.0,0.0,0.0,0.0,0,0,0,,,1.0
legacy121_v1__7dd4_35_dumbbell_nmr_a__legacy_gt__rnafold__historical_legacy121_v1,7DD4_35_dumbbell_nmr_A,rnafold,R3,36,13,13,13,13,0,0,13,0,0,1.0,1.0,1.0,0.0,0.0,0.0,0,0,0,,,1.0
legacy121_v1__7dd4_35_dumbbell_nmr_a__legacy_gt__rnafold__historical_legacy121_v1,7DD4_35_dumbbell_nmr_A,rnafold,R1_R2,36,13,13,13,13,0,0,13,0,0,1.0,1.0,1.0,0.0,0.0,0.0,0,0,0,,,1.0
legacy121_v1__7dd4_35_dumbbell_nmr_a__legacy_gt__rnafold__historical_legacy121_v1,7DD4_35_dumbbell_nmr_A,rnafold,R1_R3,36,13,13,13,13,0,0,13,0,0,1.0,1.0,1.0,0.0,0.0,0.0,0,0,0,,,1.0
legacy121_v1__7dd4_35_dumbbell_nmr_a__legacy_gt__trrosettarna2_native_ss__historical_legacy121_v1,7DD4_35_dumbbell_nmr_A,trrosettarna2_native_ss,ORIGINAL,36,13,15,15,13,2,0,13,2,0,0.8666666666666667,1.0,0.9285714285714286,0.0,0.0,0.0,0,0,0,,,1.0
legacy121_v1__7dd4_35_dumbbell_nmr_a__legacy_gt__trrosettarna2_native_ss__historical_legacy121_v1,7DD4_35_dumbbell_nmr_A,trrosettarna2_native_ss,R1,36,13,15,15,13,2,0,13,2,0,0.8666666666666667,1.0,0.9285714285714286,0.0,0.0,0.0,0,0,0,,,1.0
legacy121_v1__7dd4_35_dumbbell_nmr_a__legacy_gt__trrosettarna2_native_ss__historical_legacy121_v1,7DD4_35_dumbbell_nmr_A,trrosettarna2_native_ss,R2,36,13,15,15,13,2,0,13,2,0,0.8666666666666667,1.0,0.9285714285714286,0.0,0.0,0.0,0,0,0,,,1.0
legacy121_v1__7dd4_35_dumbbell_nmr_a__legacy_gt__trrosettarna2_native_ss__historical_legacy121_v1,7DD4_35_dumbbell_nmr_A,trrosettarna2_native_ss,R3,36,13,15,15,13,2,0,13,2,0,0.8666666666666667,1.0,0.9285714285714286,0.0,0.0,0.0,0,0,0,,,1.0
legacy121_v1__7dd4_35_dumbbell_nmr_a__legacy_gt__trrosettarna2_native_ss__historical_legacy121_v1,7DD4_35_dumbbell_nmr_A,trrosettarna2_native_ss,R1_R2,36,13,15,15,13,2,0,13,2,0,0.8666666666666667,1.0,0.9285714285714286,0.0,0.0,0.0,0,0,0,,,1.0
legacy121_v1__7dd4_35_dumbbell_nmr_a__legacy_gt__trrosettarna2_native_ss__historical_legacy121_v1,7DD4_35_dumbbell_nmr_A,trrosettarna2_native_ss,R1_R3,36,13,15,15,13,2,0,13,2,0,0.8666666666666667,1.0,0.9285714285714286,0.0,0.0,0.0,0,0,0,,,1.0
legacy121_v1__7k4l_36_hp_nmr_a__legacy_gt__petfold__historical_legacy121_v1,7K4L_36_hp_nmr_A,petfold,ORIGINAL,36,12,12,12,12,0,0,12,0,0,1.0,1.0,1.0,0.0,0.0,0.0,0,0,0,,,1.0
legacy121_v1__7k4l_36_hp_nmr_a__legacy_gt__petfold__historical_legacy121_v1,7K4L_36_hp_nmr_A,petfold,R1,36,12,12,12,12,0,0,12,0,0,1.0,1.0,1.0,0.0,0.0,0.0,0,0,0,,,1.0
legacy121_v1__7k4l_36_hp_nmr_a__legacy_gt__petfold__historical_legacy121_v1,7K4L_36_hp_nmr_A,petfold,R2,36,12,12,12,12,0,0,12,0,0,1.0,1.0,1.0,0.0,0.0,0.0,0,0,0,,,1.0
legacy121_v1__7k4l_36_hp_nmr_a__legacy_gt__petfold__historical_legacy121_v1,7K4L_36_hp_nmr_A,petfold,R3,36,12,12,12,12,0,0,12,0,0,1.0,1.0,1.0,0.0,0.0,0.0,0,0,0,,,1.0
legacy121_v1__7k4l_36_hp_nmr_a__legacy_gt__petfold__historical_legacy121_v1,7K4L_36_hp_nmr_A,petfold,R1_R2,36,12,12,12,12,0,0,12,0,0,1.0,1.0,1.0,0.0,0.0,0.0,0,0,0,,,1.0
legacy121_v1__7k4l_36_hp_nmr_a__legacy_gt__petfold__historical_legacy121_v1,7K4L_36_hp_nmr_A,petfold,R1_R3,36,12,12,12,12,0,0,12,0,0,1.0,1.0,1.0,0.0,0.0,0.0,0,0,0,,,1.0
legacy121_v1__7k4l_36_hp_nmr_a__legacy_gt__rnafold__historical_legacy121_v1,7K4L_36_hp_nmr_A,rnafold,ORIGINAL,36,12,12,12,12,0,0,12,0,0,1.0,1.0,1.0,0.0,0.0,0.0,0,0,0,,,1.0
legacy121_v1__7k4l_36_hp_nmr_a__legacy_gt__rnafold__historical_legacy121_v1,7K4L_36_hp_nmr_A,rnafold,R1,36,12,12,12,12,0,0,12,0,0,1.0,1.0,1.0,0.0,0.0,0.0,0,0,0,,,1.0
legacy121_v1__7k4l_36_hp_nmr_a__legacy_gt__rnafold__historical_legacy121_v1,7K4L_36_hp_nmr_A,rnafold,R2,36,12,12,12,12,0,0,12,0,0,1.0,1.0,1.0,0.0,0.0,0.0,0,0,0,,,1.0
legacy121_v1__7k4l_36_hp_nmr_a__legacy_gt__rnafold__historical_legacy121_v1,7K4L_36_hp_nmr_A,rnafold,R3,36,12,12,12,12,0,0,12,0,0,1.0,1.0,1.0,0.0,0.0,0.0,0,0,0,,,1.0
legacy121_v1__7k4l_36_hp_nmr_a__legacy_gt__rnafold__historical_legacy121_v1,7K4L_36_hp_nmr_A,rnafold,R1_R2,36,12,12,12,12,0,0,12,0,0,1.0,1.0,1.0,0.0,0.0,0.0,0,0,0,,,1.0
legacy121_v1__7k4l_36_hp_nmr_a__legacy_gt__rnafold__historical_legacy121_v1,7K4L_36_hp_nmr_A,rnafold,R1_R3,36,12,12,12,12,0,0,12,0,0,1.0,1.0,1.0,0.0,0.0,0.0,0,0,0,,,1.0
legacy121_v1__7k4l_36_hp_nmr_a__legacy_gt__trrosettarna2_native_ss__historical_legacy121_v1,7K4L_36_hp_nmr_A,trrosettarna2_native_ss,ORIGINAL,36,12,13,13,12,1,0,12,1,0,0.9230769230769231,1.0,0.96,0.0,0.0,0.0,0,0,0,,,1.0
legacy121_v1__7k4l_36_hp_nmr_a__legacy_gt__trrosettarna2_native_ss__historical_legacy121_v1,7K4L_36_hp_nmr_A,trrosettarna2_native_ss,R1,36,12,13,13,12,1,0,12,1,0,0.9230769230769231,1.0,0.96,0.0,0.0,0.0,0,0,0,,,1.0
legacy121_v1__7k4l_36_hp_nmr_a__legacy_gt__trrosettarna2_native_ss__historical_legacy121_v1,7K4L_36_hp_nmr_A,trrosettarna2_native_ss,R2,36,12,13,13,12,1,0,12,1,0,0.9230769230769231,1.0,0.96,0.0,0.0,0.0,0,0,0,,,1.0
legacy121_v1__7k4l_36_hp_nmr_a__legacy_gt__trrosettarna2_native_ss__historical_legacy121_v1,7K4L_36_hp_nmr_A,trrosettarna2_native_ss,R3,36,12,13,13,12,1,0,12,1,0,0.9230769230769231,1.0,0.96,0.0,0.0,0.0,0,0,0,,,1.0
legacy121_v1__7k4l_36_hp_nmr_a__legacy_gt__trrosettarna2_native_ss__historical_legacy121_v1,7K4L_36_hp_nmr_A,trrosettarna2_native_ss,R1_R2,36,12,13,13,12,1,0,12,1,0,0.9230769230769231,1.0,0.96,0.0,0.0,0.0,0,0,0,,,1.0
legacy121_v1__7k4l_36_hp_nmr_a__legacy_gt__trrosettarna2_native_ss__historical_legacy121_v1,7K4L_36_hp_nmr_A,trrosettarna2_native_ss,R1_R3,36,12,13,13,12,1,0,12,1,0,0.9230769230769231,1.0,0.96,0.0,0.0,0.0,0,0,0,,,1.0
legacy121_v1__7kub_60_hp_nmr_a__legacy_gt__petfold__historical_legacy121_v1,7KUB_60_hp_nmr_A,petfold,ORIGINAL,60,23,23,23,23,0,0,23,0,0,1.0,1.0,1.0,0.0,0.0,0.0,0,0,0,,,1.0
legacy121_v1__7kub_60_hp_nmr_a__legacy_gt__petfold__historical_legacy121_v1,7KUB_60_hp_nmr_A,petfold,R1,60,23,23,23,23,0,0,23,0,0,1.0,1.0,1.0,0.0,0.0,0.0,0,0,0,,,1.0
legacy121_v1__7kub_60_hp_nmr_a__legacy_gt__petfold__historical_legacy121_v1,7KUB_60_hp_nmr_A,petfold,R2,60,23,23,23,23,0,0,23,0,0,1.0,1.0,1.0,0.0,0.0,0.0,0,0,0,,,1.0
legacy121_v1__7kub_60_hp_nmr_a__legacy_gt__petfold__historical_legacy121_v1,7KUB_60_hp_nmr_A,petfold,R3,60,23,23,23,23,0,0,23,0,0,1.0,1.0,1.0,0.0,0.0,0.0,0,0,0,,,1.0
legacy121_v1__7kub_60_hp_nmr_a__legacy_gt__petfold__historical_legacy121_v1,7KUB_60_hp_nmr_A,petfold,R1_R2,60,23,23,23,23,0,0,23,0,0,1.0,1.0,1.0,0.0,0.0,0.0,0,0,0,,,1.0
legacy121_v1__7kub_60_hp_nmr_a__legacy_gt__petfold__historical_legacy121_v1,7KUB_60_hp_nmr_A,petfold,R1_R3,60,23,23,23,23,0,0,23,0,0,1.0,1.0,1.0,0.0,0.0,0.0,0,0,0,,,1.0
legacy121_v1__7kub_60_hp_nmr_a__legacy_gt__rnafold__historical_legacy121_v1,7KUB_60_hp_nmr_A,rnafold,ORIGINAL,60,23,23,23,23,0,0,23,0,0,1.0,1.0,1.0,0.0,0.0,0.0,0,0,0,,,1.0
legacy121_v1__7kub_60_hp_nmr_a__legacy_gt__rnafold__historical_legacy121_v1,7KUB_60_hp_nmr_A,rnafold,R1,60,23,23,23,23,0,0,23,0,0,1.0,1.0,1.0,0.0,0.0,0.0,0,0,0,,,1.0
legacy121_v1__7kub_60_hp_nmr_a__legacy_gt__rnafold__historical_legacy121_v1,7KUB_60_hp_nmr_A,rnafold,R2,60,23,23,23,23,0,0,23,0,0,1.0,1.0,1.0,0.0,0.0,0.0,0,0,0,,,1.0
legacy121_v1__7kub_60_hp_nmr_a__legacy_gt__rnafold__historical_legacy121_v1,7KUB_60_hp_nmr_A,rnafold,R3,60,23,23,23,23,0,0,23,0,0,1.0,1.0,1.0,0.0,0.0,0.0,0,0,0,,,1.0
legacy121_v1__7kub_60_hp_nmr_a__legacy_gt__rnafold__historical_legacy121_v1,7KUB_60_hp_nmr_A,rnafold,R1_R2,60,23,23,23,23,0,0,23,0,0,1.0,1.0,1.0,0.0,0.0,0.0,0,0,0,,,1.0
legacy121_v1__7kub_60_hp_nmr_a__legacy_gt__rnafold__historical_legacy121_v1,7KUB_60_hp_nmr_A,rnafold,R1_R3,60,23,23,23,23,0,0,23,0,0,1.0,1.0,1.0,0.0,0.0,0.0,0,0,0,,,1.0
legacy121_v1__7kub_60_hp_nmr_a__legacy_gt__trrosettarna2_native_ss__historical_legacy121_v1,7KUB_60_hp_nmr_A,trrosettarna2_native_ss,ORIGINAL,60,23,23,23,23,0,0,23,0,0,1.0,1.0,1.0,0.0,0.0,0.0,0,0,0,,,1.0
legacy121_v1__7kub_60_hp_nmr_a__legacy_gt__trrosettarna2_native_ss__historical_legacy121_v1,7KUB_60_hp_nmr_A,trrosettarna2_native_ss,R1,60,23,23,23,23,0,0,23,0,0,1.0,1.0,1.0,0.0,0.0,0.0,0,0,0,,,1.0
legacy121_v1__7kub_60_hp_nmr_a__legacy_gt__trrosettarna2_native_ss__historical_legacy121_v1,7KUB_60_hp_nmr_A,trrosettarna2_native_ss,R2,60,23,23,23,23,0,0,23,0,0,1.0,1.0,1.0,0.0,0.0,0.0,0,0,0,,,1.0
legacy121_v1__7kub_60_hp_nmr_a__legacy_gt__trrosettarna2_native_ss__historical_legacy121_v1,7KUB_60_hp_nmr_A,trrosettarna2_native_ss,R3,60,23,23,23,23,0,0,23,0,0,1.0,1.0,1.0,0.0,0.0,0.0,0,0,0,,,1.0
legacy121_v1__7kub_60_hp_nmr_a__legacy_gt__trrosettarna2_native_ss__historical_legacy121_v1,7KUB_60_hp_nmr_A,trrosettarna2_native_ss,R1_R2,60,23,23,23,23,0,0,23,0,0,1.0,1.0,1.0,0.0,0.0,0.0,0,0,0,,,1.0
legacy121_v1__7kub_60_hp_nmr_a__legacy_gt__trrosettarna2_native_ss__historical_legacy121_v1,7KUB_60_hp_nmr_A,trrosettarna2_native_ss,R1_R3,60,23,23,23,23,0,0,23,0,0,1.0,1.0,1.0,0.0,0.0,0.0,0,0,0,,,1.0
legacy121_v1__7lva_103_3wj_nmr_a__legacy_gt__petfold__historical_legacy121_v1,7LVA_103_3wj_nmr_A,petfold,ORIGINAL,103,32,31,31,23,8,9,23,8,9,0.7419354838709677,0.71875,0.7301587301587301,0.0,0.0,0.0,0,0,0,,,1.0
legacy121_v1__7lva_103_3wj_nmr_a__legacy_gt__petfold__historical_legacy121_v1,7LVA_103_3wj_nmr_A,petfold,R1,103,32,31,31,23,8,9,23,8,9,0.7419354838709677,0.71875,0.7301587301587301,0.0,0.0,0.0,0,0,0,,,1.0
legacy121_v1__7lva_103_3wj_nmr_a__legacy_gt__petfold__historical_legacy121_v1,7LVA_103_3wj_nmr_A,petfold,R2,103,32,31,27,23,8,9,23,4,9,0.8518518518518519,0.71875,0.7796610169491526,0.10991636798088411,0.0,0.049502286790422456,4,4,0,1.0,0.0,1.0
legacy121_v1__7lva_103_3wj_nmr_a__legacy_gt__petfold__historical_legacy121_v1,7LVA_103_3wj_nmr_A,petfold,R3,103,32,31,31,23,8,9,23,8,9,0.7419354838709677,0.71875,0.7301587301587301,0.0,0.0,0.0,0,0,0,,,1.0
legacy121_v1__7lva_103_3wj_nmr_a__legacy_gt__petfold__historical_legacy121_v1,7LVA_103_3wj_nmr_A,petfold,R1_R2,103,32,31,27,23,8,9,23,4,9,0.8518518518518519,0.71875,0.7796610169491526,0.10991636798088411,0.0,0.049502286790422456,4,4,0,1.0,0.0,1.0
legacy121_v1__7lva_103_3wj_nmr_a__legacy_gt__petfold__historical_legacy121_v1,7LVA_103_3wj_nmr_A,petfold,R1_R3,103,32,31,31,23,8,9,23,8,9,0.7419354838709677,0.71875,0.7301587301587301,0.0,0.0,0.0,0,0,0,,,1.0
legacy121_v1__7lva_103_3wj_nmr_a__legacy_gt__rnafold__historical_legacy121_v1,7LVA_103_3wj_nmr_A,rnafold,ORIGINAL,103,32,31,31,23,8,9,23,8,9,0.7419354838709677,0.71875,0.7301587301587301,0.0,0.0,0.0,0,0,0,,,1.0
legacy121_v1__7lva_103_3wj_nmr_a__legacy_gt__rnafold__historical_legacy121_v1,7LVA_103_3wj_nmr_A,rnafold,R1,103,32,31,31,23,8,9,23,8,9,0.7419354838709677,0.71875,0.7301587301587301,0.0,0.0,0.0,0,0,0,,,1.0
legacy121_v1__7lva_103_3wj_nmr_a__legacy_gt__rnafold__historical_legacy121_v1,7LVA_103_3wj_nmr_A,rnafold,R2,103,32,31,27,23,8,9,23,4,9,0.8518518518518519,0.71875,0.7796610169491526,0.10991636798088411,0.0,0.049502286790422456,4,4,0,1.0,0.0,1.0
legacy121_v1__7lva_103_3wj_nmr_a__legacy_gt__rnafold__historical_legacy121_v1,7LVA_103_3wj_nmr_A,rnafold,R3,103,32,31,31,23,8,9,23,8,9,0.7419354838709677,0.71875,0.7301587301587301,0.0,0.0,0.0,0,0,0,,,1.0
legacy121_v1__7lva_103_3wj_nmr_a__legacy_gt__rnafold__historical_legacy121_v1,7LVA_103_3wj_nmr_A,rnafold,R1_R2,103,32,31,27,23,8,9,23,4,9,0.8518518518518519,0.71875,0.7796610169491526,0.10991636798088411,0.0,0.049502286790422456,4,4,0,1.0,0.0,1.0
legacy121_v1__7lva_103_3wj_nmr_a__legacy_gt__rnafold__historical_legacy121_v1,7LVA_103_3wj_nmr_A,rnafold,R1_R3,103,32,31,31,23,8,9,23,8,9,0.7419354838709677,0.71875,0.7301587301587301,0.0,0.0,0.0,0,0,0,,,1.0
legacy121_v1__7lva_103_3wj_nmr_a__legacy_gt__trrosettarna2_native_ss__historical_legacy121_v1,7LVA_103_3wj_nmr_A,trrosettarna2_native_ss,ORIGINAL,103,32,35,35,27,8,5,27,8,5,0.7714285714285715,0.84375,0.8059701492537313,0.0,0.0,0.0,0,0,0,,,1.0
legacy121_v1__7lva_103_3wj_nmr_a__legacy_gt__trrosettarna2_native_ss__historical_legacy121_v1,7LVA_103_3wj_nmr_A,trrosettarna2_native_ss,R1,103,32,35,35,27,8,5,27,8,5,0.7714285714285715,0.84375,0.8059701492537313,0.0,0.0,0.0,0,0,0,,,1.0
legacy121_v1__7lva_103_3wj_nmr_a__legacy_gt__trrosettarna2_native_ss__historical_legacy121_v1,7LVA_103_3wj_nmr_A,trrosettarna2_native_ss,R2,103,32,35,33,27,8,5,25,8,7,0.7575757575757576,0.78125,0.7692307692307693,-0.013852813852813894,-0.0625,-0.036739380022962065,2,0,2,0.0,1.0,0.9259259259259259
legacy121_v1__7lva_103_3wj_nmr_a__legacy_gt__trrosettarna2_native_ss__historical_legacy121_v1,7LVA_103_3wj_nmr_A,trrosettarna2_native_ss,R3,103,32,35,34,27,8,5,27,7,5,0.7941176470588235,0.84375,0.8181818181818182,0.02268907563025202,0.0,0.012211668928086894,1,1,0,1.0,0.0,1.0
legacy121_v1__7lva_103_3wj_nmr_a__legacy_gt__trrosettarna2_native_ss__historical_legacy121_v1,7LVA_103_3wj_nmr_A,trrosettarna2_native_ss,R1_R2,103,32,35,33,27,8,5,25,8,7,0.7575757575757576,0.78125,0.7692307692307693,-0.013852813852813894,-0.0625,-0.036739380022962065,2,0,2,0.0,1.0,0.9259259259259259
legacy121_v1__7lva_103_3wj_nmr_a__legacy_gt__trrosettarna2_native_ss__historical_legacy121_v1,7LVA_103_3wj_nmr_A,trrosettarna2_native_ss,R1_R3,103,32,35,34,27,8,5,27,7,5,0.7941176470588235,0.84375,0.8181818181818182,0.02268907563025202,0.0,0.012211668928086894,1,1,0,1.0,0.0,1.0
legacy121_v1__7lyg_142_4wj_xray_a__legacy_gt__petfold__historical_legacy121_v1,7LYG_142_4wj_xray_A,petfold,ORIGINAL,142,46,50,50,43,7,3,43,7,3,0.86,0.9347826086956522,0.8958333333333334,0.0,0.0,0.0,0,0,0,,,1.0
legacy121_v1__7lyg_142_4wj_xray_a__legacy_gt__petfold__historical_legacy121_v1,7LYG_142_4wj_xray_A,petfold,R1,142,46,50,50,43,7,3,43,7,3,0.86,0.9347826086956522,0.8958333333333334,0.0,0.0,0.0,0,0,0,,,1.0
legacy121_v1__7lyg_142_4wj_xray_a__legacy_gt__petfold__historical_legacy121_v1,7LYG_142_4wj_xray_A,petfold,R2,142,46,50,48,43,7,3,43,5,3,0.8958333333333334,0.9347826086956522,0.9148936170212766,0.035833333333333384,0.0,0.019060283687943214,2,2,0,1.0,0.0,1.0
legacy121_v1__7lyg_142_4wj_xray_a__legacy_gt__petfold__historical_legacy121_v1,7LYG_142_4wj_xray_A,petfold,R3,142,46,50,50,43,7,3,43,7,3,0.86,0.9347826086956522,0.8958333333333334,0.0,0.0,0.0,0,0,0,,,1.0
legacy121_v1__7lyg_142_4wj_xray_a__legacy_gt__petfold__historical_legacy121_v1,7LYG_142_4wj_xray_A,petfold,R1_R2,142,46,50,48,43,7,3,43,5,3,0.8958333333333334,0.9347826086956522,0.9148936170212766,0.035833333333333384,0.0,0.019060283687943214,2,2,0,1.0,0.0,1.0
legacy121_v1__7lyg_142_4wj_xray_a__legacy_gt__petfold__historical_legacy121_v1,7LYG_142_4wj_xray_A,petfold,R1_R3,142,46,50,50,43,7,3,43,7,3,0.86,0.9347826086956522,0.8958333333333334,0.0,0.0,0.0,0,0,0,,,1.0
legacy121_v1__7lyg_142_4wj_xray_a__legacy_gt__rnafold__historical_legacy121_v1,7LYG_142_4wj_xray_A,rnafold,ORIGINAL,142,46,50,50,43,7,3,43,7,3,0.86,0.9347826086956522,0.8958333333333334,0.0,0.0,0.0,0,0,0,,,1.0
legacy121_v1__7lyg_142_4wj_xray_a__legacy_gt__rnafold__historical_legacy121_v1,7LYG_142_4wj_xray_A,rnafold,R1,142,46,50,50,43,7,3,43,7,3,0.86,0.9347826086956522,0.8958333333333334,0.0,0.0,0.0,0,0,0,,,1.0
legacy121_v1__7lyg_142_4wj_xray_a__legacy_gt__rnafold__historical_legacy121_v1,7LYG_142_4wj_xray_A,rnafold,R2,142,46,50,48,43,7,3,43,5,3,0.8958333333333334,0.9347826086956522,0.9148936170212766,0.035833333333333384,0.0,0.019060283687943214,2,2,0,1.0,0.0,1.0
legacy121_v1__7lyg_142_4wj_xray_a__legacy_gt__rnafold__historical_legacy121_v1,7LYG_142_4wj_xray_A,rnafold,R3,142,46,50,50,43,7,3,43,7,3,0.86,0.9347826086956522,0.8958333333333334,0.0,0.0,0.0,0,0,0,,,1.0
legacy121_v1__7lyg_142_4wj_xray_a__legacy_gt__rnafold__historical_legacy121_v1,7LYG_142_4wj_xray_A,rnafold,R1_R2,142,46,50,48,43,7,3,43,5,3,0.8958333333333334,0.9347826086956522,0.9148936170212766,0.035833333333333384,0.0,0.019060283687943214,2,2,0,1.0,0.0,1.0
legacy121_v1__7lyg_142_4wj_xray_a__legacy_gt__rnafold__historical_legacy121_v1,7LYG_142_4wj_xray_A,rnafold,R1_R3,142,46,50,50,43,7,3,43,7,3,0.86,0.9347826086956522,0.8958333333333334,0.0,0.0,0.0,0,0,0,,,1.0
legacy121_v1__7lyg_142_4wj_xray_a__legacy_gt__trrosettarna2_native_ss__historical_legacy121_v1,7LYG_142_4wj_xray_A,trrosettarna2_native_ss,ORIGINAL,142,46,54,54,34,20,12,34,20,12,0.6296296296296297,0.7391304347826086,0.68,0.0,0.0,0.0,0,0,0,,,1.0
legacy121_v1__7lyg_142_4wj_xray_a__legacy_gt__trrosettarna2_native_ss__historical_legacy121_v1,7LYG_142_4wj_xray_A,trrosettarna2_native_ss,R1,142,46,54,48,34,20,12,34,14,12,0.7083333333333334,0.7391304347826086,0.723404255319149,0.07870370370370372,0.0,0.04340425531914893,6,6,0,1.0,0.0,1.0
legacy121_v1__7lyg_142_4wj_xray_a__legacy_gt__trrosettarna2_native_ss__historical_legacy121_v1,7LYG_142_4wj_xray_A,trrosettarna2_native_ss,R2,142,46,54,50,34,20,12,34,16,12,0.68,0.7391304347826086,0.7083333333333334,0.0503703703703704,0.0,0.02833333333333332,4,4,0,1.0,0.0,1.0
legacy121_v1__7lyg_142_4wj_xray_a__legacy_gt__trrosettarna2_native_ss__historical_legacy121_v1,7LYG_142_4wj_xray_A,trrosettarna2_native_ss,R3,142,46,54,53,34,20,12,34,19,12,0.6415094339622641,0.7391304347826086,0.6868686868686869,0.01187980433263447,0.0,0.006868686868686802,1,1,0,1.0,0.0,1.0
legacy121_v1__7lyg_142_4wj_xray_a__legacy_gt__trrosettarna2_native_ss__historical_legacy121_v1,7LYG_142_4wj_xray_A,trrosettarna2_native_ss,R1_R2,142,46,54,44,34,20,12,34,10,12,0.7727272727272727,0.7391304347826086,0.7555555555555555,0.14309764309764306,0.0,0.07555555555555549,10,10,0,1.0,0.0,1.0
legacy121_v1__7lyg_142_4wj_xray_a__legacy_gt__trrosettarna2_native_ss__historical_legacy121_v1,7LYG_142_4wj_xray_A,trrosettarna2_native_ss,R1_R3,142,46,54,47,34,20,12,34,13,12,0.723404255319149,0.7391304347826086,0.7311827956989247,0.09377462568951933,0.0,0.0511827956989247,7,7,0,1.0,0.0,1.0
legacy121_v1__7shx_94_4wj_nmr_a__legacy_gt__petfold__historical_legacy121_v1,7SHX_94_4wj_nmr_A,petfold,ORIGINAL,94,28,33,33,18,15,10,18,15,10,0.5454545454545454,0.6428571428571429,0.5901639344262295,0.0,0.0,0.0,0,0,0,,,1.0
legacy121_v1__7shx_94_4wj_nmr_a__legacy_gt__petfold__historical_legacy121_v1,7SHX_94_4wj_nmr_A,petfold,R1,94,28,33,33,18,15,10,18,15,10,0.5454545454545454,0.6428571428571429,0.5901639344262295,0.0,0.0,0.0,0,0,0,,,1.0
legacy121_v1__7shx_94_4wj_nmr_a__legacy_gt__petfold__historical_legacy121_v1,7SHX_94_4wj_nmr_A,petfold,R2,94,28,33,31,18,15,10,17,14,11,0.5483870967741935,0.6071428571428571,0.576271186440678,0.0029325513196480912,-0.03571428571428581,-0.013892747985551512,2,1,1,0.5,0.5,0.9444444444444444
legacy121_v1__7shx_94_4wj_nmr_a__legacy_gt__petfold__historical_legacy121_v1,7SHX_94_4wj_nmr_A,petfold,R3,94,28,33,33,18,15,10,18,15,10,0.5454545454545454,0.6428571428571429,0.5901639344262295,0.0,0.0,0.0,0,0,0,,,1.0
legacy121_v1__7shx_94_4wj_nmr_a__legacy_gt__petfold__historical_legacy121_v1,7SHX_94_4wj_nmr_A,petfold,R1_R2,94,28,33,31,18,15,10,17,14,11,0.5483870967741935,0.6071428571428571,0.576271186440678,0.0029325513196480912,-0.03571428571428581,-0.013892747985551512,2,1,1,0.5,0.5,0.9444444444444444
legacy121_v1__7shx_94_4wj_nmr_a__legacy_gt__petfold__historical_legacy121_v1,7SHX_94_4wj_nmr_A,petfold,R1_R3,94,28,33,33,18,15,10,18,15,10,0.5454545454545454,0.6428571428571429,0.5901639344262295,0.0,0.0,0.0,0,0,0,,,1.0
legacy121_v1__7shx_94_4wj_nmr_a__legacy_gt__rnafold__historical_legacy121_v1,7SHX_94_4wj_nmr_A,rnafold,ORIGINAL,94,28,31,31,18,13,10,18,13,10,0.5806451612903226,0.6428571428571429,0.6101694915254238,0.0,0.0,0.0,0,0,0,,,1.0
legacy121_v1__7shx_94_4wj_nmr_a__legacy_gt__rnafold__historical_legacy121_v1,7SHX_94_4wj_nmr_A,rnafold,R1,94,28,31,31,18,13,10,18,13,10,0.5806451612903226,0.6428571428571429,0.6101694915254238,0.0,0.0,0.0,0,0,0,,,1.0
legacy121_v1__7shx_94_4wj_nmr_a__legacy_gt__rnafold__historical_legacy121_v1,7SHX_94_4wj_nmr_A,rnafold,R2,94,28,31,31,18,13,10,18,13,10,0.5806451612903226,0.6428571428571429,0.6101694915254238,0.0,0.0,0.0,0,0,0,,,1.0
legacy121_v1__7shx_94_4wj_nmr_a__legacy_gt__rnafold__historical_legacy121_v1,7SHX_94_4wj_nmr_A,rnafold,R3,94,28,31,31,18,13,10,18,13,10,0.5806451612903226,0.6428571428571429,0.6101694915254238,0.0,0.0,0.0,0,0,0,,,1.0
legacy121_v1__7shx_94_4wj_nmr_a__legacy_gt__rnafold__historical_legacy121_v1,7SHX_94_4wj_nmr_A,rnafold,R1_R2,94,28,31,31,18,13,10,18,13,10,0.5806451612903226,0.6428571428571429,0.6101694915254238,0.0,0.0,0.0,0,0,0,,,1.0
legacy121_v1__7shx_94_4wj_nmr_a__legacy_gt__rnafold__historical_legacy121_v1,7SHX_94_4wj_nmr_A,rnafold,R1_R3,94,28,31,31,18,13,10,18,13,10,0.5806451612903226,0.6428571428571429,0.6101694915254238,0.0,0.0,0.0,0,0,0,,,1.0
legacy121_v1__7shx_94_4wj_nmr_a__legacy_gt__trrosettarna2_native_ss__historical_legacy121_v1,7SHX_94_4wj_nmr_A,trrosettarna2_native_ss,ORIGINAL,94,28,36,36,28,8,0,28,8,0,0.7777777777777778,1.0,0.875,0.0,0.0,0.0,0,0,0,,,1.0
legacy121_v1__7shx_94_4wj_nmr_a__legacy_gt__trrosettarna2_native_ss__historical_legacy121_v1,7SHX_94_4wj_nmr_A,trrosettarna2_native_ss,R1,94,28,36,36,28,8,0,28,8,0,0.7777777777777778,1.0,0.875,0.0,0.0,0.0,0,0,0,,,1.0
legacy121_v1__7shx_94_4wj_nmr_a__legacy_gt__trrosettarna2_native_ss__historical_legacy121_v1,7SHX_94_4wj_nmr_A,trrosettarna2_native_ss,R2,94,28,36,36,28,8,0,28,8,0,0.7777777777777778,1.0,0.875,0.0,0.0,0.0,0,0,0,,,1.0
legacy121_v1__7shx_94_4wj_nmr_a__legacy_gt__trrosettarna2_native_ss__historical_legacy121_v1,7SHX_94_4wj_nmr_A,trrosettarna2_native_ss,R3,94,28,36,35,28,8,0,28,7,0,0.8,1.0,0.8888888888888888,0.022222222222222254,0.0,0.01388888888888884,1,1,0,1.0,0.0,1.0
legacy121_v1__7shx_94_4wj_nmr_a__legacy_gt__trrosettarna2_native_ss__historical_legacy121_v1,7SHX_94_4wj_nmr_A,trrosettarna2_native_ss,R1_R2,94,28,36,36,28,8,0,28,8,0,0.7777777777777778,1.0,0.875,0.0,0.0,0.0,0,0,0,,,1.0
legacy121_v1__7shx_94_4wj_nmr_a__legacy_gt__trrosettarna2_native_ss__historical_legacy121_v1,7SHX_94_4wj_nmr_A,trrosettarna2_native_ss,R1_R3,94,28,36,35,28,8,0,28,7,0,0.8,1.0,0.8888888888888888,0.022222222222222254,0.0,0.01388888888888884,1,1,0,1.0,0.0,1.0
legacy121_v1__7uga_43_hpbulge_nmr_a__legacy_gt__petfold__historical_legacy121_v1,7UGA_43_hpbulge_nmr_A,petfold,ORIGINAL,43,14,14,14,14,0,0,14,0,0,1.0,1.0,1.0,0.0,0.0,0.0,0,0,0,,,1.0
legacy121_v1__7uga_43_hpbulge_nmr_a__legacy_gt__petfold__historical_legacy121_v1,7UGA_43_hpbulge_nmr_A,petfold,R1,43,14,14,14,14,0,0,14,0,0,1.0,1.0,1.0,0.0,0.0,0.0,0,0,0,,,1.0
legacy121_v1__7uga_43_hpbulge_nmr_a__legacy_gt__petfold__historical_legacy121_v1,7UGA_43_hpbulge_nmr_A,petfold,R2,43,14,14,14,14,0,0,14,0,0,1.0,1.0,1.0,0.0,0.0,0.0,0,0,0,,,1.0
legacy121_v1__7uga_43_hpbulge_nmr_a__legacy_gt__petfold__historical_legacy121_v1,7UGA_43_hpbulge_nmr_A,petfold,R3,43,14,14,14,14,0,0,14,0,0,1.0,1.0,1.0,0.0,0.0,0.0,0,0,0,,,1.0
legacy121_v1__7uga_43_hpbulge_nmr_a__legacy_gt__petfold__historical_legacy121_v1,7UGA_43_hpbulge_nmr_A,petfold,R1_R2,43,14,14,14,14,0,0,14,0,0,1.0,1.0,1.0,0.0,0.0,0.0,0,0,0,,,1.0
legacy121_v1__7uga_43_hpbulge_nmr_a__legacy_gt__petfold__historical_legacy121_v1,7UGA_43_hpbulge_nmr_A,petfold,R1_R3,43,14,14,14,14,0,0,14,0,0,1.0,1.0,1.0,0.0,0.0,0.0,0,0,0,,,1.0
legacy121_v1__7uga_43_hpbulge_nmr_a__legacy_gt__rnafold__historical_legacy121_v1,7UGA_43_hpbulge_nmr_A,rnafold,ORIGINAL,43,14,14,14,14,0,0,14,0,0,1.0,1.0,1.0,0.0,0.0,0.0,0,0,0,,,1.0
legacy121_v1__7uga_43_hpbulge_nmr_a__legacy_gt__rnafold__historical_legacy121_v1,7UGA_43_hpbulge_nmr_A,rnafold,R1,43,14,14,14,14,0,0,14,0,0,1.0,1.0,1.0,0.0,0.0,0.0,0,0,0,,,1.0
legacy121_v1__7uga_43_hpbulge_nmr_a__legacy_gt__rnafold__historical_legacy121_v1,7UGA_43_hpbulge_nmr_A,rnafold,R2,43,14,14,14,14,0,0,14,0,0,1.0,1.0,1.0,0.0,0.0,0.0,0,0,0,,,1.0
legacy121_v1__7uga_43_hpbulge_nmr_a__legacy_gt__rnafold__historical_legacy121_v1,7UGA_43_hpbulge_nmr_A,rnafold,R3,43,14,14,14,14,0,0,14,0,0,1.0,1.0,1.0,0.0,0.0,0.0,0,0,0,,,1.0
legacy121_v1__7uga_43_hpbulge_nmr_a__legacy_gt__rnafold__historical_legacy121_v1,7UGA_43_hpbulge_nmr_A,rnafold,R1_R2,43,14,14,14,14,0,0,14,0,0,1.0,1.0,1.0,0.0,0.0,0.0,0,0,0,,,1.0
legacy121_v1__7uga_43_hpbulge_nmr_a__legacy_gt__rnafold__historical_legacy121_v1,7UGA_43_hpbulge_nmr_A,rnafold,R1_R3,43,14,14,14,14,0,0,14,0,0,1.0,1.0,1.0,0.0,0.0,0.0,0,0,0,,,1.0
legacy121_v1__7uga_43_hpbulge_nmr_a__legacy_gt__trrosettarna2_native_ss__historical_legacy121_v1,7UGA_43_hpbulge_nmr_A,trrosettarna2_native_ss,ORIGINAL,43,14,16,16,14,2,0,14,2,0,0.875,1.0,0.9333333333333333,0.0,0.0,0.0,0,0,0,,,1.0
legacy121_v1__7uga_43_hpbulge_nmr_a__legacy_gt__trrosettarna2_native_ss__historical_legacy121_v1,7UGA_43_hpbulge_nmr_A,trrosettarna2_native_ss,R1,43,14,16,16,14,2,0,14,2,0,0.875,1.0,0.9333333333333333,0.0,0.0,0.0,0,0,0,,,1.0
legacy121_v1__7uga_43_hpbulge_nmr_a__legacy_gt__trrosettarna2_native_ss__historical_legacy121_v1,7UGA_43_hpbulge_nmr_A,trrosettarna2_native_ss,R2,43,14,16,16,14,2,0,14,2,0,0.875,1.0,0.9333333333333333,0.0,0.0,0.0,0,0,0,,,1.0
legacy121_v1__7uga_43_hpbulge_nmr_a__legacy_gt__trrosettarna2_native_ss__historical_legacy121_v1,7UGA_43_hpbulge_nmr_A,trrosettarna2_native_ss,R3,43,14,16,16,14,2,0,14,2,0,0.875,1.0,0.9333333333333333,0.0,0.0,0.0,0,0,0,,,1.0
legacy121_v1__7uga_43_hpbulge_nmr_a__legacy_gt__trrosettarna2_native_ss__historical_legacy121_v1,7UGA_43_hpbulge_nmr_A,trrosettarna2_native_ss,R1_R2,43,14,16,16,14,2,0,14,2,0,0.875,1.0,0.9333333333333333,0.0,0.0,0.0,0,0,0,,,1.0
legacy121_v1__7uga_43_hpbulge_nmr_a__legacy_gt__trrosettarna2_native_ss__historical_legacy121_v1,7UGA_43_hpbulge_nmr_A,trrosettarna2_native_ss,R1_R3,43,14,16,16,14,2,0,14,2,0,0.875,1.0,0.9333333333333333,0.0,0.0,0.0,0,0,0,,,1.0
legacy121_v1__7umc_70_hpbulge_nmr_a__legacy_gt__petfold__historical_legacy121_v1,7UMC_70_hpbulge_nmr_A,petfold,ORIGINAL,70,21,21,21,14,7,7,14,7,7,0.6666666666666666,0.6666666666666666,0.6666666666666666,0.0,0.0,0.0,0,0,0,,,1.0
legacy121_v1__7umc_70_hpbulge_nmr_a__legacy_gt__petfold__historical_legacy121_v1,7UMC_70_hpbulge_nmr_A,petfold,R1,70,21,21,21,14,7,7,14,7,7,0.6666666666666666,0.6666666666666666,0.6666666666666666,0.0,0.0,0.0,0,0,0,,,1.0
legacy121_v1__7umc_70_hpbulge_nmr_a__legacy_gt__petfold__historical_legacy121_v1,7UMC_70_hpbulge_nmr_A,petfold,R2,70,21,21,21,14,7,7,14,7,7,0.6666666666666666,0.6666666666666666,0.6666666666666666,0.0,0.0,0.0,0,0,0,,,1.0
legacy121_v1__7umc_70_hpbulge_nmr_a__legacy_gt__petfold__historical_legacy121_v1,7UMC_70_hpbulge_nmr_A,petfold,R3,70,21,21,21,14,7,7,14,7,7,0.6666666666666666,0.6666666666666666,0.6666666666666666,0.0,0.0,0.0,0,0,0,,,1.0
legacy121_v1__7umc_70_hpbulge_nmr_a__legacy_gt__petfold__historical_legacy121_v1,7UMC_70_hpbulge_nmr_A,petfold,R1_R2,70,21,21,21,14,7,7,14,7,7,0.6666666666666666,0.6666666666666666,0.6666666666666666,0.0,0.0,0.0,0,0,0,,,1.0
legacy121_v1__7umc_70_hpbulge_nmr_a__legacy_gt__petfold__historical_legacy121_v1,7UMC_70_hpbulge_nmr_A,petfold,R1_R3,70,21,21,21,14,7,7,14,7,7,0.6666666666666666,0.6666666666666666,0.6666666666666666,0.0,0.0,0.0,0,0,0,,,1.0
legacy121_v1__7umc_70_hpbulge_nmr_a__legacy_gt__rnafold__historical_legacy121_v1,7UMC_70_hpbulge_nmr_A,rnafold,ORIGINAL,70,21,21,21,14,7,7,14,7,7,0.6666666666666666,0.6666666666666666,0.6666666666666666,0.0,0.0,0.0,0,0,0,,,1.0
legacy121_v1__7umc_70_hpbulge_nmr_a__legacy_gt__rnafold__historical_legacy121_v1,7UMC_70_hpbulge_nmr_A,rnafold,R1,70,21,21,21,14,7,7,14,7,7,0.6666666666666666,0.6666666666666666,0.6666666666666666,0.0,0.0,0.0,0,0,0,,,1.0
legacy121_v1__7umc_70_hpbulge_nmr_a__legacy_gt__rnafold__historical_legacy121_v1,7UMC_70_hpbulge_nmr_A,rnafold,R2,70,21,21,21,14,7,7,14,7,7,0.6666666666666666,0.6666666666666666,0.6666666666666666,0.0,0.0,0.0,0,0,0,,,1.0
legacy121_v1__7umc_70_hpbulge_nmr_a__legacy_gt__rnafold__historical_legacy121_v1,7UMC_70_hpbulge_nmr_A,rnafold,R3,70,21,21,21,14,7,7,14,7,7,0.6666666666666666,0.6666666666666666,0.6666666666666666,0.0,0.0,0.0,0,0,0,,,1.0
legacy121_v1__7umc_70_hpbulge_nmr_a__legacy_gt__rnafold__historical_legacy121_v1,7UMC_70_hpbulge_nmr_A,rnafold,R1_R2,70,21,21,21,14,7,7,14,7,7,0.6666666666666666,0.6666666666666666,0.6666666666666666,0.0,0.0,0.0,0,0,0,,,1.0
legacy121_v1__7umc_70_hpbulge_nmr_a__legacy_gt__rnafold__historical_legacy121_v1,7UMC_70_hpbulge_nmr_A,rnafold,R1_R3,70,21,21,21,14,7,7,14,7,7,0.6666666666666666,0.6666666666666666,0.6666666666666666,0.0,0.0,0.0,0,0,0,,,1.0
legacy121_v1__7umc_70_hpbulge_nmr_a__legacy_gt__trrosettarna2_native_ss__historical_legacy121_v1,7UMC_70_hpbulge_nmr_A,trrosettarna2_native_ss,ORIGINAL,70,21,27,27,21,6,0,21,6,0,0.7777777777777778,1.0,0.875,0.0,0.0,0.0,0,0,0,,,1.0
legacy121_v1__7umc_70_hpbulge_nmr_a__legacy_gt__trrosettarna2_native_ss__historical_legacy121_v1,7UMC_70_hpbulge_nmr_A,trrosettarna2_native_ss,R1,70,21,27,27,21,6,0,21,6,0,0.7777777777777778,1.0,0.875,0.0,0.0,0.0,0,0,0,,,1.0
legacy121_v1__7umc_70_hpbulge_nmr_a__legacy_gt__trrosettarna2_native_ss__historical_legacy121_v1,7UMC_70_hpbulge_nmr_A,trrosettarna2_native_ss,R2,70,21,27,27,21,6,0,21,6,0,0.7777777777777778,1.0,0.875,0.0,0.0,0.0,0,0,0,,,1.0
legacy121_v1__7umc_70_hpbulge_nmr_a__legacy_gt__trrosettarna2_native_ss__historical_legacy121_v1,7UMC_70_hpbulge_nmr_A,trrosettarna2_native_ss,R3,70,21,27,27,21,6,0,21,6,0,0.7777777777777778,1.0,0.875,0.0,0.0,0.0,0,0,0,,,1.0
legacy121_v1__7umc_70_hpbulge_nmr_a__legacy_gt__trrosettarna2_native_ss__historical_legacy121_v1,7UMC_70_hpbulge_nmr_A,trrosettarna2_native_ss,R1_R2,70,21,27,27,21,6,0,21,6,0,0.7777777777777778,1.0,0.875,0.0,0.0,0.0,0,0,0,,,1.0
legacy121_v1__7umc_70_hpbulge_nmr_a__legacy_gt__trrosettarna2_native_ss__historical_legacy121_v1,7UMC_70_hpbulge_nmr_A,trrosettarna2_native_ss,R1_R3,70,21,27,27,21,6,0,21,6,0,0.7777777777777778,1.0,0.875,0.0,0.0,0.0,0,0,0,,,1.0
legacy121_v1__7ume_28_hp_nmr_a__legacy_gt__petfold__historical_legacy121_v1,7UME_28_hp_nmr_A,petfold,ORIGINAL,28,9,9,9,9,0,0,9,0,0,1.0,1.0,1.0,0.0,0.0,0.0,0,0,0,,,1.0
legacy121_v1__7ume_28_hp_nmr_a__legacy_gt__petfold__historical_legacy121_v1,7UME_28_hp_nmr_A,petfold,R1,28,9,9,9,9,0,0,9,0,0,1.0,1.0,1.0,0.0,0.0,0.0,0,0,0,,,1.0
legacy121_v1__7ume_28_hp_nmr_a__legacy_gt__petfold__historical_legacy121_v1,7UME_28_hp_nmr_A,petfold,R2,28,9,9,9,9,0,0,9,0,0,1.0,1.0,1.0,0.0,0.0,0.0,0,0,0,,,1.0
legacy121_v1__7ume_28_hp_nmr_a__legacy_gt__petfold__historical_legacy121_v1,7UME_28_hp_nmr_A,petfold,R3,28,9,9,9,9,0,0,9,0,0,1.0,1.0,1.0,0.0,0.0,0.0,0,0,0,,,1.0
legacy121_v1__7ume_28_hp_nmr_a__legacy_gt__petfold__historical_legacy121_v1,7UME_28_hp_nmr_A,petfold,R1_R2,28,9,9,9,9,0,0,9,0,0,1.0,1.0,1.0,0.0,0.0,0.0,0,0,0,,,1.0
legacy121_v1__7ume_28_hp_nmr_a__legacy_gt__petfold__historical_legacy121_v1,7UME_28_hp_nmr_A,petfold,R1_R3,28,9,9,9,9,0,0,9,0,0,1.0,1.0,1.0,0.0,0.0,0.0,0,0,0,,,1.0
legacy121_v1__7ume_28_hp_nmr_a__legacy_gt__rnafold__historical_legacy121_v1,7UME_28_hp_nmr_A,rnafold,ORIGINAL,28,9,9,9,9,0,0,9,0,0,1.0,1.0,1.0,0.0,0.0,0.0,0,0,0,,,1.0
legacy121_v1__7ume_28_hp_nmr_a__legacy_gt__rnafold__historical_legacy121_v1,7UME_28_hp_nmr_A,rnafold,R1,28,9,9,9,9,0,0,9,0,0,1.0,1.0,1.0,0.0,0.0,0.0,0,0,0,,,1.0
legacy121_v1__7ume_28_hp_nmr_a__legacy_gt__rnafold__historical_legacy121_v1,7UME_28_hp_nmr_A,rnafold,R2,28,9,9,9,9,0,0,9,0,0,1.0,1.0,1.0,0.0,0.0,0.0,0,0,0,,,1.0
legacy121_v1__7ume_28_hp_nmr_a__legacy_gt__rnafold__historical_legacy121_v1,7UME_28_hp_nmr_A,rnafold,R3,28,9,9,9,9,0,0,9,0,0,1.0,1.0,1.0,0.0,0.0,0.0,0,0,0,,,1.0
legacy121_v1__7ume_28_hp_nmr_a__legacy_gt__rnafold__historical_legacy121_v1,7UME_28_hp_nmr_A,rnafold,R1_R2,28,9,9,9,9,0,0,9,0,0,1.0,1.0,1.0,0.0,0.0,0.0,0,0,0,,,1.0
legacy121_v1__7ume_28_hp_nmr_a__legacy_gt__rnafold__historical_legacy121_v1,7UME_28_hp_nmr_A,rnafold,R1_R3,28,9,9,9,9,0,0,9,0,0,1.0,1.0,1.0,0.0,0.0,0.0,0,0,0,,,1.0
legacy121_v1__7ume_28_hp_nmr_a__legacy_gt__trrosettarna2_native_ss__historical_legacy121_v1,7UME_28_hp_nmr_A,trrosettarna2_native_ss,ORIGINAL,28,9,12,12,9,3,0,9,3,0,0.75,1.0,0.8571428571428571,0.0,0.0,0.0,0,0,0,,,1.0
legacy121_v1__7ume_28_hp_nmr_a__legacy_gt__trrosettarna2_native_ss__historical_legacy121_v1,7UME_28_hp_nmr_A,trrosettarna2_native_ss,R1,28,9,12,12,9,3,0,9,3,0,0.75,1.0,0.8571428571428571,0.0,0.0,0.0,0,0,0,,,1.0
legacy121_v1__7ume_28_hp_nmr_a__legacy_gt__trrosettarna2_native_ss__historical_legacy121_v1,7UME_28_hp_nmr_A,trrosettarna2_native_ss,R2,28,9,12,12,9,3,0,9,3,0,0.75,1.0,0.8571428571428571,0.0,0.0,0.0,0,0,0,,,1.0
legacy121_v1__7ume_28_hp_nmr_a__legacy_gt__trrosettarna2_native_ss__historical_legacy121_v1,7UME_28_hp_nmr_A,trrosettarna2_native_ss,R3,28,9,12,12,9,3,0,9,3,0,0.75,1.0,0.8571428571428571,0.0,0.0,0.0,0,0,0,,,1.0
legacy121_v1__7ume_28_hp_nmr_a__legacy_gt__trrosettarna2_native_ss__historical_legacy121_v1,7UME_28_hp_nmr_A,trrosettarna2_native_ss,R1_R2,28,9,12,12,9,3,0,9,3,0,0.75,1.0,0.8571428571428571,0.0,0.0,0.0,0,0,0,,,1.0
legacy121_v1__7ume_28_hp_nmr_a__legacy_gt__trrosettarna2_native_ss__historical_legacy121_v1,7UME_28_hp_nmr_A,trrosettarna2_native_ss,R1_R3,28,9,12,12,9,3,0,9,3,0,0.75,1.0,0.8571428571428571,0.0,0.0,0.0,0,0,0,,,1.0
legacy121_v1__7v06_43_hpbulge_nmr_a__legacy_gt__petfold__historical_legacy121_v1,7V06_43_hpbulge_nmr_A,petfold,ORIGINAL,43,15,15,15,14,1,1,14,1,1,0.9333333333333333,0.9333333333333333,0.9333333333333333,0.0,0.0,0.0,0,0,0,,,1.0
legacy121_v1__7v06_43_hpbulge_nmr_a__legacy_gt__petfold__historical_legacy121_v1,7V06_43_hpbulge_nmr_A,petfold,R1,43,15,15,14,14,1,1,14,0,1,1.0,0.9333333333333333,0.9655172413793104,0.06666666666666665,0.0,0.03218390804597704,1,1,0,1.0,0.0,1.0
legacy121_v1__7v06_43_hpbulge_nmr_a__legacy_gt__petfold__historical_legacy121_v1,7V06_43_hpbulge_nmr_A,petfold,R2,43,15,15,15,14,1,1,14,1,1,0.9333333333333333,0.9333333333333333,0.9333333333333333,0.0,0.0,0.0,0,0,0,,,1.0
legacy121_v1__7v06_43_hpbulge_nmr_a__legacy_gt__petfold__historical_legacy121_v1,7V06_43_hpbulge_nmr_A,petfold,R3,43,15,15,15,14,1,1,14,1,1,0.9333333333333333,0.9333333333333333,0.9333333333333333,0.0,0.0,0.0,0,0,0,,,1.0
legacy121_v1__7v06_43_hpbulge_nmr_a__legacy_gt__petfold__historical_legacy121_v1,7V06_43_hpbulge_nmr_A,petfold,R1_R2,43,15,15,14,14,1,1,14,0,1,1.0,0.9333333333333333,0.9655172413793104,0.06666666666666665,0.0,0.03218390804597704,1,1,0,1.0,0.0,1.0
legacy121_v1__7v06_43_hpbulge_nmr_a__legacy_gt__petfold__historical_legacy121_v1,7V06_43_hpbulge_nmr_A,petfold,R1_R3,43,15,15,14,14,1,1,14,0,1,1.0,0.9333333333333333,0.9655172413793104,0.06666666666666665,0.0,0.03218390804597704,1,1,0,1.0,0.0,1.0
legacy121_v1__7v06_43_hpbulge_nmr_a__legacy_gt__rnafold__historical_legacy121_v1,7V06_43_hpbulge_nmr_A,rnafold,ORIGINAL,43,15,14,14,14,0,1,14,0,1,1.0,0.9333333333333333,0.9655172413793104,0.0,0.0,0.0,0,0,0,,,1.0
legacy121_v1__7v06_43_hpbulge_nmr_a__legacy_gt__rnafold__historical_legacy121_v1,7V06_43_hpbulge_nmr_A,rnafold,R1,43,15,14,14,14,0,1,14,0,1,1.0,0.9333333333333333,0.9655172413793104,0.0,0.0,0.0,0,0,0,,,1.0
legacy121_v1__7v06_43_hpbulge_nmr_a__legacy_gt__rnafold__historical_legacy121_v1,7V06_43_hpbulge_nmr_A,rnafold,R2,43,15,14,14,14,0,1,14,0,1,1.0,0.9333333333333333,0.9655172413793104,0.0,0.0,0.0,0,0,0,,,1.0
legacy121_v1__7v06_43_hpbulge_nmr_a__legacy_gt__rnafold__historical_legacy121_v1,7V06_43_hpbulge_nmr_A,rnafold,R3,43,15,14,14,14,0,1,14,0,1,1.0,0.9333333333333333,0.9655172413793104,0.0,0.0,0.0,0,0,0,,,1.0
legacy121_v1__7v06_43_hpbulge_nmr_a__legacy_gt__rnafold__historical_legacy121_v1,7V06_43_hpbulge_nmr_A,rnafold,R1_R2,43,15,14,14,14,0,1,14,0,1,1.0,0.9333333333333333,0.9655172413793104,0.0,0.0,0.0,0,0,0,,,1.0
legacy121_v1__7v06_43_hpbulge_nmr_a__legacy_gt__rnafold__historical_legacy121_v1,7V06_43_hpbulge_nmr_A,rnafold,R1_R3,43,15,14,14,14,0,1,14,0,1,1.0,0.9333333333333333,0.9655172413793104,0.0,0.0,0.0,0,0,0,,,1.0
legacy121_v1__7v06_43_hpbulge_nmr_a__legacy_gt__trrosettarna2_native_ss__historical_legacy121_v1,7V06_43_hpbulge_nmr_A,trrosettarna2_native_ss,ORIGINAL,43,15,18,18,14,4,1,14,4,1,0.7777777777777778,0.9333333333333333,0.8484848484848485,0.0,0.0,0.0,0,0,0,,,1.0
legacy121_v1__7v06_43_hpbulge_nmr_a__legacy_gt__trrosettarna2_native_ss__historical_legacy121_v1,7V06_43_hpbulge_nmr_A,trrosettarna2_native_ss,R1,43,15,18,18,14,4,1,14,4,1,0.7777777777777778,0.9333333333333333,0.8484848484848485,0.0,0.0,0.0,0,0,0,,,1.0
legacy121_v1__7v06_43_hpbulge_nmr_a__legacy_gt__trrosettarna2_native_ss__historical_legacy121_v1,7V06_43_hpbulge_nmr_A,trrosettarna2_native_ss,R2,43,15,18,16,14,4,1,14,2,1,0.875,0.9333333333333333,0.9032258064516129,0.09722222222222221,0.0,0.05474095796676437,2,2,0,1.0,0.0,1.0
legacy121_v1__7v06_43_hpbulge_nmr_a__legacy_gt__trrosettarna2_native_ss__historical_legacy121_v1,7V06_43_hpbulge_nmr_A,trrosettarna2_native_ss,R3,43,15,18,18,14,4,1,14,4,1,0.7777777777777778,0.9333333333333333,0.8484848484848485,0.0,0.0,0.0,0,0,0,,,1.0
legacy121_v1__7v06_43_hpbulge_nmr_a__legacy_gt__trrosettarna2_native_ss__historical_legacy121_v1,7V06_43_hpbulge_nmr_A,trrosettarna2_native_ss,R1_R2,43,15,18,16,14,4,1,14,2,1,0.875,0.9333333333333333,0.9032258064516129,0.09722222222222221,0.0,0.05474095796676437,2,2,0,1.0,0.0,1.0
legacy121_v1__7v06_43_hpbulge_nmr_a__legacy_gt__trrosettarna2_native_ss__historical_legacy121_v1,7V06_43_hpbulge_nmr_A,trrosettarna2_native_ss,R1_R3,43,15,18,18,14,4,1,14,4,1,0.7777777777777778,0.9333333333333333,0.8484848484848485,0.0,0.0,0.0,0,0,0,,,1.0
legacy121_v1__8bwt_26_hp_nmr_a__legacy_gt__petfold__historical_legacy121_v1,8BWT_26_hp_nmr_A,petfold,ORIGINAL,26,8,8,8,8,0,0,8,0,0,1.0,1.0,1.0,0.0,0.0,0.0,0,0,0,,,1.0
legacy121_v1__8bwt_26_hp_nmr_a__legacy_gt__petfold__historical_legacy121_v1,8BWT_26_hp_nmr_A,petfold,R1,26,8,8,8,8,0,0,8,0,0,1.0,1.0,1.0,0.0,0.0,0.0,0,0,0,,,1.0
legacy121_v1__8bwt_26_hp_nmr_a__legacy_gt__petfold__historical_legacy121_v1,8BWT_26_hp_nmr_A,petfold,R2,26,8,8,8,8,0,0,8,0,0,1.0,1.0,1.0,0.0,0.0,0.0,0,0,0,,,1.0
legacy121_v1__8bwt_26_hp_nmr_a__legacy_gt__petfold__historical_legacy121_v1,8BWT_26_hp_nmr_A,petfold,R3,26,8,8,8,8,0,0,8,0,0,1.0,1.0,1.0,0.0,0.0,0.0,0,0,0,,,1.0
legacy121_v1__8bwt_26_hp_nmr_a__legacy_gt__petfold__historical_legacy121_v1,8BWT_26_hp_nmr_A,petfold,R1_R2,26,8,8,8,8,0,0,8,0,0,1.0,1.0,1.0,0.0,0.0,0.0,0,0,0,,,1.0
legacy121_v1__8bwt_26_hp_nmr_a__legacy_gt__petfold__historical_legacy121_v1,8BWT_26_hp_nmr_A,petfold,R1_R3,26,8,8,8,8,0,0,8,0,0,1.0,1.0,1.0,0.0,0.0,0.0,0,0,0,,,1.0
legacy121_v1__8bwt_26_hp_nmr_a__legacy_gt__rnafold__historical_legacy121_v1,8BWT_26_hp_nmr_A,rnafold,ORIGINAL,26,8,8,8,8,0,0,8,0,0,1.0,1.0,1.0,0.0,0.0,0.0,0,0,0,,,1.0
legacy121_v1__8bwt_26_hp_nmr_a__legacy_gt__rnafold__historical_legacy121_v1,8BWT_26_hp_nmr_A,rnafold,R1,26,8,8,8,8,0,0,8,0,0,1.0,1.0,1.0,0.0,0.0,0.0,0,0,0,,,1.0
legacy121_v1__8bwt_26_hp_nmr_a__legacy_gt__rnafold__historical_legacy121_v1,8BWT_26_hp_nmr_A,rnafold,R2,26,8,8,8,8,0,0,8,0,0,1.0,1.0,1.0,0.0,0.0,0.0,0,0,0,,,1.0
legacy121_v1__8bwt_26_hp_nmr_a__legacy_gt__rnafold__historical_legacy121_v1,8BWT_26_hp_nmr_A,rnafold,R3,26,8,8,8,8,0,0,8,0,0,1.0,1.0,1.0,0.0,0.0,0.0,0,0,0,,,1.0
legacy121_v1__8bwt_26_hp_nmr_a__legacy_gt__rnafold__historical_legacy121_v1,8BWT_26_hp_nmr_A,rnafold,R1_R2,26,8,8,8,8,0,0,8,0,0,1.0,1.0,1.0,0.0,0.0,0.0,0,0,0,,,1.0
legacy121_v1__8bwt_26_hp_nmr_a__legacy_gt__rnafold__historical_legacy121_v1,8BWT_26_hp_nmr_A,rnafold,R1_R3,26,8,8,8,8,0,0,8,0,0,1.0,1.0,1.0,0.0,0.0,0.0,0,0,0,,,1.0
legacy121_v1__8bwt_26_hp_nmr_a__legacy_gt__trrosettarna2_native_ss__historical_legacy121_v1,8BWT_26_hp_nmr_A,trrosettarna2_native_ss,ORIGINAL,26,8,12,12,8,4,0,8,4,0,0.6666666666666666,1.0,0.8,0.0,0.0,0.0,0,0,0,,,1.0
legacy121_v1__8bwt_26_hp_nmr_a__legacy_gt__trrosettarna2_native_ss__historical_legacy121_v1,8BWT_26_hp_nmr_A,trrosettarna2_native_ss,R1,26,8,12,12,8,4,0,8,4,0,0.6666666666666666,1.0,0.8,0.0,0.0,0.0,0,0,0,,,1.0
legacy121_v1__8bwt_26_hp_nmr_a__legacy_gt__trrosettarna2_native_ss__historical_legacy121_v1,8BWT_26_hp_nmr_A,trrosettarna2_native_ss,R2,26,8,12,12,8,4,0,8,4,0,0.6666666666666666,1.0,0.8,0.0,0.0,0.0,0,0,0,,,1.0
legacy121_v1__8bwt_26_hp_nmr_a__legacy_gt__trrosettarna2_native_ss__historical_legacy121_v1,8BWT_26_hp_nmr_A,trrosettarna2_native_ss,R3,26,8,12,12,8,4,0,8,4,0,0.6666666666666666,1.0,0.8,0.0,0.0,0.0,0,0,0,,,1.0
legacy121_v1__8bwt_26_hp_nmr_a__legacy_gt__trrosettarna2_native_ss__historical_legacy121_v1,8BWT_26_hp_nmr_A,trrosettarna2_native_ss,R1_R2,26,8,12,12,8,4,0,8,4,0,0.6666666666666666,1.0,0.8,0.0,0.0,0.0,0,0,0,,,1.0
legacy121_v1__8bwt_26_hp_nmr_a__legacy_gt__trrosettarna2_native_ss__historical_legacy121_v1,8BWT_26_hp_nmr_A,trrosettarna2_native_ss,R1_R3,26,8,12,12,8,4,0,8,4,0,0.6666666666666666,1.0,0.8,0.0,0.0,0.0,0,0,0,,,1.0
legacy121_v1__8cq1_43_hp_nmr_a__legacy_gt__petfold__historical_legacy121_v1,8CQ1_43_hp_nmr_A,petfold,ORIGINAL,44,17,19,19,17,2,0,17,2,0,0.8947368421052632,1.0,0.9444444444444444,0.0,0.0,0.0,0,0,0,,,1.0
legacy121_v1__8cq1_43_hp_nmr_a__legacy_gt__petfold__historical_legacy121_v1,8CQ1_43_hp_nmr_A,petfold,R1,44,17,19,19,17,2,0,17,2,0,0.8947368421052632,1.0,0.9444444444444444,0.0,0.0,0.0,0,0,0,,,1.0
legacy121_v1__8cq1_43_hp_nmr_a__legacy_gt__petfold__historical_legacy121_v1,8CQ1_43_hp_nmr_A,petfold,R2,44,17,19,19,17,2,0,17,2,0,0.8947368421052632,1.0,0.9444444444444444,0.0,0.0,0.0,0,0,0,,,1.0
legacy121_v1__8cq1_43_hp_nmr_a__legacy_gt__petfold__historical_legacy121_v1,8CQ1_43_hp_nmr_A,petfold,R3,44,17,19,19,17,2,0,17,2,0,0.8947368421052632,1.0,0.9444444444444444,0.0,0.0,0.0,0,0,0,,,1.0
legacy121_v1__8cq1_43_hp_nmr_a__legacy_gt__petfold__historical_legacy121_v1,8CQ1_43_hp_nmr_A,petfold,R1_R2,44,17,19,19,17,2,0,17,2,0,0.8947368421052632,1.0,0.9444444444444444,0.0,0.0,0.0,0,0,0,,,1.0
legacy121_v1__8cq1_43_hp_nmr_a__legacy_gt__petfold__historical_legacy121_v1,8CQ1_43_hp_nmr_A,petfold,R1_R3,44,17,19,19,17,2,0,17,2,0,0.8947368421052632,1.0,0.9444444444444444,0.0,0.0,0.0,0,0,0,,,1.0
legacy121_v1__8cq1_43_hp_nmr_a__legacy_gt__rnafold__historical_legacy121_v1,8CQ1_43_hp_nmr_A,rnafold,ORIGINAL,44,17,17,17,17,0,0,17,0,0,1.0,1.0,1.0,0.0,0.0,0.0,0,0,0,,,1.0
legacy121_v1__8cq1_43_hp_nmr_a__legacy_gt__rnafold__historical_legacy121_v1,8CQ1_43_hp_nmr_A,rnafold,R1,44,17,17,17,17,0,0,17,0,0,1.0,1.0,1.0,0.0,0.0,0.0,0,0,0,,,1.0
legacy121_v1__8cq1_43_hp_nmr_a__legacy_gt__rnafold__historical_legacy121_v1,8CQ1_43_hp_nmr_A,rnafold,R2,44,17,17,15,17,0,0,15,0,2,1.0,0.8823529411764706,0.9375,0.0,-0.11764705882352944,-0.0625,2,0,2,0.0,1.0,0.8823529411764706
legacy121_v1__8cq1_43_hp_nmr_a__legacy_gt__rnafold__historical_legacy121_v1,8CQ1_43_hp_nmr_A,rnafold,R3,44,17,17,17,17,0,0,17,0,0,1.0,1.0,1.0,0.0,0.0,0.0,0,0,0,,,1.0
legacy121_v1__8cq1_43_hp_nmr_a__legacy_gt__rnafold__historical_legacy121_v1,8CQ1_43_hp_nmr_A,rnafold,R1_R2,44,17,17,15,17,0,0,15,0,2,1.0,0.8823529411764706,0.9375,0.0,-0.11764705882352944,-0.0625,2,0,2,0.0,1.0,0.8823529411764706
legacy121_v1__8cq1_43_hp_nmr_a__legacy_gt__rnafold__historical_legacy121_v1,8CQ1_43_hp_nmr_A,rnafold,R1_R3,44,17,17,17,17,0,0,17,0,0,1.0,1.0,1.0,0.0,0.0,0.0,0,0,0,,,1.0
legacy121_v1__8cq1_43_hp_nmr_a__legacy_gt__trrosettarna2_native_ss__historical_legacy121_v1,8CQ1_43_hp_nmr_A,trrosettarna2_native_ss,ORIGINAL,44,17,18,18,17,1,0,17,1,0,0.9444444444444444,1.0,0.9714285714285714,0.0,0.0,0.0,0,0,0,,,1.0
legacy121_v1__8cq1_43_hp_nmr_a__legacy_gt__trrosettarna2_native_ss__historical_legacy121_v1,8CQ1_43_hp_nmr_A,trrosettarna2_native_ss,R1,44,17,18,18,17,1,0,17,1,0,0.9444444444444444,1.0,0.9714285714285714,0.0,0.0,0.0,0,0,0,,,1.0
legacy121_v1__8cq1_43_hp_nmr_a__legacy_gt__trrosettarna2_native_ss__historical_legacy121_v1,8CQ1_43_hp_nmr_A,trrosettarna2_native_ss,R2,44,17,18,16,17,1,0,15,1,2,0.9375,0.8823529411764706,0.9090909090909091,-0.00694444444444442,-0.11764705882352944,-0.06233766233766236,2,0,2,0.0,1.0,0.8823529411764706
legacy121_v1__8cq1_43_hp_nmr_a__legacy_gt__trrosettarna2_native_ss__historical_legacy121_v1,8CQ1_43_hp_nmr_A,trrosettarna2_native_ss,R3,44,17,18,18,17,1,0,17,1,0,0.9444444444444444,1.0,0.9714285714285714,0.0,0.0,0.0,0,0,0,,,1.0
legacy121_v1__8cq1_43_hp_nmr_a__legacy_gt__trrosettarna2_native_ss__historical_legacy121_v1,8CQ1_43_hp_nmr_A,trrosettarna2_native_ss,R1_R2,44,17,18,16,17,1,0,15,1,2,0.9375,0.8823529411764706,0.9090909090909091,-0.00694444444444442,-0.11764705882352944,-0.06233766233766236,2,0,2,0.0,1.0,0.8823529411764706
legacy121_v1__8cq1_43_hp_nmr_a__legacy_gt__trrosettarna2_native_ss__historical_legacy121_v1,8CQ1_43_hp_nmr_A,trrosettarna2_native_ss,R1_R3,44,17,18,18,17,1,0,17,1,0,0.9444444444444444,1.0,0.9714285714285714,0.0,0.0,0.0,0,0,0,,,1.0
legacy121_v1__8fcs_71_hp_nmr_a__legacy_gt__petfold__historical_legacy121_v1,8FCS_71_hp_nmr_A,petfold,ORIGINAL,71,27,30,30,27,3,0,27,3,0,0.9,1.0,0.9473684210526315,0.0,0.0,0.0,0,0,0,,,1.0
legacy121_v1__8fcs_71_hp_nmr_a__legacy_gt__petfold__historical_legacy121_v1,8FCS_71_hp_nmr_A,petfold,R1,71,27,30,30,27,3,0,27,3,0,0.9,1.0,0.9473684210526315,0.0,0.0,0.0,0,0,0,,,1.0
legacy121_v1__8fcs_71_hp_nmr_a__legacy_gt__petfold__historical_legacy121_v1,8FCS_71_hp_nmr_A,petfold,R2,71,27,30,30,27,3,0,27,3,0,0.9,1.0,0.9473684210526315,0.0,0.0,0.0,0,0,0,,,1.0
legacy121_v1__8fcs_71_hp_nmr_a__legacy_gt__petfold__historical_legacy121_v1,8FCS_71_hp_nmr_A,petfold,R3,71,27,30,30,27,3,0,27,3,0,0.9,1.0,0.9473684210526315,0.0,0.0,0.0,0,0,0,,,1.0
legacy121_v1__8fcs_71_hp_nmr_a__legacy_gt__petfold__historical_legacy121_v1,8FCS_71_hp_nmr_A,petfold,R1_R2,71,27,30,30,27,3,0,27,3,0,0.9,1.0,0.9473684210526315,0.0,0.0,0.0,0,0,0,,,1.0
legacy121_v1__8fcs_71_hp_nmr_a__legacy_gt__petfold__historical_legacy121_v1,8FCS_71_hp_nmr_A,petfold,R1_R3,71,27,30,30,27,3,0,27,3,0,0.9,1.0,0.9473684210526315,0.0,0.0,0.0,0,0,0,,,1.0
legacy121_v1__8fcs_71_hp_nmr_a__legacy_gt__rnafold__historical_legacy121_v1,8FCS_71_hp_nmr_A,rnafold,ORIGINAL,71,27,27,27,27,0,0,27,0,0,1.0,1.0,1.0,0.0,0.0,0.0,0,0,0,,,1.0
legacy121_v1__8fcs_71_hp_nmr_a__legacy_gt__rnafold__historical_legacy121_v1,8FCS_71_hp_nmr_A,rnafold,R1,71,27,27,27,27,0,0,27,0,0,1.0,1.0,1.0,0.0,0.0,0.0,0,0,0,,,1.0
legacy121_v1__8fcs_71_hp_nmr_a__legacy_gt__rnafold__historical_legacy121_v1,8FCS_71_hp_nmr_A,rnafold,R2,71,27,27,27,27,0,0,27,0,0,1.0,1.0,1.0,0.0,0.0,0.0,0,0,0,,,1.0
legacy121_v1__8fcs_71_hp_nmr_a__legacy_gt__rnafold__historical_legacy121_v1,8FCS_71_hp_nmr_A,rnafold,R3,71,27,27,27,27,0,0,27,0,0,1.0,1.0,1.0,0.0,0.0,0.0,0,0,0,,,1.0
legacy121_v1__8fcs_71_hp_nmr_a__legacy_gt__rnafold__historical_legacy121_v1,8FCS_71_hp_nmr_A,rnafold,R1_R2,71,27,27,27,27,0,0,27,0,0,1.0,1.0,1.0,0.0,0.0,0.0,0,0,0,,,1.0
legacy121_v1__8fcs_71_hp_nmr_a__legacy_gt__rnafold__historical_legacy121_v1,8FCS_71_hp_nmr_A,rnafold,R1_R3,71,27,27,27,27,0,0,27,0,0,1.0,1.0,1.0,0.0,0.0,0.0,0,0,0,,,1.0
legacy121_v1__8fcs_71_hp_nmr_a__legacy_gt__trrosettarna2_native_ss__historical_legacy121_v1,8FCS_71_hp_nmr_A,trrosettarna2_native_ss,ORIGINAL,71,27,31,31,27,4,0,27,4,0,0.8709677419354839,1.0,0.9310344827586207,0.0,0.0,0.0,0,0,0,,,1.0
legacy121_v1__8fcs_71_hp_nmr_a__legacy_gt__trrosettarna2_native_ss__historical_legacy121_v1,8FCS_71_hp_nmr_A,trrosettarna2_native_ss,R1,71,27,31,31,27,4,0,27,4,0,0.8709677419354839,1.0,0.9310344827586207,0.0,0.0,0.0,0,0,0,,,1.0
legacy121_v1__8fcs_71_hp_nmr_a__legacy_gt__trrosettarna2_native_ss__historical_legacy121_v1,8FCS_71_hp_nmr_A,trrosettarna2_native_ss,R2,71,27,31,31,27,4,0,27,4,0,0.8709677419354839,1.0,0.9310344827586207,0.0,0.0,0.0,0,0,0,,,1.0
legacy121_v1__8fcs_71_hp_nmr_a__legacy_gt__trrosettarna2_native_ss__historical_legacy121_v1,8FCS_71_hp_nmr_A,trrosettarna2_native_ss,R3,71,27,31,31,27,4,0,27,4,0,0.8709677419354839,1.0,0.9310344827586207,0.0,0.0,0.0,0,0,0,,,1.0
legacy121_v1__8fcs_71_hp_nmr_a__legacy_gt__trrosettarna2_native_ss__historical_legacy121_v1,8FCS_71_hp_nmr_A,trrosettarna2_native_ss,R1_R2,71,27,31,31,27,4,0,27,4,0,0.8709677419354839,1.0,0.9310344827586207,0.0,0.0,0.0,0,0,0,,,1.0
legacy121_v1__8fcs_71_hp_nmr_a__legacy_gt__trrosettarna2_native_ss__historical_legacy121_v1,8FCS_71_hp_nmr_A,trrosettarna2_native_ss,R1_R3,71,27,31,31,27,4,0,27,4,0,0.8709677419354839,1.0,0.9310344827586207,0.0,0.0,0.0,0,0,0,,,1.0
legacy121_v1__8jhp_27_hpbulge_nmr_a__legacy_gt__petfold__historical_legacy121_v1,8JHP_27_hpbulge_nmr_A,petfold,ORIGINAL,27,8,9,9,4,5,4,4,5,4,0.4444444444444444,0.5,0.47058823529411764,0.0,0.0,0.0,0,0,0,,,1.0
legacy121_v1__8jhp_27_hpbulge_nmr_a__legacy_gt__petfold__historical_legacy121_v1,8JHP_27_hpbulge_nmr_A,petfold,R1,27,8,9,9,4,5,4,4,5,4,0.4444444444444444,0.5,0.47058823529411764,0.0,0.0,0.0,0,0,0,,,1.0
legacy121_v1__8jhp_27_hpbulge_nmr_a__legacy_gt__petfold__historical_legacy121_v1,8JHP_27_hpbulge_nmr_A,petfold,R2,27,8,9,9,4,5,4,4,5,4,0.4444444444444444,0.5,0.47058823529411764,0.0,0.0,0.0,0,0,0,,,1.0
legacy121_v1__8jhp_27_hpbulge_nmr_a__legacy_gt__petfold__historical_legacy121_v1,8JHP_27_hpbulge_nmr_A,petfold,R3,27,8,9,9,4,5,4,4,5,4,0.4444444444444444,0.5,0.47058823529411764,0.0,0.0,0.0,0,0,0,,,1.0
legacy121_v1__8jhp_27_hpbulge_nmr_a__legacy_gt__petfold__historical_legacy121_v1,8JHP_27_hpbulge_nmr_A,petfold,R1_R2,27,8,9,9,4,5,4,4,5,4,0.4444444444444444,0.5,0.47058823529411764,0.0,0.0,0.0,0,0,0,,,1.0
legacy121_v1__8jhp_27_hpbulge_nmr_a__legacy_gt__petfold__historical_legacy121_v1,8JHP_27_hpbulge_nmr_A,petfold,R1_R3,27,8,9,9,4,5,4,4,5,4,0.4444444444444444,0.5,0.47058823529411764,0.0,0.0,0.0,0,0,0,,,1.0
legacy121_v1__8jhp_27_hpbulge_nmr_a__legacy_gt__rnafold__historical_legacy121_v1,8JHP_27_hpbulge_nmr_A,rnafold,ORIGINAL,27,8,9,9,4,5,4,4,5,4,0.4444444444444444,0.5,0.47058823529411764,0.0,0.0,0.0,0,0,0,,,1.0
legacy121_v1__8jhp_27_hpbulge_nmr_a__legacy_gt__rnafold__historical_legacy121_v1,8JHP_27_hpbulge_nmr_A,rnafold,R1,27,8,9,9,4,5,4,4,5,4,0.4444444444444444,0.5,0.47058823529411764,0.0,0.0,0.0,0,0,0,,,1.0
legacy121_v1__8jhp_27_hpbulge_nmr_a__legacy_gt__rnafold__historical_legacy121_v1,8JHP_27_hpbulge_nmr_A,rnafold,R2,27,8,9,9,4,5,4,4,5,4,0.4444444444444444,0.5,0.47058823529411764,0.0,0.0,0.0,0,0,0,,,1.0
legacy121_v1__8jhp_27_hpbulge_nmr_a__legacy_gt__rnafold__historical_legacy121_v1,8JHP_27_hpbulge_nmr_A,rnafold,R3,27,8,9,9,4,5,4,4,5,4,0.4444444444444444,0.5,0.47058823529411764,0.0,0.0,0.0,0,0,0,,,1.0
legacy121_v1__8jhp_27_hpbulge_nmr_a__legacy_gt__rnafold__historical_legacy121_v1,8JHP_27_hpbulge_nmr_A,rnafold,R1_R2,27,8,9,9,4,5,4,4,5,4,0.4444444444444444,0.5,0.47058823529411764,0.0,0.0,0.0,0,0,0,,,1.0
legacy121_v1__8jhp_27_hpbulge_nmr_a__legacy_gt__rnafold__historical_legacy121_v1,8JHP_27_hpbulge_nmr_A,rnafold,R1_R3,27,8,9,9,4,5,4,4,5,4,0.4444444444444444,0.5,0.47058823529411764,0.0,0.0,0.0,0,0,0,,,1.0
legacy121_v1__8jhp_27_hpbulge_nmr_a__legacy_gt__trrosettarna2_native_ss__historical_legacy121_v1,8JHP_27_hpbulge_nmr_A,trrosettarna2_native_ss,ORIGINAL,27,8,6,6,5,1,3,5,1,3,0.8333333333333334,0.625,0.7142857142857143,0.0,0.0,0.0,0,0,0,,,1.0
legacy121_v1__8jhp_27_hpbulge_nmr_a__legacy_gt__trrosettarna2_native_ss__historical_legacy121_v1,8JHP_27_hpbulge_nmr_A,trrosettarna2_native_ss,R1,27,8,6,5,5,1,3,4,1,4,0.8,0.5,0.6153846153846154,-0.033333333333333326,-0.125,-0.09890109890109888,1,0,1,0.0,1.0,0.8
legacy121_v1__8jhp_27_hpbulge_nmr_a__legacy_gt__trrosettarna2_native_ss__historical_legacy121_v1,8JHP_27_hpbulge_nmr_A,trrosettarna2_native_ss,R2,27,8,6,6,5,1,3,5,1,3,0.8333333333333334,0.625,0.7142857142857143,0.0,0.0,0.0,0,0,0,,,1.0
legacy121_v1__8jhp_27_hpbulge_nmr_a__legacy_gt__trrosettarna2_native_ss__historical_legacy121_v1,8JHP_27_hpbulge_nmr_A,trrosettarna2_native_ss,R3,27,8,6,6,5,1,3,5,1,3,0.8333333333333334,0.625,0.7142857142857143,0.0,0.0,0.0,0,0,0,,,1.0
legacy121_v1__8jhp_27_hpbulge_nmr_a__legacy_gt__trrosettarna2_native_ss__historical_legacy121_v1,8JHP_27_hpbulge_nmr_A,trrosettarna2_native_ss,R1_R2,27,8,6,5,5,1,3,4,1,4,0.8,0.5,0.6153846153846154,-0.033333333333333326,-0.125,-0.09890109890109888,1,0,1,0.0,1.0,0.8
legacy121_v1__8jhp_27_hpbulge_nmr_a__legacy_gt__trrosettarna2_native_ss__historical_legacy121_v1,8JHP_27_hpbulge_nmr_A,trrosettarna2_native_ss,R1_R3,27,8,6,5,5,1,3,4,1,4,0.8,0.5,0.6153846153846154,-0.033333333333333326,-0.125,-0.09890109890109888,1,0,1,0.0,1.0,0.8
legacy121_v1__8k8b_20_hp_nmr_a__legacy_gt__petfold__historical_legacy121_v1,8K8B_20_hp_nmr_A,petfold,ORIGINAL,19,7,8,8,7,1,0,7,1,0,0.875,1.0,0.9333333333333333,0.0,0.0,0.0,0,0,0,,,1.0
legacy121_v1__8k8b_20_hp_nmr_a__legacy_gt__petfold__historical_legacy121_v1,8K8B_20_hp_nmr_A,petfold,R1,19,7,8,8,7,1,0,7,1,0,0.875,1.0,0.9333333333333333,0.0,0.0,0.0,0,0,0,,,1.0
legacy121_v1__8k8b_20_hp_nmr_a__legacy_gt__petfold__historical_legacy121_v1,8K8B_20_hp_nmr_A,petfold,R2,19,7,8,8,7,1,0,7,1,0,0.875,1.0,0.9333333333333333,0.0,0.0,0.0,0,0,0,,,1.0
legacy121_v1__8k8b_20_hp_nmr_a__legacy_gt__petfold__historical_legacy121_v1,8K8B_20_hp_nmr_A,petfold,R3,19,7,8,8,7,1,0,7,1,0,0.875,1.0,0.9333333333333333,0.0,0.0,0.0,0,0,0,,,1.0
legacy121_v1__8k8b_20_hp_nmr_a__legacy_gt__petfold__historical_legacy121_v1,8K8B_20_hp_nmr_A,petfold,R1_R2,19,7,8,8,7,1,0,7,1,0,0.875,1.0,0.9333333333333333,0.0,0.0,0.0,0,0,0,,,1.0
legacy121_v1__8k8b_20_hp_nmr_a__legacy_gt__petfold__historical_legacy121_v1,8K8B_20_hp_nmr_A,petfold,R1_R3,19,7,8,8,7,1,0,7,1,0,0.875,1.0,0.9333333333333333,0.0,0.0,0.0,0,0,0,,,1.0
legacy121_v1__8k8b_20_hp_nmr_a__legacy_gt__rnafold__historical_legacy121_v1,8K8B_20_hp_nmr_A,rnafold,ORIGINAL,19,7,8,8,7,1,0,7,1,0,0.875,1.0,0.9333333333333333,0.0,0.0,0.0,0,0,0,,,1.0
legacy121_v1__8k8b_20_hp_nmr_a__legacy_gt__rnafold__historical_legacy121_v1,8K8B_20_hp_nmr_A,rnafold,R1,19,7,8,8,7,1,0,7,1,0,0.875,1.0,0.9333333333333333,0.0,0.0,0.0,0,0,0,,,1.0
legacy121_v1__8k8b_20_hp_nmr_a__legacy_gt__rnafold__historical_legacy121_v1,8K8B_20_hp_nmr_A,rnafold,R2,19,7,8,8,7,1,0,7,1,0,0.875,1.0,0.9333333333333333,0.0,0.0,0.0,0,0,0,,,1.0
legacy121_v1__8k8b_20_hp_nmr_a__legacy_gt__rnafold__historical_legacy121_v1,8K8B_20_hp_nmr_A,rnafold,R3,19,7,8,8,7,1,0,7,1,0,0.875,1.0,0.9333333333333333,0.0,0.0,0.0,0,0,0,,,1.0
legacy121_v1__8k8b_20_hp_nmr_a__legacy_gt__rnafold__historical_legacy121_v1,8K8B_20_hp_nmr_A,rnafold,R1_R2,19,7,8,8,7,1,0,7,1,0,0.875,1.0,0.9333333333333333,0.0,0.0,0.0,0,0,0,,,1.0
legacy121_v1__8k8b_20_hp_nmr_a__legacy_gt__rnafold__historical_legacy121_v1,8K8B_20_hp_nmr_A,rnafold,R1_R3,19,7,8,8,7,1,0,7,1,0,0.875,1.0,0.9333333333333333,0.0,0.0,0.0,0,0,0,,,1.0
legacy121_v1__8k8b_20_hp_nmr_a__legacy_gt__trrosettarna2_native_ss__historical_legacy121_v1,8K8B_20_hp_nmr_A,trrosettarna2_native_ss,ORIGINAL,19,7,8,8,7,1,0,7,1,0,0.875,1.0,0.9333333333333333,0.0,0.0,0.0,0,0,0,,,1.0
legacy121_v1__8k8b_20_hp_nmr_a__legacy_gt__trrosettarna2_native_ss__historical_legacy121_v1,8K8B_20_hp_nmr_A,trrosettarna2_native_ss,R1,19,7,8,7,7,1,0,7,0,0,1.0,1.0,1.0,0.125,0.0,0.06666666666666665,1,1,0,1.0,0.0,1.0
legacy121_v1__8k8b_20_hp_nmr_a__legacy_gt__trrosettarna2_native_ss__historical_legacy121_v1,8K8B_20_hp_nmr_A,trrosettarna2_native_ss,R2,19,7,8,8,7,1,0,7,1,0,0.875,1.0,0.9333333333333333,0.0,0.0,0.0,0,0,0,,,1.0
legacy121_v1__8k8b_20_hp_nmr_a__legacy_gt__trrosettarna2_native_ss__historical_legacy121_v1,8K8B_20_hp_nmr_A,trrosettarna2_native_ss,R3,19,7,8,8,7,1,0,7,1,0,0.875,1.0,0.9333333333333333,0.0,0.0,0.0,0,0,0,,,1.0
legacy121_v1__8k8b_20_hp_nmr_a__legacy_gt__trrosettarna2_native_ss__historical_legacy121_v1,8K8B_20_hp_nmr_A,trrosettarna2_native_ss,R1_R2,19,7,8,7,7,1,0,7,0,0,1.0,1.0,1.0,0.125,0.0,0.06666666666666665,1,1,0,1.0,0.0,1.0
legacy121_v1__8k8b_20_hp_nmr_a__legacy_gt__trrosettarna2_native_ss__historical_legacy121_v1,8K8B_20_hp_nmr_A,trrosettarna2_native_ss,R1_R3,19,7,8,7,7,1,0,7,0,0,1.0,1.0,1.0,0.125,0.0,0.06666666666666665,1,1,0,1.0,0.0,1.0
legacy121_v1__8sch_68_hpbulge_nmr_a__legacy_gt__petfold__historical_legacy121_v1,8SCH_68_hpbulge_nmr_A,petfold,ORIGINAL,68,21,25,25,21,4,0,21,4,0,0.84,1.0,0.9130434782608695,0.0,0.0,0.0,0,0,0,,,1.0
legacy121_v1__8sch_68_hpbulge_nmr_a__legacy_gt__petfold__historical_legacy121_v1,8SCH_68_hpbulge_nmr_A,petfold,R1,68,21,25,25,21,4,0,21,4,0,0.84,1.0,0.9130434782608695,0.0,0.0,0.0,0,0,0,,,1.0
legacy121_v1__8sch_68_hpbulge_nmr_a__legacy_gt__petfold__historical_legacy121_v1,8SCH_68_hpbulge_nmr_A,petfold,R2,68,21,25,25,21,4,0,21,4,0,0.84,1.0,0.9130434782608695,0.0,0.0,0.0,0,0,0,,,1.0
legacy121_v1__8sch_68_hpbulge_nmr_a__legacy_gt__petfold__historical_legacy121_v1,8SCH_68_hpbulge_nmr_A,petfold,R3,68,21,25,25,21,4,0,21,4,0,0.84,1.0,0.9130434782608695,0.0,0.0,0.0,0,0,0,,,1.0
legacy121_v1__8sch_68_hpbulge_nmr_a__legacy_gt__petfold__historical_legacy121_v1,8SCH_68_hpbulge_nmr_A,petfold,R1_R2,68,21,25,25,21,4,0,21,4,0,0.84,1.0,0.9130434782608695,0.0,0.0,0.0,0,0,0,,,1.0
legacy121_v1__8sch_68_hpbulge_nmr_a__legacy_gt__petfold__historical_legacy121_v1,8SCH_68_hpbulge_nmr_A,petfold,R1_R3,68,21,25,25,21,4,0,21,4,0,0.84,1.0,0.9130434782608695,0.0,0.0,0.0,0,0,0,,,1.0
legacy121_v1__8sch_68_hpbulge_nmr_a__legacy_gt__rnafold__historical_legacy121_v1,8SCH_68_hpbulge_nmr_A,rnafold,ORIGINAL,68,21,24,24,21,3,0,21,3,0,0.875,1.0,0.9333333333333333,0.0,0.0,0.0,0,0,0,,,1.0
legacy121_v1__8sch_68_hpbulge_nmr_a__legacy_gt__rnafold__historical_legacy121_v1,8SCH_68_hpbulge_nmr_A,rnafold,R1,68,21,24,24,21,3,0,21,3,0,0.875,1.0,0.9333333333333333,0.0,0.0,0.0,0,0,0,,,1.0
legacy121_v1__8sch_68_hpbulge_nmr_a__legacy_gt__rnafold__historical_legacy121_v1,8SCH_68_hpbulge_nmr_A,rnafold,R2,68,21,24,24,21,3,0,21,3,0,0.875,1.0,0.9333333333333333,0.0,0.0,0.0,0,0,0,,,1.0
legacy121_v1__8sch_68_hpbulge_nmr_a__legacy_gt__rnafold__historical_legacy121_v1,8SCH_68_hpbulge_nmr_A,rnafold,R3,68,21,24,24,21,3,0,21,3,0,0.875,1.0,0.9333333333333333,0.0,0.0,0.0,0,0,0,,,1.0
legacy121_v1__8sch_68_hpbulge_nmr_a__legacy_gt__rnafold__historical_legacy121_v1,8SCH_68_hpbulge_nmr_A,rnafold,R1_R2,68,21,24,24,21,3,0,21,3,0,0.875,1.0,0.9333333333333333,0.0,0.0,0.0,0,0,0,,,1.0
legacy121_v1__8sch_68_hpbulge_nmr_a__legacy_gt__rnafold__historical_legacy121_v1,8SCH_68_hpbulge_nmr_A,rnafold,R1_R3,68,21,24,24,21,3,0,21,3,0,0.875,1.0,0.9333333333333333,0.0,0.0,0.0,0,0,0,,,1.0
legacy121_v1__8sch_68_hpbulge_nmr_a__legacy_gt__trrosettarna2_native_ss__historical_legacy121_v1,8SCH_68_hpbulge_nmr_A,trrosettarna2_native_ss,ORIGINAL,68,21,24,24,21,3,0,21,3,0,0.875,1.0,0.9333333333333333,0.0,0.0,0.0,0,0,0,,,1.0
legacy121_v1__8sch_68_hpbulge_nmr_a__legacy_gt__trrosettarna2_native_ss__historical_legacy121_v1,8SCH_68_hpbulge_nmr_A,trrosettarna2_native_ss,R1,68,21,24,23,21,3,0,21,2,0,0.9130434782608695,1.0,0.9545454545454546,0.03804347826086951,0.0,0.021212121212121238,1,1,0,1.0,0.0,1.0
legacy121_v1__8sch_68_hpbulge_nmr_a__legacy_gt__trrosettarna2_native_ss__historical_legacy121_v1,8SCH_68_hpbulge_nmr_A,trrosettarna2_native_ss,R2,68,21,24,24,21,3,0,21,3,0,0.875,1.0,0.9333333333333333,0.0,0.0,0.0,0,0,0,,,1.0
legacy121_v1__8sch_68_hpbulge_nmr_a__legacy_gt__trrosettarna2_native_ss__historical_legacy121_v1,8SCH_68_hpbulge_nmr_A,trrosettarna2_native_ss,R3,68,21,24,24,21,3,0,21,3,0,0.875,1.0,0.9333333333333333,0.0,0.0,0.0,0,0,0,,,1.0
legacy121_v1__8sch_68_hpbulge_nmr_a__legacy_gt__trrosettarna2_native_ss__historical_legacy121_v1,8SCH_68_hpbulge_nmr_A,trrosettarna2_native_ss,R1_R2,68,21,24,23,21,3,0,21,2,0,0.9130434782608695,1.0,0.9545454545454546,0.03804347826086951,0.0,0.021212121212121238,1,1,0,1.0,0.0,1.0
legacy121_v1__8sch_68_hpbulge_nmr_a__legacy_gt__trrosettarna2_native_ss__historical_legacy121_v1,8SCH_68_hpbulge_nmr_A,trrosettarna2_native_ss,R1_R3,68,21,24,23,21,3,0,21,2,0,0.9130434782608695,1.0,0.9545454545454546,0.03804347826086951,0.0,0.021212121212121238,1,1,0,1.0,0.0,1.0
legacy121_v1__9fo9_33_hp_nmr_a__legacy_gt__petfold__historical_legacy121_v1,9FO9_33_hp_nmr_A,petfold,ORIGINAL,33,11,12,12,11,1,0,11,1,0,0.9166666666666666,1.0,0.9565217391304348,0.0,0.0,0.0,0,0,0,,,1.0
legacy121_v1__9fo9_33_hp_nmr_a__legacy_gt__petfold__historical_legacy121_v1,9FO9_33_hp_nmr_A,petfold,R1,33,11,12,12,11,1,0,11,1,0,0.9166666666666666,1.0,0.9565217391304348,0.0,0.0,0.0,0,0,0,,,1.0
legacy121_v1__9fo9_33_hp_nmr_a__legacy_gt__petfold__historical_legacy121_v1,9FO9_33_hp_nmr_A,petfold,R2,33,11,12,12,11,1,0,11,1,0,0.9166666666666666,1.0,0.9565217391304348,0.0,0.0,0.0,0,0,0,,,1.0
legacy121_v1__9fo9_33_hp_nmr_a__legacy_gt__petfold__historical_legacy121_v1,9FO9_33_hp_nmr_A,petfold,R3,33,11,12,12,11,1,0,11,1,0,0.9166666666666666,1.0,0.9565217391304348,0.0,0.0,0.0,0,0,0,,,1.0
legacy121_v1__9fo9_33_hp_nmr_a__legacy_gt__petfold__historical_legacy121_v1,9FO9_33_hp_nmr_A,petfold,R1_R2,33,11,12,12,11,1,0,11,1,0,0.9166666666666666,1.0,0.9565217391304348,0.0,0.0,0.0,0,0,0,,,1.0
legacy121_v1__9fo9_33_hp_nmr_a__legacy_gt__petfold__historical_legacy121_v1,9FO9_33_hp_nmr_A,petfold,R1_R3,33,11,12,12,11,1,0,11,1,0,0.9166666666666666,1.0,0.9565217391304348,0.0,0.0,0.0,0,0,0,,,1.0
legacy121_v1__9fo9_33_hp_nmr_a__legacy_gt__rnafold__historical_legacy121_v1,9FO9_33_hp_nmr_A,rnafold,ORIGINAL,33,11,12,12,11,1,0,11,1,0,0.9166666666666666,1.0,0.9565217391304348,0.0,0.0,0.0,0,0,0,,,1.0
legacy121_v1__9fo9_33_hp_nmr_a__legacy_gt__rnafold__historical_legacy121_v1,9FO9_33_hp_nmr_A,rnafold,R1,33,11,12,12,11,1,0,11,1,0,0.9166666666666666,1.0,0.9565217391304348,0.0,0.0,0.0,0,0,0,,,1.0
legacy121_v1__9fo9_33_hp_nmr_a__legacy_gt__rnafold__historical_legacy121_v1,9FO9_33_hp_nmr_A,rnafold,R2,33,11,12,12,11,1,0,11,1,0,0.9166666666666666,1.0,0.9565217391304348,0.0,0.0,0.0,0,0,0,,,1.0
legacy121_v1__9fo9_33_hp_nmr_a__legacy_gt__rnafold__historical_legacy121_v1,9FO9_33_hp_nmr_A,rnafold,R3,33,11,12,12,11,1,0,11,1,0,0.9166666666666666,1.0,0.9565217391304348,0.0,0.0,0.0,0,0,0,,,1.0
legacy121_v1__9fo9_33_hp_nmr_a__legacy_gt__rnafold__historical_legacy121_v1,9FO9_33_hp_nmr_A,rnafold,R1_R2,33,11,12,12,11,1,0,11,1,0,0.9166666666666666,1.0,0.9565217391304348,0.0,0.0,0.0,0,0,0,,,1.0
legacy121_v1__9fo9_33_hp_nmr_a__legacy_gt__rnafold__historical_legacy121_v1,9FO9_33_hp_nmr_A,rnafold,R1_R3,33,11,12,12,11,1,0,11,1,0,0.9166666666666666,1.0,0.9565217391304348,0.0,0.0,0.0,0,0,0,,,1.0
legacy121_v1__9fo9_33_hp_nmr_a__legacy_gt__trrosettarna2_native_ss__historical_legacy121_v1,9FO9_33_hp_nmr_A,trrosettarna2_native_ss,ORIGINAL,33,11,14,14,11,3,0,11,3,0,0.7857142857142857,1.0,0.88,0.0,0.0,0.0,0,0,0,,,1.0
legacy121_v1__9fo9_33_hp_nmr_a__legacy_gt__trrosettarna2_native_ss__historical_legacy121_v1,9FO9_33_hp_nmr_A,trrosettarna2_native_ss,R1,33,11,14,13,11,3,0,11,2,0,0.8461538461538461,1.0,0.9166666666666666,0.06043956043956045,0.0,0.036666666666666625,1,1,0,1.0,0.0,1.0
legacy121_v1__9fo9_33_hp_nmr_a__legacy_gt__trrosettarna2_native_ss__historical_legacy121_v1,9FO9_33_hp_nmr_A,trrosettarna2_native_ss,R2,33,11,14,14,11,3,0,11,3,0,0.7857142857142857,1.0,0.88,0.0,0.0,0.0,0,0,0,,,1.0
legacy121_v1__9fo9_33_hp_nmr_a__legacy_gt__trrosettarna2_native_ss__historical_legacy121_v1,9FO9_33_hp_nmr_A,trrosettarna2_native_ss,R3,33,11,14,14,11,3,0,11,3,0,0.7857142857142857,1.0,0.88,0.0,0.0,0.0,0,0,0,,,1.0
legacy121_v1__9fo9_33_hp_nmr_a__legacy_gt__trrosettarna2_native_ss__historical_legacy121_v1,9FO9_33_hp_nmr_A,trrosettarna2_native_ss,R1_R2,33,11,14,13,11,3,0,11,2,0,0.8461538461538461,1.0,0.9166666666666666,0.06043956043956045,0.0,0.036666666666666625,1,1,0,1.0,0.0,1.0
legacy121_v1__9fo9_33_hp_nmr_a__legacy_gt__trrosettarna2_native_ss__historical_legacy121_v1,9FO9_33_hp_nmr_A,trrosettarna2_native_ss,R1_R3,33,11,14,13,11,3,0,11,2,0,0.8461538461538461,1.0,0.9166666666666666,0.06043956043956045,0.0,0.036666666666666625,1,1,0,1.0,0.0,1.0
legacy121_v1__9g7c_224_4wj_cryoem_a__legacy_gt__petfold__historical_legacy121_v1,9G7C_224_4wj_cryoEM_A,petfold,ORIGINAL,224,60,64,64,24,40,36,24,40,36,0.375,0.4,0.3870967741935484,0.0,0.0,0.0,0,0,0,,,1.0
legacy121_v1__9g7c_224_4wj_cryoem_a__legacy_gt__petfold__historical_legacy121_v1,9G7C_224_4wj_cryoEM_A,petfold,R1,224,60,64,62,24,40,36,24,38,36,0.3870967741935484,0.4,0.39344262295081966,0.012096774193548376,0.0,0.0063458487572712885,2,2,0,1.0,0.0,1.0
legacy121_v1__9g7c_224_4wj_cryoem_a__legacy_gt__petfold__historical_legacy121_v1,9G7C_224_4wj_cryoEM_A,petfold,R2,224,60,64,58,24,40,36,24,34,36,0.41379310344827586,0.4,0.4067796610169492,0.038793103448275856,0.0,0.019682886823400803,6,6,0,1.0,0.0,1.0
legacy121_v1__9g7c_224_4wj_cryoem_a__legacy_gt__petfold__historical_legacy121_v1,9G7C_224_4wj_cryoEM_A,petfold,R3,224,60,64,64,24,40,36,24,40,36,0.375,0.4,0.3870967741935484,0.0,0.0,0.0,0,0,0,,,1.0
legacy121_v1__9g7c_224_4wj_cryoem_a__legacy_gt__petfold__historical_legacy121_v1,9G7C_224_4wj_cryoEM_A,petfold,R1_R2,224,60,64,56,24,40,36,24,32,36,0.42857142857142855,0.4,0.41379310344827586,0.05357142857142855,0.0,0.02669632925472748,8,8,0,1.0,0.0,1.0
legacy121_v1__9g7c_224_4wj_cryoem_a__legacy_gt__petfold__historical_legacy121_v1,9G7C_224_4wj_cryoEM_A,petfold,R1_R3,224,60,64,62,24,40,36,24,38,36,0.3870967741935484,0.4,0.39344262295081966,0.012096774193548376,0.0,0.0063458487572712885,2,2,0,1.0,0.0,1.0
legacy121_v1__9g7c_224_4wj_cryoem_a__legacy_gt__rnafold__historical_legacy121_v1,9G7C_224_4wj_cryoEM_A,rnafold,ORIGINAL,224,60,65,65,24,41,36,24,41,36,0.36923076923076925,0.4,0.384,0.0,0.0,0.0,0,0,0,,,1.0
legacy121_v1__9g7c_224_4wj_cryoem_a__legacy_gt__rnafold__historical_legacy121_v1,9G7C_224_4wj_cryoEM_A,rnafold,R1,224,60,65,63,24,41,36,24,39,36,0.38095238095238093,0.4,0.3902439024390244,0.01172161172161168,0.0,0.006243902439024396,2,2,0,1.0,0.0,1.0
legacy121_v1__9g7c_224_4wj_cryoem_a__legacy_gt__rnafold__historical_legacy121_v1,9G7C_224_4wj_cryoEM_A,rnafold,R2,224,60,65,57,24,41,36,24,33,36,0.42105263157894735,0.4,0.41025641025641024,0.051821862348178094,0.0,0.026256410256410234,8,8,0,1.0,0.0,1.0
legacy121_v1__9g7c_224_4wj_cryoem_a__legacy_gt__rnafold__historical_legacy121_v1,9G7C_224_4wj_cryoEM_A,rnafold,R3,224,60,65,65,24,41,36,24,41,36,0.36923076923076925,0.4,0.384,0.0,0.0,0.0,0,0,0,,,1.0
legacy121_v1__9g7c_224_4wj_cryoem_a__legacy_gt__rnafold__historical_legacy121_v1,9G7C_224_4wj_cryoEM_A,rnafold,R1_R2,224,60,65,55,24,41,36,24,31,36,0.43636363636363634,0.4,0.41739130434782606,0.06713286713286709,0.0,0.033391304347826056,10,10,0,1.0,0.0,1.0
legacy121_v1__9g7c_224_4wj_cryoem_a__legacy_gt__rnafold__historical_legacy121_v1,9G7C_224_4wj_cryoEM_A,rnafold,R1_R3,224,60,65,63,24,41,36,24,39,36,0.38095238095238093,0.4,0.3902439024390244,0.01172161172161168,0.0,0.006243902439024396,2,2,0,1.0,0.0,1.0
legacy121_v1__9g7c_224_4wj_cryoem_a__legacy_gt__trrosettarna2_native_ss__historical_legacy121_v1,9G7C_224_4wj_cryoEM_A,trrosettarna2_native_ss,ORIGINAL,224,60,30,30,24,6,36,24,6,36,0.8,0.4,0.5333333333333333,0.0,0.0,0.0,0,0,0,,,1.0
legacy121_v1__9g7c_224_4wj_cryoem_a__legacy_gt__trrosettarna2_native_ss__historical_legacy121_v1,9G7C_224_4wj_cryoEM_A,trrosettarna2_native_ss,R1,224,60,30,30,24,6,36,24,6,36,0.8,0.4,0.5333333333333333,0.0,0.0,0.0,0,0,0,,,1.0
legacy121_v1__9g7c_224_4wj_cryoem_a__legacy_gt__trrosettarna2_native_ss__historical_legacy121_v1,9G7C_224_4wj_cryoEM_A,trrosettarna2_native_ss,R2,224,60,30,30,24,6,36,24,6,36,0.8,0.4,0.5333333333333333,0.0,0.0,0.0,0,0,0,,,1.0
legacy121_v1__9g7c_224_4wj_cryoem_a__legacy_gt__trrosettarna2_native_ss__historical_legacy121_v1,9G7C_224_4wj_cryoEM_A,trrosettarna2_native_ss,R3,224,60,30,29,24,6,36,24,5,36,0.8275862068965517,0.4,0.5393258426966292,0.027586206896551668,0.0,0.005992509363295873,1,1,0,1.0,0.0,1.0
legacy121_v1__9g7c_224_4wj_cryoem_a__legacy_gt__trrosettarna2_native_ss__historical_legacy121_v1,9G7C_224_4wj_cryoEM_A,trrosettarna2_native_ss,R1_R2,224,60,30,30,24,6,36,24,6,36,0.8,0.4,0.5333333333333333,0.0,0.0,0.0,0,0,0,,,1.0
legacy121_v1__9g7c_224_4wj_cryoem_a__legacy_gt__trrosettarna2_native_ss__historical_legacy121_v1,9G7C_224_4wj_cryoEM_A,trrosettarna2_native_ss,R1_R3,224,60,30,29,24,6,36,24,5,36,0.8275862068965517,0.4,0.5393258426966292,0.027586206896551668,0.0,0.005992509363295873,1,1,0,1.0,0.0,1.0
legacy121_v1__9obm_73_hp_nmr_a__legacy_gt__petfold__historical_legacy121_v1,9OBM_73_hp_nmr_A,petfold,ORIGINAL,73,28,29,29,27,2,1,27,2,1,0.9310344827586207,0.9642857142857143,0.9473684210526315,0.0,0.0,0.0,0,0,0,,,1.0
legacy121_v1__9obm_73_hp_nmr_a__legacy_gt__petfold__historical_legacy121_v1,9OBM_73_hp_nmr_A,petfold,R1,73,28,29,29,27,2,1,27,2,1,0.9310344827586207,0.9642857142857143,0.9473684210526315,0.0,0.0,0.0,0,0,0,,,1.0
legacy121_v1__9obm_73_hp_nmr_a__legacy_gt__petfold__historical_legacy121_v1,9OBM_73_hp_nmr_A,petfold,R2,73,28,29,29,27,2,1,27,2,1,0.9310344827586207,0.9642857142857143,0.9473684210526315,0.0,0.0,0.0,0,0,0,,,1.0
legacy121_v1__9obm_73_hp_nmr_a__legacy_gt__petfold__historical_legacy121_v1,9OBM_73_hp_nmr_A,petfold,R3,73,28,29,29,27,2,1,27,2,1,0.9310344827586207,0.9642857142857143,0.9473684210526315,0.0,0.0,0.0,0,0,0,,,1.0
legacy121_v1__9obm_73_hp_nmr_a__legacy_gt__petfold__historical_legacy121_v1,9OBM_73_hp_nmr_A,petfold,R1_R2,73,28,29,29,27,2,1,27,2,1,0.9310344827586207,0.9642857142857143,0.9473684210526315,0.0,0.0,0.0,0,0,0,,,1.0
legacy121_v1__9obm_73_hp_nmr_a__legacy_gt__petfold__historical_legacy121_v1,9OBM_73_hp_nmr_A,petfold,R1_R3,73,28,29,29,27,2,1,27,2,1,0.9310344827586207,0.9642857142857143,0.9473684210526315,0.0,0.0,0.0,0,0,0,,,1.0
legacy121_v1__9obm_73_hp_nmr_a__legacy_gt__rnafold__historical_legacy121_v1,9OBM_73_hp_nmr_A,rnafold,ORIGINAL,73,28,28,28,27,1,1,27,1,1,0.9642857142857143,0.9642857142857143,0.9642857142857143,0.0,0.0,0.0,0,0,0,,,1.0
legacy121_v1__9obm_73_hp_nmr_a__legacy_gt__rnafold__historical_legacy121_v1,9OBM_73_hp_nmr_A,rnafold,R1,73,28,28,28,27,1,1,27,1,1,0.9642857142857143,0.9642857142857143,0.9642857142857143,0.0,0.0,0.0,0,0,0,,,1.0
legacy121_v1__9obm_73_hp_nmr_a__legacy_gt__rnafold__historical_legacy121_v1,9OBM_73_hp_nmr_A,rnafold,R2,73,28,28,28,27,1,1,27,1,1,0.9642857142857143,0.9642857142857143,0.9642857142857143,0.0,0.0,0.0,0,0,0,,,1.0
legacy121_v1__9obm_73_hp_nmr_a__legacy_gt__rnafold__historical_legacy121_v1,9OBM_73_hp_nmr_A,rnafold,R3,73,28,28,28,27,1,1,27,1,1,0.9642857142857143,0.9642857142857143,0.9642857142857143,0.0,0.0,0.0,0,0,0,,,1.0
legacy121_v1__9obm_73_hp_nmr_a__legacy_gt__rnafold__historical_legacy121_v1,9OBM_73_hp_nmr_A,rnafold,R1_R2,73,28,28,28,27,1,1,27,1,1,0.9642857142857143,0.9642857142857143,0.9642857142857143,0.0,0.0,0.0,0,0,0,,,1.0
legacy121_v1__9obm_73_hp_nmr_a__legacy_gt__rnafold__historical_legacy121_v1,9OBM_73_hp_nmr_A,rnafold,R1_R3,73,28,28,28,27,1,1,27,1,1,0.9642857142857143,0.9642857142857143,0.9642857142857143,0.0,0.0,0.0,0,0,0,,,1.0
legacy121_v1__9obm_73_hp_nmr_a__legacy_gt__trrosettarna2_native_ss__historical_legacy121_v1,9OBM_73_hp_nmr_A,trrosettarna2_native_ss,ORIGINAL,73,28,30,30,27,3,1,27,3,1,0.9,0.9642857142857143,0.9310344827586207,0.0,0.0,0.0,0,0,0,,,1.0
legacy121_v1__9obm_73_hp_nmr_a__legacy_gt__trrosettarna2_native_ss__historical_legacy121_v1,9OBM_73_hp_nmr_A,trrosettarna2_native_ss,R1,73,28,30,29,27,3,1,27,2,1,0.9310344827586207,0.9642857142857143,0.9473684210526315,0.03103448275862064,0.0,0.016333938294010864,1,1,0,1.0,0.0,1.0
legacy121_v1__9obm_73_hp_nmr_a__legacy_gt__trrosettarna2_native_ss__historical_legacy121_v1,9OBM_73_hp_nmr_A,trrosettarna2_native_ss,R2,73,28,30,30,27,3,1,27,3,1,0.9,0.9642857142857143,0.9310344827586207,0.0,0.0,0.0,0,0,0,,,1.0
legacy121_v1__9obm_73_hp_nmr_a__legacy_gt__trrosettarna2_native_ss__historical_legacy121_v1,9OBM_73_hp_nmr_A,trrosettarna2_native_ss,R3,73,28,30,30,27,3,1,27,3,1,0.9,0.9642857142857143,0.9310344827586207,0.0,0.0,0.0,0,0,0,,,1.0
legacy121_v1__9obm_73_hp_nmr_a__legacy_gt__trrosettarna2_native_ss__historical_legacy121_v1,9OBM_73_hp_nmr_A,trrosettarna2_native_ss,R1_R2,73,28,30,29,27,3,1,27,2,1,0.9310344827586207,0.9642857142857143,0.9473684210526315,0.03103448275862064,0.0,0.016333938294010864,1,1,0,1.0,0.0,1.0
legacy121_v1__9obm_73_hp_nmr_a__legacy_gt__trrosettarna2_native_ss__historical_legacy121_v1,9OBM_73_hp_nmr_A,trrosettarna2_native_ss,R1_R3,73,28,30,29,27,3,1,27,2,1,0.9310344827586207,0.9642857142857143,0.9473684210526315,0.03103448275862064,0.0,0.016333938294010864,1,1,0,1.0,0.0,1.0
legacy121_v1__9od4_23_hp_nmr_a__legacy_gt__petfold__historical_legacy121_v1,9OD4_23_hp_nmr_A,petfold,ORIGINAL,23,8,9,9,8,1,0,8,1,0,0.8888888888888888,1.0,0.9411764705882353,0.0,0.0,0.0,0,0,0,,,1.0
legacy121_v1__9od4_23_hp_nmr_a__legacy_gt__petfold__historical_legacy121_v1,9OD4_23_hp_nmr_A,petfold,R1,23,8,9,9,8,1,0,8,1,0,0.8888888888888888,1.0,0.9411764705882353,0.0,0.0,0.0,0,0,0,,,1.0
legacy121_v1__9od4_23_hp_nmr_a__legacy_gt__petfold__historical_legacy121_v1,9OD4_23_hp_nmr_A,petfold,R2,23,8,9,9,8,1,0,8,1,0,0.8888888888888888,1.0,0.9411764705882353,0.0,0.0,0.0,0,0,0,,,1.0
legacy121_v1__9od4_23_hp_nmr_a__legacy_gt__petfold__historical_legacy121_v1,9OD4_23_hp_nmr_A,petfold,R3,23,8,9,9,8,1,0,8,1,0,0.8888888888888888,1.0,0.9411764705882353,0.0,0.0,0.0,0,0,0,,,1.0
legacy121_v1__9od4_23_hp_nmr_a__legacy_gt__petfold__historical_legacy121_v1,9OD4_23_hp_nmr_A,petfold,R1_R2,23,8,9,9,8,1,0,8,1,0,0.8888888888888888,1.0,0.9411764705882353,0.0,0.0,0.0,0,0,0,,,1.0
legacy121_v1__9od4_23_hp_nmr_a__legacy_gt__petfold__historical_legacy121_v1,9OD4_23_hp_nmr_A,petfold,R1_R3,23,8,9,9,8,1,0,8,1,0,0.8888888888888888,1.0,0.9411764705882353,0.0,0.0,0.0,0,0,0,,,1.0
legacy121_v1__9od4_23_hp_nmr_a__legacy_gt__rnafold__historical_legacy121_v1,9OD4_23_hp_nmr_A,rnafold,ORIGINAL,23,8,9,9,8,1,0,8,1,0,0.8888888888888888,1.0,0.9411764705882353,0.0,0.0,0.0,0,0,0,,,1.0
legacy121_v1__9od4_23_hp_nmr_a__legacy_gt__rnafold__historical_legacy121_v1,9OD4_23_hp_nmr_A,rnafold,R1,23,8,9,9,8,1,0,8,1,0,0.8888888888888888,1.0,0.9411764705882353,0.0,0.0,0.0,0,0,0,,,1.0
legacy121_v1__9od4_23_hp_nmr_a__legacy_gt__rnafold__historical_legacy121_v1,9OD4_23_hp_nmr_A,rnafold,R2,23,8,9,9,8,1,0,8,1,0,0.8888888888888888,1.0,0.9411764705882353,0.0,0.0,0.0,0,0,0,,,1.0
legacy121_v1__9od4_23_hp_nmr_a__legacy_gt__rnafold__historical_legacy121_v1,9OD4_23_hp_nmr_A,rnafold,R3,23,8,9,9,8,1,0,8,1,0,0.8888888888888888,1.0,0.9411764705882353,0.0,0.0,0.0,0,0,0,,,1.0
legacy121_v1__9od4_23_hp_nmr_a__legacy_gt__rnafold__historical_legacy121_v1,9OD4_23_hp_nmr_A,rnafold,R1_R2,23,8,9,9,8,1,0,8,1,0,0.8888888888888888,1.0,0.9411764705882353,0.0,0.0,0.0,0,0,0,,,1.0
legacy121_v1__9od4_23_hp_nmr_a__legacy_gt__rnafold__historical_legacy121_v1,9OD4_23_hp_nmr_A,rnafold,R1_R3,23,8,9,9,8,1,0,8,1,0,0.8888888888888888,1.0,0.9411764705882353,0.0,0.0,0.0,0,0,0,,,1.0
legacy121_v1__9od4_23_hp_nmr_a__legacy_gt__trrosettarna2_native_ss__historical_legacy121_v1,9OD4_23_hp_nmr_A,trrosettarna2_native_ss,ORIGINAL,23,8,9,9,8,1,0,8,1,0,0.8888888888888888,1.0,0.9411764705882353,0.0,0.0,0.0,0,0,0,,,1.0
legacy121_v1__9od4_23_hp_nmr_a__legacy_gt__trrosettarna2_native_ss__historical_legacy121_v1,9OD4_23_hp_nmr_A,trrosettarna2_native_ss,R1,23,8,9,9,8,1,0,8,1,0,0.8888888888888888,1.0,0.9411764705882353,0.0,0.0,0.0,0,0,0,,,1.0
legacy121_v1__9od4_23_hp_nmr_a__legacy_gt__trrosettarna2_native_ss__historical_legacy121_v1,9OD4_23_hp_nmr_A,trrosettarna2_native_ss,R2,23,8,9,9,8,1,0,8,1,0,0.8888888888888888,1.0,0.9411764705882353,0.0,0.0,0.0,0,0,0,,,1.0
legacy121_v1__9od4_23_hp_nmr_a__legacy_gt__trrosettarna2_native_ss__historical_legacy121_v1,9OD4_23_hp_nmr_A,trrosettarna2_native_ss,R3,23,8,9,9,8,1,0,8,1,0,0.8888888888888888,1.0,0.9411764705882353,0.0,0.0,0.0,0,0,0,,,1.0
legacy121_v1__9od4_23_hp_nmr_a__legacy_gt__trrosettarna2_native_ss__historical_legacy121_v1,9OD4_23_hp_nmr_A,trrosettarna2_native_ss,R1_R2,23,8,9,9,8,1,0,8,1,0,0.8888888888888888,1.0,0.9411764705882353,0.0,0.0,0.0,0,0,0,,,1.0
legacy121_v1__9od4_23_hp_nmr_a__legacy_gt__trrosettarna2_native_ss__historical_legacy121_v1,9OD4_23_hp_nmr_A,trrosettarna2_native_ss,R1_R3,23,8,9,9,8,1,0,8,1,0,0.8888888888888888,1.0,0.9411764705882353,0.0,0.0,0.0,0,0,0,,,1.0
