rna_id,sequence_length,historical_pair_count,reproduced_pair_count,exact_pair_set_match,historical_only_pair_count,rerun_only_pair_count,status,failure_reason,command,input_fasta_path,input_fasta_sha256,raw_stdout_path,raw_stdout_sha256,stderr_path,stderr_sha256,petfoldrr_path,petfoldrr_sha256,runtime_seconds,exit_code,output_structure
17RA_21_hp_nmr_A,21,8,8,True,0,0,exact,,PETFOLDBIN=/root/autodl-tmp/PETfold/bin /root/autodl-tmp/PETfold/bin/PETfold -f /root/autodl-tmp/data/sequences/17RA_21_hp_nmr_A.fasta -r /root/autodl-tmp/rna-ccfa/results/petfold_reproduction/legacy121_raw/17RA_21_hp_nmr_A.petfoldrr,/root/autodl-tmp/data/sequences/17RA_21_hp_nmr_A.fasta,4048021e81f001ba58afdec4a6320feb4edd0d0a5ef4a03754b82e632b1065d9,/root/autodl-tmp/rna-ccfa/results/petfold_reproduction/legacy121_raw/17RA_21_hp_nmr_A.stdout.txt,b1fb17a0e214be0779149770e58da3f8fbd3574177d9b014a238f5ff1ce755d5,/root/autodl-tmp/rna-ccfa/results/petfold_reproduction/legacy121_logs/17RA_21_hp_nmr_A.stderr.txt,e3b0c44298fc1c149afbf4c8996fb92427ae41e4649b934ca495991b7852b855,/root/autodl-tmp/rna-ccfa/results/petfold_reproduction/legacy121_raw/17RA_21_hp_nmr_A.petfoldrr,1bc9a68a1a9fd72580924bdbd58bbb69ec85c1822216be32048b7b6175b3bea9,0.005594,0,((((((.((....))))))))
1A60_44_pseudknot_nmr_A,44,11,11,True,0,0,exact,,PETFOLDBIN=/root/autodl-tmp/PETfold/bin /root/autodl-tmp/PETfold/bin/PETfold -f /root/autodl-tmp/data/sequences/1A60_44_pseudknot_nmr_A.fasta -r /root/autodl-tmp/rna-ccfa/results/petfold_reproduction/legacy121_raw/1A60_44_pseudknot_nmr_A.petfoldrr,/root/autodl-tmp/data/sequences/1A60_44_pseudknot_nmr_A.fasta,c0d6f8d099767e91017e1a420a54ab2c90131bccac5112296b3da898cf797a23,/root/autodl-tmp/rna-ccfa/results/petfold_reproduction/legacy121_raw/1A60_44_pseudknot_nmr_A.stdout.txt,45d72960a36c31f0448aee25f043acfc08cd8b83ab0e8bc16da24c7317e43dbd,/root/autodl-tmp/rna-ccfa/results/petfold_reproduction/legacy121_logs/1A60_44_pseudknot_nmr_A.stderr.txt,e3b0c44298fc1c149afbf4c8996fb92427ae41e4649b934ca495991b7852b855,/root/autodl-tmp/rna-ccfa/results/petfold_reproduction/legacy121_raw/1A60_44_pseudknot_nmr_A.petfoldrr,51084a8057a6247e9d04e852887106bdb2a8a23ddf53cf5c9c62ee4878737732,0.010553,0,(((((.......)))))......((((((......))))))...
1A9L_38_hpbulge_nmr_A,38,14,14,True,0,0,exact,,PETFOLDBIN=/root/autodl-tmp/PETfold/bin /root/autodl-tmp/PETfold/bin/PETfold -f /root/autodl-tmp/data/sequences/1A9L_38_hpbulge_nmr_A.fasta -r /root/autodl-tmp/rna-ccfa/results/petfold_reproduction/legacy121_raw/1A9L_38_hpbulge_nmr_A.petfoldrr,/root/autodl-tmp/data/sequences/1A9L_38_hpbulge_nmr_A.fasta,90072f45f286ae65ed379a0ec80fb28fa9e7f23c3b297608fb118c2283a54cd1,/root/autodl-tmp/rna-ccfa/results/petfold_reproduction/legacy121_raw/1A9L_38_hpbulge_nmr_A.stdout.txt,d9c696314ec0475c75d64a18a05bdc4f9b9d96f095268ea9bc9592889ec85dfc,/root/autodl-tmp/rna-ccfa/results/petfold_reproduction/legacy121_logs/1A9L_38_hpbulge_nmr_A.stderr.txt,e3b0c44298fc1c149afbf4c8996fb92427ae41e4649b934ca495991b7852b855,/root/autodl-tmp/rna-ccfa/results/petfold_reproduction/legacy121_raw/1A9L_38_hpbulge_nmr_A.petfoldrr,14b6993cdd887532a7f217e46845195eeea01d984a99622084d80284be95b451,0.007945,0,((((((((((...((((....))))))))...))))))
1B36_38_hp_nmr_A,38,11,11,True,0,0,exact,,PETFOLDBIN=/root/autodl-tmp/PETfold/bin /root/autodl-tmp/PETfold/bin/PETfold -f /root/autodl-tmp/data/sequences/1B36_38_hp_nmr_A.fasta -r /root/autodl-tmp/rna-ccfa/results/petfold_reproduction/legacy121_raw/1B36_38_hp_nmr_A.petfoldrr,/root/autodl-tmp/data/sequences/1B36_38_hp_nmr_A.fasta,0ddd4d1f919e2ecd91e560eccc648477992d1ae644927fb582299996c9a46510,/root/autodl-tmp/rna-ccfa/results/petfold_reproduction/legacy121_raw/1B36_38_hp_nmr_A.stdout.txt,7cfc5e02a8f6b5f991a296658a678a474fe66f67fd70c3acfa8cfb69f788129f,/root/autodl-tmp/rna-ccfa/results/petfold_reproduction/legacy121_logs/1B36_38_hp_nmr_A.stderr.txt,e3b0c44298fc1c149afbf4c8996fb92427ae41e4649b934ca495991b7852b855,/root/autodl-tmp/rna-ccfa/results/petfold_reproduction/legacy121_raw/1B36_38_hp_nmr_A.petfoldrr,f6a92e352da5675e48c0c4c39fa8725ad37568ae16cd39f8fb3f749eade5d871,0.01009,0,(((((.......((((....))))((.....)))))))
1BGZ_23_hp_nmr_A,23,9,9,True,0,0,exact,,PETFOLDBIN=/root/autodl-tmp/PETfold/bin /root/autodl-tmp/PETfold/bin/PETfold -f /root/autodl-tmp/data/sequences/1BGZ_23_hp_nmr_A.fasta -r /root/autodl-tmp/rna-ccfa/results/petfold_reproduction/legacy121_raw/1BGZ_23_hp_nmr_A.petfoldrr,/root/autodl-tmp/data/sequences/1BGZ_23_hp_nmr_A.fasta,7182c7516b1c561572a132ab417f7d9c6ebcd555abd0823899ece153f7a0f377,/root/autodl-tmp/rna-ccfa/results/petfold_reproduction/legacy121_raw/1BGZ_23_hp_nmr_A.stdout.txt,efdde9de93ec5dcc2163b6afcbe5ccf1bf79e760617c9622317094c6795d2652,/root/autodl-tmp/rna-ccfa/results/petfold_reproduction/legacy121_logs/1BGZ_23_hp_nmr_A.stderr.txt,e3b0c44298fc1c149afbf4c8996fb92427ae41e4649b934ca495991b7852b855,/root/autodl-tmp/rna-ccfa/results/petfold_reproduction/legacy121_raw/1BGZ_23_hp_nmr_A.petfoldrr,963a55d6c1aa1d6d5c4f9f987b696b82de002b5b25eceb969125db25083d0a3f,0.005202,0,(((((((((...))))..)))))
1BVJ_23_hp_nmr_A,23,8,8,True,0,0,exact,,PETFOLDBIN=/root/autodl-tmp/PETfold/bin /root/autodl-tmp/PETfold/bin/PETfold -f /root/autodl-tmp/data/sequences/1BVJ_23_hp_nmr_A.fasta -r /root/autodl-tmp/rna-ccfa/results/petfold_reproduction/legacy121_raw/1BVJ_23_hp_nmr_A.petfoldrr,/root/autodl-tmp/data/sequences/1BVJ_23_hp_nmr_A.fasta,c51942c294353ada58705f5002b695cbe69269d45e09fdf047a666ac84b47bbc,/root/autodl-tmp/rna-ccfa/results/petfold_reproduction/legacy121_raw/1BVJ_23_hp_nmr_A.stdout.txt,66cc9445d28594bf754130988e346c110a33a088a442eadc8554b04d056cbc6a,/root/autodl-tmp/rna-ccfa/results/petfold_reproduction/legacy121_logs/1BVJ_23_hp_nmr_A.stderr.txt,e3b0c44298fc1c149afbf4c8996fb92427ae41e4649b934ca495991b7852b855,/root/autodl-tmp/rna-ccfa/results/petfold_reproduction/legacy121_raw/1BVJ_23_hp_nmr_A.petfoldrr,c38c790aeabeb6b5dd8fa078657969e06d0bafda23f80135ac02c58af23fe33e,0.005513,0,(((((.(((......))))))))
1E4P_24_hpbulge_nmr_A,24,7,7,True,0,0,exact,,PETFOLDBIN=/root/autodl-tmp/PETfold/bin /root/autodl-tmp/PETfold/bin/PETfold -f /root/autodl-tmp/data/sequences/1E4P_24_hpbulge_nmr_A.fasta -r /root/autodl-tmp/rna-ccfa/results/petfold_reproduction/legacy121_raw/1E4P_24_hpbulge_nmr_A.petfoldrr,/root/autodl-tmp/data/sequences/1E4P_24_hpbulge_nmr_A.fasta,0236ad4fbb649d89a3250297ceef2067d59684909643b89c6e534b32eea2ad2a,/root/autodl-tmp/rna-ccfa/results/petfold_reproduction/legacy121_raw/1E4P_24_hpbulge_nmr_A.stdout.txt,7a93b2b2df813467135abacfd8d54729a2f93b6d4b464b70513103cf14087fb8,/root/autodl-tmp/rna-ccfa/results/petfold_reproduction/legacy121_logs/1E4P_24_hpbulge_nmr_A.stderr.txt,e3b0c44298fc1c149afbf4c8996fb92427ae41e4649b934ca495991b7852b855,/root/autodl-tmp/rna-ccfa/results/petfold_reproduction/legacy121_raw/1E4P_24_hpbulge_nmr_A.petfoldrr,b8f1728ec3d720fb99bdc0c8a9bf2574bba7bcf71a9ac353ad2f2daaee33054e,0.005338,0,((((...(((....)))...))))
1E95_36_pseudoknot_nmr_A,36,6,6,True,0,0,exact,,PETFOLDBIN=/root/autodl-tmp/PETfold/bin /root/autodl-tmp/PETfold/bin/PETfold -f /root/autodl-tmp/data/sequences/1E95_36_pseudoknot_nmr_A.fasta -r /root/autodl-tmp/rna-ccfa/results/petfold_reproduction/legacy121_raw/1E95_36_pseudoknot_nmr_A.petfoldrr,/root/autodl-tmp/data/sequences/1E95_36_pseudoknot_nmr_A.fasta,59c0225f4e320ce89463fcc687a075a67075fc41b4a7d3dceb288a156ede09dc,/root/autodl-tmp/rna-ccfa/results/petfold_reproduction/legacy121_raw/1E95_36_pseudoknot_nmr_A.stdout.txt,a3ccd5079f467270916b8dd3d0fd83c66437a4b74b23f5002fd56b582e4f6bce,/root/autodl-tmp/rna-ccfa/results/petfold_reproduction/legacy121_logs/1E95_36_pseudoknot_nmr_A.stderr.txt,e3b0c44298fc1c149afbf4c8996fb92427ae41e4649b934ca495991b7852b855,/root/autodl-tmp/rna-ccfa/results/petfold_reproduction/legacy121_raw/1E95_36_pseudoknot_nmr_A.petfoldrr,74e60d78079017b5d8df237c6105ce53255f78b79e5673ca7d345d765c714d34,0.007064,0,((((((.......)))))).................
1F9L_22_hp_nmr_A,22,7,7,True,0,0,exact,,PETFOLDBIN=/root/autodl-tmp/PETfold/bin /root/autodl-tmp/PETfold/bin/PETfold -f /root/autodl-tmp/data/sequences/1F9L_22_hp_nmr_A.fasta -r /root/autodl-tmp/rna-ccfa/results/petfold_reproduction/legacy121_raw/1F9L_22_hp_nmr_A.petfoldrr,/root/autodl-tmp/data/sequences/1F9L_22_hp_nmr_A.fasta,f675d8234050bff411b43ca81480136c05ebcf7899ce51172a99a8d1eafd53f4,/root/autodl-tmp/rna-ccfa/results/petfold_reproduction/legacy121_raw/1F9L_22_hp_nmr_A.stdout.txt,f296fdc5765bbeeb71bd6a3e77271a08c44757e98669ea56fb9a44c1e6e50ec5,/root/autodl-tmp/rna-ccfa/results/petfold_reproduction/legacy121_logs/1F9L_22_hp_nmr_A.stderr.txt,e3b0c44298fc1c149afbf4c8996fb92427ae41e4649b934ca495991b7852b855,/root/autodl-tmp/rna-ccfa/results/petfold_reproduction/legacy121_raw/1F9L_22_hp_nmr_A.petfoldrr,774e6a78197017195d3e534f3ad313f18b9375fcaaf1a1f9f64f075e59378107,0.004867,0,((((..(((....)))..))))
1HLX_20_hp_nmr_A,20,8,8,True,0,0,exact,,PETFOLDBIN=/root/autodl-tmp/PETfold/bin /root/autodl-tmp/PETfold/bin/PETfold -f /root/autodl-tmp/data/sequences/1HLX_20_hp_nmr_A.fasta -r /root/autodl-tmp/rna-ccfa/results/petfold_reproduction/legacy121_raw/1HLX_20_hp_nmr_A.petfoldrr,/root/autodl-tmp/data/sequences/1HLX_20_hp_nmr_A.fasta,e59c8514a64cf24d309cc72474cf68d23a1d4cdee98c7f2e1fcd1e4c97e40908,/root/autodl-tmp/rna-ccfa/results/petfold_reproduction/legacy121_raw/1HLX_20_hp_nmr_A.stdout.txt,c96e589168ac50977f21c17b83b915aaa93ae116f8ecc87355ced0293fa40827,/root/autodl-tmp/rna-ccfa/results/petfold_reproduction/legacy121_logs/1HLX_20_hp_nmr_A.stderr.txt,e3b0c44298fc1c149afbf4c8996fb92427ae41e4649b934ca495991b7852b855,/root/autodl-tmp/rna-ccfa/results/petfold_reproduction/legacy121_raw/1HLX_20_hp_nmr_A.petfoldrr,4a4ed44f65673c258944dd46668c84ca63180413039e631a738350732cf99338,0.004596,0,((((((((....))))))))
1IKD_22_hp_nmr_A,22,7,7,True,0,0,exact,,PETFOLDBIN=/root/autodl-tmp/PETfold/bin /root/autodl-tmp/PETfold/bin/PETfold -f /root/autodl-tmp/data/sequences/1IKD_22_hp_nmr_A.fasta -r /root/autodl-tmp/rna-ccfa/results/petfold_reproduction/legacy121_raw/1IKD_22_hp_nmr_A.petfoldrr,/root/autodl-tmp/data/sequences/1IKD_22_hp_nmr_A.fasta,81923403f91a39feef4c07644da4b422d7efbc7fb075f4f7c995ea0e32f4797e,/root/autodl-tmp/rna-ccfa/results/petfold_reproduction/legacy121_raw/1IKD_22_hp_nmr_A.stdout.txt,7f7c872cf9d1c40ef189e0f57b4f1b30e2c3eb594f6449503f67084f46680a72,/root/autodl-tmp/rna-ccfa/results/petfold_reproduction/legacy121_logs/1IKD_22_hp_nmr_A.stderr.txt,e3b0c44298fc1c149afbf4c8996fb92427ae41e4649b934ca495991b7852b855,/root/autodl-tmp/rna-ccfa/results/petfold_reproduction/legacy121_raw/1IKD_22_hp_nmr_A.petfoldrr,30d066299075928178f9d04925840df72f638fe011342bb0fdbd1c2cbe0f8736,0.004814,0,(((((((....)))))))....
1JUR_22_hp_nmr_A,22,8,8,True,0,0,exact,,PETFOLDBIN=/root/autodl-tmp/PETfold/bin /root/autodl-tmp/PETfold/bin/PETfold -f /root/autodl-tmp/data/sequences/1JUR_22_hp_nmr_A.fasta -r /root/autodl-tmp/rna-ccfa/results/petfold_reproduction/legacy121_raw/1JUR_22_hp_nmr_A.petfoldrr,/root/autodl-tmp/data/sequences/1JUR_22_hp_nmr_A.fasta,f2f004bda077fca6dd05c4f683d2738f32c1db8ef4817063cd9bb9dfee5186a7,/root/autodl-tmp/rna-ccfa/results/petfold_reproduction/legacy121_raw/1JUR_22_hp_nmr_A.stdout.txt,d96296ec0f64eb378b1722162a356c1fec02b20d0438d04d0a68aa02ebcce7ff,/root/autodl-tmp/rna-ccfa/results/petfold_reproduction/legacy121_logs/1JUR_22_hp_nmr_A.stderr.txt,e3b0c44298fc1c149afbf4c8996fb92427ae41e4649b934ca495991b7852b855,/root/autodl-tmp/rna-ccfa/results/petfold_reproduction/legacy121_raw/1JUR_22_hp_nmr_A.petfoldrr,791483e5d5b97fb2205d140f2e69ab4b818d21b56a9acd80d35bee14507d0e8f,0.005961,0,((((((((....)))))..)))
1K2G_22_dumbbell_nmr_A,22,3,3,True,0,0,exact,,PETFOLDBIN=/root/autodl-tmp/PETfold/bin /root/autodl-tmp/PETfold/bin/PETfold -f /root/autodl-tmp/data/sequences/1K2G_22_dumbbell_nmr_A.fasta -r /root/autodl-tmp/rna-ccfa/results/petfold_reproduction/legacy121_raw/1K2G_22_dumbbell_nmr_A.petfoldrr,/root/autodl-tmp/data/sequences/1K2G_22_dumbbell_nmr_A.fasta,2917cac85a924a205666ecd664f449446862c32a12fdd91f91437c13491a71e8,/root/autodl-tmp/rna-ccfa/results/petfold_reproduction/legacy121_raw/1K2G_22_dumbbell_nmr_A.stdout.txt,2e2c1307263cba9089f47f7fa2522ac6b28dc32a4d562aba4ad4e5c7aa5db66b,/root/autodl-tmp/rna-ccfa/results/petfold_reproduction/legacy121_logs/1K2G_22_dumbbell_nmr_A.stderr.txt,e3b0c44298fc1c149afbf4c8996fb92427ae41e4649b934ca495991b7852b855,/root/autodl-tmp/rna-ccfa/results/petfold_reproduction/legacy121_raw/1K2G_22_dumbbell_nmr_A.petfoldrr,f4ec93b44be2c7be0fb848d0493dceef70844d0e1c01c542a5ba3a87562a01e8,0.004977,0,..(((....)))..........
1K6H_22_hp_nmr_A,22,9,9,True,0,0,exact,,PETFOLDBIN=/root/autodl-tmp/PETfold/bin /root/autodl-tmp/PETfold/bin/PETfold -f /root/autodl-tmp/data/sequences/1K6H_22_hp_nmr_A.fasta -r /root/autodl-tmp/rna-ccfa/results/petfold_reproduction/legacy121_raw/1K6H_22_hp_nmr_A.petfoldrr,/root/autodl-tmp/data/sequences/1K6H_22_hp_nmr_A.fasta,0174ddeb89ba9bdaf8fff2bd8fab8ecd161b37c1c2e502cb77cd1c959cea9ecb,/root/autodl-tmp/rna-ccfa/results/petfold_reproduction/legacy121_raw/1K6H_22_hp_nmr_A.stdout.txt,fc67d88a123548244645b6c9052fe24da87d54a036c3181ffe818480e40b816d,/root/autodl-tmp/rna-ccfa/results/petfold_reproduction/legacy121_logs/1K6H_22_hp_nmr_A.stderr.txt,e3b0c44298fc1c149afbf4c8996fb92427ae41e4649b934ca495991b7852b855,/root/autodl-tmp/rna-ccfa/results/petfold_reproduction/legacy121_raw/1K6H_22_hp_nmr_A.petfoldrr,8498be1f700b1d3ff73d12129375920a211cd7144f055a940fa9689897fae3bb,0.005316,0,(((((((((....)))))))))
1LDZ_30_hpbulge_nmr_A,30,10,10,True,0,0,exact,,PETFOLDBIN=/root/autodl-tmp/PETfold/bin /root/autodl-tmp/PETfold/bin/PETfold -f /root/autodl-tmp/data/sequences/1LDZ_30_hpbulge_nmr_A.fasta -r /root/autodl-tmp/rna-ccfa/results/petfold_reproduction/legacy121_raw/1LDZ_30_hpbulge_nmr_A.petfoldrr,/root/autodl-tmp/data/sequences/1LDZ_30_hpbulge_nmr_A.fasta,23258cd746bb170bfa65da2e13eb3ca7364cea4edae19c148346ae2fc064e282,/root/autodl-tmp/rna-ccfa/results/petfold_reproduction/legacy121_raw/1LDZ_30_hpbulge_nmr_A.stdout.txt,9dac67acf3ab2aabea5c3426c923c54394d76d7df2641d201fbb16be6975b049,/root/autodl-tmp/rna-ccfa/results/petfold_reproduction/legacy121_logs/1LDZ_30_hpbulge_nmr_A.stderr.txt,e3b0c44298fc1c149afbf4c8996fb92427ae41e4649b934ca495991b7852b855,/root/autodl-tmp/rna-ccfa/results/petfold_reproduction/legacy121_raw/1LDZ_30_hpbulge_nmr_A.petfoldrr,38a8034cc1e9ab722a9f14e8c891474c9ed92754a6c59842bec82354328c095a,0.006097,0,(((((....(((((....)))))..)))))
1M82_25_hp_nmr_A,25,10,10,True,0,0,exact,,PETFOLDBIN=/root/autodl-tmp/PETfold/bin /root/autodl-tmp/PETfold/bin/PETfold -f /root/autodl-tmp/data/sequences/1M82_25_hp_nmr_A.fasta -r /root/autodl-tmp/rna-ccfa/results/petfold_reproduction/legacy121_raw/1M82_25_hp_nmr_A.petfoldrr,/root/autodl-tmp/data/sequences/1M82_25_hp_nmr_A.fasta,489294746c5758fde495c12fdf86f6f6c72713c15df5967acfa91f420b35eda2,/root/autodl-tmp/rna-ccfa/results/petfold_reproduction/legacy121_raw/1M82_25_hp_nmr_A.stdout.txt,1e6f20401a2dd393fc56e48a0dcb1d5fc2b9f7411ef773f61e62914d4b7de0a7,/root/autodl-tmp/rna-ccfa/results/petfold_reproduction/legacy121_logs/1M82_25_hp_nmr_A.stderr.txt,e3b0c44298fc1c149afbf4c8996fb92427ae41e4649b934ca495991b7852b855,/root/autodl-tmp/rna-ccfa/results/petfold_reproduction/legacy121_raw/1M82_25_hp_nmr_A.petfoldrr,56b5dc804ec7ca78b0cd1f2ce9abd9fb5772953cc8a4d1492fd4268a16bf8d22,0.005473,0,((((((((((....))).)))))))
1MT4_24_hp_nmr_A,24,8,8,True,0,0,exact,,PETFOLDBIN=/root/autodl-tmp/PETfold/bin /root/autodl-tmp/PETfold/bin/PETfold -f /root/autodl-tmp/data/sequences/1MT4_24_hp_nmr_A.fasta -r /root/autodl-tmp/rna-ccfa/results/petfold_reproduction/legacy121_raw/1MT4_24_hp_nmr_A.petfoldrr,/root/autodl-tmp/data/sequences/1MT4_24_hp_nmr_A.fasta,a827a2a0219178713324f8e4aac3b6959d586a43c408eb276e9b5c3e1e223aa6,/root/autodl-tmp/rna-ccfa/results/petfold_reproduction/legacy121_raw/1MT4_24_hp_nmr_A.stdout.txt,89869cfb2dadec50a2b7071d6ae16c9b98d852d8fb32b4c2d3155a3ae78095e9,/root/autodl-tmp/rna-ccfa/results/petfold_reproduction/legacy121_logs/1MT4_24_hp_nmr_A.stderr.txt,e3b0c44298fc1c149afbf4c8996fb92427ae41e4649b934ca495991b7852b855,/root/autodl-tmp/rna-ccfa/results/petfold_reproduction/legacy121_raw/1MT4_24_hp_nmr_A.petfoldrr,7840969bab6c6eee085777f8ec556821ff141258d9a8364cfa33ab3e5c1ec390,0.005104,0,((((((((........))))))))
1P5M_55_hpbulge_nmr_A,55,18,18,True,0,0,exact,,PETFOLDBIN=/root/autodl-tmp/PETfold/bin /root/autodl-tmp/PETfold/bin/PETfold -f /root/autodl-tmp/data/sequences/1P5M_55_hpbulge_nmr_A.fasta -r /root/autodl-tmp/rna-ccfa/results/petfold_reproduction/legacy121_raw/1P5M_55_hpbulge_nmr_A.petfoldrr,/root/autodl-tmp/data/sequences/1P5M_55_hpbulge_nmr_A.fasta,a4c6f1920690787106d23c2da266a58f6e4bd50ed2a3bc7fc10a657d745b8572,/root/autodl-tmp/rna-ccfa/results/petfold_reproduction/legacy121_raw/1P5M_55_hpbulge_nmr_A.stdout.txt,0b859d455a5ee9e05d51d237c80a55bb7c8b2b175c70925c6b9cfacf48d50acd,/root/autodl-tmp/rna-ccfa/results/petfold_reproduction/legacy121_logs/1P5M_55_hpbulge_nmr_A.stderr.txt,e3b0c44298fc1c149afbf4c8996fb92427ae41e4649b934ca495991b7852b855,/root/autodl-tmp/rna-ccfa/results/petfold_reproduction/legacy121_raw/1P5M_55_hpbulge_nmr_A.petfoldrr,69c29ade69272631d8bb19c39629714d148a0dc80727a07ab4a8f527a7a882be,0.016065,0,(((((.((((.....((((...(((.((....)).)))....)))))))))))))
1P5O_77_hpbulge_nmr_A,77,24,24,True,0,0,exact,,PETFOLDBIN=/root/autodl-tmp/PETfold/bin /root/autodl-tmp/PETfold/bin/PETfold -f /root/autodl-tmp/data/sequences/1P5O_77_hpbulge_nmr_A.fasta -r /root/autodl-tmp/rna-ccfa/results/petfold_reproduction/legacy121_raw/1P5O_77_hpbulge_nmr_A.petfoldrr,/root/autodl-tmp/data/sequences/1P5O_77_hpbulge_nmr_A.fasta,3eb5e9944a271b5d52bebab77f176c6775719f914445d4528b8be4a9a9b36c10,/root/autodl-tmp/rna-ccfa/results/petfold_reproduction/legacy121_raw/1P5O_77_hpbulge_nmr_A.stdout.txt,821a5ea0c7eb246f06a84d1888c096a37d981bf27c7e5c1fd7ee321e4872c605,/root/autodl-tmp/rna-ccfa/results/petfold_reproduction/legacy121_logs/1P5O_77_hpbulge_nmr_A.stderr.txt,e3b0c44298fc1c149afbf4c8996fb92427ae41e4649b934ca495991b7852b855,/root/autodl-tmp/rna-ccfa/results/petfold_reproduction/legacy121_raw/1P5O_77_hpbulge_nmr_A.petfoldrr,b436dab1b31c7e91b2d95fd0324d4be93d0aae2a125c0a5dd614e40b6dc38f25,0.034926,0,(((((.((((.....((((...(((.((...((((((.......))))))....)).)))....)))))))))))))
1QWA_21_hp_nmr_A,21,8,8,True,0,0,exact,,PETFOLDBIN=/root/autodl-tmp/PETfold/bin /root/autodl-tmp/PETfold/bin/PETfold -f /root/autodl-tmp/data/sequences/1QWA_21_hp_nmr_A.fasta -r /root/autodl-tmp/rna-ccfa/results/petfold_reproduction/legacy121_raw/1QWA_21_hp_nmr_A.petfoldrr,/root/autodl-tmp/data/sequences/1QWA_21_hp_nmr_A.fasta,3e70cdd8214b4abec66184b16ffa7b702aac42c29fbcf72e276ead16eadf256c,/root/autodl-tmp/rna-ccfa/results/petfold_reproduction/legacy121_raw/1QWA_21_hp_nmr_A.stdout.txt,e204a664f292768859e2592cc04fcea189577b49fe86deb10e76210c80655c74,/root/autodl-tmp/rna-ccfa/results/petfold_reproduction/legacy121_logs/1QWA_21_hp_nmr_A.stderr.txt,e3b0c44298fc1c149afbf4c8996fb92427ae41e4649b934ca495991b7852b855,/root/autodl-tmp/rna-ccfa/results/petfold_reproduction/legacy121_raw/1QWA_21_hp_nmr_A.petfoldrr,af703402f5bb26a5913e111b2200580a5307e151dabef8298dbf745067463d07,0.004724,0,((((((((....)).))))))
1QWB_26_hp_nmr_A,26,6,6,True,0,0,exact,,PETFOLDBIN=/root/autodl-tmp/PETfold/bin /root/autodl-tmp/PETfold/bin/PETfold -f /root/autodl-tmp/data/sequences/1QWB_26_hp_nmr_A.fasta -r /root/autodl-tmp/rna-ccfa/results/petfold_reproduction/legacy121_raw/1QWB_26_hp_nmr_A.petfoldrr,/root/autodl-tmp/data/sequences/1QWB_26_hp_nmr_A.fasta,640cffea1dfdda5fbd7799f142f20f90ad3e575eadaa2b9796a9e1349c5be473,/root/autodl-tmp/rna-ccfa/results/petfold_reproduction/legacy121_raw/1QWB_26_hp_nmr_A.stdout.txt,dd943e0083e5c6eb1cfb1dc4f65ac8ed9b7b318a64bcec61f8a10ba40e688261,/root/autodl-tmp/rna-ccfa/results/petfold_reproduction/legacy121_logs/1QWB_26_hp_nmr_A.stderr.txt,e3b0c44298fc1c149afbf4c8996fb92427ae41e4649b934ca495991b7852b855,/root/autodl-tmp/rna-ccfa/results/petfold_reproduction/legacy121_raw/1QWB_26_hp_nmr_A.petfoldrr,b1e51ebb487245d58aa90046539c9738dbe70f780cf979b0cf9bf06aae3d0778,0.005343,0,((((((..............))))))
1R7W_34_hpbulge_nmr_A,34,12,12,True,0,0,exact,,PETFOLDBIN=/root/autodl-tmp/PETfold/bin /root/autodl-tmp/PETfold/bin/PETfold -f /root/autodl-tmp/data/sequences/1R7W_34_hpbulge_nmr_A.fasta -r /root/autodl-tmp/rna-ccfa/results/petfold_reproduction/legacy121_raw/1R7W_34_hpbulge_nmr_A.petfoldrr,/root/autodl-tmp/data/sequences/1R7W_34_hpbulge_nmr_A.fasta,e0c8d08b6630ba8a8d1fd6eb52f4cbb8b7cb656019a786180f78f95621498d06,/root/autodl-tmp/rna-ccfa/results/petfold_reproduction/legacy121_raw/1R7W_34_hpbulge_nmr_A.stdout.txt,3213dcf910d9497132ac0f0ffb270943a90d298cb87c5c5bd82e6592c0f32eef,/root/autodl-tmp/rna-ccfa/results/petfold_reproduction/legacy121_logs/1R7W_34_hpbulge_nmr_A.stderr.txt,e3b0c44298fc1c149afbf4c8996fb92427ae41e4649b934ca495991b7852b855,/root/autodl-tmp/rna-ccfa/results/petfold_reproduction/legacy121_raw/1R7W_34_hpbulge_nmr_A.petfoldrr,6572486a06df6a4eff1ad05b3992038cfce3276eca55847241e28e521beb287c,0.00679,0,(((((((......(((((....))))))))))))
1RHT_24_hp_nmr_A,24,8,8,True,0,0,exact,,PETFOLDBIN=/root/autodl-tmp/PETfold/bin /root/autodl-tmp/PETfold/bin/PETfold -f /root/autodl-tmp/data/sequences/1RHT_24_hp_nmr_A.fasta -r /root/autodl-tmp/rna-ccfa/results/petfold_reproduction/legacy121_raw/1RHT_24_hp_nmr_A.petfoldrr,/root/autodl-tmp/data/sequences/1RHT_24_hp_nmr_A.fasta,6ccd7124f5786ecbd77befac3dea0e1647115d58d046caa824ca0e4f53f49b37,/root/autodl-tmp/rna-ccfa/results/petfold_reproduction/legacy121_raw/1RHT_24_hp_nmr_A.stdout.txt,25e422cca3f8a3426529668785525b9c53c1b9f8630116d6b3961e877aff2323,/root/autodl-tmp/rna-ccfa/results/petfold_reproduction/legacy121_logs/1RHT_24_hp_nmr_A.stderr.txt,e3b0c44298fc1c149afbf4c8996fb92427ae41e4649b934ca495991b7852b855,/root/autodl-tmp/rna-ccfa/results/petfold_reproduction/legacy121_raw/1RHT_24_hp_nmr_A.petfoldrr,a623f89ce0e53cbb63d31b6fb55565e89ae9e3c28291b465f97ee61ab9e23bee,0.005158,0,.((((((.((....))))))))..
1RNK_36_pseudoknot_nmr_A,34,7,7,True,0,0,exact,,PETFOLDBIN=/root/autodl-tmp/PETfold/bin /root/autodl-tmp/PETfold/bin/PETfold -f /root/autodl-tmp/data/sequences/1RNK_36_pseudoknot_nmr_A.fasta -r /root/autodl-tmp/rna-ccfa/results/petfold_reproduction/legacy121_raw/1RNK_36_pseudoknot_nmr_A.petfoldrr,/root/autodl-tmp/data/sequences/1RNK_36_pseudoknot_nmr_A.fasta,c1d2a5109d893ed756663d9b17fa0ca190ea40b07691e2bcb3da5ac585b434f1,/root/autodl-tmp/rna-ccfa/results/petfold_reproduction/legacy121_raw/1RNK_36_pseudoknot_nmr_A.stdout.txt,e659ba76a13144b4c2c9293c6eb71751e93cfcd1a76b281913bd062352df4664,/root/autodl-tmp/rna-ccfa/results/petfold_reproduction/legacy121_logs/1RNK_36_pseudoknot_nmr_A.stderr.txt,e3b0c44298fc1c149afbf4c8996fb92427ae41e4649b934ca495991b7852b855,/root/autodl-tmp/rna-ccfa/results/petfold_reproduction/legacy121_raw/1RNK_36_pseudoknot_nmr_A.petfoldrr,361d099212f6dd48683c3ecd858f20aa19209878846727e86d43cf3c2de207bf,0.007029,0,(((((((....)).)))))...............
1S2F_23_hp_nmr_A,23,9,9,True,0,0,exact,,PETFOLDBIN=/root/autodl-tmp/PETfold/bin /root/autodl-tmp/PETfold/bin/PETfold -f /root/autodl-tmp/data/sequences/1S2F_23_hp_nmr_A.fasta -r /root/autodl-tmp/rna-ccfa/results/petfold_reproduction/legacy121_raw/1S2F_23_hp_nmr_A.petfoldrr,/root/autodl-tmp/data/sequences/1S2F_23_hp_nmr_A.fasta,9cc7868d05cbd714e2a438a23a5d9409a7075dbccdaff2fe47a1ec1d8876e969,/root/autodl-tmp/rna-ccfa/results/petfold_reproduction/legacy121_raw/1S2F_23_hp_nmr_A.stdout.txt,8879738ed4823f14e8b2b679e27eaf908e0623943b188cfc73be8b3a404107b4,/root/autodl-tmp/rna-ccfa/results/petfold_reproduction/legacy121_logs/1S2F_23_hp_nmr_A.stderr.txt,e3b0c44298fc1c149afbf4c8996fb92427ae41e4649b934ca495991b7852b855,/root/autodl-tmp/rna-ccfa/results/petfold_reproduction/legacy121_raw/1S2F_23_hp_nmr_A.petfoldrr,08c41db345a9dace6a95863b2a2c0a9a39360917c67248492870d2d281f05685,0.005031,0,((((((.(((....)))))))))
1S9S_101_3wj_nmr_A,101,36,36,True,0,0,exact,,PETFOLDBIN=/root/autodl-tmp/PETfold/bin /root/autodl-tmp/PETfold/bin/PETfold -f /root/autodl-tmp/data/sequences/1S9S_101_3wj_nmr_A.fasta -r /root/autodl-tmp/rna-ccfa/results/petfold_reproduction/legacy121_raw/1S9S_101_3wj_nmr_A.petfoldrr,/root/autodl-tmp/data/sequences/1S9S_101_3wj_nmr_A.fasta,bda64d6c6b56d9ee1805740123e40990cdc84dc9dbd289cb9184d66d19768944,/root/autodl-tmp/rna-ccfa/results/petfold_reproduction/legacy121_raw/1S9S_101_3wj_nmr_A.stdout.txt,9b085aa0e18135cb565694f6809addb70fca7cb166faaef7503a892645d0b4d5,/root/autodl-tmp/rna-ccfa/results/petfold_reproduction/legacy121_logs/1S9S_101_3wj_nmr_A.stderr.txt,e3b0c44298fc1c149afbf4c8996fb92427ae41e4649b934ca495991b7852b855,/root/autodl-tmp/rna-ccfa/results/petfold_reproduction/legacy121_raw/1S9S_101_3wj_nmr_A.petfoldrr,af8ee733f8742ef8b62309c0fb3eba943155a4857e5f0348ae4645a6ec2b4d7e,0.06432,0,.((((..((((((....))))))..)))).....((((..(((.(((((((((....)))))....)))))))))))((((((((((....))))))))))
1T28_34_hpbulge_nmr_A,34,10,10,True,0,0,exact,,PETFOLDBIN=/root/autodl-tmp/PETfold/bin /root/autodl-tmp/PETfold/bin/PETfold -f /root/autodl-tmp/data/sequences/1T28_34_hpbulge_nmr_A.fasta -r /root/autodl-tmp/rna-ccfa/results/petfold_reproduction/legacy121_raw/1T28_34_hpbulge_nmr_A.petfoldrr,/root/autodl-tmp/data/sequences/1T28_34_hpbulge_nmr_A.fasta,3de076adb5ed73adb7999dfcd6f75beab2ca8fb9b6f201f6b2f087cf85c5bdd0,/root/autodl-tmp/rna-ccfa/results/petfold_reproduction/legacy121_raw/1T28_34_hpbulge_nmr_A.stdout.txt,60fc8c01c0a4fb690c2b0b4f5a6d6e15a821b4d8cfb5928c7fd27da04d292452,/root/autodl-tmp/rna-ccfa/results/petfold_reproduction/legacy121_logs/1T28_34_hpbulge_nmr_A.stderr.txt,e3b0c44298fc1c149afbf4c8996fb92427ae41e4649b934ca495991b7852b855,/root/autodl-tmp/rna-ccfa/results/petfold_reproduction/legacy121_raw/1T28_34_hpbulge_nmr_A.petfoldrr,6866bd744e41adcaa4304dc10c1466e149319db89c3ae917edc1b69bdb9854d0,0.008173,0,((((((((((..............))))))))))
1TBK_17_hp_nmr_A,17,6,6,True,0,0,exact,,PETFOLDBIN=/root/autodl-tmp/PETfold/bin /root/autodl-tmp/PETfold/bin/PETfold -f /root/autodl-tmp/data/sequences/1TBK_17_hp_nmr_A.fasta -r /root/autodl-tmp/rna-ccfa/results/petfold_reproduction/legacy121_raw/1TBK_17_hp_nmr_A.petfoldrr,/root/autodl-tmp/data/sequences/1TBK_17_hp_nmr_A.fasta,93a3b016f208bba61a0da696845ce6ab23c0ca91215b646157600c6173cd7739,/root/autodl-tmp/rna-ccfa/results/petfold_reproduction/legacy121_raw/1TBK_17_hp_nmr_A.stdout.txt,a7f2c04d7cfa16bfb47e8d74cb3cd2264a6c89ca3e4d635643e245980f03c0fd,/root/autodl-tmp/rna-ccfa/results/petfold_reproduction/legacy121_logs/1TBK_17_hp_nmr_A.stderr.txt,e3b0c44298fc1c149afbf4c8996fb92427ae41e4649b934ca495991b7852b855,/root/autodl-tmp/rna-ccfa/results/petfold_reproduction/legacy121_raw/1TBK_17_hp_nmr_A.petfoldrr,c96d0b9e71df835b8aac3e641de0a7902729c7d8f3e839e0460bb1367a99f629,0.005346,0,((((((.....))))))
1TJZ_26_hp_nmr_A,22,7,7,True,0,0,exact,,PETFOLDBIN=/root/autodl-tmp/PETfold/bin /root/autodl-tmp/PETfold/bin/PETfold -f /root/autodl-tmp/data/sequences/1TJZ_26_hp_nmr_A.fasta -r /root/autodl-tmp/rna-ccfa/results/petfold_reproduction/legacy121_raw/1TJZ_26_hp_nmr_A.petfoldrr,/root/autodl-tmp/data/sequences/1TJZ_26_hp_nmr_A.fasta,9142d9746e09803b1b58313098ff3f6d9e0f4b1bb28980cc9ba380291f8ba835,/root/autodl-tmp/rna-ccfa/results/petfold_reproduction/legacy121_raw/1TJZ_26_hp_nmr_A.stdout.txt,1aeb9918571fe7d7709362eb851998ab6a47cb0674a39dcb6eab16530db73ca7,/root/autodl-tmp/rna-ccfa/results/petfold_reproduction/legacy121_logs/1TJZ_26_hp_nmr_A.stderr.txt,e3b0c44298fc1c149afbf4c8996fb92427ae41e4649b934ca495991b7852b855,/root/autodl-tmp/rna-ccfa/results/petfold_reproduction/legacy121_raw/1TJZ_26_hp_nmr_A.petfoldrr,c78c8636723d18dda6218dc9699915e4adda0e3d4a0133db35c1c6ab5eb0e207,0.00501,0,(((..((((....))))..)))
1TLR_23_hp_nmr_A,23,7,7,True,0,0,exact,,PETFOLDBIN=/root/autodl-tmp/PETfold/bin /root/autodl-tmp/PETfold/bin/PETfold -f /root/autodl-tmp/data/sequences/1TLR_23_hp_nmr_A.fasta -r /root/autodl-tmp/rna-ccfa/results/petfold_reproduction/legacy121_raw/1TLR_23_hp_nmr_A.petfoldrr,/root/autodl-tmp/data/sequences/1TLR_23_hp_nmr_A.fasta,95698d207c084f1363039c0f20931da7d81248adb57b810f1a368ff63178f80b,/root/autodl-tmp/rna-ccfa/results/petfold_reproduction/legacy121_raw/1TLR_23_hp_nmr_A.stdout.txt,2bf58152d304751e93007fc1a3462e3adbbe444e8f18975f989ad9a2e2ab704b,/root/autodl-tmp/rna-ccfa/results/petfold_reproduction/legacy121_logs/1TLR_23_hp_nmr_A.stderr.txt,e3b0c44298fc1c149afbf4c8996fb92427ae41e4649b934ca495991b7852b855,/root/autodl-tmp/rna-ccfa/results/petfold_reproduction/legacy121_raw/1TLR_23_hp_nmr_A.petfoldrr,098a51fc6e8f1c18cfc974557cc6413167c2875d0dc6e463402ffca8b51ded4f,0.005012,0,((((...(((....)))..))))
1UUU_19_hp_nmr_A,19,8,8,True,0,0,exact,,PETFOLDBIN=/root/autodl-tmp/PETfold/bin /root/autodl-tmp/PETfold/bin/PETfold -f /root/autodl-tmp/data/sequences/1UUU_19_hp_nmr_A.fasta -r /root/autodl-tmp/rna-ccfa/results/petfold_reproduction/legacy121_raw/1UUU_19_hp_nmr_A.petfoldrr,/root/autodl-tmp/data/sequences/1UUU_19_hp_nmr_A.fasta,2a78f6ee886865b83fd8debc8326e2f86b3b0fee6d8ab93a66352906703cd97a,/root/autodl-tmp/rna-ccfa/results/petfold_reproduction/legacy121_raw/1UUU_19_hp_nmr_A.stdout.txt,4414ecfc60e0c78a8bcd8184aefca5dd7d78b4627d8512642caaf6dd58edb3e8,/root/autodl-tmp/rna-ccfa/results/petfold_reproduction/legacy121_logs/1UUU_19_hp_nmr_A.stderr.txt,e3b0c44298fc1c149afbf4c8996fb92427ae41e4649b934ca495991b7852b855,/root/autodl-tmp/rna-ccfa/results/petfold_reproduction/legacy121_raw/1UUU_19_hp_nmr_A.petfoldrr,8e0d59f6457affca90ff700c02ee2e159b5f275e8b566b9acc2af4b27b09a7bd,0.004565,0,((((((((...))))))))
1XWU_16_hp_nmr_A,16,4,4,True,0,0,exact,,PETFOLDBIN=/root/autodl-tmp/PETfold/bin /root/autodl-tmp/PETfold/bin/PETfold -f /root/autodl-tmp/data/sequences/1XWU_16_hp_nmr_A.fasta -r /root/autodl-tmp/rna-ccfa/results/petfold_reproduction/legacy121_raw/1XWU_16_hp_nmr_A.petfoldrr,/root/autodl-tmp/data/sequences/1XWU_16_hp_nmr_A.fasta,58d5e4d8df6507fe7d320d15c8e27c2812475a6596db1ec2664bbf8a290e1afa,/root/autodl-tmp/rna-ccfa/results/petfold_reproduction/legacy121_raw/1XWU_16_hp_nmr_A.stdout.txt,87f649714ccf99c3f76a93b9ec0c38283ba4889a530e66610e7f2cec8b93232b,/root/autodl-tmp/rna-ccfa/results/petfold_reproduction/legacy121_logs/1XWU_16_hp_nmr_A.stderr.txt,e3b0c44298fc1c149afbf4c8996fb92427ae41e4649b934ca495991b7852b855,/root/autodl-tmp/rna-ccfa/results/petfold_reproduction/legacy121_raw/1XWU_16_hp_nmr_A.petfoldrr,539110e01487290f823562378e25d78650c3b9a84a237b7d6d198e7cb19e5227,0.004338,0,((((.......)))).
1YLG_31_hp_nmr_A,31,12,12,True,0,0,exact,,PETFOLDBIN=/root/autodl-tmp/PETfold/bin /root/autodl-tmp/PETfold/bin/PETfold -f /root/autodl-tmp/data/sequences/1YLG_31_hp_nmr_A.fasta -r /root/autodl-tmp/rna-ccfa/results/petfold_reproduction/legacy121_raw/1YLG_31_hp_nmr_A.petfoldrr,/root/autodl-tmp/data/sequences/1YLG_31_hp_nmr_A.fasta,b03f0fa6cf09f621c007cf6fb483be1b2d112a27046104daf7df04d4d0fa656e,/root/autodl-tmp/rna-ccfa/results/petfold_reproduction/legacy121_raw/1YLG_31_hp_nmr_A.stdout.txt,d8685dcc32235e319ce3590ebcd90bc2cab5cce4fc754e194f78a96635b07220,/root/autodl-tmp/rna-ccfa/results/petfold_reproduction/legacy121_logs/1YLG_31_hp_nmr_A.stderr.txt,e3b0c44298fc1c149afbf4c8996fb92427ae41e4649b934ca495991b7852b855,/root/autodl-tmp/rna-ccfa/results/petfold_reproduction/legacy121_raw/1YLG_31_hp_nmr_A.petfoldrr,d9baca2dd245d7072cd72e08e43a860c198bd4e2e2bba14c530812652dcc7a27,0.00632,0,(((((((((((.(.....))))).)))))))
1Z31_32_hpbulge_nmr_A,32,11,11,True,0,0,exact,,PETFOLDBIN=/root/autodl-tmp/PETfold/bin /root/autodl-tmp/PETfold/bin/PETfold -f /root/autodl-tmp/data/sequences/1Z31_32_hpbulge_nmr_A.fasta -r /root/autodl-tmp/rna-ccfa/results/petfold_reproduction/legacy121_raw/1Z31_32_hpbulge_nmr_A.petfoldrr,/root/autodl-tmp/data/sequences/1Z31_32_hpbulge_nmr_A.fasta,ffa2d6aad86e92ae1c816c851dd983b751cbc2a7559a620021f5c7213c428bc0,/root/autodl-tmp/rna-ccfa/results/petfold_reproduction/legacy121_raw/1Z31_32_hpbulge_nmr_A.stdout.txt,f5aa485cfa1cf4c686739e50b046cfa15163673948b09ed34b6ab5870b4ad73b,/root/autodl-tmp/rna-ccfa/results/petfold_reproduction/legacy121_logs/1Z31_32_hpbulge_nmr_A.stderr.txt,e3b0c44298fc1c149afbf4c8996fb92427ae41e4649b934ca495991b7852b855,/root/autodl-tmp/rna-ccfa/results/petfold_reproduction/legacy121_raw/1Z31_32_hpbulge_nmr_A.petfoldrr,8b402660e6ca46975c607b7c2c716eff21957b0b265c83dd185503639c5038f3,0.006596,0,(((((.(((..(((....)))...))))))))
2AHT_27_hp_nmr_A,27,11,11,True,0,0,exact,,PETFOLDBIN=/root/autodl-tmp/PETfold/bin /root/autodl-tmp/PETfold/bin/PETfold -f /root/autodl-tmp/data/sequences/2AHT_27_hp_nmr_A.fasta -r /root/autodl-tmp/rna-ccfa/results/petfold_reproduction/legacy121_raw/2AHT_27_hp_nmr_A.petfoldrr,/root/autodl-tmp/data/sequences/2AHT_27_hp_nmr_A.fasta,c9726dbb0e8ce0541c1605303f987a7f9bc634795cb2877b9f9fa49817d00f95,/root/autodl-tmp/rna-ccfa/results/petfold_reproduction/legacy121_raw/2AHT_27_hp_nmr_A.stdout.txt,770a070d6a0b5661b641eef85405eb456ffe01cd8c0eba9dee70d3b722ada411,/root/autodl-tmp/rna-ccfa/results/petfold_reproduction/legacy121_logs/2AHT_27_hp_nmr_A.stderr.txt,e3b0c44298fc1c149afbf4c8996fb92427ae41e4649b934ca495991b7852b855,/root/autodl-tmp/rna-ccfa/results/petfold_reproduction/legacy121_raw/2AHT_27_hp_nmr_A.petfoldrr,5c0313d590584d8aca7df9e87457bec3eec4c0d80f566986639891c407a80739,0.005438,0,(((((((((((....)))).)))))))
2ES5_23_hp_nmr_A,23,9,9,True,0,0,exact,,PETFOLDBIN=/root/autodl-tmp/PETfold/bin /root/autodl-tmp/PETfold/bin/PETfold -f /root/autodl-tmp/data/sequences/2ES5_23_hp_nmr_A.fasta -r /root/autodl-tmp/rna-ccfa/results/petfold_reproduction/legacy121_raw/2ES5_23_hp_nmr_A.petfoldrr,/root/autodl-tmp/data/sequences/2ES5_23_hp_nmr_A.fasta,b01707b501f8dfc490d970975020de3954375064fb83a814180b9b5b58788287,/root/autodl-tmp/rna-ccfa/results/petfold_reproduction/legacy121_raw/2ES5_23_hp_nmr_A.stdout.txt,c4d790136bda3702da4c07c707b4e4d8a680cf4e9e08f84549ffab9ed820ade1,/root/autodl-tmp/rna-ccfa/results/petfold_reproduction/legacy121_logs/2ES5_23_hp_nmr_A.stderr.txt,e3b0c44298fc1c149afbf4c8996fb92427ae41e4649b934ca495991b7852b855,/root/autodl-tmp/rna-ccfa/results/petfold_reproduction/legacy121_raw/2ES5_23_hp_nmr_A.petfoldrr,d881ee2d424370625e7602854518ff9d599aab5e02274b50f707d4f0342997c2,0.00489,0,(((((((((.....)))))))))
2EUY_34_hp_nmr_A,34,12,12,True,0,0,exact,,PETFOLDBIN=/root/autodl-tmp/PETfold/bin /root/autodl-tmp/PETfold/bin/PETfold -f /root/autodl-tmp/data/sequences/2EUY_34_hp_nmr_A.fasta -r /root/autodl-tmp/rna-ccfa/results/petfold_reproduction/legacy121_raw/2EUY_34_hp_nmr_A.petfoldrr,/root/autodl-tmp/data/sequences/2EUY_34_hp_nmr_A.fasta,c9d5ce06ccc2ba15e1df7b2b08a9fd49437dfa223337b132cc322fad07f77154,/root/autodl-tmp/rna-ccfa/results/petfold_reproduction/legacy121_raw/2EUY_34_hp_nmr_A.stdout.txt,dd42a93563f5e96c84e7a5617385e9c257dc42fb4882eee33c36eb39a916528d,/root/autodl-tmp/rna-ccfa/results/petfold_reproduction/legacy121_logs/2EUY_34_hp_nmr_A.stderr.txt,e3b0c44298fc1c149afbf4c8996fb92427ae41e4649b934ca495991b7852b855,/root/autodl-tmp/rna-ccfa/results/petfold_reproduction/legacy121_raw/2EUY_34_hp_nmr_A.petfoldrr,b4cdf42baea3eec5bc0a07a50e36a145923ffc2f37abc67cdbc6ff47a1f4bfad,0.008563,0,((((((.((..((((....)))).))..))))))
2FDT_35_hp_nmr_A,36,13,13,True,0,0,exact,,PETFOLDBIN=/root/autodl-tmp/PETfold/bin /root/autodl-tmp/PETfold/bin/PETfold -f /root/autodl-tmp/data/sequences/2FDT_35_hp_nmr_A.fasta -r /root/autodl-tmp/rna-ccfa/results/petfold_reproduction/legacy121_raw/2FDT_35_hp_nmr_A.petfoldrr,/root/autodl-tmp/data/sequences/2FDT_35_hp_nmr_A.fasta,dde3fc61c81725407148968b520622d66d0dc26b0366dccc22878d8c3608a582,/root/autodl-tmp/rna-ccfa/results/petfold_reproduction/legacy121_raw/2FDT_35_hp_nmr_A.stdout.txt,611ae413d3134790a199330fb710b7c8f7912d302a00d1447908ae9716e38867,/root/autodl-tmp/rna-ccfa/results/petfold_reproduction/legacy121_logs/2FDT_35_hp_nmr_A.stderr.txt,e3b0c44298fc1c149afbf4c8996fb92427ae41e4649b934ca495991b7852b855,/root/autodl-tmp/rna-ccfa/results/petfold_reproduction/legacy121_raw/2FDT_35_hp_nmr_A.petfoldrr,48468a55420516b73f562d17542edc990f6b3b6258971313b6a3f7d0eedf17e3,0.007229,0,(((((((...((((((.....))))))..)))))))
2GIO_29_hp_nmr_A,29,8,8,True,0,0,exact,,PETFOLDBIN=/root/autodl-tmp/PETfold/bin /root/autodl-tmp/PETfold/bin/PETfold -f /root/autodl-tmp/data/sequences/2GIO_29_hp_nmr_A.fasta -r /root/autodl-tmp/rna-ccfa/results/petfold_reproduction/legacy121_raw/2GIO_29_hp_nmr_A.petfoldrr,/root/autodl-tmp/data/sequences/2GIO_29_hp_nmr_A.fasta,411f9d87f6e072536b78da027ec17276d846dca61c790d9244a414e0ee687b71,/root/autodl-tmp/rna-ccfa/results/petfold_reproduction/legacy121_raw/2GIO_29_hp_nmr_A.stdout.txt,0bbc61ca7fb9866fa4decc759ff090c620e03b776d265cfcfc32aa5ca947fac5,/root/autodl-tmp/rna-ccfa/results/petfold_reproduction/legacy121_logs/2GIO_29_hp_nmr_A.stderr.txt,e3b0c44298fc1c149afbf4c8996fb92427ae41e4649b934ca495991b7852b855,/root/autodl-tmp/rna-ccfa/results/petfold_reproduction/legacy121_raw/2GIO_29_hp_nmr_A.petfoldrr,098c9a66190f4ce287f60ebe07db9ce9440892aae9e5ff5feb17caad7f477153,0.006005,0,(((((.....(((....)))....)))))
2GV3_22_hp_nmr_A,22,7,7,True,0,0,exact,,PETFOLDBIN=/root/autodl-tmp/PETfold/bin /root/autodl-tmp/PETfold/bin/PETfold -f /root/autodl-tmp/data/sequences/2GV3_22_hp_nmr_A.fasta -r /root/autodl-tmp/rna-ccfa/results/petfold_reproduction/legacy121_raw/2GV3_22_hp_nmr_A.petfoldrr,/root/autodl-tmp/data/sequences/2GV3_22_hp_nmr_A.fasta,59728e9bfdf1aaba50555ba3bfada21130a3b81f18d9bc0697eb2af04c05e909,/root/autodl-tmp/rna-ccfa/results/petfold_reproduction/legacy121_raw/2GV3_22_hp_nmr_A.stdout.txt,2d1a85d87b843400d331a004c4dddbc03a7d15aa2d9d65e20acd0cf8951c9cea,/root/autodl-tmp/rna-ccfa/results/petfold_reproduction/legacy121_logs/2GV3_22_hp_nmr_A.stderr.txt,e3b0c44298fc1c149afbf4c8996fb92427ae41e4649b934ca495991b7852b855,/root/autodl-tmp/rna-ccfa/results/petfold_reproduction/legacy121_raw/2GV3_22_hp_nmr_A.petfoldrr,e51e6ebce0878537c96834db23389080fe2d8780248877e3cf5ac93357f696ca,0.005363,0,(((((((........)))))))
2HUA_40_hpbulge_nmr_A,40,12,12,True,0,0,exact,,PETFOLDBIN=/root/autodl-tmp/PETfold/bin /root/autodl-tmp/PETfold/bin/PETfold -f /root/autodl-tmp/data/sequences/2HUA_40_hpbulge_nmr_A.fasta -r /root/autodl-tmp/rna-ccfa/results/petfold_reproduction/legacy121_raw/2HUA_40_hpbulge_nmr_A.petfoldrr,/root/autodl-tmp/data/sequences/2HUA_40_hpbulge_nmr_A.fasta,edf858a5e4a97bd33a10fd6121eeebd752b38efc1c56d095d4d57c48df0cdbf1,/root/autodl-tmp/rna-ccfa/results/petfold_reproduction/legacy121_raw/2HUA_40_hpbulge_nmr_A.stdout.txt,23ad891caaece16f343dc25f4e36e5b436f0df69da5554131c07b0036aebe532,/root/autodl-tmp/rna-ccfa/results/petfold_reproduction/legacy121_logs/2HUA_40_hpbulge_nmr_A.stderr.txt,e3b0c44298fc1c149afbf4c8996fb92427ae41e4649b934ca495991b7852b855,/root/autodl-tmp/rna-ccfa/results/petfold_reproduction/legacy121_raw/2HUA_40_hpbulge_nmr_A.petfoldrr,8b7318cc70d59a26feba36011eeb11a19f09b847b68131fa874eff754cecc106,0.008833,0,(((((((.((....(((....)).)..))....)))))))
2JTP_34_hp_nmr_A,34,13,13,True,0,0,exact,,PETFOLDBIN=/root/autodl-tmp/PETfold/bin /root/autodl-tmp/PETfold/bin/PETfold -f /root/autodl-tmp/data/sequences/2JTP_34_hp_nmr_A.fasta -r /root/autodl-tmp/rna-ccfa/results/petfold_reproduction/legacy121_raw/2JTP_34_hp_nmr_A.petfoldrr,/root/autodl-tmp/data/sequences/2JTP_34_hp_nmr_A.fasta,540899e8610a0082152a67bc3d34703923bde083274c96ab56681d57134d6a6d,/root/autodl-tmp/rna-ccfa/results/petfold_reproduction/legacy121_raw/2JTP_34_hp_nmr_A.stdout.txt,51f0a2e0087ed114302c5500e324dd0e76380a5d5802525aa95595c42391fa3a,/root/autodl-tmp/rna-ccfa/results/petfold_reproduction/legacy121_logs/2JTP_34_hp_nmr_A.stderr.txt,e3b0c44298fc1c149afbf4c8996fb92427ae41e4649b934ca495991b7852b855,/root/autodl-tmp/rna-ccfa/results/petfold_reproduction/legacy121_raw/2JTP_34_hp_nmr_A.petfoldrr,aaf70c229e9ef6d99c9fe6c42b9145888812b0741041d4e386331b2811a892a1,0.006712,0,(((((((((((...((...))..)))))))))))
2K5Z_29_hp_nmr_A,29,11,11,True,0,0,exact,,PETFOLDBIN=/root/autodl-tmp/PETfold/bin /root/autodl-tmp/PETfold/bin/PETfold -f /root/autodl-tmp/data/sequences/2K5Z_29_hp_nmr_A.fasta -r /root/autodl-tmp/rna-ccfa/results/petfold_reproduction/legacy121_raw/2K5Z_29_hp_nmr_A.petfoldrr,/root/autodl-tmp/data/sequences/2K5Z_29_hp_nmr_A.fasta,debb25cb42ae6887ee20bc89f243b1b11b1a235634fd1026f850cb1b9a17f633,/root/autodl-tmp/rna-ccfa/results/petfold_reproduction/legacy121_raw/2K5Z_29_hp_nmr_A.stdout.txt,d9c4b144f724621bf4b8cd331e12e6acee2d255dd39b1d78636cdb83c9523a2a,/root/autodl-tmp/rna-ccfa/results/petfold_reproduction/legacy121_logs/2K5Z_29_hp_nmr_A.stderr.txt,e3b0c44298fc1c149afbf4c8996fb92427ae41e4649b934ca495991b7852b855,/root/autodl-tmp/rna-ccfa/results/petfold_reproduction/legacy121_raw/2K5Z_29_hp_nmr_A.petfoldrr,a04219af6671b616560ac659851a8dc9b79ed3337377a21daf4bb4703103d47e,0.00597,0,(((((((((.((....)).))))).))))
2K95_48_pseudoknot_nmr_A,48,8,8,True,0,0,exact,,PETFOLDBIN=/root/autodl-tmp/PETfold/bin /root/autodl-tmp/PETfold/bin/PETfold -f /root/autodl-tmp/data/sequences/2K95_48_pseudoknot_nmr_A.fasta -r /root/autodl-tmp/rna-ccfa/results/petfold_reproduction/legacy121_raw/2K95_48_pseudoknot_nmr_A.petfoldrr,/root/autodl-tmp/data/sequences/2K95_48_pseudoknot_nmr_A.fasta,b14056183bb85dd3ed46a42a6ef0e72f49014cc638502c8c801c3e60ad00aa2b,/root/autodl-tmp/rna-ccfa/results/petfold_reproduction/legacy121_raw/2K95_48_pseudoknot_nmr_A.stdout.txt,620d1aa4cf7bf34706a178e5f23ce63033a8c1898965f7808a36679e1047ae49,/root/autodl-tmp/rna-ccfa/results/petfold_reproduction/legacy121_logs/2K95_48_pseudoknot_nmr_A.stderr.txt,e3b0c44298fc1c149afbf4c8996fb92427ae41e4649b934ca495991b7852b855,/root/autodl-tmp/rna-ccfa/results/petfold_reproduction/legacy121_raw/2K95_48_pseudoknot_nmr_A.petfoldrr,730f4c9dfec571447d866000e8124cf5b458b25ce7351b1d3b5765828458ee2b,0.011862,0,((((((....((.....))....))))))...................
2KD8_22_hp_nmr_A,22,9,9,True,0,0,exact,,PETFOLDBIN=/root/autodl-tmp/PETfold/bin /root/autodl-tmp/PETfold/bin/PETfold -f /root/autodl-tmp/data/sequences/2KD8_22_hp_nmr_A.fasta -r /root/autodl-tmp/rna-ccfa/results/petfold_reproduction/legacy121_raw/2KD8_22_hp_nmr_A.petfoldrr,/root/autodl-tmp/data/sequences/2KD8_22_hp_nmr_A.fasta,92160e1b148671b026710154ba6b96b0c97a06753c5831723af383a3f97d8122,/root/autodl-tmp/rna-ccfa/results/petfold_reproduction/legacy121_raw/2KD8_22_hp_nmr_A.stdout.txt,ecc5e2988c5beb1a0225bd393250b4dd9a932baa5fe41b1f750cdf6df37484fc,/root/autodl-tmp/rna-ccfa/results/petfold_reproduction/legacy121_logs/2KD8_22_hp_nmr_A.stderr.txt,e3b0c44298fc1c149afbf4c8996fb92427ae41e4649b934ca495991b7852b855,/root/autodl-tmp/rna-ccfa/results/petfold_reproduction/legacy121_raw/2KD8_22_hp_nmr_A.petfoldrr,25cc4db36dd6587f0ed60f9c750e0ff2be24a75eea2ca2a3fb284576176044e1,0.004886,0,(((((((((....)))))))))
2KE6_49_hp_nmr_A,48,19,19,True,0,0,exact,,PETFOLDBIN=/root/autodl-tmp/PETfold/bin /root/autodl-tmp/PETfold/bin/PETfold -f /root/autodl-tmp/data/sequences/2KE6_49_hp_nmr_A.fasta -r /root/autodl-tmp/rna-ccfa/results/petfold_reproduction/legacy121_raw/2KE6_49_hp_nmr_A.petfoldrr,/root/autodl-tmp/data/sequences/2KE6_49_hp_nmr_A.fasta,a360512d11b6c90b2060444115422fa6a6b33648744dfd302d86613318752fcf,/root/autodl-tmp/rna-ccfa/results/petfold_reproduction/legacy121_raw/2KE6_49_hp_nmr_A.stdout.txt,d86b3cb7ba08cdea3f104cfe6ccaeccbd0399c152c0d38f8d069216d8461032f,/root/autodl-tmp/rna-ccfa/results/petfold_reproduction/legacy121_logs/2KE6_49_hp_nmr_A.stderr.txt,e3b0c44298fc1c149afbf4c8996fb92427ae41e4649b934ca495991b7852b855,/root/autodl-tmp/rna-ccfa/results/petfold_reproduction/legacy121_raw/2KE6_49_hp_nmr_A.petfoldrr,b58a0f8f4467dcbf773af2e83189fb98883e3486edc86ab2929dbbbb4ef0d2b9,0.011565,0,(((((((((((((((((((........))))))).)))).))))))))
2KHY_38_hpbulge_nmr_A,38,10,10,True,0,0,exact,,PETFOLDBIN=/root/autodl-tmp/PETfold/bin /root/autodl-tmp/PETfold/bin/PETfold -f /root/autodl-tmp/data/sequences/2KHY_38_hpbulge_nmr_A.fasta -r /root/autodl-tmp/rna-ccfa/results/petfold_reproduction/legacy121_raw/2KHY_38_hpbulge_nmr_A.petfoldrr,/root/autodl-tmp/data/sequences/2KHY_38_hpbulge_nmr_A.fasta,f578ce27f5607b1901aaccea0b5dd8adff64e50b7aa7aae47c241b8fb9462b50,/root/autodl-tmp/rna-ccfa/results/petfold_reproduction/legacy121_raw/2KHY_38_hpbulge_nmr_A.stdout.txt,a9cf6630c2e2a247d78d7ddde4921f9774bf1f74799b425635c913adcf678258,/root/autodl-tmp/rna-ccfa/results/petfold_reproduction/legacy121_logs/2KHY_38_hpbulge_nmr_A.stderr.txt,e3b0c44298fc1c149afbf4c8996fb92427ae41e4649b934ca495991b7852b855,/root/autodl-tmp/rna-ccfa/results/petfold_reproduction/legacy121_raw/2KHY_38_hpbulge_nmr_A.petfoldrr,5d0ac9863699b038529e77645631b9180ecf0ca1f0cbd36caca49176f742040d,0.008198,0,((((((.......((((....)))).......))))))
2KPV_34_hpbulge_nmr_A,34,12,12,True,0,0,exact,,PETFOLDBIN=/root/autodl-tmp/PETfold/bin /root/autodl-tmp/PETfold/bin/PETfold -f /root/autodl-tmp/data/sequences/2KPV_34_hpbulge_nmr_A.fasta -r /root/autodl-tmp/rna-ccfa/results/petfold_reproduction/legacy121_raw/2KPV_34_hpbulge_nmr_A.petfoldrr,/root/autodl-tmp/data/sequences/2KPV_34_hpbulge_nmr_A.fasta,d09c0442603985cc9572bf8804c7cb3d3356037b493c770f97549875edcbf5c5,/root/autodl-tmp/rna-ccfa/results/petfold_reproduction/legacy121_raw/2KPV_34_hpbulge_nmr_A.stdout.txt,af27394d0c601f62fe57770ed12f31a9bb087b69074f44ba799057e7ef89d02b,/root/autodl-tmp/rna-ccfa/results/petfold_reproduction/legacy121_logs/2KPV_34_hpbulge_nmr_A.stderr.txt,e3b0c44298fc1c149afbf4c8996fb92427ae41e4649b934ca495991b7852b855,/root/autodl-tmp/rna-ccfa/results/petfold_reproduction/legacy121_raw/2KPV_34_hpbulge_nmr_A.petfoldrr,69c8c2cffb5e8ebd5fa0fcd412e3e36c3bdcd55abb11ebb63a0a28dbf11435c1,0.008796,0,((((((((..((((....))))...)))).))))
2KRL_102_3wj_nmr_A,102,30,30,True,0,0,exact,,PETFOLDBIN=/root/autodl-tmp/PETfold/bin /root/autodl-tmp/PETfold/bin/PETfold -f /root/autodl-tmp/data/sequences/2KRL_102_3wj_nmr_A.fasta -r /root/autodl-tmp/rna-ccfa/results/petfold_reproduction/legacy121_raw/2KRL_102_3wj_nmr_A.petfoldrr,/root/autodl-tmp/data/sequences/2KRL_102_3wj_nmr_A.fasta,f042d1e726ee40af4796fb31a0f713d1e01d211b9884b9c3d9724dffb820d2f1,/root/autodl-tmp/rna-ccfa/results/petfold_reproduction/legacy121_raw/2KRL_102_3wj_nmr_A.stdout.txt,15c1ae43029f097bbc113e0e09114b662f951388f20822b2b524ba1fbe810490,/root/autodl-tmp/rna-ccfa/results/petfold_reproduction/legacy121_logs/2KRL_102_3wj_nmr_A.stderr.txt,e3b0c44298fc1c149afbf4c8996fb92427ae41e4649b934ca495991b7852b855,/root/autodl-tmp/rna-ccfa/results/petfold_reproduction/legacy121_raw/2KRL_102_3wj_nmr_A.petfoldrr,cf379efdd01f35cc8e53baee996063a2c120ef1b014c0a2dfe8a7490271a9475,0.071327,0,((((((((....))))))))......(((((((((.........)))))))))...((((((((((......(((....)))......))))))))))....
2KVN_17_hp_nmr_A,17,5,5,True,0,0,exact,,PETFOLDBIN=/root/autodl-tmp/PETfold/bin /root/autodl-tmp/PETfold/bin/PETfold -f /root/autodl-tmp/data/sequences/2KVN_17_hp_nmr_A.fasta -r /root/autodl-tmp/rna-ccfa/results/petfold_reproduction/legacy121_raw/2KVN_17_hp_nmr_A.petfoldrr,/root/autodl-tmp/data/sequences/2KVN_17_hp_nmr_A.fasta,3753e640551a4d72d5159941ffac5e3abf9caca67985640b4fdcb2958de09a51,/root/autodl-tmp/rna-ccfa/results/petfold_reproduction/legacy121_raw/2KVN_17_hp_nmr_A.stdout.txt,82fbfcb6267b45fb6365b854c8cc2987faddc777a47c7c5a0cc0df4725d22bfa,/root/autodl-tmp/rna-ccfa/results/petfold_reproduction/legacy121_logs/2KVN_17_hp_nmr_A.stderr.txt,e3b0c44298fc1c149afbf4c8996fb92427ae41e4649b934ca495991b7852b855,/root/autodl-tmp/rna-ccfa/results/petfold_reproduction/legacy121_raw/2KVN_17_hp_nmr_A.petfoldrr,66b1f3bd3412228fb2fc021a6cb5a2590edad405218edfdb5e44db417d814e48,0.004364,0,(((((......))))).
2KZL_55_hpbulge_nmr_A,55,14,14,True,0,0,exact,,PETFOLDBIN=/root/autodl-tmp/PETfold/bin /root/autodl-tmp/PETfold/bin/PETfold -f /root/autodl-tmp/data/sequences/2KZL_55_hpbulge_nmr_A.fasta -r /root/autodl-tmp/rna-ccfa/results/petfold_reproduction/legacy121_raw/2KZL_55_hpbulge_nmr_A.petfoldrr,/root/autodl-tmp/data/sequences/2KZL_55_hpbulge_nmr_A.fasta,eacf169074f833e172ee795bad60a848d8e9ef1f4fc16c880016a71f7bafe65e,/root/autodl-tmp/rna-ccfa/results/petfold_reproduction/legacy121_raw/2KZL_55_hpbulge_nmr_A.stdout.txt,4a80a9c5fb76d86def1dcfe0f97cb0b33a90afe42c33def7b86570d8442cfa91,/root/autodl-tmp/rna-ccfa/results/petfold_reproduction/legacy121_logs/2KZL_55_hpbulge_nmr_A.stderr.txt,e3b0c44298fc1c149afbf4c8996fb92427ae41e4649b934ca495991b7852b855,/root/autodl-tmp/rna-ccfa/results/petfold_reproduction/legacy121_raw/2KZL_55_hpbulge_nmr_A.petfoldrr,8a9cd8fec98208484e3c21a06df36dbde3c7897a3a840a5f631ba38bb9d99e9d,0.01554,0,((((((......((((.......((((....)))).......))))...))))))
2L2J_42_hp_nmr_A,42,19,19,True,0,0,exact,,PETFOLDBIN=/root/autodl-tmp/PETfold/bin /root/autodl-tmp/PETfold/bin/PETfold -f /root/autodl-tmp/data/sequences/2L2J_42_hp_nmr_A.fasta -r /root/autodl-tmp/rna-ccfa/results/petfold_reproduction/legacy121_raw/2L2J_42_hp_nmr_A.petfoldrr,/root/autodl-tmp/data/sequences/2L2J_42_hp_nmr_A.fasta,ab027e256d9d43fdfc4edd878cb3d85c758677c407ff6950ab0ed25b64e3cf10,/root/autodl-tmp/rna-ccfa/results/petfold_reproduction/legacy121_raw/2L2J_42_hp_nmr_A.stdout.txt,82902c388abe0f0451cfb2fe50d9a0b916836906a3c63da8721c1270833c1870,/root/autodl-tmp/rna-ccfa/results/petfold_reproduction/legacy121_logs/2L2J_42_hp_nmr_A.stderr.txt,e3b0c44298fc1c149afbf4c8996fb92427ae41e4649b934ca495991b7852b855,/root/autodl-tmp/rna-ccfa/results/petfold_reproduction/legacy121_raw/2L2J_42_hp_nmr_A.petfoldrr,17292385c89a6a1e166c334faf9fc27f6903174aaf896c8225a40c5a0429b01c,0.008536,0,(((((((((((((((((((....)))))))))))))))))))
2L3E_35_hpbulge_nmr_A,35,13,13,True,0,0,exact,,PETFOLDBIN=/root/autodl-tmp/PETfold/bin /root/autodl-tmp/PETfold/bin/PETfold -f /root/autodl-tmp/data/sequences/2L3E_35_hpbulge_nmr_A.fasta -r /root/autodl-tmp/rna-ccfa/results/petfold_reproduction/legacy121_raw/2L3E_35_hpbulge_nmr_A.petfoldrr,/root/autodl-tmp/data/sequences/2L3E_35_hpbulge_nmr_A.fasta,7a905797c93f42b0e489236e2de5acb563bc4e4bb4461b1ba9bf495efd8045f6,/root/autodl-tmp/rna-ccfa/results/petfold_reproduction/legacy121_raw/2L3E_35_hpbulge_nmr_A.stdout.txt,f341615fad21dd7ec809931bacb6e9d01c7954994c960b6a39bbe830d06e0429,/root/autodl-tmp/rna-ccfa/results/petfold_reproduction/legacy121_logs/2L3E_35_hpbulge_nmr_A.stderr.txt,e3b0c44298fc1c149afbf4c8996fb92427ae41e4649b934ca495991b7852b855,/root/autodl-tmp/rna-ccfa/results/petfold_reproduction/legacy121_raw/2L3E_35_hpbulge_nmr_A.petfoldrr,9296aeb7b58acdb7f73d3e397ca20fdebcc14ac21e696f21d3da81b43d43870c,0.007034,0,(((((((.....((((((....)))))))))))))
2L5Z_26_hpbulge_nmr_A,26,9,9,True,0,0,exact,,PETFOLDBIN=/root/autodl-tmp/PETfold/bin /root/autodl-tmp/PETfold/bin/PETfold -f /root/autodl-tmp/data/sequences/2L5Z_26_hpbulge_nmr_A.fasta -r /root/autodl-tmp/rna-ccfa/results/petfold_reproduction/legacy121_raw/2L5Z_26_hpbulge_nmr_A.petfoldrr,/root/autodl-tmp/data/sequences/2L5Z_26_hpbulge_nmr_A.fasta,31d279039432c89340a22cebb3c8185aeed109bb08f660a6fb2f20af83d06216,/root/autodl-tmp/rna-ccfa/results/petfold_reproduction/legacy121_raw/2L5Z_26_hpbulge_nmr_A.stdout.txt,3a918c09dc79020f484759a60e1753b25f8a8ccdacc857a793f50278d5b65505,/root/autodl-tmp/rna-ccfa/results/petfold_reproduction/legacy121_logs/2L5Z_26_hpbulge_nmr_A.stderr.txt,e3b0c44298fc1c149afbf4c8996fb92427ae41e4649b934ca495991b7852b855,/root/autodl-tmp/rna-ccfa/results/petfold_reproduction/legacy121_raw/2L5Z_26_hpbulge_nmr_A.petfoldrr,093ddfd99bada67825c5dbc280ca7b539ead0b6e86b3be16877532535502da3b,0.005312,0,((((((...(((....))).))))))
2LBL_17_hp_nmr_A,17,5,5,True,0,0,exact,,PETFOLDBIN=/root/autodl-tmp/PETfold/bin /root/autodl-tmp/PETfold/bin/PETfold -f /root/autodl-tmp/data/sequences/2LBL_17_hp_nmr_A.fasta -r /root/autodl-tmp/rna-ccfa/results/petfold_reproduction/legacy121_raw/2LBL_17_hp_nmr_A.petfoldrr,/root/autodl-tmp/data/sequences/2LBL_17_hp_nmr_A.fasta,0d4d4440569976ae1a4be3449694793702dee86b7805669071cc9cb34c98b9b2,/root/autodl-tmp/rna-ccfa/results/petfold_reproduction/legacy121_raw/2LBL_17_hp_nmr_A.stdout.txt,b35eeb8d8e4685154de2f809365d6aaeb52d71ed23db70a40e6d091b7a25d1cc,/root/autodl-tmp/rna-ccfa/results/petfold_reproduction/legacy121_logs/2LBL_17_hp_nmr_A.stderr.txt,e3b0c44298fc1c149afbf4c8996fb92427ae41e4649b934ca495991b7852b855,/root/autodl-tmp/rna-ccfa/results/petfold_reproduction/legacy121_raw/2LBL_17_hp_nmr_A.petfoldrr,ba2c659a6d50ecb729b30276cc1b7c840ed3e1d825bdd6a907b634f634876b2d,0.004466,0,(((((.......)))))
2LDL_27_hp_nmr_A,27,11,11,True,0,0,exact,,PETFOLDBIN=/root/autodl-tmp/PETfold/bin /root/autodl-tmp/PETfold/bin/PETfold -f /root/autodl-tmp/data/sequences/2LDL_27_hp_nmr_A.fasta -r /root/autodl-tmp/rna-ccfa/results/petfold_reproduction/legacy121_raw/2LDL_27_hp_nmr_A.petfoldrr,/root/autodl-tmp/data/sequences/2LDL_27_hp_nmr_A.fasta,6b09a7be0d9e320930f65057c8da196fd27fb0631258e6b4fd8031887a11b221,/root/autodl-tmp/rna-ccfa/results/petfold_reproduction/legacy121_raw/2LDL_27_hp_nmr_A.stdout.txt,a2422d5fe8434787c4d46b0e69bc6912038bd368e324b45894b1f41e2630c51a,/root/autodl-tmp/rna-ccfa/results/petfold_reproduction/legacy121_logs/2LDL_27_hp_nmr_A.stderr.txt,e3b0c44298fc1c149afbf4c8996fb92427ae41e4649b934ca495991b7852b855,/root/autodl-tmp/rna-ccfa/results/petfold_reproduction/legacy121_raw/2LDL_27_hp_nmr_A.petfoldrr,0d80e54f48600f63c8fae206267d9a24cd5a37a3813f3e1afea953cc2f14b16f,0.006615,0,(((((((((((.....)))))))))))
2LDT_31_hp_nmr_A,31,11,11,True,0,0,exact,,PETFOLDBIN=/root/autodl-tmp/PETfold/bin /root/autodl-tmp/PETfold/bin/PETfold -f /root/autodl-tmp/data/sequences/2LDT_31_hp_nmr_A.fasta -r /root/autodl-tmp/rna-ccfa/results/petfold_reproduction/legacy121_raw/2LDT_31_hp_nmr_A.petfoldrr,/root/autodl-tmp/data/sequences/2LDT_31_hp_nmr_A.fasta,de151d5badb81d1ea543f9e5cd081685658d43ef5e7a0ccadc77af1182031cc8,/root/autodl-tmp/rna-ccfa/results/petfold_reproduction/legacy121_raw/2LDT_31_hp_nmr_A.stdout.txt,1ab6cf820600f72e2233791ab20964a0a4032a4677746de8b40338a56fab1439,/root/autodl-tmp/rna-ccfa/results/petfold_reproduction/legacy121_logs/2LDT_31_hp_nmr_A.stderr.txt,e3b0c44298fc1c149afbf4c8996fb92427ae41e4649b934ca495991b7852b855,/root/autodl-tmp/rna-ccfa/results/petfold_reproduction/legacy121_raw/2LDT_31_hp_nmr_A.petfoldrr,c908d4c5660552c23acbfcdfce310223b8e2f349e65e1b73e7318e6b09a43c5f,0.006139,0,(((((((..((((....))))...)))))))
2LHP_37_hp_nmr_A,37,15,15,True,0,0,exact,,PETFOLDBIN=/root/autodl-tmp/PETfold/bin /root/autodl-tmp/PETfold/bin/PETfold -f /root/autodl-tmp/data/sequences/2LHP_37_hp_nmr_A.fasta -r /root/autodl-tmp/rna-ccfa/results/petfold_reproduction/legacy121_raw/2LHP_37_hp_nmr_A.petfoldrr,/root/autodl-tmp/data/sequences/2LHP_37_hp_nmr_A.fasta,23b48f7fdb493437481bdc97cf522631bb35b36195bffb89c27f679a8844ae2d,/root/autodl-tmp/rna-ccfa/results/petfold_reproduction/legacy121_raw/2LHP_37_hp_nmr_A.stdout.txt,f844e346052da1de1012e270930bb5f69ebc62cc55c7151ff8475c892dd0db5b,/root/autodl-tmp/rna-ccfa/results/petfold_reproduction/legacy121_logs/2LHP_37_hp_nmr_A.stderr.txt,e3b0c44298fc1c149afbf4c8996fb92427ae41e4649b934ca495991b7852b855,/root/autodl-tmp/rna-ccfa/results/petfold_reproduction/legacy121_raw/2LHP_37_hp_nmr_A.petfoldrr,5883c97d280f598347bd72619a56916f347281e4992805d86eeb98d8cd2c5efc,0.008835,0,(((((((((.((((((....))))))..)))))))))
2LI4_32_hp_nmr_A,32,14,14,True,0,0,exact,,PETFOLDBIN=/root/autodl-tmp/PETfold/bin /root/autodl-tmp/PETfold/bin/PETfold -f /root/autodl-tmp/data/sequences/2LI4_32_hp_nmr_A.fasta -r /root/autodl-tmp/rna-ccfa/results/petfold_reproduction/legacy121_raw/2LI4_32_hp_nmr_A.petfoldrr,/root/autodl-tmp/data/sequences/2LI4_32_hp_nmr_A.fasta,0bbed440314935747a2faf574f29effc9ea611ee7e4dc6b92eed0c9c5d79148c,/root/autodl-tmp/rna-ccfa/results/petfold_reproduction/legacy121_raw/2LI4_32_hp_nmr_A.stdout.txt,643e1e6e0ad614e2354363665f22b83cfa584cec09b044d625fa8b3d1c8d8ea7,/root/autodl-tmp/rna-ccfa/results/petfold_reproduction/legacy121_logs/2LI4_32_hp_nmr_A.stderr.txt,e3b0c44298fc1c149afbf4c8996fb92427ae41e4649b934ca495991b7852b855,/root/autodl-tmp/rna-ccfa/results/petfold_reproduction/legacy121_raw/2LI4_32_hp_nmr_A.petfoldrr,585664351684e1cb84f44a8ce9ae33a28f5def8467008ea535b9a5339ee9820a,0.006417,0,((((((((((((((....))))))))))))))
2LJJ_27_hpbulge_nmr_A,27,10,10,True,0,0,exact,,PETFOLDBIN=/root/autodl-tmp/PETfold/bin /root/autodl-tmp/PETfold/bin/PETfold -f /root/autodl-tmp/data/sequences/2LJJ_27_hpbulge_nmr_A.fasta -r /root/autodl-tmp/rna-ccfa/results/petfold_reproduction/legacy121_raw/2LJJ_27_hpbulge_nmr_A.petfoldrr,/root/autodl-tmp/data/sequences/2LJJ_27_hpbulge_nmr_A.fasta,ce86947e587c52920f84c82857129ac4d27d87a7c5c7c13fa89082b13fae0f88,/root/autodl-tmp/rna-ccfa/results/petfold_reproduction/legacy121_raw/2LJJ_27_hpbulge_nmr_A.stdout.txt,b9b62cb82fb1cb75e43b94f6453ef8ef085f72393ba4f3cb06c4b5be106f6fc3,/root/autodl-tmp/rna-ccfa/results/petfold_reproduction/legacy121_logs/2LJJ_27_hpbulge_nmr_A.stderr.txt,e3b0c44298fc1c149afbf4c8996fb92427ae41e4649b934ca495991b7852b855,/root/autodl-tmp/rna-ccfa/results/petfold_reproduction/legacy121_raw/2LJJ_27_hpbulge_nmr_A.petfoldrr,d46ca8ac83846386e66d32f5d7ce893f7e91c7773ca0448e73cc49a900f59190,0.00561,0,(((((..(((((.....))))))))))
2LK3_24_hpbulge_nmr_A,24,9,9,True,0,0,exact,,PETFOLDBIN=/root/autodl-tmp/PETfold/bin /root/autodl-tmp/PETfold/bin/PETfold -f /root/autodl-tmp/data/sequences/2LK3_24_hpbulge_nmr_A.fasta -r /root/autodl-tmp/rna-ccfa/results/petfold_reproduction/legacy121_raw/2LK3_24_hpbulge_nmr_A.petfoldrr,/root/autodl-tmp/data/sequences/2LK3_24_hpbulge_nmr_A.fasta,4917fcda33d00802f7f69365d33b7cf75873fd84786a733cd80dd6801652f2f0,/root/autodl-tmp/rna-ccfa/results/petfold_reproduction/legacy121_raw/2LK3_24_hpbulge_nmr_A.stdout.txt,2bef944459227217164a4fa34d709ff552736eeb218b2be69e3af8a8bbb1c5db,/root/autodl-tmp/rna-ccfa/results/petfold_reproduction/legacy121_logs/2LK3_24_hpbulge_nmr_A.stderr.txt,e3b0c44298fc1c149afbf4c8996fb92427ae41e4649b934ca495991b7852b855,/root/autodl-tmp/rna-ccfa/results/petfold_reproduction/legacy121_raw/2LK3_24_hpbulge_nmr_A.petfoldrr,b600eba9c50e473376788314ba94f79d295cd19ed894f1d1f1a90ffbc584a946,0.005791,0,((((..(((((....)))))))))
2LKR_110_3wj_nmr_A,111,37,37,True,0,0,exact,,PETFOLDBIN=/root/autodl-tmp/PETfold/bin /root/autodl-tmp/PETfold/bin/PETfold -f /root/autodl-tmp/data/sequences/2LKR_110_3wj_nmr_A.fasta -r /root/autodl-tmp/rna-ccfa/results/petfold_reproduction/legacy121_raw/2LKR_110_3wj_nmr_A.petfoldrr,/root/autodl-tmp/data/sequences/2LKR_110_3wj_nmr_A.fasta,d10357180f340c5f9d177f1d6d90ddb62af76b2f1e247297110c30894a7fac2f,/root/autodl-tmp/rna-ccfa/results/petfold_reproduction/legacy121_raw/2LKR_110_3wj_nmr_A.stdout.txt,7c819b0b12447743bfb291eacb83761a1e3c656e5e8e110b6b8d8d839d8b7ccc,/root/autodl-tmp/rna-ccfa/results/petfold_reproduction/legacy121_logs/2LKR_110_3wj_nmr_A.stderr.txt,e3b0c44298fc1c149afbf4c8996fb92427ae41e4649b934ca495991b7852b855,/root/autodl-tmp/rna-ccfa/results/petfold_reproduction/legacy121_raw/2LKR_110_3wj_nmr_A.petfoldrr,6b4c2e21f8c93dd8bc2bb900944aa594d13086e3295f881de68ae5f3d150d36c,0.079379,0,((((((((.....((((((((.((((.(((.....)))..)))).)))...((((((((((((....))))))))))))((....))....)))))......)))).))))
2LQZ_27_hpbulge_nmr_A,27,10,10,True,0,0,exact,,PETFOLDBIN=/root/autodl-tmp/PETfold/bin /root/autodl-tmp/PETfold/bin/PETfold -f /root/autodl-tmp/data/sequences/2LQZ_27_hpbulge_nmr_A.fasta -r /root/autodl-tmp/rna-ccfa/results/petfold_reproduction/legacy121_raw/2LQZ_27_hpbulge_nmr_A.petfoldrr,/root/autodl-tmp/data/sequences/2LQZ_27_hpbulge_nmr_A.fasta,2f9aa382a7a9d75bb7faafffc3dcd4a34a471028e67799a9d3004cdc22012ed7,/root/autodl-tmp/rna-ccfa/results/petfold_reproduction/legacy121_raw/2LQZ_27_hpbulge_nmr_A.stdout.txt,2c8e90e28b99d18e10cc19499bb6adecd44bfe81fd7ccb3262d8c589280d32a4,/root/autodl-tmp/rna-ccfa/results/petfold_reproduction/legacy121_logs/2LQZ_27_hpbulge_nmr_A.stderr.txt,e3b0c44298fc1c149afbf4c8996fb92427ae41e4649b934ca495991b7852b855,/root/autodl-tmp/rna-ccfa/results/petfold_reproduction/legacy121_raw/2LQZ_27_hpbulge_nmr_A.petfoldrr,13cb8fb97fe8c77d4c55484c65505a787da2163f086ccdb7a127c6175ea90cc5,0.007877,0,((((((...((((....))))))))))
2LU0_49_3wj_nmr_A,49,16,16,True,0,0,exact,,PETFOLDBIN=/root/autodl-tmp/PETfold/bin /root/autodl-tmp/PETfold/bin/PETfold -f /root/autodl-tmp/data/sequences/2LU0_49_3wj_nmr_A.fasta -r /root/autodl-tmp/rna-ccfa/results/petfold_reproduction/legacy121_raw/2LU0_49_3wj_nmr_A.petfoldrr,/root/autodl-tmp/data/sequences/2LU0_49_3wj_nmr_A.fasta,7de399d141cb55fc23e43eecfba54fc76173e89f813ca3b3e0f75971b1351c0e,/root/autodl-tmp/rna-ccfa/results/petfold_reproduction/legacy121_raw/2LU0_49_3wj_nmr_A.stdout.txt,43a460db5c0d94cdf82c25f9dba0be05cb836d9274cadf780375b569ae514ddd,/root/autodl-tmp/rna-ccfa/results/petfold_reproduction/legacy121_logs/2LU0_49_3wj_nmr_A.stderr.txt,e3b0c44298fc1c149afbf4c8996fb92427ae41e4649b934ca495991b7852b855,/root/autodl-tmp/rna-ccfa/results/petfold_reproduction/legacy121_raw/2LU0_49_3wj_nmr_A.petfoldrr,7406abedd7454f724beefe57dc7a36a8bd2ce636ffb591c7f174d0dc09fb5db0,0.014262,0,(((((..((((.((....))...(((((....)))))))))...)))))
2LUN_28_hp_nmr_A,28,8,8,True,0,0,exact,,PETFOLDBIN=/root/autodl-tmp/PETfold/bin /root/autodl-tmp/PETfold/bin/PETfold -f /root/autodl-tmp/data/sequences/2LUN_28_hp_nmr_A.fasta -r /root/autodl-tmp/rna-ccfa/results/petfold_reproduction/legacy121_raw/2LUN_28_hp_nmr_A.petfoldrr,/root/autodl-tmp/data/sequences/2LUN_28_hp_nmr_A.fasta,cb347cc5e8f0b4d648e230b77b16409f283959499beaaefb26bd308d850c2487,/root/autodl-tmp/rna-ccfa/results/petfold_reproduction/legacy121_raw/2LUN_28_hp_nmr_A.stdout.txt,95dd4405cf83e29ca4c6d5da7ebd80f2d108493ecb522beb001b2437940a0025,/root/autodl-tmp/rna-ccfa/results/petfold_reproduction/legacy121_logs/2LUN_28_hp_nmr_A.stderr.txt,e3b0c44298fc1c149afbf4c8996fb92427ae41e4649b934ca495991b7852b855,/root/autodl-tmp/rna-ccfa/results/petfold_reproduction/legacy121_raw/2LUN_28_hp_nmr_A.petfoldrr,65a6498ba84bd41d1ed99791ec82761f6f8ae9a1d32b541269742c75b8eceb95,0.008251,0,((((....((((....))))....))))
2M12_23_hp_nmr_A,23,6,6,True,0,0,exact,,PETFOLDBIN=/root/autodl-tmp/PETfold/bin /root/autodl-tmp/PETfold/bin/PETfold -f /root/autodl-tmp/data/sequences/2M12_23_hp_nmr_A.fasta -r /root/autodl-tmp/rna-ccfa/results/petfold_reproduction/legacy121_raw/2M12_23_hp_nmr_A.petfoldrr,/root/autodl-tmp/data/sequences/2M12_23_hp_nmr_A.fasta,f8ca2875715261ba1f3b34175e0604f2d2b1a658384669f7c8f1fd6a7940e7a7,/root/autodl-tmp/rna-ccfa/results/petfold_reproduction/legacy121_raw/2M12_23_hp_nmr_A.stdout.txt,2ca1375f461f054c021c2e326bb104f238d8186e384769656f93a72a0ada324c,/root/autodl-tmp/rna-ccfa/results/petfold_reproduction/legacy121_logs/2M12_23_hp_nmr_A.stderr.txt,e3b0c44298fc1c149afbf4c8996fb92427ae41e4649b934ca495991b7852b855,/root/autodl-tmp/rna-ccfa/results/petfold_reproduction/legacy121_raw/2M12_23_hp_nmr_A.petfoldrr,d4cd29423c0bb9439dfcb7de0fbe99538aa8f287f7a7bd7221d15ecc1a2206df,0.005153,0,((((((...........))))))
2M21_21_hp_nmr_A,21,7,7,True,0,0,exact,,PETFOLDBIN=/root/autodl-tmp/PETfold/bin /root/autodl-tmp/PETfold/bin/PETfold -f /root/autodl-tmp/data/sequences/2M21_21_hp_nmr_A.fasta -r /root/autodl-tmp/rna-ccfa/results/petfold_reproduction/legacy121_raw/2M21_21_hp_nmr_A.petfoldrr,/root/autodl-tmp/data/sequences/2M21_21_hp_nmr_A.fasta,078a91190276ab0af2a412a14d24fc2f65ae8303e38feb8895941c73a3cb067a,/root/autodl-tmp/rna-ccfa/results/petfold_reproduction/legacy121_raw/2M21_21_hp_nmr_A.stdout.txt,77ea94216bc61a2f65875fa6f6182709ed144ef5146facbc011467da708cf871,/root/autodl-tmp/rna-ccfa/results/petfold_reproduction/legacy121_logs/2M21_21_hp_nmr_A.stderr.txt,e3b0c44298fc1c149afbf4c8996fb92427ae41e4649b934ca495991b7852b855,/root/autodl-tmp/rna-ccfa/results/petfold_reproduction/legacy121_raw/2M21_21_hp_nmr_A.petfoldrr,34bc3f953216980aa16ecf61b78d4ec691b680411fa59764547a628abe9950e1,0.006906,0,(((((((.......)))))))
2M8K_48_pseudoknot_nmr_A,48,16,16,True,0,0,exact,,PETFOLDBIN=/root/autodl-tmp/PETfold/bin /root/autodl-tmp/PETfold/bin/PETfold -f /root/autodl-tmp/data/sequences/2M8K_48_pseudoknot_nmr_A.fasta -r /root/autodl-tmp/rna-ccfa/results/petfold_reproduction/legacy121_raw/2M8K_48_pseudoknot_nmr_A.petfoldrr,/root/autodl-tmp/data/sequences/2M8K_48_pseudoknot_nmr_A.fasta,56e8be68ca0a1dd621e68f06665a6fe9acd56e8ca1fb9e20dec26938931a8988,/root/autodl-tmp/rna-ccfa/results/petfold_reproduction/legacy121_raw/2M8K_48_pseudoknot_nmr_A.stdout.txt,d65dd45db9f13efb0cb5341387d76e5a7116bc782292052fdf86088aef790d9d,/root/autodl-tmp/rna-ccfa/results/petfold_reproduction/legacy121_logs/2M8K_48_pseudoknot_nmr_A.stderr.txt,e3b0c44298fc1c149afbf4c8996fb92427ae41e4649b934ca495991b7852b855,/root/autodl-tmp/rna-ccfa/results/petfold_reproduction/legacy121_raw/2M8K_48_pseudoknot_nmr_A.petfoldrr,6ce10e5574c15776291408339c52d1636d99b2258b011ea324bc1c520163ed90,0.012421,0,..........((((((((((((((((....))))..))))))))))))
2MEQ_19_hp_nmr_A,19,6,6,True,0,0,exact,,PETFOLDBIN=/root/autodl-tmp/PETfold/bin /root/autodl-tmp/PETfold/bin/PETfold -f /root/autodl-tmp/data/sequences/2MEQ_19_hp_nmr_A.fasta -r /root/autodl-tmp/rna-ccfa/results/petfold_reproduction/legacy121_raw/2MEQ_19_hp_nmr_A.petfoldrr,/root/autodl-tmp/data/sequences/2MEQ_19_hp_nmr_A.fasta,6f875b4be78d61494ac80fef817742b74c2097770c97a2b1d06d6f7f7c2c4f64,/root/autodl-tmp/rna-ccfa/results/petfold_reproduction/legacy121_raw/2MEQ_19_hp_nmr_A.stdout.txt,e36cb1522ea33be275ffd39849e0f2a0c4dfb612e39f46939731b7e09b329274,/root/autodl-tmp/rna-ccfa/results/petfold_reproduction/legacy121_logs/2MEQ_19_hp_nmr_A.stderr.txt,e3b0c44298fc1c149afbf4c8996fb92427ae41e4649b934ca495991b7852b855,/root/autodl-tmp/rna-ccfa/results/petfold_reproduction/legacy121_raw/2MEQ_19_hp_nmr_A.petfoldrr,9fd79440208ce0a3e48fe8999027405efe6c5430de8dbb3d0b7bb0f75f2fa3b2,0.005508,0,((((((.......))))))
2MHI_53_3wj_nmr_A,53,20,20,True,0,0,exact,,PETFOLDBIN=/root/autodl-tmp/PETfold/bin /root/autodl-tmp/PETfold/bin/PETfold -f /root/autodl-tmp/data/sequences/2MHI_53_3wj_nmr_A.fasta -r /root/autodl-tmp/rna-ccfa/results/petfold_reproduction/legacy121_raw/2MHI_53_3wj_nmr_A.petfoldrr,/root/autodl-tmp/data/sequences/2MHI_53_3wj_nmr_A.fasta,a466d232146dd02bb83ed90514d910625bb64d8ae48fec7b0d2b0735bebde364,/root/autodl-tmp/rna-ccfa/results/petfold_reproduction/legacy121_raw/2MHI_53_3wj_nmr_A.stdout.txt,d97620e139f8ff9c6fdb1bda975d4ed54a94c6e308169e02d03c596f2090d272,/root/autodl-tmp/rna-ccfa/results/petfold_reproduction/legacy121_logs/2MHI_53_3wj_nmr_A.stderr.txt,e3b0c44298fc1c149afbf4c8996fb92427ae41e4649b934ca495991b7852b855,/root/autodl-tmp/rna-ccfa/results/petfold_reproduction/legacy121_raw/2MHI_53_3wj_nmr_A.petfoldrr,2753a493382f3cc642b29588b1d5e31afaaee604805ee03f0969c38f17fb1328,0.017031,0,(((((((.(((((.((((...))))))))).((((.....))))..)))))))
2MQT_68_hpbulge_nmr_A,68,28,28,True,0,0,exact,,PETFOLDBIN=/root/autodl-tmp/PETfold/bin /root/autodl-tmp/PETfold/bin/PETfold -f /root/autodl-tmp/data/sequences/2MQT_68_hpbulge_nmr_A.fasta -r /root/autodl-tmp/rna-ccfa/results/petfold_reproduction/legacy121_raw/2MQT_68_hpbulge_nmr_A.petfoldrr,/root/autodl-tmp/data/sequences/2MQT_68_hpbulge_nmr_A.fasta,0bf213b4cc8e50ca37e9ffa8372d9afb034ca9571493be0a9a3fe8f1f087243f,/root/autodl-tmp/rna-ccfa/results/petfold_reproduction/legacy121_raw/2MQT_68_hpbulge_nmr_A.stdout.txt,6cc713385fe7768cff4ff47c2a39efb034c2729ff6551016370693a7cae38479,/root/autodl-tmp/rna-ccfa/results/petfold_reproduction/legacy121_logs/2MQT_68_hpbulge_nmr_A.stderr.txt,e3b0c44298fc1c149afbf4c8996fb92427ae41e4649b934ca495991b7852b855,/root/autodl-tmp/rna-ccfa/results/petfold_reproduction/legacy121_raw/2MQT_68_hpbulge_nmr_A.petfoldrr,97c4f95f1c9325b024b6e2efa9cb35ac702d5ce66de857eb5baad01c30836754,0.025548,0,((((((((((((((...((((((..((((.((((....))))))))..))))))))))))))))))))
2MTJ_47_3wj_nmr_A,47,15,15,True,0,0,exact,,PETFOLDBIN=/root/autodl-tmp/PETfold/bin /root/autodl-tmp/PETfold/bin/PETfold -f /root/autodl-tmp/data/sequences/2MTJ_47_3wj_nmr_A.fasta -r /root/autodl-tmp/rna-ccfa/results/petfold_reproduction/legacy121_raw/2MTJ_47_3wj_nmr_A.petfoldrr,/root/autodl-tmp/data/sequences/2MTJ_47_3wj_nmr_A.fasta,79b86e799286e84ca794fb622f334a1ca671e5e812ffbba74289bae1fbd6abea,/root/autodl-tmp/rna-ccfa/results/petfold_reproduction/legacy121_raw/2MTJ_47_3wj_nmr_A.stdout.txt,d3251450b920e98ad196c09b305a9f27953a329a3529fea4cb7f293ff67be46b,/root/autodl-tmp/rna-ccfa/results/petfold_reproduction/legacy121_logs/2MTJ_47_3wj_nmr_A.stderr.txt,e3b0c44298fc1c149afbf4c8996fb92427ae41e4649b934ca495991b7852b855,/root/autodl-tmp/rna-ccfa/results/petfold_reproduction/legacy121_raw/2MTJ_47_3wj_nmr_A.petfoldrr,8f16a5cd7d9cad0e5a59c95671167343d08bea6e2b5152b5ea9f590bcee74027,0.011322,0,(((((..(((((....))))).(((((....))))).....))))).
2MXL_39_hp_nmr_A,39,13,13,True,0,0,exact,,PETFOLDBIN=/root/autodl-tmp/PETfold/bin /root/autodl-tmp/PETfold/bin/PETfold -f /root/autodl-tmp/data/sequences/2MXL_39_hp_nmr_A.fasta -r /root/autodl-tmp/rna-ccfa/results/petfold_reproduction/legacy121_raw/2MXL_39_hp_nmr_A.petfoldrr,/root/autodl-tmp/data/sequences/2MXL_39_hp_nmr_A.fasta,08b93404ab9d37c73937c672da0ab4efaa4775768c6470e376b14e30f0bb6360,/root/autodl-tmp/rna-ccfa/results/petfold_reproduction/legacy121_raw/2MXL_39_hp_nmr_A.stdout.txt,3278f8737fabe69ad585c7cffc6f76d5ba27803953b96df1e8300024c5401422,/root/autodl-tmp/rna-ccfa/results/petfold_reproduction/legacy121_logs/2MXL_39_hp_nmr_A.stderr.txt,e3b0c44298fc1c149afbf4c8996fb92427ae41e4649b934ca495991b7852b855,/root/autodl-tmp/rna-ccfa/results/petfold_reproduction/legacy121_raw/2MXL_39_hp_nmr_A.petfoldrr,8d89af77af3406cef92594b3cee12442f901e5a7161cb84f154296b4ccf80460,0.00822,0,..(((((((..((((((......)).))))..)))))))
2N1Q_155_4wj_nmr_A,155,48,48,True,0,0,exact,,PETFOLDBIN=/root/autodl-tmp/PETfold/bin /root/autodl-tmp/PETfold/bin/PETfold -f /root/autodl-tmp/data/sequences/2N1Q_155_4wj_nmr_A.fasta -r /root/autodl-tmp/rna-ccfa/results/petfold_reproduction/legacy121_raw/2N1Q_155_4wj_nmr_A.petfoldrr,/root/autodl-tmp/data/sequences/2N1Q_155_4wj_nmr_A.fasta,a93cae39abfd41e9a7579bfec375b9e135b36424fdc72e6eef1331d47ba767f1,/root/autodl-tmp/rna-ccfa/results/petfold_reproduction/legacy121_raw/2N1Q_155_4wj_nmr_A.stdout.txt,84444643bc80594ccc86ea6f109ccd972ccb164df1cb60ffc1f81a853522936d,/root/autodl-tmp/rna-ccfa/results/petfold_reproduction/legacy121_logs/2N1Q_155_4wj_nmr_A.stderr.txt,e3b0c44298fc1c149afbf4c8996fb92427ae41e4649b934ca495991b7852b855,/root/autodl-tmp/rna-ccfa/results/petfold_reproduction/legacy121_raw/2N1Q_155_4wj_nmr_A.petfoldrr,49b4767e28a05b79e708a2b65c6dabe96986cf8117c75198991e055eb1405af7,0.208957,0,(((((((((((.(.......(((((((....)))))))(((....)))...((....((((.(((((((....)))))))...))))..))(((((((....))).)))).......(...(((((....)))))...)..).))))))))))).
2N2P_23_hpbulge_nmr_A,23,8,8,True,0,0,exact,,PETFOLDBIN=/root/autodl-tmp/PETfold/bin /root/autodl-tmp/PETfold/bin/PETfold -f /root/autodl-tmp/data/sequences/2N2P_23_hpbulge_nmr_A.fasta -r /root/autodl-tmp/rna-ccfa/results/petfold_reproduction/legacy121_raw/2N2P_23_hpbulge_nmr_A.petfoldrr,/root/autodl-tmp/data/sequences/2N2P_23_hpbulge_nmr_A.fasta,76e3b0718f4d734af4f9ed67d146c5e5759614c88b2e185cdcce0a96028f68bf,/root/autodl-tmp/rna-ccfa/results/petfold_reproduction/legacy121_raw/2N2P_23_hpbulge_nmr_A.stdout.txt,f5007a89d7241c29dc2e83d1e2c15c2f7e58eecccad166fd8f5f363079d6499f,/root/autodl-tmp/rna-ccfa/results/petfold_reproduction/legacy121_logs/2N2P_23_hpbulge_nmr_A.stderr.txt,e3b0c44298fc1c149afbf4c8996fb92427ae41e4649b934ca495991b7852b855,/root/autodl-tmp/rna-ccfa/results/petfold_reproduction/legacy121_raw/2N2P_23_hpbulge_nmr_A.petfoldrr,50fd8e363423b4365d09e0411162ef26a266c7d090988c00ed98a22bdccd2a4d,0.005329,0,.(.(((((((...))))))))..
2N3Q_62_3wj_nmr_A,62,19,19,True,0,0,exact,,PETFOLDBIN=/root/autodl-tmp/PETfold/bin /root/autodl-tmp/PETfold/bin/PETfold -f /root/autodl-tmp/data/sequences/2N3Q_62_3wj_nmr_A.fasta -r /root/autodl-tmp/rna-ccfa/results/petfold_reproduction/legacy121_raw/2N3Q_62_3wj_nmr_A.petfoldrr,/root/autodl-tmp/data/sequences/2N3Q_62_3wj_nmr_A.fasta,ad362a29cb46ce989f3458c51fa96faad9c8e4bf7a5a822fda5c1a9f9c84e502,/root/autodl-tmp/rna-ccfa/results/petfold_reproduction/legacy121_raw/2N3Q_62_3wj_nmr_A.stdout.txt,63daf09daea445207399707afc0724cdf74641a591611637ac54117e44d2c1e8,/root/autodl-tmp/rna-ccfa/results/petfold_reproduction/legacy121_logs/2N3Q_62_3wj_nmr_A.stderr.txt,e3b0c44298fc1c149afbf4c8996fb92427ae41e4649b934ca495991b7852b855,/root/autodl-tmp/rna-ccfa/results/petfold_reproduction/legacy121_raw/2N3Q_62_3wj_nmr_A.petfoldrr,b48bf2654873cba989729823b54692862fcc46c4e39694c7c88909981164a4e6,0.022232,0,(((((.(((.......(((.(.((.(((((.....))))).)).)))).....)))))))).
2N4L_53_hpbulge_nmr_A,53,21,21,True,0,0,exact,,PETFOLDBIN=/root/autodl-tmp/PETfold/bin /root/autodl-tmp/PETfold/bin/PETfold -f /root/autodl-tmp/data/sequences/2N4L_53_hpbulge_nmr_A.fasta -r /root/autodl-tmp/rna-ccfa/results/petfold_reproduction/legacy121_raw/2N4L_53_hpbulge_nmr_A.petfoldrr,/root/autodl-tmp/data/sequences/2N4L_53_hpbulge_nmr_A.fasta,a050c29317183ceaf4312ba69bb3e0fa11d4dad8dd715a5aef85803d355c33fa,/root/autodl-tmp/rna-ccfa/results/petfold_reproduction/legacy121_raw/2N4L_53_hpbulge_nmr_A.stdout.txt,9327ca30880aff380d9fc38e339200141538ee2fe4cca4bb6d3ce7156adf46a7,/root/autodl-tmp/rna-ccfa/results/petfold_reproduction/legacy121_logs/2N4L_53_hpbulge_nmr_A.stderr.txt,e3b0c44298fc1c149afbf4c8996fb92427ae41e4649b934ca495991b7852b855,/root/autodl-tmp/rna-ccfa/results/petfold_reproduction/legacy121_raw/2N4L_53_hpbulge_nmr_A.petfoldrr,041c027a74de415ad6e217cfc0082f5013e71c89231248cc7d295e86c5f8df38,0.01581,0,((((((((((((((..(((..((((.....)))))))..))))))))))))))
2N6W_68_hpbulge_nmr_A,68,28,28,True,0,0,exact,,PETFOLDBIN=/root/autodl-tmp/PETfold/bin /root/autodl-tmp/PETfold/bin/PETfold -f /root/autodl-tmp/data/sequences/2N6W_68_hpbulge_nmr_A.fasta -r /root/autodl-tmp/rna-ccfa/results/petfold_reproduction/legacy121_raw/2N6W_68_hpbulge_nmr_A.petfoldrr,/root/autodl-tmp/data/sequences/2N6W_68_hpbulge_nmr_A.fasta,3f5e859a3fb23cee3cd78736a90c6fa367b3e036cc1c1d8f56a7c358f164172d,/root/autodl-tmp/rna-ccfa/results/petfold_reproduction/legacy121_raw/2N6W_68_hpbulge_nmr_A.stdout.txt,0dbd25678425e8876a62b14911f3780c5da2dc0c5e1f19637a97d848a5bbd436,/root/autodl-tmp/rna-ccfa/results/petfold_reproduction/legacy121_logs/2N6W_68_hpbulge_nmr_A.stderr.txt,e3b0c44298fc1c149afbf4c8996fb92427ae41e4649b934ca495991b7852b855,/root/autodl-tmp/rna-ccfa/results/petfold_reproduction/legacy121_raw/2N6W_68_hpbulge_nmr_A.petfoldrr,b92f3b7da8a272e0218834c4926e68fdbe014d8b25e6a77965d888416f9462e8,0.023596,0,((((((((((((((.((.((((((((..((((....))))...)))))))))).))))))))))))))
2NC1_67_3wj_nmr_A,67,24,24,True,0,0,exact,,PETFOLDBIN=/root/autodl-tmp/PETfold/bin /root/autodl-tmp/PETfold/bin/PETfold -f /root/autodl-tmp/data/sequences/2NC1_67_3wj_nmr_A.fasta -r /root/autodl-tmp/rna-ccfa/results/petfold_reproduction/legacy121_raw/2NC1_67_3wj_nmr_A.petfoldrr,/root/autodl-tmp/data/sequences/2NC1_67_3wj_nmr_A.fasta,ad04b0ecb8f5802878610b62c33a1c918b7cd8b474b3ae411695a556421a190c,/root/autodl-tmp/rna-ccfa/results/petfold_reproduction/legacy121_raw/2NC1_67_3wj_nmr_A.stdout.txt,c302bb116580915f34de8fe42c1c5306be0335809aa422fd828ad1706129dab0,/root/autodl-tmp/rna-ccfa/results/petfold_reproduction/legacy121_logs/2NC1_67_3wj_nmr_A.stderr.txt,e3b0c44298fc1c149afbf4c8996fb92427ae41e4649b934ca495991b7852b855,/root/autodl-tmp/rna-ccfa/results/petfold_reproduction/legacy121_raw/2NC1_67_3wj_nmr_A.petfoldrr,b51d0170088773448b64a97f30621bc83dc40a019a2198609125ff52a442d523,0.026878,0,((((((...(((((((((((....))))))(((((((....))))))).......))))).))))))
2NCI_28_hpbulge_nmr_A,28,10,10,True,0,0,exact,,PETFOLDBIN=/root/autodl-tmp/PETfold/bin /root/autodl-tmp/PETfold/bin/PETfold -f /root/autodl-tmp/data/sequences/2NCI_28_hpbulge_nmr_A.fasta -r /root/autodl-tmp/rna-ccfa/results/petfold_reproduction/legacy121_raw/2NCI_28_hpbulge_nmr_A.petfoldrr,/root/autodl-tmp/data/sequences/2NCI_28_hpbulge_nmr_A.fasta,0fa32615ec610c5c9288a5fb1d2ed00293015e34d17fdd6acae0e7c7337921ac,/root/autodl-tmp/rna-ccfa/results/petfold_reproduction/legacy121_raw/2NCI_28_hpbulge_nmr_A.stdout.txt,231ae90a169c14c4b2ed16f78984beb72d8fd8d02e8063dc561cf9d3959b3700,/root/autodl-tmp/rna-ccfa/results/petfold_reproduction/legacy121_logs/2NCI_28_hpbulge_nmr_A.stderr.txt,e3b0c44298fc1c149afbf4c8996fb92427ae41e4649b934ca495991b7852b855,/root/autodl-tmp/rna-ccfa/results/petfold_reproduction/legacy121_raw/2NCI_28_hpbulge_nmr_A.petfoldrr,5c1ff51c11e548057afe035efe8ff095dcbcaf3e155300c8888613aa4fc81602,0.005715,0,((((((....((((....))))))))))
2PCV_35_hpbulge_nmr_A,35,11,11,True,0,0,exact,,PETFOLDBIN=/root/autodl-tmp/PETfold/bin /root/autodl-tmp/PETfold/bin/PETfold -f /root/autodl-tmp/data/sequences/2PCV_35_hpbulge_nmr_A.fasta -r /root/autodl-tmp/rna-ccfa/results/petfold_reproduction/legacy121_raw/2PCV_35_hpbulge_nmr_A.petfoldrr,/root/autodl-tmp/data/sequences/2PCV_35_hpbulge_nmr_A.fasta,65e265b859c380483d87075ae8864649f8c59ce2dd42de343df81025aa0f5378,/root/autodl-tmp/rna-ccfa/results/petfold_reproduction/legacy121_raw/2PCV_35_hpbulge_nmr_A.stdout.txt,9d10ad0c9d650e989c04e3dedb24e85d2b66073890a7f6ae272029286ec6df07,/root/autodl-tmp/rna-ccfa/results/petfold_reproduction/legacy121_logs/2PCV_35_hpbulge_nmr_A.stderr.txt,e3b0c44298fc1c149afbf4c8996fb92427ae41e4649b934ca495991b7852b855,/root/autodl-tmp/rna-ccfa/results/petfold_reproduction/legacy121_raw/2PCV_35_hpbulge_nmr_A.petfoldrr,32ab4bcd3a65a6c191b0048bf7c5c4b39a11988c5da76d7b34d1c8e5133536b8,0.007222,0,(((((....((((((....)))).....)))))))
2QH2_24_hp_nmr_A,24,8,8,True,0,0,exact,,PETFOLDBIN=/root/autodl-tmp/PETfold/bin /root/autodl-tmp/PETfold/bin/PETfold -f /root/autodl-tmp/data/sequences/2QH2_24_hp_nmr_A.fasta -r /root/autodl-tmp/rna-ccfa/results/petfold_reproduction/legacy121_raw/2QH2_24_hp_nmr_A.petfoldrr,/root/autodl-tmp/data/sequences/2QH2_24_hp_nmr_A.fasta,7695b1f057d335efc342253b35cc5d64840afe67d163ff8e131b3b392f3dab17,/root/autodl-tmp/rna-ccfa/results/petfold_reproduction/legacy121_raw/2QH2_24_hp_nmr_A.stdout.txt,c568284dd10ed0975e9f43a3a9048335199a3e125d2c96687247ce82c4fdfb2c,/root/autodl-tmp/rna-ccfa/results/petfold_reproduction/legacy121_logs/2QH2_24_hp_nmr_A.stderr.txt,e3b0c44298fc1c149afbf4c8996fb92427ae41e4649b934ca495991b7852b855,/root/autodl-tmp/rna-ccfa/results/petfold_reproduction/legacy121_raw/2QH2_24_hp_nmr_A.petfoldrr,722d8b3ddad3e5b7a37c9ee5157733fdc353afcb92e4028654a08890533f5a78,0.005014,0,((((((((........))))))))
2RO2_23_hp_nmr_A,23,9,9,True,0,0,exact,,PETFOLDBIN=/root/autodl-tmp/PETfold/bin /root/autodl-tmp/PETfold/bin/PETfold -f /root/autodl-tmp/data/sequences/2RO2_23_hp_nmr_A.fasta -r /root/autodl-tmp/rna-ccfa/results/petfold_reproduction/legacy121_raw/2RO2_23_hp_nmr_A.petfoldrr,/root/autodl-tmp/data/sequences/2RO2_23_hp_nmr_A.fasta,cdaabcc2cb15cea4ebb08d6e92bd738de85666eadfbcaf8575bb250162d26c66,/root/autodl-tmp/rna-ccfa/results/petfold_reproduction/legacy121_raw/2RO2_23_hp_nmr_A.stdout.txt,889763a4ccb0bd81785e53459b683f3e45146f94ab292cc857e1c1a44eda7522,/root/autodl-tmp/rna-ccfa/results/petfold_reproduction/legacy121_logs/2RO2_23_hp_nmr_A.stderr.txt,e3b0c44298fc1c149afbf4c8996fb92427ae41e4649b934ca495991b7852b855,/root/autodl-tmp/rna-ccfa/results/petfold_reproduction/legacy121_raw/2RO2_23_hp_nmr_A.petfoldrr,ccd759dad23359f6fd3bfed8e12027e2d8e73ee7eb11bfec51c084bb7b2e94fd,0.005255,0,(((((((((.....)))))))))
2RVO_34_hp_nmr_A,34,13,13,True,0,0,exact,,PETFOLDBIN=/root/autodl-tmp/PETfold/bin /root/autodl-tmp/PETfold/bin/PETfold -f /root/autodl-tmp/data/sequences/2RVO_34_hp_nmr_A.fasta -r /root/autodl-tmp/rna-ccfa/results/petfold_reproduction/legacy121_raw/2RVO_34_hp_nmr_A.petfoldrr,/root/autodl-tmp/data/sequences/2RVO_34_hp_nmr_A.fasta,d4fdaabffc41acfbeabc6cd4f6bb2a7ac24845c3ef6dd0a37b85c182367779d6,/root/autodl-tmp/rna-ccfa/results/petfold_reproduction/legacy121_raw/2RVO_34_hp_nmr_A.stdout.txt,28af34ab9b2bc7e6663def7c3ab0cec47c131998a2def334a5123cc682974e33,/root/autodl-tmp/rna-ccfa/results/petfold_reproduction/legacy121_logs/2RVO_34_hp_nmr_A.stderr.txt,e3b0c44298fc1c149afbf4c8996fb92427ae41e4649b934ca495991b7852b855,/root/autodl-tmp/rna-ccfa/results/petfold_reproduction/legacy121_raw/2RVO_34_hp_nmr_A.petfoldrr,79063597c18b795c82ae73455a1c932ea5e3a13afe4c8b22479940dd8a483bb2,0.00674,0,((((((((...(((((....))))).))))))))
2TPK_35_pseudoknot_nmr_A,36,10,10,True,0,0,exact,,PETFOLDBIN=/root/autodl-tmp/PETfold/bin /root/autodl-tmp/PETfold/bin/PETfold -f /root/autodl-tmp/data/sequences/2TPK_35_pseudoknot_nmr_A.fasta -r /root/autodl-tmp/rna-ccfa/results/petfold_reproduction/legacy121_raw/2TPK_35_pseudoknot_nmr_A.petfoldrr,/root/autodl-tmp/data/sequences/2TPK_35_pseudoknot_nmr_A.fasta,913efc39c2d8c230c61e0f7892c804f5416d35cf5478676726f5cb91304cec92,/root/autodl-tmp/rna-ccfa/results/petfold_reproduction/legacy121_raw/2TPK_35_pseudoknot_nmr_A.stdout.txt,41ea47f05d980b529e66df1e4471150890a5611327bb0eefdf80dbaff03bbca5,/root/autodl-tmp/rna-ccfa/results/petfold_reproduction/legacy121_logs/2TPK_35_pseudoknot_nmr_A.stderr.txt,e3b0c44298fc1c149afbf4c8996fb92427ae41e4649b934ca495991b7852b855,/root/autodl-tmp/rna-ccfa/results/petfold_reproduction/legacy121_raw/2TPK_35_pseudoknot_nmr_A.petfoldrr,8504577d238311135578231714e76a8bdd80ffffd0e5b817e6922efc67bb84da,0.007654,0,........((((((((((.....))).)))))))..
387D_26_hpbulge_xray_A,26,6,6,True,0,0,exact,,PETFOLDBIN=/root/autodl-tmp/PETfold/bin /root/autodl-tmp/PETfold/bin/PETfold -f /root/autodl-tmp/data/sequences/387D_26_hpbulge_xray_A.fasta -r /root/autodl-tmp/rna-ccfa/results/petfold_reproduction/legacy121_raw/387D_26_hpbulge_xray_A.petfoldrr,/root/autodl-tmp/data/sequences/387D_26_hpbulge_xray_A.fasta,c52b888b28095a21e372e3ee07a8feb7192b3f3f525dc8dafcfc5b81226d20f4,/root/autodl-tmp/rna-ccfa/results/petfold_reproduction/legacy121_raw/387D_26_hpbulge_xray_A.stdout.txt,35fb42488e2ccbf99e8eb0cc6f10a5517bf249e7c3c1e9d35406b71963fd90f3,/root/autodl-tmp/rna-ccfa/results/petfold_reproduction/legacy121_logs/387D_26_hpbulge_xray_A.stderr.txt,e3b0c44298fc1c149afbf4c8996fb92427ae41e4649b934ca495991b7852b855,/root/autodl-tmp/rna-ccfa/results/petfold_reproduction/legacy121_raw/387D_26_hpbulge_xray_A.petfoldrr,39acda65c2e315fee92f051f26b7897ac4861afe2a8b36a0f577f479c6b779f1,0.005964,0,.....((((((.........))))))
5A17_32_hp_nmr_A,32,10,10,True,0,0,exact,,PETFOLDBIN=/root/autodl-tmp/PETfold/bin /root/autodl-tmp/PETfold/bin/PETfold -f /root/autodl-tmp/data/sequences/5A17_32_hp_nmr_A.fasta -r /root/autodl-tmp/rna-ccfa/results/petfold_reproduction/legacy121_raw/5A17_32_hp_nmr_A.petfoldrr,/root/autodl-tmp/data/sequences/5A17_32_hp_nmr_A.fasta,f1f16ff98e93c5e90ec675d83cc1c2e10ca9200c122ec02723e6bd3838274265,/root/autodl-tmp/rna-ccfa/results/petfold_reproduction/legacy121_raw/5A17_32_hp_nmr_A.stdout.txt,11e8d95292f8a7963e232d87b293d6f4add0126ccd176f529f424fd2089edc48,/root/autodl-tmp/rna-ccfa/results/petfold_reproduction/legacy121_logs/5A17_32_hp_nmr_A.stderr.txt,e3b0c44298fc1c149afbf4c8996fb92427ae41e4649b934ca495991b7852b855,/root/autodl-tmp/rna-ccfa/results/petfold_reproduction/legacy121_raw/5A17_32_hp_nmr_A.petfoldrr,d88955954726da24b9b38ba4f6b6f4c77b3bbbf589722aa10393ba24eab1e13a,0.00646,0,((((((((...((.......))..))))))))
5KH8_47_3wj_nmr_A,47,9,9,True,0,0,exact,,PETFOLDBIN=/root/autodl-tmp/PETfold/bin /root/autodl-tmp/PETfold/bin/PETfold -f /root/autodl-tmp/data/sequences/5KH8_47_3wj_nmr_A.fasta -r /root/autodl-tmp/rna-ccfa/results/petfold_reproduction/legacy121_raw/5KH8_47_3wj_nmr_A.petfoldrr,/root/autodl-tmp/data/sequences/5KH8_47_3wj_nmr_A.fasta,86d50041e361314ac6effc25db1e5d24f3655c4a4ff2ee2f10f64b0b5ab261eb,/root/autodl-tmp/rna-ccfa/results/petfold_reproduction/legacy121_raw/5KH8_47_3wj_nmr_A.stdout.txt,a8002eb636a86940a042901c1185d1e232fe5832fd56846bbb4ffc1693812226,/root/autodl-tmp/rna-ccfa/results/petfold_reproduction/legacy121_logs/5KH8_47_3wj_nmr_A.stderr.txt,e3b0c44298fc1c149afbf4c8996fb92427ae41e4649b934ca495991b7852b855,/root/autodl-tmp/rna-ccfa/results/petfold_reproduction/legacy121_raw/5KH8_47_3wj_nmr_A.petfoldrr,a4fa53a237b96f85c3da5ade8f33d8533ac5cb13232bfa38fdd4fcb8365097e5,0.013177,0,(((((......)))))......((((....)))).............
5KQE_35_hpbulge_nmr_A,36,13,13,True,0,0,exact,,PETFOLDBIN=/root/autodl-tmp/PETfold/bin /root/autodl-tmp/PETfold/bin/PETfold -f /root/autodl-tmp/data/sequences/5KQE_35_hpbulge_nmr_A.fasta -r /root/autodl-tmp/rna-ccfa/results/petfold_reproduction/legacy121_raw/5KQE_35_hpbulge_nmr_A.petfoldrr,/root/autodl-tmp/data/sequences/5KQE_35_hpbulge_nmr_A.fasta,125ca4bdc43e36f72987558fb9fcf13a25d39a8c82db1f9d0e4ac7d253065bc7,/root/autodl-tmp/rna-ccfa/results/petfold_reproduction/legacy121_raw/5KQE_35_hpbulge_nmr_A.stdout.txt,8c8a4a329ed926d1c0a3fac266dedfb9fba8cdb53dc371c7ad6d1adff86bfa97,/root/autodl-tmp/rna-ccfa/results/petfold_reproduction/legacy121_logs/5KQE_35_hpbulge_nmr_A.stderr.txt,e3b0c44298fc1c149afbf4c8996fb92427ae41e4649b934ca495991b7852b855,/root/autodl-tmp/rna-ccfa/results/petfold_reproduction/legacy121_raw/5KQE_35_hpbulge_nmr_A.petfoldrr,91bb7e6b23ad42012e2abbe2895f6cab6ad5769f4f94a287b5683a29089f5c37,0.007343,0,(((((((......((((((....)))))))))))))
5LSN_28_hp_nmr_A,29,13,13,True,0,0,exact,,PETFOLDBIN=/root/autodl-tmp/PETfold/bin /root/autodl-tmp/PETfold/bin/PETfold -f /root/autodl-tmp/data/sequences/5LSN_28_hp_nmr_A.fasta -r /root/autodl-tmp/rna-ccfa/results/petfold_reproduction/legacy121_raw/5LSN_28_hp_nmr_A.petfoldrr,/root/autodl-tmp/data/sequences/5LSN_28_hp_nmr_A.fasta,0d7c6a7a90661843a3d0591e6c1d4b4f0fff964e8af60a272d2fcbce717d245b,/root/autodl-tmp/rna-ccfa/results/petfold_reproduction/legacy121_raw/5LSN_28_hp_nmr_A.stdout.txt,c623e30675d3e1c21193829ce7036bc6f36cba847f161cb9f70b860a4030a310,/root/autodl-tmp/rna-ccfa/results/petfold_reproduction/legacy121_logs/5LSN_28_hp_nmr_A.stderr.txt,e3b0c44298fc1c149afbf4c8996fb92427ae41e4649b934ca495991b7852b855,/root/autodl-tmp/rna-ccfa/results/petfold_reproduction/legacy121_raw/5LSN_28_hp_nmr_A.petfoldrr,34cdba639bfbeedd16ce15c9fc977a3c63eb60294d33d65b28b9e79dbc2db0c1,0.00568,0,(((((((((((((...)))))))))))))
5UF3_23_hp_nmr_A,23,9,9,True,0,0,exact,,PETFOLDBIN=/root/autodl-tmp/PETfold/bin /root/autodl-tmp/PETfold/bin/PETfold -f /root/autodl-tmp/data/sequences/5UF3_23_hp_nmr_A.fasta -r /root/autodl-tmp/rna-ccfa/results/petfold_reproduction/legacy121_raw/5UF3_23_hp_nmr_A.petfoldrr,/root/autodl-tmp/data/sequences/5UF3_23_hp_nmr_A.fasta,99fa1ded1f367f6246a359fafb47e6f4a78b10dc619f38176a0c1f7d42522b09,/root/autodl-tmp/rna-ccfa/results/petfold_reproduction/legacy121_raw/5UF3_23_hp_nmr_A.stdout.txt,ecb2465e1b079f84a32452531f69e7560369e193136e84eff04f66a933f32c6c,/root/autodl-tmp/rna-ccfa/results/petfold_reproduction/legacy121_logs/5UF3_23_hp_nmr_A.stderr.txt,e3b0c44298fc1c149afbf4c8996fb92427ae41e4649b934ca495991b7852b855,/root/autodl-tmp/rna-ccfa/results/petfold_reproduction/legacy121_raw/5UF3_23_hp_nmr_A.petfoldrr,491ad7f58164f8699bf045151558db8fc309aa24aa470df566b20e38a039894b,0.004913,0,(((((((.((....)))))))))
5UZT_31_hp_nmr_A,31,13,13,True,0,0,exact,,PETFOLDBIN=/root/autodl-tmp/PETfold/bin /root/autodl-tmp/PETfold/bin/PETfold -f /root/autodl-tmp/data/sequences/5UZT_31_hp_nmr_A.fasta -r /root/autodl-tmp/rna-ccfa/results/petfold_reproduction/legacy121_raw/5UZT_31_hp_nmr_A.petfoldrr,/root/autodl-tmp/data/sequences/5UZT_31_hp_nmr_A.fasta,00ec46292555d81148834a9caf1b7abd7dc657debf573d9ff5f8b7b0e4b72d58,/root/autodl-tmp/rna-ccfa/results/petfold_reproduction/legacy121_raw/5UZT_31_hp_nmr_A.stdout.txt,a70a602a796918e75ebbaa275971720d1df3ceeac528a9c81071810f93f3db6f,/root/autodl-tmp/rna-ccfa/results/petfold_reproduction/legacy121_logs/5UZT_31_hp_nmr_A.stderr.txt,e3b0c44298fc1c149afbf4c8996fb92427ae41e4649b934ca495991b7852b855,/root/autodl-tmp/rna-ccfa/results/petfold_reproduction/legacy121_raw/5UZT_31_hp_nmr_A.petfoldrr,3023090432dd629f88d2fd57d1fb4d3a28fe4dc239d4fcbcad9845c36b1d3f46,0.006357,0,(((((((.(((.(((...)))))))))))))
5V16_41_hpbulge_nmr_A,41,15,15,True,0,0,exact,,PETFOLDBIN=/root/autodl-tmp/PETfold/bin /root/autodl-tmp/PETfold/bin/PETfold -f /root/autodl-tmp/data/sequences/5V16_41_hpbulge_nmr_A.fasta -r /root/autodl-tmp/rna-ccfa/results/petfold_reproduction/legacy121_raw/5V16_41_hpbulge_nmr_A.petfoldrr,/root/autodl-tmp/data/sequences/5V16_41_hpbulge_nmr_A.fasta,12a1594db9e013c2f6bac8e7bc94c627f2df24949adbd7a241047cb8cd368643,/root/autodl-tmp/rna-ccfa/results/petfold_reproduction/legacy121_raw/5V16_41_hpbulge_nmr_A.stdout.txt,44caa96d07b6bc35c3c6647368c6dacc5e8a8cfade5c47916e951092cc8fc0dc,/root/autodl-tmp/rna-ccfa/results/petfold_reproduction/legacy121_logs/5V16_41_hpbulge_nmr_A.stderr.txt,e3b0c44298fc1c149afbf4c8996fb92427ae41e4649b934ca495991b7852b855,/root/autodl-tmp/rna-ccfa/results/petfold_reproduction/legacy121_raw/5V16_41_hpbulge_nmr_A.petfoldrr,c976e24936204989831ce1d9950ecc90c6d27772cc47efe483c560308ceab4e7,0.008702,0,((((((.....(((((((((......)))))))))))))))
5WQ1_23_hp_nmr_A,23,9,9,True,0,0,exact,,PETFOLDBIN=/root/autodl-tmp/PETfold/bin /root/autodl-tmp/PETfold/bin/PETfold -f /root/autodl-tmp/data/sequences/5WQ1_23_hp_nmr_A.fasta -r /root/autodl-tmp/rna-ccfa/results/petfold_reproduction/legacy121_raw/5WQ1_23_hp_nmr_A.petfoldrr,/root/autodl-tmp/data/sequences/5WQ1_23_hp_nmr_A.fasta,9d5ec2b095333e10368e16f1dde333618b92c76da12ddbb753dfd99f9de25ed5,/root/autodl-tmp/rna-ccfa/results/petfold_reproduction/legacy121_raw/5WQ1_23_hp_nmr_A.stdout.txt,afa26d8aaa1e595119e5ee9cae693034ee30e7b05a760bbb4a604f4ea6699e2a,/root/autodl-tmp/rna-ccfa/results/petfold_reproduction/legacy121_logs/5WQ1_23_hp_nmr_A.stderr.txt,e3b0c44298fc1c149afbf4c8996fb92427ae41e4649b934ca495991b7852b855,/root/autodl-tmp/rna-ccfa/results/petfold_reproduction/legacy121_raw/5WQ1_23_hp_nmr_A.petfoldrr,742623c8e4ac3be131d178b8f66f88f8da0a770e603ab2423111a5263c023892,0.005346,0,(((((((((.....)))))))))
6HYK_31_hpbulge_nmr_A,31,9,9,True,0,0,exact,,PETFOLDBIN=/root/autodl-tmp/PETfold/bin /root/autodl-tmp/PETfold/bin/PETfold -f /root/autodl-tmp/data/sequences/6HYK_31_hpbulge_nmr_A.fasta -r /root/autodl-tmp/rna-ccfa/results/petfold_reproduction/legacy121_raw/6HYK_31_hpbulge_nmr_A.petfoldrr,/root/autodl-tmp/data/sequences/6HYK_31_hpbulge_nmr_A.fasta,bdae7f8f1cf86d6afc0c299f80f9c1bdf52f63a768428fb435e581a66fa2b929,/root/autodl-tmp/rna-ccfa/results/petfold_reproduction/legacy121_raw/6HYK_31_hpbulge_nmr_A.stdout.txt,75435986e2c86a8b9c19a94643bf0268bbc37d6aabbc2203a110d8f9ef6f4931,/root/autodl-tmp/rna-ccfa/results/petfold_reproduction/legacy121_logs/6HYK_31_hpbulge_nmr_A.stderr.txt,e3b0c44298fc1c149afbf4c8996fb92427ae41e4649b934ca495991b7852b855,/root/autodl-tmp/rna-ccfa/results/petfold_reproduction/legacy121_raw/6HYK_31_hpbulge_nmr_A.petfoldrr,956bd8cea7dbb0ae08295721c38b81430c2b2f4717882b843bd137a6a6b53d8d,0.006322,0,(((((......((((....))))...)))))
6NOA_56_hp_nmr_A,56,17,17,True,0,0,exact,,PETFOLDBIN=/root/autodl-tmp/PETfold/bin /root/autodl-tmp/PETfold/bin/PETfold -f /root/autodl-tmp/data/sequences/6NOA_56_hp_nmr_A.fasta -r /root/autodl-tmp/rna-ccfa/results/petfold_reproduction/legacy121_raw/6NOA_56_hp_nmr_A.petfoldrr,/root/autodl-tmp/data/sequences/6NOA_56_hp_nmr_A.fasta,b270789d09070255b93699d1616f5bfe01fe89b4cd62cdabaf2eccb0e64fc55e,/root/autodl-tmp/rna-ccfa/results/petfold_reproduction/legacy121_raw/6NOA_56_hp_nmr_A.stdout.txt,ff3150c39e14aa9e5ee75b1ea94fc20e93e1baf6273547a0f184e1053e488d8b,/root/autodl-tmp/rna-ccfa/results/petfold_reproduction/legacy121_logs/6NOA_56_hp_nmr_A.stderr.txt,e3b0c44298fc1c149afbf4c8996fb92427ae41e4649b934ca495991b7852b855,/root/autodl-tmp/rna-ccfa/results/petfold_reproduction/legacy121_raw/6NOA_56_hp_nmr_A.petfoldrr,0efe29c0d4dc9c06999ee2d79dfdc8c5d62ed44b75c3c2fa99bd32ffd100f45e,0.014941,0,((((((.(((...(((.((.(((...........)))))..)))...)))))))))
6PK9_20_hp_nmr_A,20,7,7,True,0,0,exact,,PETFOLDBIN=/root/autodl-tmp/PETfold/bin /root/autodl-tmp/PETfold/bin/PETfold -f /root/autodl-tmp/data/sequences/6PK9_20_hp_nmr_A.fasta -r /root/autodl-tmp/rna-ccfa/results/petfold_reproduction/legacy121_raw/6PK9_20_hp_nmr_A.petfoldrr,/root/autodl-tmp/data/sequences/6PK9_20_hp_nmr_A.fasta,c3d4502bbe6f9d534359cc617368d927a29c3cf91ca4bbf22741930614234572,/root/autodl-tmp/rna-ccfa/results/petfold_reproduction/legacy121_raw/6PK9_20_hp_nmr_A.stdout.txt,c9cc856256d35eb3ace5d503194de64f3601a08acf7d5c34888bb8b794e8f221,/root/autodl-tmp/rna-ccfa/results/petfold_reproduction/legacy121_logs/6PK9_20_hp_nmr_A.stderr.txt,e3b0c44298fc1c149afbf4c8996fb92427ae41e4649b934ca495991b7852b855,/root/autodl-tmp/rna-ccfa/results/petfold_reproduction/legacy121_raw/6PK9_20_hp_nmr_A.petfoldrr,11160326813cdd4b565bcd75077f9e4b4a76e12f8e84145ac90776d5d68c656c,0.004625,0,(((((((......)))))))
6U79_37_hp_nmr_A,37,15,15,True,0,0,exact,,PETFOLDBIN=/root/autodl-tmp/PETfold/bin /root/autodl-tmp/PETfold/bin/PETfold -f /root/autodl-tmp/data/sequences/6U79_37_hp_nmr_A.fasta -r /root/autodl-tmp/rna-ccfa/results/petfold_reproduction/legacy121_raw/6U79_37_hp_nmr_A.petfoldrr,/root/autodl-tmp/data/sequences/6U79_37_hp_nmr_A.fasta,86b1fc42eeac6b0a567a1557440f564764a9ac1178bccbd8fcf357fc17e7804e,/root/autodl-tmp/rna-ccfa/results/petfold_reproduction/legacy121_raw/6U79_37_hp_nmr_A.stdout.txt,3eec0a391eaf42792bc4714d6298a58cfa1bee4569b47104cace49adcb0ee1dc,/root/autodl-tmp/rna-ccfa/results/petfold_reproduction/legacy121_logs/6U79_37_hp_nmr_A.stderr.txt,e3b0c44298fc1c149afbf4c8996fb92427ae41e4649b934ca495991b7852b855,/root/autodl-tmp/rna-ccfa/results/petfold_reproduction/legacy121_raw/6U79_37_hp_nmr_A.petfoldrr,e626f471c11597328d3f981e4889d32efb2ec1adfe62d7f4d9d25fcca3c72a45,0.010066,0,(((((((((((((((.....))).)).))))))))))
6UES_119_4wjpseudoknot_cryoEM_A,119,39,39,True,0,0,exact,,PETFOLDBIN=/root/autodl-tmp/PETfold/bin /root/autodl-tmp/PETfold/bin/PETfold -f /root/autodl-tmp/data/sequences/6UES_119_4wjpseudoknot_cryoEM_A.fasta -r /root/autodl-tmp/rna-ccfa/results/petfold_reproduction/legacy121_raw/6UES_119_4wjpseudoknot_cryoEM_A.petfoldrr,/root/autodl-tmp/data/sequences/6UES_119_4wjpseudoknot_cryoEM_A.fasta,8307d9f6cf9f5e3ea81133a48acbe76573a87a530a9766a7e25bb907b596491e,/root/autodl-tmp/rna-ccfa/results/petfold_reproduction/legacy121_raw/6UES_119_4wjpseudoknot_cryoEM_A.stdout.txt,09c3e9fe55ff52df95fee62a79bc644ce6ffc8b532093a82d8bad4868aec7fec,/root/autodl-tmp/rna-ccfa/results/petfold_reproduction/legacy121_logs/6UES_119_4wjpseudoknot_cryoEM_A.stderr.txt,e3b0c44298fc1c149afbf4c8996fb92427ae41e4649b934ca495991b7852b855,/root/autodl-tmp/rna-ccfa/results/petfold_reproduction/legacy121_raw/6UES_119_4wjpseudoknot_cryoEM_A.petfoldrr,a63060f2bbfea6d00b850198885d33994fcf95361e003e875fd72b9fcac8885e,0.101097,0,(((.......))).((.....))((((((((((((.(.((((.(((.((......)).))).))))((.(((....))).))....(((((((...)))))))))))))))).))))..
6VAR_61_hpbulge_nmr_A,61,24,24,True,0,0,exact,,PETFOLDBIN=/root/autodl-tmp/PETfold/bin /root/autodl-tmp/PETfold/bin/PETfold -f /root/autodl-tmp/data/sequences/6VAR_61_hpbulge_nmr_A.fasta -r /root/autodl-tmp/rna-ccfa/results/petfold_reproduction/legacy121_raw/6VAR_61_hpbulge_nmr_A.petfoldrr,/root/autodl-tmp/data/sequences/6VAR_61_hpbulge_nmr_A.fasta,397a49c4266c857c772c71d81796a1e029e47b318fad5de3670fc315fbb681b4,/root/autodl-tmp/rna-ccfa/results/petfold_reproduction/legacy121_raw/6VAR_61_hpbulge_nmr_A.stdout.txt,193dd650437d848b80ac6c32728f864b03259edafad31b2cdb58cbf209727142,/root/autodl-tmp/rna-ccfa/results/petfold_reproduction/legacy121_logs/6VAR_61_hpbulge_nmr_A.stderr.txt,e3b0c44298fc1c149afbf4c8996fb92427ae41e4649b934ca495991b7852b855,/root/autodl-tmp/rna-ccfa/results/petfold_reproduction/legacy121_raw/6VAR_61_hpbulge_nmr_A.petfoldrr,491f393280520244be9e15cd26522e4a53b5911a2ca6bf79c1d05f9dde465532,0.017731,0,(((((((((((((......(((((((((((......)))))).))))))))))))))))))
6W3M_41_hp_nmr_A,41,15,15,True,0,0,exact,,PETFOLDBIN=/root/autodl-tmp/PETfold/bin /root/autodl-tmp/PETfold/bin/PETfold -f /root/autodl-tmp/data/sequences/6W3M_41_hp_nmr_A.fasta -r /root/autodl-tmp/rna-ccfa/results/petfold_reproduction/legacy121_raw/6W3M_41_hp_nmr_A.petfoldrr,/root/autodl-tmp/data/sequences/6W3M_41_hp_nmr_A.fasta,0452d7875c12b786b2a1793d2cfc5fa6138d79d05c1a18a7d6e9c86e71406314,/root/autodl-tmp/rna-ccfa/results/petfold_reproduction/legacy121_raw/6W3M_41_hp_nmr_A.stdout.txt,b755433ae38c5a1a0929e4c3f5bf7433144a3e1b410c33bdc9e41d0b1e063751,/root/autodl-tmp/rna-ccfa/results/petfold_reproduction/legacy121_logs/6W3M_41_hp_nmr_A.stderr.txt,e3b0c44298fc1c149afbf4c8996fb92427ae41e4649b934ca495991b7852b855,/root/autodl-tmp/rna-ccfa/results/petfold_reproduction/legacy121_raw/6W3M_41_hp_nmr_A.petfoldrr,7a93825f97ff25b9ca88442dab29fca11813878f4a00a84e72a8c4cd04c4dabd,0.009294,0,(((((((((...((((((.....))))))...)))))))))
7DD4_35_dumbbell_nmr_A,36,13,13,True,0,0,exact,,PETFOLDBIN=/root/autodl-tmp/PETfold/bin /root/autodl-tmp/PETfold/bin/PETfold -f /root/autodl-tmp/data/sequences/7DD4_35_dumbbell_nmr_A.fasta -r /root/autodl-tmp/rna-ccfa/results/petfold_reproduction/legacy121_raw/7DD4_35_dumbbell_nmr_A.petfoldrr,/root/autodl-tmp/data/sequences/7DD4_35_dumbbell_nmr_A.fasta,036c7f338409e65bf091d44abc320651d69f15ed22eeae7ecff751e6f72ce881,/root/autodl-tmp/rna-ccfa/results/petfold_reproduction/legacy121_raw/7DD4_35_dumbbell_nmr_A.stdout.txt,ed35380185b85cd87b27a6ec66333700522ddfcdef2956111d8258970af8dd90,/root/autodl-tmp/rna-ccfa/results/petfold_reproduction/legacy121_logs/7DD4_35_dumbbell_nmr_A.stderr.txt,e3b0c44298fc1c149afbf4c8996fb92427ae41e4649b934ca495991b7852b855,/root/autodl-tmp/rna-ccfa/results/petfold_reproduction/legacy121_raw/7DD4_35_dumbbell_nmr_A.petfoldrr,f9abf790d82dd9504263cd7385fd783f95dacf4e4d6e72c545b76bcb2d9f2dc5,0.007739,0,(((.((((....)))))))((((((....)))))).
7K4L_36_hp_nmr_A,36,12,12,True,0,0,exact,,PETFOLDBIN=/root/autodl-tmp/PETfold/bin /root/autodl-tmp/PETfold/bin/PETfold -f /root/autodl-tmp/data/sequences/7K4L_36_hp_nmr_A.fasta -r /root/autodl-tmp/rna-ccfa/results/petfold_reproduction/legacy121_raw/7K4L_36_hp_nmr_A.petfoldrr,/root/autodl-tmp/data/sequences/7K4L_36_hp_nmr_A.fasta,133da0010b90242d0b33cef46ddf4af4ac85f67e908aa7031615249933c81006,/root/autodl-tmp/rna-ccfa/results/petfold_reproduction/legacy121_raw/7K4L_36_hp_nmr_A.stdout.txt,4806700dc2fa027df5d6fb3cc16fa0cd0356b30b43ec52e359cbafa5e68833ca,/root/autodl-tmp/rna-ccfa/results/petfold_reproduction/legacy121_logs/7K4L_36_hp_nmr_A.stderr.txt,e3b0c44298fc1c149afbf4c8996fb92427ae41e4649b934ca495991b7852b855,/root/autodl-tmp/rna-ccfa/results/petfold_reproduction/legacy121_raw/7K4L_36_hp_nmr_A.petfoldrr,3881b46d488e238b154e4a1a24aa5a381cfdfe0ab84f5c376058884a07469ee5,0.00723,0,.....((((((.((((((....))))))..))))))
7KUB_60_hp_nmr_A,60,23,23,True,0,0,exact,,PETFOLDBIN=/root/autodl-tmp/PETfold/bin /root/autodl-tmp/PETfold/bin/PETfold -f /root/autodl-tmp/data/sequences/7KUB_60_hp_nmr_A.fasta -r /root/autodl-tmp/rna-ccfa/results/petfold_reproduction/legacy121_raw/7KUB_60_hp_nmr_A.petfoldrr,/root/autodl-tmp/data/sequences/7KUB_60_hp_nmr_A.fasta,7223b73619a2c5ee1dfa54f4e36290175210821e1fef152bd6af5b1eae0075fd,/root/autodl-tmp/rna-ccfa/results/petfold_reproduction/legacy121_raw/7KUB_60_hp_nmr_A.stdout.txt,a017023471e643f6f86d8a0764294157a58db7bad500148f0b9096804631ec71,/root/autodl-tmp/rna-ccfa/results/petfold_reproduction/legacy121_logs/7KUB_60_hp_nmr_A.stderr.txt,e3b0c44298fc1c149afbf4c8996fb92427ae41e4649b934ca495991b7852b855,/root/autodl-tmp/rna-ccfa/results/petfold_reproduction/legacy121_raw/7KUB_60_hp_nmr_A.petfoldrr,f617dca095acef0d68aafb69da58df3c009228b70eead84d987bb1f3b3aed8b3,0.01763,0,(((((((.(((((.(((((....((((((...))))))...)))))..))))))))))))
7LVA_103_3wj_nmr_A,103,31,31,True,0,0,exact,,PETFOLDBIN=/root/autodl-tmp/PETfold/bin /root/autodl-tmp/PETfold/bin/PETfold -f /root/autodl-tmp/data/sequences/7LVA_103_3wj_nmr_A.fasta -r /root/autodl-tmp/rna-ccfa/results/petfold_reproduction/legacy121_raw/7LVA_103_3wj_nmr_A.petfoldrr,/root/autodl-tmp/data/sequences/7LVA_103_3wj_nmr_A.fasta,e5ec9e6a56767668f58f3757f3524d2eeed1fc7f51732786e75bde6497668d82,/root/autodl-tmp/rna-ccfa/results/petfold_reproduction/legacy121_raw/7LVA_103_3wj_nmr_A.stdout.txt,2b3c6dbdeef030cd6d90fd9fbf714dca1f5d5f9ab9f3818456722de849b1265b,/root/autodl-tmp/rna-ccfa/results/petfold_reproduction/legacy121_logs/7LVA_103_3wj_nmr_A.stderr.txt,e3b0c44298fc1c149afbf4c8996fb92427ae41e4649b934ca495991b7852b855,/root/autodl-tmp/rna-ccfa/results/petfold_reproduction/legacy121_raw/7LVA_103_3wj_nmr_A.petfoldrr,7fd946fccb1b0bafb572209ec4f061e7f0f74b8129d40381ca3c1dce380dc6fe,0.066037,0,(((((((((..((((((((.((.(((((.......)))..)).))...))))))))........(((.....)))((((........))))...)))))))))
7LYG_142_4wj_xray_A,142,50,50,True,0,0,exact,,PETFOLDBIN=/root/autodl-tmp/PETfold/bin /root/autodl-tmp/PETfold/bin/PETfold -f /root/autodl-tmp/data/sequences/7LYG_142_4wj_xray_A.fasta -r /root/autodl-tmp/rna-ccfa/results/petfold_reproduction/legacy121_raw/7LYG_142_4wj_xray_A.petfoldrr,/root/autodl-tmp/data/sequences/7LYG_142_4wj_xray_A.fasta,fa7db77a2851679ac251c1580a9601edbe639b317e62421ce0adc56739b64f50,/root/autodl-tmp/rna-ccfa/results/petfold_reproduction/legacy121_raw/7LYG_142_4wj_xray_A.stdout.txt,f7f03d4775b3b892ba9ab854e198788781cdc85c4a63a4d93ef0d15c30b4c17b,/root/autodl-tmp/rna-ccfa/results/petfold_reproduction/legacy121_logs/7LYG_142_4wj_xray_A.stderr.txt,e3b0c44298fc1c149afbf4c8996fb92427ae41e4649b934ca495991b7852b855,/root/autodl-tmp/rna-ccfa/results/petfold_reproduction/legacy121_raw/7LYG_142_4wj_xray_A.petfoldrr,e044d3f4edcbeaa81d1eaae6ba5ef8fcab9f3437918accce9bf3230ea769ae6e,0.138689,0,(((((((..((((........)))).(((((((((((((((((((((...(((((((.(((....))))))))))(((....))).)).)))).))))))))))))))).....(((((.......))))))))))))....
7SHX_94_4wj_nmr_A,94,33,33,True,0,0,exact,,PETFOLDBIN=/root/autodl-tmp/PETfold/bin /root/autodl-tmp/PETfold/bin/PETfold -f /root/autodl-tmp/data/sequences/7SHX_94_4wj_nmr_A.fasta -r /root/autodl-tmp/rna-ccfa/results/petfold_reproduction/legacy121_raw/7SHX_94_4wj_nmr_A.petfoldrr,/root/autodl-tmp/data/sequences/7SHX_94_4wj_nmr_A.fasta,ce29471364c3808827d4c30a14ec4031c6d213e15c1ed6a31d206308aea97e7f,/root/autodl-tmp/rna-ccfa/results/petfold_reproduction/legacy121_raw/7SHX_94_4wj_nmr_A.stdout.txt,32f66b8e353c6cd8a4cdb1256f8c17accaf0a5571abe890f57594eff1e1b6482,/root/autodl-tmp/rna-ccfa/results/petfold_reproduction/legacy121_logs/7SHX_94_4wj_nmr_A.stderr.txt,e3b0c44298fc1c149afbf4c8996fb92427ae41e4649b934ca495991b7852b855,/root/autodl-tmp/rna-ccfa/results/petfold_reproduction/legacy121_raw/7SHX_94_4wj_nmr_A.petfoldrr,5cdabc31fc51dd4d01d1794e671bcbb09aeee8436e820e1221791b21fe717d2d,0.053916,0,((((((....((((((..(((((((((....))))..)))))..(((....))).))..(((((((((....)))))))))))))...))))))
7UGA_43_hpbulge_nmr_A,43,14,14,True,0,0,exact,,PETFOLDBIN=/root/autodl-tmp/PETfold/bin /root/autodl-tmp/PETfold/bin/PETfold -f /root/autodl-tmp/data/sequences/7UGA_43_hpbulge_nmr_A.fasta -r /root/autodl-tmp/rna-ccfa/results/petfold_reproduction/legacy121_raw/7UGA_43_hpbulge_nmr_A.petfoldrr,/root/autodl-tmp/data/sequences/7UGA_43_hpbulge_nmr_A.fasta,731c2ee8203f358cd99885c6fb0a7777903bf9de470581245834dfcc7883cf80,/root/autodl-tmp/rna-ccfa/results/petfold_reproduction/legacy121_raw/7UGA_43_hpbulge_nmr_A.stdout.txt,9df3a73acb9a5ab1c3497dc6cd7bfce4635efdd786264dc3a7ccf9e8d4bb255d,/root/autodl-tmp/rna-ccfa/results/petfold_reproduction/legacy121_logs/7UGA_43_hpbulge_nmr_A.stderr.txt,e3b0c44298fc1c149afbf4c8996fb92427ae41e4649b934ca495991b7852b855,/root/autodl-tmp/rna-ccfa/results/petfold_reproduction/legacy121_raw/7UGA_43_hpbulge_nmr_A.petfoldrr,bc97454058974bee2d66be14bc28c9579b598e7dcd591c860ce45b67dc47e94b,0.009679,0,((((((((((.....((((..........))))))))))))))
7UMC_70_hpbulge_nmr_A,70,21,21,True,0,0,exact,,PETFOLDBIN=/root/autodl-tmp/PETfold/bin /root/autodl-tmp/PETfold/bin/PETfold -f /root/autodl-tmp/data/sequences/7UMC_70_hpbulge_nmr_A.fasta -r /root/autodl-tmp/rna-ccfa/results/petfold_reproduction/legacy121_raw/7UMC_70_hpbulge_nmr_A.petfoldrr,/root/autodl-tmp/data/sequences/7UMC_70_hpbulge_nmr_A.fasta,8b41f45f2ca5e123023d2623b52cc330b0cc7220ee3c45ba58031c05bce4ef30,/root/autodl-tmp/rna-ccfa/results/petfold_reproduction/legacy121_raw/7UMC_70_hpbulge_nmr_A.stdout.txt,19d96e5e1bd67cad9cfa093a076f30faede40d459d8c74f7ae9e924c666b48f3,/root/autodl-tmp/rna-ccfa/results/petfold_reproduction/legacy121_logs/7UMC_70_hpbulge_nmr_A.stderr.txt,e3b0c44298fc1c149afbf4c8996fb92427ae41e4649b934ca495991b7852b855,/root/autodl-tmp/rna-ccfa/results/petfold_reproduction/legacy121_raw/7UMC_70_hpbulge_nmr_A.petfoldrr,7db7a4cee7f80693f1305ddd879bf9a2ba67e1fe1b9cfe694e3b7d76ddf121b1,0.030926,0,.....((((((.((((((.((((((.......)))))).......(((....))).))))))..))))))
7UME_28_hp_nmr_A,28,9,9,True,0,0,exact,,PETFOLDBIN=/root/autodl-tmp/PETfold/bin /root/autodl-tmp/PETfold/bin/PETfold -f /root/autodl-tmp/data/sequences/7UME_28_hp_nmr_A.fasta -r /root/autodl-tmp/rna-ccfa/results/petfold_reproduction/legacy121_raw/7UME_28_hp_nmr_A.petfoldrr,/root/autodl-tmp/data/sequences/7UME_28_hp_nmr_A.fasta,0b369545dda44a1a01550bfe4224e38d128af9f8a3588e0cc1604d904ab10fa1,/root/autodl-tmp/rna-ccfa/results/petfold_reproduction/legacy121_raw/7UME_28_hp_nmr_A.stdout.txt,9befc6adc6bd4106b3564212dd44e1ba2da4c6d3bbcfa7f041ee090119a25eab,/root/autodl-tmp/rna-ccfa/results/petfold_reproduction/legacy121_logs/7UME_28_hp_nmr_A.stderr.txt,e3b0c44298fc1c149afbf4c8996fb92427ae41e4649b934ca495991b7852b855,/root/autodl-tmp/rna-ccfa/results/petfold_reproduction/legacy121_raw/7UME_28_hp_nmr_A.petfoldrr,c6de1981bb20a52082814a73c63e3d20e0508e8c522db6cf39c3b86db9f74ce7,0.007808,0,((((((...(((....)))...))))))
7V06_43_hpbulge_nmr_A,43,15,15,True,0,0,exact,,PETFOLDBIN=/root/autodl-tmp/PETfold/bin /root/autodl-tmp/PETfold/bin/PETfold -f /root/autodl-tmp/data/sequences/7V06_43_hpbulge_nmr_A.fasta -r /root/autodl-tmp/rna-ccfa/results/petfold_reproduction/legacy121_raw/7V06_43_hpbulge_nmr_A.petfoldrr,/root/autodl-tmp/data/sequences/7V06_43_hpbulge_nmr_A.fasta,4484919a8b2be59ef10d12a738fca0cb474f73b1d440ff9ee2c099abe5c33144,/root/autodl-tmp/rna-ccfa/results/petfold_reproduction/legacy121_raw/7V06_43_hpbulge_nmr_A.stdout.txt,3859cfc4dff96544207717d45a3b00d9e471026f73f02fa4137d953d4c57a6ef,/root/autodl-tmp/rna-ccfa/results/petfold_reproduction/legacy121_logs/7V06_43_hpbulge_nmr_A.stderr.txt,e3b0c44298fc1c149afbf4c8996fb92427ae41e4649b934ca495991b7852b855,/root/autodl-tmp/rna-ccfa/results/petfold_reproduction/legacy121_raw/7V06_43_hpbulge_nmr_A.petfoldrr,1f81c624cf3d150bf6dc46bcdc75415c8d4e80f3d32eb033122f65ba86902cc9,0.011128,0,(((((((((((((((.........))))))..)..))))))))
8BWT_26_hp_nmr_A,26,8,8,True,0,0,exact,,PETFOLDBIN=/root/autodl-tmp/PETfold/bin /root/autodl-tmp/PETfold/bin/PETfold -f /root/autodl-tmp/data/sequences/8BWT_26_hp_nmr_A.fasta -r /root/autodl-tmp/rna-ccfa/results/petfold_reproduction/legacy121_raw/8BWT_26_hp_nmr_A.petfoldrr,/root/autodl-tmp/data/sequences/8BWT_26_hp_nmr_A.fasta,2e2d01134a7778333cdae3dddf8ad5c5556c1779cde722c8e55eb10c29019d02,/root/autodl-tmp/rna-ccfa/results/petfold_reproduction/legacy121_raw/8BWT_26_hp_nmr_A.stdout.txt,3be8794e5c18f562024e9666eedea16f07216d6f06bae11238b79c2eb0f14b23,/root/autodl-tmp/rna-ccfa/results/petfold_reproduction/legacy121_logs/8BWT_26_hp_nmr_A.stderr.txt,e3b0c44298fc1c149afbf4c8996fb92427ae41e4649b934ca495991b7852b855,/root/autodl-tmp/rna-ccfa/results/petfold_reproduction/legacy121_raw/8BWT_26_hp_nmr_A.petfoldrr,7e3128ecc5d9e6131e630721b38b1935458e33a4a39c862b74add3a6c9737fe5,0.006771,0,(((((...(((....)))...)))))
8CQ1_43_hp_nmr_A,44,19,19,True,0,0,exact,,PETFOLDBIN=/root/autodl-tmp/PETfold/bin /root/autodl-tmp/PETfold/bin/PETfold -f /root/autodl-tmp/data/sequences/8CQ1_43_hp_nmr_A.fasta -r /root/autodl-tmp/rna-ccfa/results/petfold_reproduction/legacy121_raw/8CQ1_43_hp_nmr_A.petfoldrr,/root/autodl-tmp/data/sequences/8CQ1_43_hp_nmr_A.fasta,ce566bc703f1c5d6b7e40ce66c10e728995ace8a2e486ec54c76a74874b38550,/root/autodl-tmp/rna-ccfa/results/petfold_reproduction/legacy121_raw/8CQ1_43_hp_nmr_A.stdout.txt,e5e20fd1b67e4f10e9064ab40ec7645bebae5c199abe4d55b4983d99e1d639e6,/root/autodl-tmp/rna-ccfa/results/petfold_reproduction/legacy121_logs/8CQ1_43_hp_nmr_A.stderr.txt,e3b0c44298fc1c149afbf4c8996fb92427ae41e4649b934ca495991b7852b855,/root/autodl-tmp/rna-ccfa/results/petfold_reproduction/legacy121_raw/8CQ1_43_hp_nmr_A.petfoldrr,ba5ef6f7031ca0cf45485e8a863e2cdedcacee61bd653e48fa544369ae601ac3,0.009716,0,(((((((((((.((((((((.....)))))))))))))))))))
8FCS_71_hp_nmr_A,71,30,30,True,0,0,exact,,PETFOLDBIN=/root/autodl-tmp/PETfold/bin /root/autodl-tmp/PETfold/bin/PETfold -f /root/autodl-tmp/data/sequences/8FCS_71_hp_nmr_A.fasta -r /root/autodl-tmp/rna-ccfa/results/petfold_reproduction/legacy121_raw/8FCS_71_hp_nmr_A.petfoldrr,/root/autodl-tmp/data/sequences/8FCS_71_hp_nmr_A.fasta,04ee6381f9c4c41a5279cc4eee02cbd7d0c682e403c5a9be2d047fb664ac64fc,/root/autodl-tmp/rna-ccfa/results/petfold_reproduction/legacy121_raw/8FCS_71_hp_nmr_A.stdout.txt,424538865e36c0821e947e41b4d0bc069dfdb556cd176cdc92007f526414be44,/root/autodl-tmp/rna-ccfa/results/petfold_reproduction/legacy121_logs/8FCS_71_hp_nmr_A.stderr.txt,e3b0c44298fc1c149afbf4c8996fb92427ae41e4649b934ca495991b7852b855,/root/autodl-tmp/rna-ccfa/results/petfold_reproduction/legacy121_raw/8FCS_71_hp_nmr_A.petfoldrr,fda0e8493f8dfbca52633caf0749758ee377dc3af0c7fc41c69fc2d27e8b9ee4,0.023137,0,(((((((((((((((((((((((((((.(((........)))..)))))))))))))))))))))))))))
8JHP_27_hpbulge_nmr_A,27,9,9,True,0,0,exact,,PETFOLDBIN=/root/autodl-tmp/PETfold/bin /root/autodl-tmp/PETfold/bin/PETfold -f /root/autodl-tmp/data/sequences/8JHP_27_hpbulge_nmr_A.fasta -r /root/autodl-tmp/rna-ccfa/results/petfold_reproduction/legacy121_raw/8JHP_27_hpbulge_nmr_A.petfoldrr,/root/autodl-tmp/data/sequences/8JHP_27_hpbulge_nmr_A.fasta,02688369f650dea2eecfe4859204376ddfb258b47636fc7cd382c2902f8e6491,/root/autodl-tmp/rna-ccfa/results/petfold_reproduction/legacy121_raw/8JHP_27_hpbulge_nmr_A.stdout.txt,35356c604a7dfd227c2cfaf278db943d6831ed13aaef421978383e95081f3c05,/root/autodl-tmp/rna-ccfa/results/petfold_reproduction/legacy121_logs/8JHP_27_hpbulge_nmr_A.stderr.txt,e3b0c44298fc1c149afbf4c8996fb92427ae41e4649b934ca495991b7852b855,/root/autodl-tmp/rna-ccfa/results/petfold_reproduction/legacy121_raw/8JHP_27_hpbulge_nmr_A.petfoldrr,b47626cc5366d92ea8a4fb2ed46b8d89229e15005367ca2500c4d65ef3e7c761,0.005681,0,(((((((((......)))))...))))
8K8B_20_hp_nmr_A,19,8,8,True,0,0,exact,,PETFOLDBIN=/root/autodl-tmp/PETfold/bin /root/autodl-tmp/PETfold/bin/PETfold -f /root/autodl-tmp/data/sequences/8K8B_20_hp_nmr_A.fasta -r /root/autodl-tmp/rna-ccfa/results/petfold_reproduction/legacy121_raw/8K8B_20_hp_nmr_A.petfoldrr,/root/autodl-tmp/data/sequences/8K8B_20_hp_nmr_A.fasta,077be036e1e390bd0997d64ff3822e78ec538d8280eb734480e7f5641990fc51,/root/autodl-tmp/rna-ccfa/results/petfold_reproduction/legacy121_raw/8K8B_20_hp_nmr_A.stdout.txt,2c3a4d72e3c79c664af40b6d7fbe4578c0cfd1de463fc044e036f2ba7197fe95,/root/autodl-tmp/rna-ccfa/results/petfold_reproduction/legacy121_logs/8K8B_20_hp_nmr_A.stderr.txt,e3b0c44298fc1c149afbf4c8996fb92427ae41e4649b934ca495991b7852b855,/root/autodl-tmp/rna-ccfa/results/petfold_reproduction/legacy121_raw/8K8B_20_hp_nmr_A.petfoldrr,548cef060fc833b54859a26cfd499e61165759b0b0b3fe794a5ed0f86533f088,0.00456,0,((((((((...))))))))
8SCH_68_hpbulge_nmr_A,68,25,25,True,0,0,exact,,PETFOLDBIN=/root/autodl-tmp/PETfold/bin /root/autodl-tmp/PETfold/bin/PETfold -f /root/autodl-tmp/data/sequences/8SCH_68_hpbulge_nmr_A.fasta -r /root/autodl-tmp/rna-ccfa/results/petfold_reproduction/legacy121_raw/8SCH_68_hpbulge_nmr_A.petfoldrr,/root/autodl-tmp/data/sequences/8SCH_68_hpbulge_nmr_A.fasta,3b5ef7e582a6674866dd76bb236c8dae33d3b7b8525308348b4740fbe71cfb24,/root/autodl-tmp/rna-ccfa/results/petfold_reproduction/legacy121_raw/8SCH_68_hpbulge_nmr_A.stdout.txt,159fb819377a09027cd7163c8c858298be6e72db0d6c3135c166f3d75b748e18,/root/autodl-tmp/rna-ccfa/results/petfold_reproduction/legacy121_logs/8SCH_68_hpbulge_nmr_A.stderr.txt,e3b0c44298fc1c149afbf4c8996fb92427ae41e4649b934ca495991b7852b855,/root/autodl-tmp/rna-ccfa/results/petfold_reproduction/legacy121_raw/8SCH_68_hpbulge_nmr_A.petfoldrr,766f8b642be8992bf555d2afd8f713e27a0b4aa76ec02d2fa927bb9f1d23cfab,0.021441,0,...(((((((((.((((((((((((((((........))))))))))).))))).....)))))))))
9FO9_33_hp_nmr_A,33,12,12,True,0,0,exact,,PETFOLDBIN=/root/autodl-tmp/PETfold/bin /root/autodl-tmp/PETfold/bin/PETfold -f /root/autodl-tmp/data/sequences/9FO9_33_hp_nmr_A.fasta -r /root/autodl-tmp/rna-ccfa/results/petfold_reproduction/legacy121_raw/9FO9_33_hp_nmr_A.petfoldrr,/root/autodl-tmp/data/sequences/9FO9_33_hp_nmr_A.fasta,7ae0b8a3bb64a4f2fc5a14f0d97f13e9d4d4d89296463e1c4601a356a5407b93,/root/autodl-tmp/rna-ccfa/results/petfold_reproduction/legacy121_raw/9FO9_33_hp_nmr_A.stdout.txt,e80c77fe325bb4e1f5e41cd486568cb4f3ec2d6a72ce895297ee9609bbcc0634,/root/autodl-tmp/rna-ccfa/results/petfold_reproduction/legacy121_logs/9FO9_33_hp_nmr_A.stderr.txt,e3b0c44298fc1c149afbf4c8996fb92427ae41e4649b934ca495991b7852b855,/root/autodl-tmp/rna-ccfa/results/petfold_reproduction/legacy121_raw/9FO9_33_hp_nmr_A.petfoldrr,d7cce0648207bd28bb136d70e55c588192b5e61f7bada93acb3f054a7b284095,0.006634,0,(((((((.(((((......)))))..)))))))
9G7C_224_4wj_cryoEM_A,224,64,64,True,0,0,exact,,PETFOLDBIN=/root/autodl-tmp/PETfold/bin /root/autodl-tmp/PETfold/bin/PETfold -f /root/autodl-tmp/data/sequences/9G7C_224_4wj_cryoEM_A.fasta -r /root/autodl-tmp/rna-ccfa/results/petfold_reproduction/legacy121_raw/9G7C_224_4wj_cryoEM_A.petfoldrr,/root/autodl-tmp/data/sequences/9G7C_224_4wj_cryoEM_A.fasta,e8de7a066fa0bd85d0ecaa4fb06ceecdbe5343cdc6465af8e31c7fa858e389ed,/root/autodl-tmp/rna-ccfa/results/petfold_reproduction/legacy121_raw/9G7C_224_4wj_cryoEM_A.stdout.txt,be5037ac0fd52f37258dcc7870262c154017b33df400ebb3708433acb01d9d4a,/root/autodl-tmp/rna-ccfa/results/petfold_reproduction/legacy121_logs/9G7C_224_4wj_cryoEM_A.stderr.txt,e3b0c44298fc1c149afbf4c8996fb92427ae41e4649b934ca495991b7852b855,/root/autodl-tmp/rna-ccfa/results/petfold_reproduction/legacy121_raw/9G7C_224_4wj_cryoEM_A.petfoldrr,089847e03573d9c6b768a3676030ab59eb8a6ee70e361becd7b4445e97589ae7,0.64769,0,.(((((((((((((((((((...........)))))))))))....((..(((.....((((((......)))))).....)))..))(((((....)))))(((.(((((((((((((......))))))))))))).)).)(...((.(((((........))))).)).)...(((((............))))).................)))))))).
9OBM_73_hp_nmr_A,73,29,29,True,0,0,exact,,PETFOLDBIN=/root/autodl-tmp/PETfold/bin /root/autodl-tmp/PETfold/bin/PETfold -f /root/autodl-tmp/data/sequences/9OBM_73_hp_nmr_A.fasta -r /root/autodl-tmp/rna-ccfa/results/petfold_reproduction/legacy121_raw/9OBM_73_hp_nmr_A.petfoldrr,/root/autodl-tmp/data/sequences/9OBM_73_hp_nmr_A.fasta,bdac599c609041dd06d1962f9818dd17b9ab86a1ec522d3008ab15f5a79f74d4,/root/autodl-tmp/rna-ccfa/results/petfold_reproduction/legacy121_raw/9OBM_73_hp_nmr_A.stdout.txt,f11ebab72822ca9b56dbad64a4fda61aec91656d0270d91bf43523afaaf30107,/root/autodl-tmp/rna-ccfa/results/petfold_reproduction/legacy121_logs/9OBM_73_hp_nmr_A.stderr.txt,e3b0c44298fc1c149afbf4c8996fb92427ae41e4649b934ca495991b7852b855,/root/autodl-tmp/rna-ccfa/results/petfold_reproduction/legacy121_raw/9OBM_73_hp_nmr_A.petfoldrr,a0f53defa95f62b83700175bceb2a01f8d9d78cc3a1f61de527f707a77788325,0.027476,0,(((((((((.(((((((((((((((((.(((...........))))))))))))))))))))..)))))))))
9OD4_23_hp_nmr_A,23,9,9,True,0,0,exact,,PETFOLDBIN=/root/autodl-tmp/PETfold/bin /root/autodl-tmp/PETfold/bin/PETfold -f /root/autodl-tmp/data/sequences/9OD4_23_hp_nmr_A.fasta -r /root/autodl-tmp/rna-ccfa/results/petfold_reproduction/legacy121_raw/9OD4_23_hp_nmr_A.petfoldrr,/root/autodl-tmp/data/sequences/9OD4_23_hp_nmr_A.fasta,a0ebbed23603a1d039df80dc2206b2d15680c639959b32cb45ba942fd8038ccb,/root/autodl-tmp/rna-ccfa/results/petfold_reproduction/legacy121_raw/9OD4_23_hp_nmr_A.stdout.txt,22f47c68147ce98b767152faf0eca42e1f3ca1fc9a0d54d5e7b471daf12d2d56,/root/autodl-tmp/rna-ccfa/results/petfold_reproduction/legacy121_logs/9OD4_23_hp_nmr_A.stderr.txt,e3b0c44298fc1c149afbf4c8996fb92427ae41e4649b934ca495991b7852b855,/root/autodl-tmp/rna-ccfa/results/petfold_reproduction/legacy121_raw/9OD4_23_hp_nmr_A.petfoldrr,727ba9f062e4f4a72e58e26bda19d65dc1684fcf6337aabf307ecd59c78c88e1,0.005104,0,((((((.(((...))).))))))
