variant,fold,seed,mode,source_model,macro_delta_f1,micro_delta_f1,modification_precision,correct_pair_preservation,modified_pair_count,modified_rna_count
MODEL_SPECIFIC_RNAFOLD,0,17,LEARNED_UNGATED,rnafold,-0.0782729893036313,-0.12725904568383872,0.14893617021276595,0.7411003236245954,94,17
MODEL_SPECIFIC_RNAFOLD,0,17,LEARNED_UNGATED,petfold,nan,0.0,0.0,1.0,0,0
MODEL_SPECIFIC_RNAFOLD,0,17,LEARNED_UNGATED,trrosettarna2_native_ss,nan,0.0,0.0,1.0,0,0
MODEL_SPECIFIC_RNAFOLD,0,17,LEARNED_SELECTIVE,rnafold,-0.0004649122807017569,-0.0016082088573851072,0.0,0.9967637540453075,1,1
MODEL_SPECIFIC_RNAFOLD,0,17,LEARNED_SELECTIVE,petfold,nan,0.0,0.0,1.0,0,0
MODEL_SPECIFIC_RNAFOLD,0,17,LEARNED_SELECTIVE,trrosettarna2_native_ss,nan,0.0,0.0,1.0,0,0
MODEL_SPECIFIC_RNAFOLD,0,29,LEARNED_UNGATED,rnafold,-0.08838450562916517,-0.1406768993642027,0.14705882352941177,0.7184466019417476,102,15
MODEL_SPECIFIC_RNAFOLD,0,29,LEARNED_UNGATED,petfold,nan,0.0,0.0,1.0,0,0
MODEL_SPECIFIC_RNAFOLD,0,29,LEARNED_UNGATED,trrosettarna2_native_ss,nan,0.0,0.0,1.0,0,0
MODEL_SPECIFIC_RNAFOLD,0,29,LEARNED_SELECTIVE,rnafold,-0.007117840000009035,-0.015569845640309388,0.2,0.9611650485436893,15,5
MODEL_SPECIFIC_RNAFOLD,0,29,LEARNED_SELECTIVE,petfold,nan,0.0,0.0,1.0,0,0
MODEL_SPECIFIC_RNAFOLD,0,29,LEARNED_SELECTIVE,trrosettarna2_native_ss,nan,0.0,0.0,1.0,0,0
MODEL_SPECIFIC_RNAFOLD,0,41,LEARNED_UNGATED,rnafold,-0.08413126353488845,-0.13798170246003694,0.16346153846153846,0.7184466019417476,104,19
MODEL_SPECIFIC_RNAFOLD,0,41,LEARNED_UNGATED,petfold,nan,0.0,0.0,1.0,0,0
MODEL_SPECIFIC_RNAFOLD,0,41,LEARNED_UNGATED,trrosettarna2_native_ss,nan,0.0,0.0,1.0,0,0
MODEL_SPECIFIC_RNAFOLD,0,41,LEARNED_SELECTIVE,rnafold,-0.004549910873440286,-0.013602692106929104,0.16666666666666666,0.9676375404530745,12,2
MODEL_SPECIFIC_RNAFOLD,0,41,LEARNED_SELECTIVE,petfold,nan,0.0,0.0,1.0,0,0
MODEL_SPECIFIC_RNAFOLD,0,41,LEARNED_SELECTIVE,trrosettarna2_native_ss,nan,0.0,0.0,1.0,0,0
MODEL_SPECIFIC_RNAFOLD,0,53,LEARNED_UNGATED,rnafold,-0.08411738416806791,-0.13584732808712352,0.1650485436893204,0.7216828478964401,103,19
MODEL_SPECIFIC_RNAFOLD,0,53,LEARNED_UNGATED,petfold,nan,0.0,0.0,1.0,0,0
MODEL_SPECIFIC_RNAFOLD,0,53,LEARNED_UNGATED,trrosettarna2_native_ss,nan,0.0,0.0,1.0,0,0
MODEL_SPECIFIC_RNAFOLD,0,53,LEARNED_SELECTIVE,rnafold,-0.0013007736943907177,-0.0018715839210340368,0.3333333333333333,0.9935275080906149,3,2
MODEL_SPECIFIC_RNAFOLD,0,53,LEARNED_SELECTIVE,petfold,nan,0.0,0.0,1.0,0,0
MODEL_SPECIFIC_RNAFOLD,0,53,LEARNED_SELECTIVE,trrosettarna2_native_ss,nan,0.0,0.0,1.0,0,0
MODEL_SPECIFIC_RNAFOLD,0,67,LEARNED_UNGATED,rnafold,-0.08239705511568043,-0.13798170246003694,0.16346153846153846,0.7184466019417476,104,18
MODEL_SPECIFIC_RNAFOLD,0,67,LEARNED_UNGATED,petfold,nan,0.0,0.0,1.0,0,0
MODEL_SPECIFIC_RNAFOLD,0,67,LEARNED_UNGATED,trrosettarna2_native_ss,nan,0.0,0.0,1.0,0,0
MODEL_SPECIFIC_RNAFOLD,0,67,LEARNED_SELECTIVE,rnafold,-0.0004649122807017569,-0.0016082088573851072,0.0,0.9967637540453075,1,1
MODEL_SPECIFIC_RNAFOLD,0,67,LEARNED_SELECTIVE,petfold,nan,0.0,0.0,1.0,0,0
MODEL_SPECIFIC_RNAFOLD,0,67,LEARNED_SELECTIVE,trrosettarna2_native_ss,nan,0.0,0.0,1.0,0,0
MODEL_SPECIFIC_RNAFOLD,1,17,LEARNED_UNGATED,rnafold,-0.055614352507566044,-0.05205320994794671,0.3076923076923077,0.8518518518518519,52,23
MODEL_SPECIFIC_RNAFOLD,1,17,LEARNED_UNGATED,petfold,nan,0.0,0.0,1.0,0,0
MODEL_SPECIFIC_RNAFOLD,1,17,LEARNED_UNGATED,trrosettarna2_native_ss,nan,0.0,0.0,1.0,0,0
MODEL_SPECIFIC_RNAFOLD,1,29,LEARNED_UNGATED,rnafold,-0.07107125667992949,-0.07683188181113487,0.265625,0.8065843621399177,64,22
MODEL_SPECIFIC_RNAFOLD,1,29,LEARNED_UNGATED,petfold,nan,0.0,0.0,1.0,0,0
MODEL_SPECIFIC_RNAFOLD,1,29,LEARNED_UNGATED,trrosettarna2_native_ss,nan,0.0,0.0,1.0,0,0
MODEL_SPECIFIC_RNAFOLD,1,29,LEARNED_SELECTIVE,rnafold,0.0,0.0,0.0,1.0,0,0
MODEL_SPECIFIC_RNAFOLD,1,29,LEARNED_SELECTIVE,petfold,nan,0.0,0.0,1.0,0,0
MODEL_SPECIFIC_RNAFOLD,1,29,LEARNED_SELECTIVE,trrosettarna2_native_ss,nan,0.0,0.0,1.0,0,0
MODEL_SPECIFIC_RNAFOLD,1,41,LEARNED_UNGATED,rnafold,-0.057364037550777576,-0.06153846153846143,0.2857142857142857,0.8353909465020576,56,22
MODEL_SPECIFIC_RNAFOLD,1,41,LEARNED_UNGATED,petfold,nan,0.0,0.0,1.0,0,0
MODEL_SPECIFIC_RNAFOLD,1,41,LEARNED_UNGATED,trrosettarna2_native_ss,nan,0.0,0.0,1.0,0,0
MODEL_SPECIFIC_RNAFOLD,1,53,LEARNED_UNGATED,rnafold,-0.05576235994931694,-0.055079340211723005,0.3090909090909091,0.8436213991769548,55,21
MODEL_SPECIFIC_RNAFOLD,1,53,LEARNED_UNGATED,petfold,nan,0.0,0.0,1.0,0,0
MODEL_SPECIFIC_RNAFOLD,1,53,LEARNED_UNGATED,trrosettarna2_native_ss,nan,0.0,0.0,1.0,0,0
MODEL_SPECIFIC_RNAFOLD,1,67,LEARNED_UNGATED,rnafold,-0.061979956237258695,-0.061243910728446704,0.3114754098360656,0.8271604938271605,61,23
MODEL_SPECIFIC_RNAFOLD,1,67,LEARNED_UNGATED,petfold,nan,0.0,0.0,1.0,0,0
MODEL_SPECIFIC_RNAFOLD,1,67,LEARNED_UNGATED,trrosettarna2_native_ss,nan,0.0,0.0,1.0,0,0
MODEL_SPECIFIC_RNAFOLD,2,17,LEARNED_UNGATED,rnafold,-0.10895526250646327,-0.10602860826324512,0.4175257731958763,0.6789772727272727,194,24
MODEL_SPECIFIC_RNAFOLD,2,17,LEARNED_UNGATED,petfold,nan,0.0,0.0,1.0,0,0
MODEL_SPECIFIC_RNAFOLD,2,17,LEARNED_UNGATED,trrosettarna2_native_ss,nan,0.0,0.0,1.0,0,0
MODEL_SPECIFIC_RNAFOLD,2,17,LEARNED_SELECTIVE,rnafold,-0.00039144141599881344,0.0015674248232387944,0.7142857142857143,0.9943181818181818,7,2
MODEL_SPECIFIC_RNAFOLD,2,17,LEARNED_SELECTIVE,petfold,nan,0.0,0.0,1.0,0,0
MODEL_SPECIFIC_RNAFOLD,2,17,LEARNED_SELECTIVE,trrosettarna2_native_ss,nan,0.0,0.0,1.0,0,0
MODEL_SPECIFIC_RNAFOLD,2,29,LEARNED_UNGATED,rnafold,-0.13401819883782587,-0.12773402235158615,0.39215686274509803,0.6477272727272727,204,24
MODEL_SPECIFIC_RNAFOLD,2,29,LEARNED_UNGATED,petfold,nan,0.0,0.0,1.0,0,0
MODEL_SPECIFIC_RNAFOLD,2,29,LEARNED_UNGATED,trrosettarna2_native_ss,nan,0.0,0.0,1.0,0,0
MODEL_SPECIFIC_RNAFOLD,2,29,LEARNED_SELECTIVE,rnafold,0.0002601626016260165,0.001704022849397302,1.0,1.0,2,1
MODEL_SPECIFIC_RNAFOLD,2,29,LEARNED_SELECTIVE,petfold,nan,0.0,0.0,1.0,0,0
MODEL_SPECIFIC_RNAFOLD,2,29,LEARNED_SELECTIVE,trrosettarna2_native_ss,nan,0.0,0.0,1.0,0,0
MODEL_SPECIFIC_RNAFOLD,2,41,LEARNED_UNGATED,rnafold,-0.15528265631149502,-0.14826614307882324,0.375,0.6164772727272727,216,24
MODEL_SPECIFIC_RNAFOLD,2,41,LEARNED_UNGATED,petfold,nan,0.0,0.0,1.0,0,0
MODEL_SPECIFIC_RNAFOLD,2,41,LEARNED_UNGATED,trrosettarna2_native_ss,nan,0.0,0.0,1.0,0,0
MODEL_SPECIFIC_RNAFOLD,2,53,LEARNED_UNGATED,rnafold,-0.11440983795975596,-0.10974910723864706,0.40932642487046633,0.6761363636363636,193,23
MODEL_SPECIFIC_RNAFOLD,2,53,LEARNED_UNGATED,petfold,nan,0.0,0.0,1.0,0,0
MODEL_SPECIFIC_RNAFOLD,2,53,LEARNED_UNGATED,trrosettarna2_native_ss,nan,0.0,0.0,1.0,0,0
MODEL_SPECIFIC_RNAFOLD,2,53,LEARNED_SELECTIVE,rnafold,0.0005946401484937918,0.003288165774292251,0.7777777777777778,0.9943181818181818,9,3
MODEL_SPECIFIC_RNAFOLD,2,53,LEARNED_SELECTIVE,petfold,nan,0.0,0.0,1.0,0,0
MODEL_SPECIFIC_RNAFOLD,2,53,LEARNED_SELECTIVE,trrosettarna2_native_ss,nan,0.0,0.0,1.0,0,0
MODEL_SPECIFIC_RNAFOLD,2,67,LEARNED_UNGATED,rnafold,-0.11202651701583227,-0.11064294821200904,0.3978494623655914,0.6818181818181818,186,23
MODEL_SPECIFIC_RNAFOLD,2,67,LEARNED_UNGATED,petfold,nan,0.0,0.0,1.0,0,0
MODEL_SPECIFIC_RNAFOLD,2,67,LEARNED_UNGATED,trrosettarna2_native_ss,nan,0.0,0.0,1.0,0,0
MODEL_SPECIFIC_RNAFOLD,2,67,LEARNED_SELECTIVE,rnafold,-0.00028924419912831206,0.001429305660931468,0.6666666666666666,0.9886363636363636,12,4
MODEL_SPECIFIC_RNAFOLD,2,67,LEARNED_SELECTIVE,petfold,nan,0.0,0.0,1.0,0,0
MODEL_SPECIFIC_RNAFOLD,2,67,LEARNED_SELECTIVE,trrosettarna2_native_ss,nan,0.0,0.0,1.0,0,0
MODEL_SPECIFIC_RNAFOLD,3,17,LEARNED_UNGATED,rnafold,-0.05291180530711342,-0.05367903606695057,0.16666666666666666,0.8780487804878049,42,16
MODEL_SPECIFIC_RNAFOLD,3,17,LEARNED_UNGATED,petfold,nan,0.0,0.0,1.0,0,0
MODEL_SPECIFIC_RNAFOLD,3,17,LEARNED_UNGATED,trrosettarna2_native_ss,nan,0.0,0.0,1.0,0,0
MODEL_SPECIFIC_RNAFOLD,3,17,LEARNED_SELECTIVE,rnafold,0.0,0.0,0.0,1.0,0,0
MODEL_SPECIFIC_RNAFOLD,3,17,LEARNED_SELECTIVE,petfold,nan,0.0,0.0,1.0,0,0
MODEL_SPECIFIC_RNAFOLD,3,17,LEARNED_SELECTIVE,trrosettarna2_native_ss,nan,0.0,0.0,1.0,0,0
MODEL_SPECIFIC_RNAFOLD,3,29,LEARNED_UNGATED,rnafold,-0.04085004007463699,-0.04433864008332089,0.20512820512820512,0.89198606271777,39,16
MODEL_SPECIFIC_RNAFOLD,3,29,LEARNED_UNGATED,petfold,nan,0.0,0.0,1.0,0,0
MODEL_SPECIFIC_RNAFOLD,3,29,LEARNED_UNGATED,trrosettarna2_native_ss,nan,0.0,0.0,1.0,0,0
MODEL_SPECIFIC_RNAFOLD,3,29,LEARNED_SELECTIVE,rnafold,-0.0008768746976294169,-0.0017386171554291119,0.0,0.9965156794425087,1,1
MODEL_SPECIFIC_RNAFOLD,3,29,LEARNED_SELECTIVE,petfold,nan,0.0,0.0,1.0,0,0
MODEL_SPECIFIC_RNAFOLD,3,29,LEARNED_SELECTIVE,trrosettarna2_native_ss,nan,0.0,0.0,1.0,0,0
MODEL_SPECIFIC_RNAFOLD,3,41,LEARNED_UNGATED,rnafold,-0.05467311126382168,-0.0556407182868075,0.16279069767441862,0.8745644599303136,43,16
MODEL_SPECIFIC_RNAFOLD,3,41,LEARNED_UNGATED,petfold,nan,0.0,0.0,1.0,0,0
MODEL_SPECIFIC_RNAFOLD,3,41,LEARNED_UNGATED,trrosettarna2_native_ss,nan,0.0,0.0,1.0,0,0
MODEL_SPECIFIC_RNAFOLD,3,41,LEARNED_SELECTIVE,rnafold,0.0,0.0,0.0,1.0,0,0
MODEL_SPECIFIC_RNAFOLD,3,41,LEARNED_SELECTIVE,petfold,nan,0.0,0.0,1.0,0,0
MODEL_SPECIFIC_RNAFOLD,3,41,LEARNED_SELECTIVE,trrosettarna2_native_ss,nan,0.0,0.0,1.0,0,0
MODEL_SPECIFIC_RNAFOLD,3,53,LEARNED_UNGATED,rnafold,-0.04859764167260996,-0.049776284750387645,0.175,0.8850174216027874,40,16
MODEL_SPECIFIC_RNAFOLD,3,53,LEARNED_UNGATED,petfold,nan,0.0,0.0,1.0,0,0
MODEL_SPECIFIC_RNAFOLD,3,53,LEARNED_UNGATED,trrosettarna2_native_ss,nan,0.0,0.0,1.0,0,0
MODEL_SPECIFIC_RNAFOLD,3,53,LEARNED_SELECTIVE,rnafold,-0.003660197793452511,-0.005233008872426503,0.0,0.9895470383275261,3,3
MODEL_SPECIFIC_RNAFOLD,3,53,LEARNED_SELECTIVE,petfold,nan,0.0,0.0,1.0,0,0
MODEL_SPECIFIC_RNAFOLD,3,53,LEARNED_SELECTIVE,trrosettarna2_native_ss,nan,0.0,0.0,1.0,0,0
MODEL_SPECIFIC_RNAFOLD,3,67,LEARNED_UNGATED,rnafold,-0.04413683399482454,-0.0482154650127774,0.1951219512195122,0.8850174216027874,41,15
MODEL_SPECIFIC_RNAFOLD,3,67,LEARNED_UNGATED,petfold,nan,0.0,0.0,1.0,0,0
MODEL_SPECIFIC_RNAFOLD,3,67,LEARNED_UNGATED,trrosettarna2_native_ss,nan,0.0,0.0,1.0,0,0
MODEL_SPECIFIC_RNAFOLD,3,67,LEARNED_SELECTIVE,rnafold,-0.002420084574172629,-0.0034829440552111013,0.0,0.9930313588850174,2,2
MODEL_SPECIFIC_RNAFOLD,3,67,LEARNED_SELECTIVE,petfold,nan,0.0,0.0,1.0,0,0
MODEL_SPECIFIC_RNAFOLD,3,67,LEARNED_SELECTIVE,trrosettarna2_native_ss,nan,0.0,0.0,1.0,0,0
MODEL_SPECIFIC_RNAFOLD,4,17,LEARNED_UNGATED,rnafold,-0.06056186573349448,-0.06240000000000001,0.32,0.8191489361702128,75,16
MODEL_SPECIFIC_RNAFOLD,4,17,LEARNED_UNGATED,petfold,nan,0.0,0.0,1.0,0,0
MODEL_SPECIFIC_RNAFOLD,4,17,LEARNED_UNGATED,trrosettarna2_native_ss,nan,0.0,0.0,1.0,0,0
MODEL_SPECIFIC_RNAFOLD,4,17,LEARNED_SELECTIVE,rnafold,0.0,0.0,0.0,1.0,0,0
MODEL_SPECIFIC_RNAFOLD,4,17,LEARNED_SELECTIVE,petfold,nan,0.0,0.0,1.0,0,0
MODEL_SPECIFIC_RNAFOLD,4,17,LEARNED_SELECTIVE,trrosettarna2_native_ss,nan,0.0,0.0,1.0,0,0
MODEL_SPECIFIC_RNAFOLD,4,29,LEARNED_UNGATED,rnafold,-0.07671210935812152,-0.08017777777777779,0.29411764705882354,0.7872340425531915,85,19
MODEL_SPECIFIC_RNAFOLD,4,29,LEARNED_UNGATED,petfold,nan,0.0,0.0,1.0,0,0
MODEL_SPECIFIC_RNAFOLD,4,29,LEARNED_UNGATED,trrosettarna2_native_ss,nan,0.0,0.0,1.0,0,0
MODEL_SPECIFIC_RNAFOLD,4,29,LEARNED_SELECTIVE,rnafold,0.0,0.0,0.0,1.0,0,0
MODEL_SPECIFIC_RNAFOLD,4,29,LEARNED_SELECTIVE,petfold,nan,0.0,0.0,1.0,0,0
MODEL_SPECIFIC_RNAFOLD,4,29,LEARNED_SELECTIVE,trrosettarna2_native_ss,nan,0.0,0.0,1.0,0,0
MODEL_SPECIFIC_RNAFOLD,4,41,LEARNED_UNGATED,rnafold,-0.06471159137158779,-0.06967272727272722,0.29333333333333333,0.8120567375886525,75,15
MODEL_SPECIFIC_RNAFOLD,4,41,LEARNED_UNGATED,petfold,nan,0.0,0.0,1.0,0,0
MODEL_SPECIFIC_RNAFOLD,4,41,LEARNED_UNGATED,trrosettarna2_native_ss,nan,0.0,0.0,1.0,0,0
MODEL_SPECIFIC_RNAFOLD,4,41,LEARNED_SELECTIVE,rnafold,-0.0005256975866062922,-0.0003133226324237848,0.5,0.9964539007092199,2,2
MODEL_SPECIFIC_RNAFOLD,4,41,LEARNED_SELECTIVE,petfold,nan,0.0,0.0,1.0,0,0
MODEL_SPECIFIC_RNAFOLD,4,41,LEARNED_SELECTIVE,trrosettarna2_native_ss,nan,0.0,0.0,1.0,0,0
MODEL_SPECIFIC_RNAFOLD,4,53,LEARNED_UNGATED,rnafold,-0.0615719118081409,-0.06427050359712227,0.2898550724637681,0.8262411347517731,69,19
MODEL_SPECIFIC_RNAFOLD,4,53,LEARNED_UNGATED,petfold,nan,0.0,0.0,1.0,0,0
MODEL_SPECIFIC_RNAFOLD,4,53,LEARNED_UNGATED,trrosettarna2_native_ss,nan,0.0,0.0,1.0,0,0
MODEL_SPECIFIC_RNAFOLD,4,53,LEARNED_SELECTIVE,rnafold,0.0,0.0,0.0,1.0,0,0
MODEL_SPECIFIC_RNAFOLD,4,53,LEARNED_SELECTIVE,petfold,nan,0.0,0.0,1.0,0,0
MODEL_SPECIFIC_RNAFOLD,4,53,LEARNED_SELECTIVE,trrosettarna2_native_ss,nan,0.0,0.0,1.0,0,0
MODEL_SPECIFIC_RNAFOLD,4,67,LEARNED_UNGATED,rnafold,-0.06498233428035988,-0.07179890710382508,0.2894736842105263,0.8085106382978723,76,15
MODEL_SPECIFIC_RNAFOLD,4,67,LEARNED_UNGATED,petfold,nan,0.0,0.0,1.0,0,0
MODEL_SPECIFIC_RNAFOLD,4,67,LEARNED_UNGATED,trrosettarna2_native_ss,nan,0.0,0.0,1.0,0,0
MODEL_SPECIFIC_RNAFOLD,4,67,LEARNED_SELECTIVE,rnafold,-0.000700965049556602,-0.001758974358974319,0.0,0.9964539007092199,1,1
MODEL_SPECIFIC_RNAFOLD,4,67,LEARNED_SELECTIVE,petfold,nan,0.0,0.0,1.0,0,0
MODEL_SPECIFIC_RNAFOLD,4,67,LEARNED_SELECTIVE,trrosettarna2_native_ss,nan,0.0,0.0,1.0,0,0
MODEL_SPECIFIC_PETFOLD,0,17,LEARNED_UNGATED,rnafold,nan,0.0,0.0,1.0,0,0
MODEL_SPECIFIC_PETFOLD,0,17,LEARNED_UNGATED,petfold,-0.08086417094430778,-0.1312959818902094,0.21428571428571427,0.7142857142857143,112,18
MODEL_SPECIFIC_PETFOLD,0,17,LEARNED_UNGATED,trrosettarna2_native_ss,nan,0.0,0.0,1.0,0,0
MODEL_SPECIFIC_PETFOLD,0,17,LEARNED_SELECTIVE,rnafold,nan,0.0,0.0,1.0,0,0
MODEL_SPECIFIC_PETFOLD,0,17,LEARNED_SELECTIVE,petfold,-0.003465646962497071,-0.014676188131002244,0.37037037037037035,0.9448051948051948,27,8
MODEL_SPECIFIC_PETFOLD,0,17,LEARNED_SELECTIVE,trrosettarna2_native_ss,nan,0.0,0.0,1.0,0,0
MODEL_SPECIFIC_PETFOLD,0,29,LEARNED_UNGATED,rnafold,nan,0.0,0.0,1.0,0,0
MODEL_SPECIFIC_PETFOLD,0,29,LEARNED_UNGATED,petfold,-0.07078008302400414,-0.11639738357466312,0.22857142857142856,0.737012987012987,105,19
MODEL_SPECIFIC_PETFOLD,0,29,LEARNED_UNGATED,trrosettarna2_native_ss,nan,0.0,0.0,1.0,0,0
MODEL_SPECIFIC_PETFOLD,0,29,LEARNED_SELECTIVE,rnafold,nan,0.0,0.0,1.0,0,0
MODEL_SPECIFIC_PETFOLD,0,29,LEARNED_SELECTIVE,petfold,-0.0027185652211793743,-0.01165954139137193,0.3333333333333333,0.961038961038961,18,7
MODEL_SPECIFIC_PETFOLD,0,29,LEARNED_SELECTIVE,trrosettarna2_native_ss,nan,0.0,0.0,1.0,0,0
MODEL_SPECIFIC_PETFOLD,0,41,LEARNED_UNGATED,rnafold,nan,0.0,0.0,1.0,0,0
MODEL_SPECIFIC_PETFOLD,0,41,LEARNED_UNGATED,petfold,-0.07792692754254825,-0.12564261906107,0.22522522522522523,0.7207792207792207,111,18
MODEL_SPECIFIC_PETFOLD,0,41,LEARNED_UNGATED,trrosettarna2_native_ss,nan,0.0,0.0,1.0,0,0
MODEL_SPECIFIC_PETFOLD,0,41,LEARNED_SELECTIVE,rnafold,nan,0.0,0.0,1.0,0,0
MODEL_SPECIFIC_PETFOLD,0,41,LEARNED_SELECTIVE,petfold,3.103686600707256e-06,-0.007613098433458587,0.42857142857142855,0.961038961038961,21,8
MODEL_SPECIFIC_PETFOLD,0,41,LEARNED_SELECTIVE,trrosettarna2_native_ss,nan,0.0,0.0,1.0,0,0
MODEL_SPECIFIC_PETFOLD,0,53,LEARNED_UNGATED,rnafold,nan,0.0,0.0,1.0,0,0
MODEL_SPECIFIC_PETFOLD,0,53,LEARNED_UNGATED,petfold,-0.06742174059077906,-0.11482990201475285,0.19791666666666666,0.75,96,17
MODEL_SPECIFIC_PETFOLD,0,53,LEARNED_UNGATED,trrosettarna2_native_ss,nan,0.0,0.0,1.0,0,0
MODEL_SPECIFIC_PETFOLD,0,53,LEARNED_SELECTIVE,rnafold,nan,0.0,0.0,1.0,0,0
MODEL_SPECIFIC_PETFOLD,0,53,LEARNED_SELECTIVE,petfold,-0.007325617978800762,-0.013331387145428919,0.3157894736842105,0.9577922077922078,19,7
MODEL_SPECIFIC_PETFOLD,0,53,LEARNED_SELECTIVE,trrosettarna2_native_ss,nan,0.0,0.0,1.0,0,0
MODEL_SPECIFIC_PETFOLD,0,67,LEARNED_UNGATED,rnafold,nan,0.0,0.0,1.0,0,0
MODEL_SPECIFIC_PETFOLD,0,67,LEARNED_UNGATED,petfold,-0.07981039287393984,-0.12564261906107,0.22522522522522523,0.7207792207792207,111,18
MODEL_SPECIFIC_PETFOLD,0,67,LEARNED_UNGATED,trrosettarna2_native_ss,nan,0.0,0.0,1.0,0,0
MODEL_SPECIFIC_PETFOLD,0,67,LEARNED_SELECTIVE,rnafold,nan,0.0,0.0,1.0,0,0
MODEL_SPECIFIC_PETFOLD,0,67,LEARNED_SELECTIVE,petfold,-0.0006241134549400495,-0.002780041221300822,0.4444444444444444,0.9837662337662337,9,5
MODEL_SPECIFIC_PETFOLD,0,67,LEARNED_SELECTIVE,trrosettarna2_native_ss,nan,0.0,0.0,1.0,0,0
MODEL_SPECIFIC_PETFOLD,1,17,LEARNED_UNGATED,rnafold,nan,0.0,0.0,1.0,0,0
MODEL_SPECIFIC_PETFOLD,1,17,LEARNED_UNGATED,petfold,-0.05186027010526719,-0.04581330484837698,0.35714285714285715,0.8512396694214877,56,23
MODEL_SPECIFIC_PETFOLD,1,17,LEARNED_UNGATED,trrosettarna2_native_ss,nan,0.0,0.0,1.0,0,0
MODEL_SPECIFIC_PETFOLD,1,29,LEARNED_UNGATED,rnafold,nan,0.0,0.0,1.0,0,0
MODEL_SPECIFIC_PETFOLD,1,29,LEARNED_UNGATED,petfold,-0.059581934644527185,-0.06408485970529765,0.3283582089552239,0.8140495867768595,67,23
MODEL_SPECIFIC_PETFOLD,1,29,LEARNED_UNGATED,trrosettarna2_native_ss,nan,0.0,0.0,1.0,0,0
MODEL_SPECIFIC_PETFOLD,1,41,LEARNED_UNGATED,rnafold,nan,0.0,0.0,1.0,0,0
MODEL_SPECIFIC_PETFOLD,1,41,LEARNED_UNGATED,petfold,-0.05686591908850721,-0.060897629245339924,0.328125,0.8223140495867769,64,22
MODEL_SPECIFIC_PETFOLD,1,41,LEARNED_UNGATED,trrosettarna2_native_ss,nan,0.0,0.0,1.0,0,0
MODEL_SPECIFIC_PETFOLD,1,53,LEARNED_UNGATED,rnafold,nan,0.0,0.0,1.0,0,0
MODEL_SPECIFIC_PETFOLD,1,53,LEARNED_UNGATED,petfold,-0.04478845663377811,-0.042807638428076444,0.3584905660377358,0.859504132231405,53,22
MODEL_SPECIFIC_PETFOLD,1,53,LEARNED_UNGATED,trrosettarna2_native_ss,nan,0.0,0.0,1.0,0,0
MODEL_SPECIFIC_PETFOLD,1,67,LEARNED_UNGATED,rnafold,nan,0.0,0.0,1.0,0,0
MODEL_SPECIFIC_PETFOLD,1,67,LEARNED_UNGATED,petfold,-0.040136124983045855,-0.039838184856213155,0.36,0.8677685950413223,50,21
MODEL_SPECIFIC_PETFOLD,1,67,LEARNED_UNGATED,trrosettarna2_native_ss,nan,0.0,0.0,1.0,0,0
MODEL_SPECIFIC_PETFOLD,2,17,LEARNED_UNGATED,rnafold,nan,0.0,0.0,1.0,0,0
MODEL_SPECIFIC_PETFOLD,2,17,LEARNED_UNGATED,petfold,-0.11091407240126884,-0.09824218456310241,0.4198895027624309,0.6982758620689655,181,24
MODEL_SPECIFIC_PETFOLD,2,17,LEARNED_UNGATED,trrosettarna2_native_ss,nan,0.0,0.0,1.0,0,0
MODEL_SPECIFIC_PETFOLD,2,29,LEARNED_UNGATED,rnafold,nan,0.0,0.0,1.0,0,0
MODEL_SPECIFIC_PETFOLD,2,29,LEARNED_UNGATED,petfold,-0.11615699326775286,-0.1010429629810824,0.43005181347150256,0.6839080459770115,193,23
MODEL_SPECIFIC_PETFOLD,2,29,LEARNED_UNGATED,trrosettarna2_native_ss,nan,0.0,0.0,1.0,0,0
MODEL_SPECIFIC_PETFOLD,2,41,LEARNED_UNGATED,rnafold,nan,0.0,0.0,1.0,0,0
MODEL_SPECIFIC_PETFOLD,2,41,LEARNED_UNGATED,petfold,-0.1250642068387938,-0.11231021596220969,0.41708542713567837,0.6666666666666666,199,24
MODEL_SPECIFIC_PETFOLD,2,41,LEARNED_UNGATED,trrosettarna2_native_ss,nan,0.0,0.0,1.0,0,0
MODEL_SPECIFIC_PETFOLD,2,53,LEARNED_UNGATED,rnafold,nan,0.0,0.0,1.0,0,0
MODEL_SPECIFIC_PETFOLD,2,53,LEARNED_UNGATED,petfold,-0.1221782955703531,-0.10480907345626078,0.4292929292929293,0.6752873563218391,198,24
MODEL_SPECIFIC_PETFOLD,2,53,LEARNED_UNGATED,trrosettarna2_native_ss,nan,0.0,0.0,1.0,0,0
MODEL_SPECIFIC_PETFOLD,2,67,LEARNED_UNGATED,rnafold,nan,0.0,0.0,1.0,0,0
MODEL_SPECIFIC_PETFOLD,2,67,LEARNED_UNGATED,petfold,-0.09306445840634113,-0.08361152142914152,0.45054945054945056,0.7126436781609196,182,24
MODEL_SPECIFIC_PETFOLD,2,67,LEARNED_UNGATED,trrosettarna2_native_ss,nan,0.0,0.0,1.0,0,0
MODEL_SPECIFIC_PETFOLD,3,17,LEARNED_UNGATED,rnafold,nan,0.0,0.0,1.0,0,0
MODEL_SPECIFIC_PETFOLD,3,17,LEARNED_UNGATED,petfold,-0.045401715050434645,-0.04585501453070984,0.23255813953488372,0.8838028169014085,43,16
MODEL_SPECIFIC_PETFOLD,3,17,LEARNED_UNGATED,trrosettarna2_native_ss,nan,0.0,0.0,1.0,0,0
MODEL_SPECIFIC_PETFOLD,3,17,LEARNED_SELECTIVE,rnafold,nan,0.0,0.0,1.0,0,0
MODEL_SPECIFIC_PETFOLD,3,17,LEARNED_SELECTIVE,petfold,-0.005918005410803141,-0.007838794432501683,0.3,0.9753521126760564,10,5
MODEL_SPECIFIC_PETFOLD,3,17,LEARNED_SELECTIVE,trrosettarna2_native_ss,nan,0.0,0.0,1.0,0,0
MODEL_SPECIFIC_PETFOLD,3,29,LEARNED_UNGATED,rnafold,nan,0.0,0.0,1.0,0,0
MODEL_SPECIFIC_PETFOLD,3,29,LEARNED_UNGATED,petfold,-0.03979425310776143,-0.03649618355500717,0.275,0.897887323943662,40,16
MODEL_SPECIFIC_PETFOLD,3,29,LEARNED_UNGATED,trrosettarna2_native_ss,nan,0.0,0.0,1.0,0,0
MODEL_SPECIFIC_PETFOLD,3,29,LEARNED_SELECTIVE,rnafold,nan,0.0,0.0,1.0,0,0
MODEL_SPECIFIC_PETFOLD,3,29,LEARNED_SELECTIVE,petfold,0.0011987433862433866,0.001055227143026305,0.6,0.9929577464788732,5,3
MODEL_SPECIFIC_PETFOLD,3,29,LEARNED_SELECTIVE,trrosettarna2_native_ss,nan,0.0,0.0,1.0,0,0
MODEL_SPECIFIC_PETFOLD,3,41,LEARNED_UNGATED,rnafold,nan,0.0,0.0,1.0,0,0
MODEL_SPECIFIC_PETFOLD,3,41,LEARNED_UNGATED,petfold,-0.03398903062446256,-0.03419153168513789,0.2702702702702703,0.9049295774647887,37,16
MODEL_SPECIFIC_PETFOLD,3,41,LEARNED_UNGATED,trrosettarna2_native_ss,nan,0.0,0.0,1.0,0,0
MODEL_SPECIFIC_PETFOLD,3,41,LEARNED_SELECTIVE,rnafold,nan,0.0,0.0,1.0,0,0
MODEL_SPECIFIC_PETFOLD,3,41,LEARNED_SELECTIVE,petfold,-0.002825877825877824,-0.004012165922474664,0.3333333333333333,0.9859154929577465,6,3
MODEL_SPECIFIC_PETFOLD,3,41,LEARNED_SELECTIVE,trrosettarna2_native_ss,nan,0.0,0.0,1.0,0,0
MODEL_SPECIFIC_PETFOLD,3,53,LEARNED_UNGATED,rnafold,nan,0.0,0.0,1.0,0,0
MODEL_SPECIFIC_PETFOLD,3,53,LEARNED_UNGATED,petfold,-0.035231604864511684,-0.030004402451827006,0.2727272727272727,0.9154929577464789,33,15
MODEL_SPECIFIC_PETFOLD,3,53,LEARNED_UNGATED,trrosettarna2_native_ss,nan,0.0,0.0,1.0,0,0
MODEL_SPECIFIC_PETFOLD,3,53,LEARNED_SELECTIVE,rnafold,nan,0.0,0.0,1.0,0,0
MODEL_SPECIFIC_PETFOLD,3,53,LEARNED_SELECTIVE,petfold,-0.0037197810462828947,-0.005534558688934155,0.2,0.9859154929577465,5,5
MODEL_SPECIFIC_PETFOLD,3,53,LEARNED_SELECTIVE,trrosettarna2_native_ss,nan,0.0,0.0,1.0,0,0
MODEL_SPECIFIC_PETFOLD,3,67,LEARNED_UNGATED,rnafold,nan,0.0,0.0,1.0,0,0
MODEL_SPECIFIC_PETFOLD,3,67,LEARNED_UNGATED,petfold,-0.036729713605560564,-0.036876504987960135,0.2857142857142857,0.8943661971830986,42,16
MODEL_SPECIFIC_PETFOLD,3,67,LEARNED_UNGATED,trrosettarna2_native_ss,nan,0.0,0.0,1.0,0,0
MODEL_SPECIFIC_PETFOLD,3,67,LEARNED_SELECTIVE,rnafold,nan,0.0,0.0,1.0,0,0
MODEL_SPECIFIC_PETFOLD,3,67,LEARNED_SELECTIVE,petfold,-0.0018017419699429271,-0.0027314408350405106,0.4444444444444444,0.9823943661971831,9,5
MODEL_SPECIFIC_PETFOLD,3,67,LEARNED_SELECTIVE,trrosettarna2_native_ss,nan,0.0,0.0,1.0,0,0
MODEL_SPECIFIC_PETFOLD,4,17,LEARNED_UNGATED,rnafold,nan,0.0,0.0,1.0,0,0
MODEL_SPECIFIC_PETFOLD,4,17,LEARNED_UNGATED,petfold,-0.08706815446959659,-0.08813806990813755,0.28888888888888886,0.7722419928825622,90,18
MODEL_SPECIFIC_PETFOLD,4,17,LEARNED_UNGATED,trrosettarna2_native_ss,nan,0.0,0.0,1.0,0,0
MODEL_SPECIFIC_PETFOLD,4,17,LEARNED_SELECTIVE,rnafold,nan,0.0,0.0,1.0,0,0
MODEL_SPECIFIC_PETFOLD,4,17,LEARNED_SELECTIVE,petfold,-0.0001340723487462577,-0.0010016257155845976,0.5,0.9893238434163701,6,3
MODEL_SPECIFIC_PETFOLD,4,17,LEARNED_SELECTIVE,trrosettarna2_native_ss,nan,0.0,0.0,1.0,0,0
MODEL_SPECIFIC_PETFOLD,4,29,LEARNED_UNGATED,rnafold,nan,0.0,0.0,1.0,0,0
MODEL_SPECIFIC_PETFOLD,4,29,LEARNED_UNGATED,petfold,-0.05148731087089135,-0.05031403932195744,0.3225806451612903,0.8505338078291815,62,15
MODEL_SPECIFIC_PETFOLD,4,29,LEARNED_UNGATED,trrosettarna2_native_ss,nan,0.0,0.0,1.0,0,0
MODEL_SPECIFIC_PETFOLD,4,29,LEARNED_SELECTIVE,rnafold,nan,0.0,0.0,1.0,0,0
MODEL_SPECIFIC_PETFOLD,4,29,LEARNED_SELECTIVE,petfold,0.0013630089717046278,0.0028682615629983532,1.0,1.0,2,2
MODEL_SPECIFIC_PETFOLD,4,29,LEARNED_SELECTIVE,trrosettarna2_native_ss,nan,0.0,0.0,1.0,0,0
MODEL_SPECIFIC_PETFOLD,4,41,LEARNED_UNGATED,rnafold,nan,0.0,0.0,1.0,0,0
MODEL_SPECIFIC_PETFOLD,4,41,LEARNED_UNGATED,petfold,-0.0772604621170726,-0.08302305082147488,0.29069767441860467,0.7829181494661922,86,19
MODEL_SPECIFIC_PETFOLD,4,41,LEARNED_UNGATED,trrosettarna2_native_ss,nan,0.0,0.0,1.0,0,0
MODEL_SPECIFIC_PETFOLD,4,41,LEARNED_SELECTIVE,rnafold,nan,0.0,0.0,1.0,0,0
MODEL_SPECIFIC_PETFOLD,4,41,LEARNED_SELECTIVE,petfold,-0.001224136997794283,-0.0006656068158138462,0.5,0.9928825622775801,4,3
MODEL_SPECIFIC_PETFOLD,4,41,LEARNED_SELECTIVE,trrosettarna2_native_ss,nan,0.0,0.0,1.0,0,0
MODEL_SPECIFIC_PETFOLD,4,53,LEARNED_UNGATED,rnafold,nan,0.0,0.0,1.0,0,0
MODEL_SPECIFIC_PETFOLD,4,53,LEARNED_UNGATED,petfold,-0.07357814576112849,-0.07516385522532276,0.2911392405063291,0.800711743772242,79,17
MODEL_SPECIFIC_PETFOLD,4,53,LEARNED_UNGATED,trrosettarna2_native_ss,nan,0.0,0.0,1.0,0,0
MODEL_SPECIFIC_PETFOLD,4,67,LEARNED_UNGATED,rnafold,nan,0.0,0.0,1.0,0,0
MODEL_SPECIFIC_PETFOLD,4,67,LEARNED_UNGATED,petfold,-0.06148340308041414,-0.06088870046231809,0.32432432432432434,0.8220640569395018,74,17
MODEL_SPECIFIC_PETFOLD,4,67,LEARNED_UNGATED,trrosettarna2_native_ss,nan,0.0,0.0,1.0,0,0
MODEL_SPECIFIC_PETFOLD,4,67,LEARNED_SELECTIVE,rnafold,nan,0.0,0.0,1.0,0,0
MODEL_SPECIFIC_PETFOLD,4,67,LEARNED_SELECTIVE,petfold,0.004087659852093213,0.007205239054959733,1.0,1.0,5,4
MODEL_SPECIFIC_PETFOLD,4,67,LEARNED_SELECTIVE,trrosettarna2_native_ss,nan,0.0,0.0,1.0,0,0
MODEL_SPECIFIC_TRROSETTARNA2,0,17,LEARNED_UNGATED,rnafold,nan,0.0,0.0,1.0,0,0
MODEL_SPECIFIC_TRROSETTARNA2,0,17,LEARNED_UNGATED,petfold,nan,0.0,0.0,1.0,0,0
MODEL_SPECIFIC_TRROSETTARNA2,0,17,LEARNED_UNGATED,trrosettarna2_native_ss,0.035441292283861336,0.045291611640773444,0.7294117647058823,0.9272151898734177,85,24
MODEL_SPECIFIC_TRROSETTARNA2,0,17,LEARNED_SELECTIVE,rnafold,nan,0.0,0.0,1.0,0,0
MODEL_SPECIFIC_TRROSETTARNA2,0,17,LEARNED_SELECTIVE,petfold,nan,0.0,0.0,1.0,0,0
MODEL_SPECIFIC_TRROSETTARNA2,0,17,LEARNED_SELECTIVE,trrosettarna2_native_ss,0.059966968062418156,0.06662072616801618,0.9473684210526315,0.990506329113924,57,21
MODEL_SPECIFIC_TRROSETTARNA2,0,29,LEARNED_UNGATED,rnafold,nan,0.0,0.0,1.0,0,0
MODEL_SPECIFIC_TRROSETTARNA2,0,29,LEARNED_UNGATED,petfold,nan,0.0,0.0,1.0,0,0
MODEL_SPECIFIC_TRROSETTARNA2,0,29,LEARNED_UNGATED,trrosettarna2_native_ss,0.038059068525143014,0.04552969270737661,0.7349397590361446,0.930379746835443,83,24
MODEL_SPECIFIC_TRROSETTARNA2,0,29,LEARNED_SELECTIVE,rnafold,nan,0.0,0.0,1.0,0,0
MODEL_SPECIFIC_TRROSETTARNA2,0,29,LEARNED_SELECTIVE,petfold,nan,0.0,0.0,1.0,0,0
MODEL_SPECIFIC_TRROSETTARNA2,0,29,LEARNED_SELECTIVE,trrosettarna2_native_ss,0.06022721112829972,0.06979657154347574,0.9818181818181818,0.9968354430379747,55,20
MODEL_SPECIFIC_TRROSETTARNA2,0,41,LEARNED_UNGATED,rnafold,nan,0.0,0.0,1.0,0,0
MODEL_SPECIFIC_TRROSETTARNA2,0,41,LEARNED_UNGATED,petfold,nan,0.0,0.0,1.0,0,0
MODEL_SPECIFIC_TRROSETTARNA2,0,41,LEARNED_UNGATED,trrosettarna2_native_ss,0.033088351107390744,0.043592228103364605,0.7209302325581395,0.9240506329113924,86,24
MODEL_SPECIFIC_TRROSETTARNA2,0,41,LEARNED_SELECTIVE,rnafold,nan,0.0,0.0,1.0,0,0
MODEL_SPECIFIC_TRROSETTARNA2,0,41,LEARNED_SELECTIVE,petfold,nan,0.0,0.0,1.0,0,0
MODEL_SPECIFIC_TRROSETTARNA2,0,41,LEARNED_SELECTIVE,trrosettarna2_native_ss,0.054624775371388254,0.06629014461997629,0.9180327868852459,0.9841772151898734,61,22
MODEL_SPECIFIC_TRROSETTARNA2,0,53,LEARNED_UNGATED,rnafold,nan,0.0,0.0,1.0,0,0
MODEL_SPECIFIC_TRROSETTARNA2,0,53,LEARNED_UNGATED,petfold,nan,0.0,0.0,1.0,0,0
MODEL_SPECIFIC_TRROSETTARNA2,0,53,LEARNED_UNGATED,trrosettarna2_native_ss,0.038787101815628645,0.04675178576529193,0.7325581395348837,0.9272151898734177,86,24
MODEL_SPECIFIC_TRROSETTARNA2,0,53,LEARNED_SELECTIVE,rnafold,nan,0.0,0.0,1.0,0,0
MODEL_SPECIFIC_TRROSETTARNA2,0,53,LEARNED_SELECTIVE,petfold,nan,0.0,0.0,1.0,0,0
MODEL_SPECIFIC_TRROSETTARNA2,0,53,LEARNED_SELECTIVE,trrosettarna2_native_ss,0.055893625662487796,0.06411516327567401,0.9803921568627451,0.9968354430379747,51,19
MODEL_SPECIFIC_TRROSETTARNA2,0,67,LEARNED_UNGATED,rnafold,nan,0.0,0.0,1.0,0,0
MODEL_SPECIFIC_TRROSETTARNA2,0,67,LEARNED_UNGATED,petfold,nan,0.0,0.0,1.0,0,0
MODEL_SPECIFIC_TRROSETTARNA2,0,67,LEARNED_UNGATED,trrosettarna2_native_ss,0.035833549077368694,0.045291611640773444,0.7294117647058823,0.9272151898734177,85,24
MODEL_SPECIFIC_TRROSETTARNA2,0,67,LEARNED_SELECTIVE,rnafold,nan,0.0,0.0,1.0,0,0
MODEL_SPECIFIC_TRROSETTARNA2,0,67,LEARNED_SELECTIVE,petfold,nan,0.0,0.0,1.0,0,0
MODEL_SPECIFIC_TRROSETTARNA2,0,67,LEARNED_SELECTIVE,trrosettarna2_native_ss,0.058629175420277686,0.06662072616801618,0.9473684210526315,0.990506329113924,57,21
MODEL_SPECIFIC_TRROSETTARNA2,1,17,LEARNED_UNGATED,rnafold,nan,0.0,0.0,1.0,0,0
MODEL_SPECIFIC_TRROSETTARNA2,1,17,LEARNED_UNGATED,petfold,nan,0.0,0.0,1.0,0,0
MODEL_SPECIFIC_TRROSETTARNA2,1,17,LEARNED_UNGATED,trrosettarna2_native_ss,0.027257267699113602,0.04512905337882078,0.7627118644067796,0.943089430894309,59,19
MODEL_SPECIFIC_TRROSETTARNA2,1,17,LEARNED_SELECTIVE,rnafold,nan,0.0,0.0,1.0,0,0
MODEL_SPECIFIC_TRROSETTARNA2,1,17,LEARNED_SELECTIVE,petfold,nan,0.0,0.0,1.0,0,0
MODEL_SPECIFIC_TRROSETTARNA2,1,17,LEARNED_SELECTIVE,trrosettarna2_native_ss,0.05248888085720327,0.06688406717141004,0.9767441860465116,0.9959349593495935,43,14
MODEL_SPECIFIC_TRROSETTARNA2,1,29,LEARNED_UNGATED,rnafold,nan,0.0,0.0,1.0,0,0
MODEL_SPECIFIC_TRROSETTARNA2,1,29,LEARNED_UNGATED,petfold,nan,0.0,0.0,1.0,0,0
MODEL_SPECIFIC_TRROSETTARNA2,1,29,LEARNED_UNGATED,trrosettarna2_native_ss,0.03261860957361337,0.049387631810193344,0.7894736842105263,0.9512195121951219,57,18
MODEL_SPECIFIC_TRROSETTARNA2,1,41,LEARNED_UNGATED,rnafold,nan,0.0,0.0,1.0,0,0
MODEL_SPECIFIC_TRROSETTARNA2,1,41,LEARNED_UNGATED,petfold,nan,0.0,0.0,1.0,0,0
MODEL_SPECIFIC_TRROSETTARNA2,1,41,LEARNED_UNGATED,trrosettarna2_native_ss,0.018354993398531385,0.03867818900940434,0.7258064516129032,0.9308943089430894,62,20
MODEL_SPECIFIC_TRROSETTARNA2,1,53,LEARNED_UNGATED,rnafold,nan,0.0,0.0,1.0,0,0
MODEL_SPECIFIC_TRROSETTARNA2,1,53,LEARNED_UNGATED,petfold,nan,0.0,0.0,1.0,0,0
MODEL_SPECIFIC_TRROSETTARNA2,1,53,LEARNED_UNGATED,trrosettarna2_native_ss,0.02054067954870192,0.04046347173114195,0.7301587301587301,0.9308943089430894,63,19
MODEL_SPECIFIC_TRROSETTARNA2,1,67,LEARNED_UNGATED,rnafold,nan,0.0,0.0,1.0,0,0
MODEL_SPECIFIC_TRROSETTARNA2,1,67,LEARNED_UNGATED,petfold,nan,0.0,0.0,1.0,0,0
MODEL_SPECIFIC_TRROSETTARNA2,1,67,LEARNED_UNGATED,trrosettarna2_native_ss,0.010328032614217659,0.0339334817107898,0.696969696969697,0.9186991869918699,66,21
MODEL_SPECIFIC_TRROSETTARNA2,2,17,LEARNED_UNGATED,rnafold,nan,0.0,0.0,1.0,0,0
MODEL_SPECIFIC_TRROSETTARNA2,2,17,LEARNED_UNGATED,petfold,nan,0.0,0.0,1.0,0,0
MODEL_SPECIFIC_TRROSETTARNA2,2,17,LEARNED_UNGATED,trrosettarna2_native_ss,0.05123930283485075,0.06550382432108315,0.7894736842105263,0.8956521739130435,171,21
MODEL_SPECIFIC_TRROSETTARNA2,2,29,LEARNED_UNGATED,rnafold,nan,0.0,0.0,1.0,0,0
MODEL_SPECIFIC_TRROSETTARNA2,2,29,LEARNED_UNGATED,petfold,nan,0.0,0.0,1.0,0,0
MODEL_SPECIFIC_TRROSETTARNA2,2,29,LEARNED_UNGATED,trrosettarna2_native_ss,0.052902752410240346,0.06964596480277607,0.806060606060606,0.9072463768115943,165,21
MODEL_SPECIFIC_TRROSETTARNA2,2,41,LEARNED_UNGATED,rnafold,nan,0.0,0.0,1.0,0,0
MODEL_SPECIFIC_TRROSETTARNA2,2,41,LEARNED_UNGATED,petfold,nan,0.0,0.0,1.0,0,0
MODEL_SPECIFIC_TRROSETTARNA2,2,41,LEARNED_UNGATED,trrosettarna2_native_ss,0.057129703202232936,0.07624766535543992,0.8376623376623377,0.927536231884058,154,22
MODEL_SPECIFIC_TRROSETTARNA2,2,53,LEARNED_UNGATED,rnafold,nan,0.0,0.0,1.0,0,0
MODEL_SPECIFIC_TRROSETTARNA2,2,53,LEARNED_UNGATED,petfold,nan,0.0,0.0,1.0,0,0
MODEL_SPECIFIC_TRROSETTARNA2,2,53,LEARNED_UNGATED,trrosettarna2_native_ss,0.05437624457306648,0.07317938668502733,0.8132530120481928,0.9101449275362319,166,21
MODEL_SPECIFIC_TRROSETTARNA2,2,67,LEARNED_UNGATED,rnafold,nan,0.0,0.0,1.0,0,0
MODEL_SPECIFIC_TRROSETTARNA2,2,67,LEARNED_UNGATED,petfold,nan,0.0,0.0,1.0,0,0
MODEL_SPECIFIC_TRROSETTARNA2,2,67,LEARNED_UNGATED,trrosettarna2_native_ss,0.04953308194817677,0.06413688437338616,0.7962962962962963,0.9043478260869565,162,21
MODEL_SPECIFIC_TRROSETTARNA2,3,17,LEARNED_UNGATED,rnafold,nan,0.0,0.0,1.0,0,0
MODEL_SPECIFIC_TRROSETTARNA2,3,17,LEARNED_UNGATED,petfold,nan,0.0,0.0,1.0,0,0
MODEL_SPECIFIC_TRROSETTARNA2,3,17,LEARNED_UNGATED,trrosettarna2_native_ss,0.03944319167060874,0.07897232382637254,0.8690476190476191,0.9581749049429658,84,23
MODEL_SPECIFIC_TRROSETTARNA2,3,17,LEARNED_SELECTIVE,rnafold,nan,0.0,0.0,1.0,0,0
MODEL_SPECIFIC_TRROSETTARNA2,3,17,LEARNED_SELECTIVE,petfold,nan,0.0,0.0,1.0,0,0
MODEL_SPECIFIC_TRROSETTARNA2,3,17,LEARNED_SELECTIVE,trrosettarna2_native_ss,0.04073846579273382,0.07628830521482244,0.953125,0.9885931558935361,64,18
MODEL_SPECIFIC_TRROSETTARNA2,3,29,LEARNED_UNGATED,rnafold,nan,0.0,0.0,1.0,0,0
MODEL_SPECIFIC_TRROSETTARNA2,3,29,LEARNED_UNGATED,petfold,nan,0.0,0.0,1.0,0,0
MODEL_SPECIFIC_TRROSETTARNA2,3,29,LEARNED_UNGATED,trrosettarna2_native_ss,0.04389566901782293,0.08133561643835618,0.8888888888888888,0.9657794676806084,81,22
MODEL_SPECIFIC_TRROSETTARNA2,3,29,LEARNED_SELECTIVE,rnafold,nan,0.0,0.0,1.0,0,0
MODEL_SPECIFIC_TRROSETTARNA2,3,29,LEARNED_SELECTIVE,petfold,nan,0.0,0.0,1.0,0,0
MODEL_SPECIFIC_TRROSETTARNA2,3,29,LEARNED_SELECTIVE,trrosettarna2_native_ss,0.04973103985488409,0.08074710419730158,0.9552238805970149,0.9885931558935361,67,20
MODEL_SPECIFIC_TRROSETTARNA2,3,41,LEARNED_UNGATED,rnafold,nan,0.0,0.0,1.0,0,0
MODEL_SPECIFIC_TRROSETTARNA2,3,41,LEARNED_UNGATED,petfold,nan,0.0,0.0,1.0,0,0
MODEL_SPECIFIC_TRROSETTARNA2,3,41,LEARNED_UNGATED,trrosettarna2_native_ss,0.04156915212990254,0.07743995248171665,0.8674698795180723,0.9581749049429658,83,23
MODEL_SPECIFIC_TRROSETTARNA2,3,53,LEARNED_UNGATED,rnafold,nan,0.0,0.0,1.0,0,0
MODEL_SPECIFIC_TRROSETTARNA2,3,53,LEARNED_UNGATED,petfold,nan,0.0,0.0,1.0,0,0
MODEL_SPECIFIC_TRROSETTARNA2,3,53,LEARNED_UNGATED,trrosettarna2_native_ss,0.035721243121073984,0.07351704611978593,0.8470588235294118,0.9505703422053232,85,23
MODEL_SPECIFIC_TRROSETTARNA2,3,53,LEARNED_SELECTIVE,rnafold,nan,0.0,0.0,1.0,0,0
MODEL_SPECIFIC_TRROSETTARNA2,3,53,LEARNED_SELECTIVE,petfold,nan,0.0,0.0,1.0,0,0
MODEL_SPECIFIC_TRROSETTARNA2,3,53,LEARNED_SELECTIVE,trrosettarna2_native_ss,0.036615324441331594,0.06895638938521609,0.9491525423728814,0.9885931558935361,59,18
MODEL_SPECIFIC_TRROSETTARNA2,3,67,LEARNED_UNGATED,rnafold,nan,0.0,0.0,1.0,0,0
MODEL_SPECIFIC_TRROSETTARNA2,3,67,LEARNED_UNGATED,petfold,nan,0.0,0.0,1.0,0,0
MODEL_SPECIFIC_TRROSETTARNA2,3,67,LEARNED_UNGATED,trrosettarna2_native_ss,0.04745366274823045,0.0848078386605784,0.9012345679012346,0.9695817490494296,81,21
MODEL_SPECIFIC_TRROSETTARNA2,4,17,LEARNED_UNGATED,rnafold,nan,0.0,0.0,1.0,0,0
MODEL_SPECIFIC_TRROSETTARNA2,4,17,LEARNED_UNGATED,petfold,nan,0.0,0.0,1.0,0,0
MODEL_SPECIFIC_TRROSETTARNA2,4,17,LEARNED_UNGATED,trrosettarna2_native_ss,0.06287390828897307,0.056473607407034665,0.7945205479452054,0.9484536082474226,73,23
MODEL_SPECIFIC_TRROSETTARNA2,4,17,LEARNED_SELECTIVE,rnafold,nan,0.0,0.0,1.0,0,0
MODEL_SPECIFIC_TRROSETTARNA2,4,17,LEARNED_SELECTIVE,petfold,nan,0.0,0.0,1.0,0,0
MODEL_SPECIFIC_TRROSETTARNA2,4,17,LEARNED_SELECTIVE,trrosettarna2_native_ss,0.07267316150559709,0.06991898555829512,0.9464285714285714,0.9896907216494846,56,22
MODEL_SPECIFIC_TRROSETTARNA2,4,29,LEARNED_UNGATED,rnafold,nan,0.0,0.0,1.0,0,0
MODEL_SPECIFIC_TRROSETTARNA2,4,29,LEARNED_UNGATED,petfold,nan,0.0,0.0,1.0,0,0
MODEL_SPECIFIC_TRROSETTARNA2,4,29,LEARNED_UNGATED,trrosettarna2_native_ss,0.06000763937418772,0.04948450485201594,0.76,0.9381443298969072,75,23
MODEL_SPECIFIC_TRROSETTARNA2,4,29,LEARNED_SELECTIVE,rnafold,nan,0.0,0.0,1.0,0,0
MODEL_SPECIFIC_TRROSETTARNA2,4,29,LEARNED_SELECTIVE,petfold,nan,0.0,0.0,1.0,0,0
MODEL_SPECIFIC_TRROSETTARNA2,4,29,LEARNED_SELECTIVE,trrosettarna2_native_ss,0.07261640162424825,0.06991898555829512,0.9464285714285714,0.9896907216494846,56,22
MODEL_SPECIFIC_TRROSETTARNA2,4,41,LEARNED_UNGATED,rnafold,nan,0.0,0.0,1.0,0,0
MODEL_SPECIFIC_TRROSETTARNA2,4,41,LEARNED_UNGATED,petfold,nan,0.0,0.0,1.0,0,0
MODEL_SPECIFIC_TRROSETTARNA2,4,41,LEARNED_UNGATED,trrosettarna2_native_ss,0.06436165453662786,0.05466844089598577,0.7837837837837838,0.9450171821305842,74,23
MODEL_SPECIFIC_TRROSETTARNA2,4,41,LEARNED_SELECTIVE,rnafold,nan,0.0,0.0,1.0,0,0
MODEL_SPECIFIC_TRROSETTARNA2,4,41,LEARNED_SELECTIVE,petfold,nan,0.0,0.0,1.0,0,0
MODEL_SPECIFIC_TRROSETTARNA2,4,41,LEARNED_SELECTIVE,trrosettarna2_native_ss,0.07369110491484483,0.07127125060224371,0.9322033898305084,0.9862542955326461,59,22
MODEL_SPECIFIC_TRROSETTARNA2,4,53,LEARNED_UNGATED,rnafold,nan,0.0,0.0,1.0,0,0
MODEL_SPECIFIC_TRROSETTARNA2,4,53,LEARNED_UNGATED,petfold,nan,0.0,0.0,1.0,0,0
MODEL_SPECIFIC_TRROSETTARNA2,4,53,LEARNED_UNGATED,trrosettarna2_native_ss,0.0638964968115616,0.056473607407034665,0.7945205479452054,0.9484536082474226,73,23
MODEL_SPECIFIC_TRROSETTARNA2,4,53,LEARNED_SELECTIVE,rnafold,nan,0.0,0.0,1.0,0,0
MODEL_SPECIFIC_TRROSETTARNA2,4,53,LEARNED_SELECTIVE,petfold,nan,0.0,0.0,1.0,0,0
MODEL_SPECIFIC_TRROSETTARNA2,4,53,LEARNED_SELECTIVE,trrosettarna2_native_ss,0.07145017258916675,0.06991898555829512,0.9464285714285714,0.9896907216494846,56,22
MODEL_SPECIFIC_TRROSETTARNA2,4,67,LEARNED_UNGATED,rnafold,nan,0.0,0.0,1.0,0,0
MODEL_SPECIFIC_TRROSETTARNA2,4,67,LEARNED_UNGATED,petfold,nan,0.0,0.0,1.0,0,0
MODEL_SPECIFIC_TRROSETTARNA2,4,67,LEARNED_UNGATED,trrosettarna2_native_ss,0.06810089602007595,0.06029510261613669,0.8260869565217391,0.9587628865979382,69,23
MODEL_SPECIFIC_TRROSETTARNA2,4,67,LEARNED_SELECTIVE,rnafold,nan,0.0,0.0,1.0,0,0
MODEL_SPECIFIC_TRROSETTARNA2,4,67,LEARNED_SELECTIVE,petfold,nan,0.0,0.0,1.0,0,0
MODEL_SPECIFIC_TRROSETTARNA2,4,67,LEARNED_SELECTIVE,trrosettarna2_native_ss,0.07325392439291856,0.07145937258053447,0.9473684210526315,0.9896907216494846,57,22
POOLED_SOURCE_AWARE,0,17,LEARNED_UNGATED,rnafold,-0.06503477819043703,-0.1087967583536269,0.16470588235294117,0.7702265372168284,85,15
POOLED_SOURCE_AWARE,0,17,LEARNED_UNGATED,petfold,-0.06896306560563349,-0.11492976514352338,0.21782178217821782,0.7435064935064936,101,17
POOLED_SOURCE_AWARE,0,17,LEARNED_UNGATED,trrosettarna2_native_ss,0.009243559908980731,0.0021895096324653363,0.5663716814159292,0.8449367088607594,113,25
POOLED_SOURCE_AWARE,0,17,LEARNED_SELECTIVE,rnafold,-0.007109165628347216,-0.016610210903921563,0.08333333333333333,0.9644012944983819,12,4
POOLED_SOURCE_AWARE,0,17,LEARNED_SELECTIVE,petfold,-0.003035424723117206,-0.011987135756748812,0.35,0.9577922077922078,20,8
POOLED_SOURCE_AWARE,0,17,LEARNED_SELECTIVE,trrosettarna2_native_ss,0.0553512465316299,0.06325063094216465,0.9016393442622951,0.9810126582278481,61,20
POOLED_SOURCE_AWARE,0,29,LEARNED_UNGATED,rnafold,-0.07146812556793342,-0.11216938140257027,0.17777777777777778,0.7605177993527508,90,16
POOLED_SOURCE_AWARE,0,29,LEARNED_UNGATED,petfold,-0.07205300528618089,-0.11148742435178505,0.22772277227722773,0.7467532467532467,101,18
POOLED_SOURCE_AWARE,0,29,LEARNED_UNGATED,trrosettarna2_native_ss,0.010460748555479902,0.010984970459336219,0.5909090909090909,0.8575949367088608,110,25
POOLED_SOURCE_AWARE,0,29,LEARNED_SELECTIVE,rnafold,-0.0004649122807017569,-0.0016082088573851072,0.0,0.9967637540453075,1,1
POOLED_SOURCE_AWARE,0,29,LEARNED_SELECTIVE,petfold,0.0017559450447010817,-0.0008589425462874889,0.5,0.9902597402597403,6,5
POOLED_SOURCE_AWARE,0,29,LEARNED_SELECTIVE,trrosettarna2_native_ss,0.05395002497928645,0.06253062620289296,0.9615384615384616,0.9936708860759493,52,19
POOLED_SOURCE_AWARE,0,41,LEARNED_UNGATED,rnafold,-0.08076415512990004,-0.1293456577685057,0.14736842105263157,0.7378640776699029,95,16
POOLED_SOURCE_AWARE,0,41,LEARNED_UNGATED,petfold,-0.0721281671631427,-0.11986358808072894,0.21904761904761905,0.7337662337662337,105,17
POOLED_SOURCE_AWARE,0,41,LEARNED_UNGATED,trrosettarna2_native_ss,0.0097179093577462,0.00258033818900516,0.5675675675675675,0.8481012658227848,111,25
POOLED_SOURCE_AWARE,0,41,LEARNED_SELECTIVE,rnafold,-0.0004649122807017569,-0.0016082088573851072,0.0,0.9967637540453075,1,1
POOLED_SOURCE_AWARE,0,41,LEARNED_SELECTIVE,petfold,0.0005378527921260679,-0.0038175224279441977,0.3333333333333333,0.987012987012987,6,4
POOLED_SOURCE_AWARE,0,41,LEARNED_SELECTIVE,trrosettarna2_native_ss,0.051460649694288735,0.06253062620289296,0.9615384615384616,0.9936708860759493,52,18
POOLED_SOURCE_AWARE,0,53,LEARNED_UNGATED,rnafold,-0.08696932200667817,-0.12725904568383872,0.14893617021276595,0.7411003236245954,94,18
POOLED_SOURCE_AWARE,0,53,LEARNED_UNGATED,petfold,-0.07464026324459583,-0.11284779957876068,0.22,0.7467532467532467,100,18
POOLED_SOURCE_AWARE,0,53,LEARNED_UNGATED,trrosettarna2_native_ss,0.017636387529755507,0.011702859009817379,0.5943396226415094,0.8639240506329114,106,24
POOLED_SOURCE_AWARE,0,53,LEARNED_SELECTIVE,rnafold,-0.003619749815401989,-0.008659195641213868,0.2222222222222222,0.9773462783171522,9,3
POOLED_SOURCE_AWARE,0,53,LEARNED_SELECTIVE,petfold,-0.0006167292613312414,-0.008647493198600809,0.3888888888888889,0.9642857142857143,18,8
POOLED_SOURCE_AWARE,0,53,LEARNED_SELECTIVE,trrosettarna2_native_ss,0.05951536457751848,0.06964187420426993,0.9649122807017544,0.9936708860759493,57,19
POOLED_SOURCE_AWARE,0,67,LEARNED_UNGATED,rnafold,-0.0834243498604176,-0.13009219171802577,0.15463917525773196,0.7346278317152104,97,17
POOLED_SOURCE_AWARE,0,67,LEARNED_UNGATED,petfold,-0.07257873638201459,-0.11701890989988872,0.21568627450980393,0.7402597402597403,102,17
POOLED_SOURCE_AWARE,0,67,LEARNED_UNGATED,trrosettarna2_native_ss,0.0184623464994183,0.011702859009817379,0.5943396226415094,0.8639240506329114,106,24
POOLED_SOURCE_AWARE,0,67,LEARNED_SELECTIVE,rnafold,-0.0027152178058680886,-0.006461510773208445,0.0,0.9870550161812298,4,3
POOLED_SOURCE_AWARE,0,67,LEARNED_SELECTIVE,petfold,-9.479155882814006e-05,-0.0038175224279441977,0.3333333333333333,0.987012987012987,6,5
POOLED_SOURCE_AWARE,0,67,LEARNED_SELECTIVE,trrosettarna2_native_ss,0.056069712674319455,0.06710917525172189,1.0,1.0,51,19
POOLED_SOURCE_AWARE,1,17,LEARNED_UNGATED,rnafold,-0.03345183167038396,-0.03752024867562709,0.3409090909090909,0.8806584362139918,44,18
POOLED_SOURCE_AWARE,1,17,LEARNED_UNGATED,petfold,-0.03696965986506973,-0.042165401166120886,0.35294117647058826,0.8636363636363636,51,20
POOLED_SOURCE_AWARE,1,17,LEARNED_UNGATED,trrosettarna2_native_ss,-0.004909552474231814,0.009308871647591754,0.5974025974025974,0.8739837398373984,77,23
POOLED_SOURCE_AWARE,1,29,LEARNED_UNGATED,rnafold,-0.04209856403492785,-0.042585137634642556,0.2926829268292683,0.8806584362139918,41,19
POOLED_SOURCE_AWARE,1,29,LEARNED_UNGATED,petfold,-0.041036934937392806,-0.0375202960665858,0.3673469387755102,0.871900826446281,49,19
POOLED_SOURCE_AWARE,1,29,LEARNED_UNGATED,trrosettarna2_native_ss,-0.0031855779582164365,0.012092808577870096,0.6081081081081081,0.8821138211382114,74,23
POOLED_SOURCE_AWARE,1,41,LEARNED_UNGATED,rnafold,-0.03181183120962878,-0.030703949515830664,0.36585365853658536,0.8930041152263375,41,18
POOLED_SOURCE_AWARE,1,41,LEARNED_UNGATED,petfold,-0.034906822652143434,-0.03351228003452167,0.3877551020408163,0.8760330578512396,49,19
POOLED_SOURCE_AWARE,1,41,LEARNED_UNGATED,trrosettarna2_native_ss,0.005864838191463194,0.016133212618274162,0.6216216216216216,0.8861788617886179,74,23
POOLED_SOURCE_AWARE,1,53,LEARNED_UNGATED,rnafold,-0.04713104988179808,-0.04548837616566692,0.29545454545454547,0.8724279835390947,44,19
POOLED_SOURCE_AWARE,1,53,LEARNED_UNGATED,petfold,-0.04587683375335594,-0.04450200141276195,0.34615384615384615,0.859504132231405,52,20
POOLED_SOURCE_AWARE,1,53,LEARNED_UNGATED,trrosettarna2_native_ss,0.0049020903074703985,0.023325131810193356,0.6521739130434783,0.9024390243902439,69,22
POOLED_SOURCE_AWARE,1,67,LEARNED_UNGATED,rnafold,-0.03983933605517937,-0.04210989010989008,0.32608695652173914,0.8724279835390947,46,20
POOLED_SOURCE_AWARE,1,67,LEARNED_UNGATED,petfold,-0.04218483369479465,-0.03939829140818174,0.38181818181818183,0.859504132231405,55,21
POOLED_SOURCE_AWARE,1,67,LEARNED_UNGATED,trrosettarna2_native_ss,-0.0010661182073724619,0.013867641931650798,0.6133333333333333,0.8821138211382114,75,23
POOLED_SOURCE_AWARE,2,17,LEARNED_UNGATED,rnafold,-0.09935860874194385,-0.08970266790430281,0.42613636363636365,0.7130681818181818,176,23
POOLED_SOURCE_AWARE,2,17,LEARNED_UNGATED,petfold,-0.09184905189486368,-0.0764956092206367,0.45714285714285713,0.7270114942528736,175,23
POOLED_SOURCE_AWARE,2,17,LEARNED_UNGATED,trrosettarna2_native_ss,0.03449044333888692,0.04430951587054033,0.7359550561797753,0.863768115942029,178,23
POOLED_SOURCE_AWARE,2,29,LEARNED_UNGATED,rnafold,-0.08075307764143608,-0.07309161426808486,0.4444444444444444,0.7443181818181818,162,21
POOLED_SOURCE_AWARE,2,29,LEARNED_UNGATED,petfold,-0.06914835884943323,-0.051412827763683056,0.4935897435897436,0.7729885057471264,156,23
POOLED_SOURCE_AWARE,2,29,LEARNED_UNGATED,trrosettarna2_native_ss,0.037296371136001594,0.055879272487546094,0.7692307692307693,0.8869565217391304,169,23
POOLED_SOURCE_AWARE,2,29,LEARNED_SELECTIVE,rnafold,-0.004822024928044309,-0.004051429554785324,0.5,0.9772727272727273,16,5
POOLED_SOURCE_AWARE,2,29,LEARNED_SELECTIVE,petfold,-0.0014220471391466506,0.0009087777309944034,0.6363636363636364,0.9770114942528736,22,7
POOLED_SOURCE_AWARE,2,29,LEARNED_SELECTIVE,trrosettarna2_native_ss,0.07227739878771859,0.09653389322739658,0.96,0.9855072463768116,125,21
POOLED_SOURCE_AWARE,2,41,LEARNED_UNGATED,rnafold,-0.09266784432928628,-0.08434550524102769,0.43352601156069365,0.7215909090909091,173,23
POOLED_SOURCE_AWARE,2,41,LEARNED_UNGATED,petfold,-0.0938625593278614,-0.08186736911149617,0.449438202247191,0.7183908045977011,178,23
POOLED_SOURCE_AWARE,2,41,LEARNED_UNGATED,trrosettarna2_native_ss,0.04601585753253514,0.06161799268572876,0.7901234567901234,0.9014492753623189,162,23
POOLED_SOURCE_AWARE,2,41,LEARNED_SELECTIVE,rnafold,0.0012313526701824538,0.005507921601151322,0.8888888888888888,0.9971590909090909,9,2
POOLED_SOURCE_AWARE,2,41,LEARNED_SELECTIVE,petfold,0.0027118748096103588,0.006441120902543562,0.7777777777777778,0.9885057471264368,18,6
POOLED_SOURCE_AWARE,2,41,LEARNED_SELECTIVE,trrosettarna2_native_ss,0.06129425717025092,0.08584362794303269,0.956140350877193,0.9855072463768116,114,20
POOLED_SOURCE_AWARE,2,53,LEARNED_UNGATED,rnafold,-0.09863743721421377,-0.08452812328989989,0.4251497005988024,0.7272727272727273,167,23
POOLED_SOURCE_AWARE,2,53,LEARNED_UNGATED,petfold,-0.09138236777656399,-0.07220556884378604,0.4583333333333333,0.7385057471264368,168,22
POOLED_SOURCE_AWARE,2,53,LEARNED_UNGATED,trrosettarna2_native_ss,0.036115320661972955,0.04826851761754947,0.7417582417582418,0.863768115942029,182,23
POOLED_SOURCE_AWARE,2,67,LEARNED_UNGATED,rnafold,-0.08689397639139212,-0.07925640043602511,0.4329268292682927,0.7357954545454546,164,23
POOLED_SOURCE_AWARE,2,67,LEARNED_UNGATED,petfold,-0.07846784745138564,-0.06787780466909721,0.4634146341463415,0.7471264367816092,164,23
POOLED_SOURCE_AWARE,2,67,LEARNED_UNGATED,trrosettarna2_native_ss,0.03685130437124093,0.044145985712308544,0.7411764705882353,0.8724637681159421,170,23
POOLED_SOURCE_AWARE,3,17,LEARNED_UNGATED,rnafold,-0.03790609375399784,-0.040137979632660414,0.2,0.9024390243902439,35,15
POOLED_SOURCE_AWARE,3,17,LEARNED_UNGATED,petfold,-0.03917431043593326,-0.03725950474086348,0.29545454545454547,0.8908450704225352,44,16
POOLED_SOURCE_AWARE,3,17,LEARNED_UNGATED,trrosettarna2_native_ss,0.045052118085588934,0.08022018753795324,0.8974358974358975,0.9695817490494296,78,21
POOLED_SOURCE_AWARE,3,17,LEARNED_SELECTIVE,rnafold,-0.008917014324778849,-0.010517915353505214,0.0,0.9790940766550522,6,6
POOLED_SOURCE_AWARE,3,17,LEARNED_SELECTIVE,petfold,-0.003916700856723447,-0.004516535296289037,0.4,0.9788732394366197,10,6
POOLED_SOURCE_AWARE,3,17,LEARNED_SELECTIVE,trrosettarna2_native_ss,0.0510405636644079,0.0848612574639972,0.9444444444444444,0.9847908745247148,72,20
POOLED_SOURCE_AWARE,3,29,LEARNED_UNGATED,rnafold,-0.0365020983932502,-0.04433864008332089,0.20512820512820512,0.89198606271777,39,14
POOLED_SOURCE_AWARE,3,29,LEARNED_UNGATED,petfold,-0.02363171008807929,-0.02689140358627573,0.3142857142857143,0.9154929577464789,35,14
POOLED_SOURCE_AWARE,3,29,LEARNED_UNGATED,trrosettarna2_native_ss,0.047364687029322984,0.08286943286347703,0.8902439024390244,0.9657794676806084,82,21
POOLED_SOURCE_AWARE,3,29,LEARNED_SELECTIVE,rnafold,-0.006855191950456478,-0.006988839965810678,0.0,0.9860627177700348,4,4
POOLED_SOURCE_AWARE,3,29,LEARNED_SELECTIVE,petfold,-0.007704579644602236,-0.007838794432501683,0.3,0.9753521126760564,10,6
POOLED_SOURCE_AWARE,3,29,LEARNED_SELECTIVE,trrosettarna2_native_ss,0.05098920978952461,0.08637747336377477,0.9452054794520548,0.9847908745247148,73,21
POOLED_SOURCE_AWARE,3,41,LEARNED_UNGATED,rnafold,-0.04734183093435438,-0.0482154650127774,0.1951219512195122,0.8850174216027874,41,17
POOLED_SOURCE_AWARE,3,41,LEARNED_UNGATED,petfold,-0.04820106272315794,-0.04512585175914341,0.2708333333333333,0.8767605633802817,48,18
POOLED_SOURCE_AWARE,3,41,LEARNED_UNGATED,trrosettarna2_native_ss,0.040759388916870615,0.07855054152105712,0.8604651162790697,0.9543726235741445,86,22
POOLED_SOURCE_AWARE,3,41,LEARNED_SELECTIVE,rnafold,-0.0008768746976294169,-0.0017386171554291119,0.0,0.9965156794425087,1,1
POOLED_SOURCE_AWARE,3,41,LEARNED_SELECTIVE,petfold,-0.003269472268318386,-0.004263515560749664,0.375,0.9823943661971831,8,4
POOLED_SOURCE_AWARE,3,41,LEARNED_SELECTIVE,trrosettarna2_native_ss,0.05072310334694758,0.08525147863786409,0.9571428571428572,0.9885931558935361,70,20
POOLED_SOURCE_AWARE,3,53,LEARNED_UNGATED,rnafold,-0.060310544477449844,-0.059161845047370876,0.13953488372093023,0.8710801393728222,43,17
POOLED_SOURCE_AWARE,3,53,LEARNED_UNGATED,petfold,-0.049657333552399034,-0.04585501453070984,0.23255813953488372,0.8838028169014085,43,18
POOLED_SOURCE_AWARE,3,53,LEARNED_UNGATED,trrosettarna2_native_ss,0.0408009109533068,0.07743995248171665,0.8674698795180723,0.9581749049429658,83,22
POOLED_SOURCE_AWARE,3,53,LEARNED_SELECTIVE,rnafold,-0.0038568661833680296,-0.005233008872426503,0.0,0.9895470383275261,3,3
POOLED_SOURCE_AWARE,3,53,LEARNED_SELECTIVE,petfold,-0.004706253877513787,-0.006048190420446797,0.3333333333333333,0.9788732394366197,9,5
POOLED_SOURCE_AWARE,3,53,LEARNED_SELECTIVE,trrosettarna2_native_ss,0.04917989347040438,0.0833502163625125,0.9436619718309859,0.9847908745247148,71,20
POOLED_SOURCE_AWARE,3,67,LEARNED_UNGATED,rnafold,-0.045158886103800984,-0.045530491709955156,0.16666666666666666,0.8954703832752613,36,17
POOLED_SOURCE_AWARE,3,67,LEARNED_UNGATED,petfold,-0.0549975676735052,-0.05066230162876284,0.24489795918367346,0.8697183098591549,49,20
POOLED_SOURCE_AWARE,3,67,LEARNED_UNGATED,trrosettarna2_native_ss,0.03634425649665234,0.07243465025478135,0.8536585365853658,0.9543726235741445,82,23
POOLED_SOURCE_AWARE,3,67,LEARNED_SELECTIVE,rnafold,-0.0040772815438696,-0.005233008872426503,0.0,0.9895470383275261,3,3
POOLED_SOURCE_AWARE,3,67,LEARNED_SELECTIVE,petfold,-0.002902502073761984,-0.004516535296289037,0.4,0.9788732394366197,10,6
POOLED_SOURCE_AWARE,3,67,LEARNED_SELECTIVE,trrosettarna2_native_ss,0.05171516683901108,0.08525147863786409,0.9571428571428572,0.9885931558935361,70,20
POOLED_SOURCE_AWARE,4,17,LEARNED_UNGATED,rnafold,-0.0397384350082332,-0.038763636363636333,0.33962264150943394,0.875886524822695,53,15
POOLED_SOURCE_AWARE,4,17,LEARNED_UNGATED,petfold,-0.032170587397376625,-0.028276182881446066,0.39215686274509803,0.8896797153024911,51,14
POOLED_SOURCE_AWARE,4,17,LEARNED_UNGATED,trrosettarna2_native_ss,0.0681584284670058,0.05491701161435514,0.7916666666666666,0.9484536082474226,72,22
POOLED_SOURCE_AWARE,4,17,LEARNED_SELECTIVE,rnafold,-0.0012299229387189674,-0.0020784565916398545,0.3333333333333333,0.9929078014184397,3,2
POOLED_SOURCE_AWARE,4,17,LEARNED_SELECTIVE,petfold,0.0036778237865194435,0.005754938930574549,1.0,1.0,4,3
POOLED_SOURCE_AWARE,4,17,LEARNED_SELECTIVE,trrosettarna2_native_ss,0.06581055772731413,0.06271997068664603,0.9787234042553191,0.9965635738831615,47,22
POOLED_SOURCE_AWARE,4,29,LEARNED_UNGATED,rnafold,-0.039975343148378854,-0.04275087719298243,0.32727272727272727,0.8687943262411347,55,15
POOLED_SOURCE_AWARE,4,29,LEARNED_UNGATED,petfold,-0.03519884255909043,-0.03222024017916192,0.37735849056603776,0.8825622775800712,53,16
POOLED_SOURCE_AWARE,4,29,LEARNED_UNGATED,trrosettarna2_native_ss,0.06310176685016496,0.05130143752898242,0.7702702702702703,0.9415807560137457,74,22
POOLED_SOURCE_AWARE,4,29,LEARNED_SELECTIVE,rnafold,0.00047274387063119444,0.0014461538461538748,1.0,1.0,1,1
POOLED_SOURCE_AWARE,4,29,LEARNED_SELECTIVE,petfold,0.0036778237865194435,0.005754938930574549,1.0,1.0,4,3
POOLED_SOURCE_AWARE,4,29,LEARNED_SELECTIVE,trrosettarna2_native_ss,0.06483023223658473,0.06271997068664603,0.9787234042553191,0.9965635738831615,47,22
POOLED_SOURCE_AWARE,4,41,LEARNED_UNGATED,rnafold,-0.045653433947447995,-0.047759019264448366,0.2962962962962963,0.8652482269503546,54,16
POOLED_SOURCE_AWARE,4,41,LEARNED_UNGATED,petfold,-0.044235777846025705,-0.04869601164190529,0.30357142857142855,0.8612099644128114,56,16
POOLED_SOURCE_AWARE,4,41,LEARNED_UNGATED,trrosettarna2_native_ss,0.0602891241272398,0.04683125217142503,0.7317073170731707,0.9243986254295533,82,23
POOLED_SOURCE_AWARE,4,53,LEARNED_UNGATED,rnafold,-0.038000258806854516,-0.038763636363636333,0.33962264150943394,0.875886524822695,53,17
POOLED_SOURCE_AWARE,4,53,LEARNED_UNGATED,petfold,-0.03813606336940061,-0.03317384370015952,0.38596491228070173,0.8754448398576512,57,18
POOLED_SOURCE_AWARE,4,53,LEARNED_UNGATED,trrosettarna2_native_ss,0.06261504714552991,0.04894625011437226,0.7468354430379747,0.9312714776632303,79,22
POOLED_SOURCE_AWARE,4,53,LEARNED_SELECTIVE,rnafold,0.0,0.0,0.0,1.0,0,0
POOLED_SOURCE_AWARE,4,53,LEARNED_SELECTIVE,petfold,0.0036778237865194435,0.005754938930574549,1.0,1.0,4,3
POOLED_SOURCE_AWARE,4,53,LEARNED_SELECTIVE,trrosettarna2_native_ss,0.0674149893363057,0.06422638593780172,0.9791666666666666,0.9965635738831615,48,22
POOLED_SOURCE_AWARE,4,67,LEARNED_UNGATED,rnafold,-0.047248802523644474,-0.047759019264448366,0.2962962962962963,0.8652482269503546,54,16
POOLED_SOURCE_AWARE,4,67,LEARNED_UNGATED,petfold,-0.041421127040729276,-0.04069793562010027,0.3559322033898305,0.8647686832740213,59,16
POOLED_SOURCE_AWARE,4,67,LEARNED_UNGATED,trrosettarna2_native_ss,0.0623904576015921,0.049216288235711225,0.7532467532467533,0.9347079037800687,77,22
POOLED_SOURCE_AWARE,4,67,LEARNED_SELECTIVE,rnafold,0.00047274387063119444,0.0014461538461538748,1.0,1.0,1,1
POOLED_SOURCE_AWARE,4,67,LEARNED_SELECTIVE,petfold,0.0036778237865194435,0.005754938930574549,1.0,1.0,4,3
POOLED_SOURCE_AWARE,4,67,LEARNED_SELECTIVE,trrosettarna2_native_ss,0.06736565398219625,0.0657376684434039,0.9795918367346939,0.9965635738831615,49,22
POOLED_SOURCE_AGNOSTIC,0,17,LEARNED_UNGATED,rnafold,-0.07308152558381022,-0.11758854506419536,0.13953488372093023,0.7605177993527508,86,16
POOLED_SOURCE_AGNOSTIC,0,17,LEARNED_UNGATED,petfold,-0.061268074213583275,-0.10255013077593722,0.2111111111111111,0.7694805194805194,90,17
POOLED_SOURCE_AGNOSTIC,0,17,LEARNED_UNGATED,trrosettarna2_native_ss,-0.0014931181753954003,-0.014223984805459278,0.525,0.819620253164557,120,25
POOLED_SOURCE_AGNOSTIC,0,17,LEARNED_SELECTIVE,rnafold,-0.004581032945549075,-0.010010752616948504,0.125,0.9773462783171522,8,4
POOLED_SOURCE_AGNOSTIC,0,17,LEARNED_SELECTIVE,petfold,-0.0019606066985091266,-0.007392473118279508,0.3,0.9772727272727273,10,5
POOLED_SOURCE_AGNOSTIC,0,17,LEARNED_SELECTIVE,trrosettarna2_native_ss,0.05698860619962627,0.0650255965694495,0.9310344827586207,0.9873417721518988,58,19
POOLED_SOURCE_AGNOSTIC,0,29,LEARNED_UNGATED,rnafold,-0.06569015626055234,-0.106779986100767,0.16666666666666666,0.7734627831715211,84,16
POOLED_SOURCE_AGNOSTIC,0,29,LEARNED_UNGATED,petfold,-0.05193656041148124,-0.09040961758146115,0.24719101123595505,0.7824675324675324,89,17
POOLED_SOURCE_AGNOSTIC,0,29,LEARNED_UNGATED,trrosettarna2_native_ss,0.013681625415020205,0.0021895096324653363,0.5663716814159292,0.8449367088607594,113,23
POOLED_SOURCE_AGNOSTIC,0,29,LEARNED_SELECTIVE,rnafold,-0.005067241454197977,-0.01165320761726174,0.1111111111111111,0.9741100323624595,9,4
POOLED_SOURCE_AGNOSTIC,0,29,LEARNED_SELECTIVE,petfold,-0.001159458885318947,-0.007703418391911354,0.3333333333333333,0.974025974025974,12,6
POOLED_SOURCE_AGNOSTIC,0,29,LEARNED_SELECTIVE,trrosettarna2_native_ss,0.05778747741064169,0.06325063094216465,0.9016393442622951,0.9810126582278481,61,19
POOLED_SOURCE_AGNOSTIC,0,41,LEARNED_UNGATED,rnafold,-0.08866334655844249,-0.12590923165166723,0.15789473684210525,0.7411003236245954,95,19
POOLED_SOURCE_AGNOSTIC,0,41,LEARNED_UNGATED,petfold,-0.07405015247244175,-0.10595153047205585,0.22105263157894736,0.7597402597402597,95,20
POOLED_SOURCE_AGNOSTIC,0,41,LEARNED_UNGATED,trrosettarna2_native_ss,-0.0011364607225299971,-0.013226797098878973,0.5284552845528455,0.8164556962025317,123,25
POOLED_SOURCE_AGNOSTIC,0,41,LEARNED_SELECTIVE,rnafold,-0.006151610404513814,-0.015569845640309388,0.2,0.9611650485436893,15,4
POOLED_SOURCE_AGNOSTIC,0,41,LEARNED_SELECTIVE,petfold,-0.002243827835634784,-0.01165954139137193,0.3333333333333333,0.961038961038961,18,6
POOLED_SOURCE_AGNOSTIC,0,41,LEARNED_SELECTIVE,trrosettarna2_native_ss,0.05620372726101579,0.06451284120226353,0.890625,0.9778481012658228,64,21
POOLED_SOURCE_AGNOSTIC,0,53,LEARNED_UNGATED,rnafold,-0.07289540129091024,-0.10946098189920639,0.1724137931034483,0.7669902912621359,87,19
POOLED_SOURCE_AGNOSTIC,0,53,LEARNED_UNGATED,petfold,-0.06473606493486744,-0.09917175239755882,0.2222222222222222,0.7727272727272727,90,19
POOLED_SOURCE_AGNOSTIC,0,53,LEARNED_UNGATED,trrosettarna2_native_ss,0.0056492788442116335,-0.005244456355495641,0.5470085470085471,0.8322784810126582,117,24
POOLED_SOURCE_AGNOSTIC,0,53,LEARNED_SELECTIVE,rnafold,-0.007948477409646824,-0.015260450961897876,0.15384615384615385,0.9644012944983819,13,5
POOLED_SOURCE_AGNOSTIC,0,53,LEARNED_SELECTIVE,petfold,-0.005328051162606875,-0.012671083812932249,0.26666666666666666,0.9642857142857143,15,6
POOLED_SOURCE_AGNOSTIC,0,53,LEARNED_SELECTIVE,trrosettarna2_native_ss,0.05328060936826106,0.06182081418932461,0.9,0.9810126582278481,60,19
POOLED_SOURCE_AGNOSTIC,0,67,LEARNED_UNGATED,rnafold,-0.06803462914503022,-0.10477000432687289,0.1686746987951807,0.7766990291262136,83,17
POOLED_SOURCE_AGNOSTIC,0,67,LEARNED_UNGATED,petfold,-0.05835725527094992,-0.09114526953886115,0.23255813953488372,0.7857142857142857,86,18
POOLED_SOURCE_AGNOSTIC,0,67,LEARNED_UNGATED,trrosettarna2_native_ss,-0.0020576070911087017,-0.008998609179415862,0.5378151260504201,0.8259493670886076,119,25
POOLED_SOURCE_AGNOSTIC,0,67,LEARNED_SELECTIVE,rnafold,-0.00631631515482447,-0.01390661934584081,0.21428571428571427,0.9644012944983819,14,4
POOLED_SOURCE_AGNOSTIC,0,67,LEARNED_SELECTIVE,petfold,-0.0019982761756890313,-0.008647493198600809,0.3888888888888889,0.9642857142857143,18,7
POOLED_SOURCE_AGNOSTIC,0,67,LEARNED_SELECTIVE,trrosettarna2_native_ss,0.05318153929113152,0.06199987796128004,0.9137931034482759,0.9841772151898734,58,19
POOLED_SOURCE_AGNOSTIC,1,17,LEARNED_UNGATED,rnafold,-0.04409110711229099,-0.04090354090354087,0.30952380952380953,0.8806584362139918,42,20
POOLED_SOURCE_AGNOSTIC,1,17,LEARNED_UNGATED,petfold,-0.03560669702442372,-0.029456738120654413,0.38095238095238093,0.8925619834710744,42,20
POOLED_SOURCE_AGNOSTIC,1,17,LEARNED_UNGATED,trrosettarna2_native_ss,-0.020116794889433378,-0.0022518702431947313,0.5609756097560976,0.8536585365853658,82,23
POOLED_SOURCE_AGNOSTIC,1,29,LEARNED_UNGATED,rnafold,-0.041883793575643084,-0.041504312420647005,0.3181818181818182,0.8765432098765432,44,19
POOLED_SOURCE_AGNOSTIC,1,29,LEARNED_UNGATED,petfold,-0.03424378134475229,-0.03231704662535739,0.37777777777777777,0.8842975206611571,45,20
POOLED_SOURCE_AGNOSTIC,1,29,LEARNED_UNGATED,trrosettarna2_native_ss,-0.008508514504257913,0.007015559508767644,0.5897435897435898,0.8699186991869918,78,23
POOLED_SOURCE_AGNOSTIC,1,41,LEARNED_UNGATED,rnafold,-0.040380206361916554,-0.04210989010989008,0.32608695652173914,0.8724279835390947,46,20
POOLED_SOURCE_AGNOSTIC,1,41,LEARNED_UNGATED,petfold,-0.03361706882865518,-0.035211678832116844,0.375,0.8760330578512396,48,20
POOLED_SOURCE_AGNOSTIC,1,41,LEARNED_UNGATED,trrosettarna2_native_ss,-0.006149857018986733,0.004712886912234149,0.5822784810126582,0.8658536585365854,79,23
POOLED_SOURCE_AGNOSTIC,1,53,LEARNED_UNGATED,rnafold,-0.032703377152323895,-0.0357791814484727,0.3157894736842105,0.8930041152263375,38,20
POOLED_SOURCE_AGNOSTIC,1,53,LEARNED_UNGATED,petfold,-0.0264893757643157,-0.026068821689259725,0.3783783783783784,0.9049586776859504,37,19
POOLED_SOURCE_AGNOSTIC,1,53,LEARNED_UNGATED,trrosettarna2_native_ss,-0.0013975286091914795,0.017916224927602253,0.6266666666666667,0.8861788617886179,75,23
POOLED_SOURCE_AGNOSTIC,1,67,LEARNED_UNGATED,rnafold,-0.027239521926952465,-0.028449811058506635,0.375,0.897119341563786,40,18
POOLED_SOURCE_AGNOSTIC,1,67,LEARNED_UNGATED,petfold,-0.022804637901189875,-0.02100695442266798,0.425,0.9049586776859504,40,18
POOLED_SOURCE_AGNOSTIC,1,67,LEARNED_UNGATED,trrosettarna2_native_ss,-0.009003354617906084,0.007015559508767644,0.5897435897435898,0.8699186991869918,78,23
POOLED_SOURCE_AGNOSTIC,2,17,LEARNED_UNGATED,rnafold,-0.07756702575739371,-0.06883913958382049,0.44936708860759494,0.7528409090909091,158,21
POOLED_SOURCE_AGNOSTIC,2,17,LEARNED_UNGATED,petfold,-0.0667389397740271,-0.0576464028714303,0.4774193548387097,0.7672413793103449,155,22
POOLED_SOURCE_AGNOSTIC,2,17,LEARNED_UNGATED,trrosettarna2_native_ss,0.00813336012956392,0.012285231015757181,0.6617647058823529,0.8,204,23
POOLED_SOURCE_AGNOSTIC,2,17,LEARNED_SELECTIVE,rnafold,-0.0024286287125712077,-0.005252208815683224,0.4166666666666667,0.9801136363636364,12,3
POOLED_SOURCE_AGNOSTIC,2,17,LEARNED_SELECTIVE,petfold,-0.0007747964327242327,-0.0039059231219820134,0.5263157894736842,0.9741379310344828,19,5
POOLED_SOURCE_AGNOSTIC,2,17,LEARNED_SELECTIVE,trrosettarna2_native_ss,0.05903483928391764,0.0863475645942321,0.9487179487179487,0.9826086956521739,117,20
POOLED_SOURCE_AGNOSTIC,2,29,LEARNED_UNGATED,rnafold,-0.07293687618138439,-0.06369259879193656,0.45806451612903226,0.7613636363636364,155,22
POOLED_SOURCE_AGNOSTIC,2,29,LEARNED_UNGATED,petfold,-0.057750493470747156,-0.0441003212625215,0.5034013605442177,0.7902298850574713,147,23
POOLED_SOURCE_AGNOSTIC,2,29,LEARNED_UNGATED,trrosettarna2_native_ss,0.015401654423558892,0.023960727890143918,0.6852791878172588,0.8202898550724638,197,24
POOLED_SOURCE_AGNOSTIC,2,29,LEARNED_SELECTIVE,rnafold,-0.00043182739697099115,-0.0015024798210638846,0.5,0.9914772727272727,6,4
POOLED_SOURCE_AGNOSTIC,2,29,LEARNED_SELECTIVE,petfold,0.0014950403884415736,0.0007758512029976128,0.6428571428571429,0.985632183908046,14,6
POOLED_SOURCE_AGNOSTIC,2,29,LEARNED_SELECTIVE,trrosettarna2_native_ss,0.061329989496611975,0.08924746251326299,0.95,0.9826086956521739,120,21
POOLED_SOURCE_AGNOSTIC,2,41,LEARNED_UNGATED,rnafold,-0.07533987963997858,-0.06634160541445311,0.45161290322580644,0.7585227272727273,155,22
POOLED_SOURCE_AGNOSTIC,2,41,LEARNED_UNGATED,petfold,-0.0614302856075458,-0.04914672617201643,0.49333333333333335,0.7816091954022989,150,23
POOLED_SOURCE_AGNOSTIC,2,41,LEARNED_UNGATED,trrosettarna2_native_ss,0.013862184522152092,0.02529379184785885,0.689119170984456,0.8260869565217391,193,24
POOLED_SOURCE_AGNOSTIC,2,41,LEARNED_SELECTIVE,rnafold,-0.002492789458303867,-0.002325925195880374,0.5555555555555556,0.9772727272727273,18,5
POOLED_SOURCE_AGNOSTIC,2,41,LEARNED_SELECTIVE,petfold,0.0006898326121157067,0.0022965256108239407,0.6666666666666666,0.9798850574712644,21,7
POOLED_SOURCE_AGNOSTIC,2,41,LEARNED_SELECTIVE,trrosettarna2_native_ss,0.06405429304903287,0.08731189023476904,0.9491525423728814,0.9826086956521739,118,20
POOLED_SOURCE_AGNOSTIC,2,53,LEARNED_UNGATED,rnafold,-0.07030173795059984,-0.06086041617956517,0.46835443037974683,0.7613636363636364,158,20
POOLED_SOURCE_AGNOSTIC,2,53,LEARNED_UNGATED,petfold,-0.05679614693037468,-0.043678986529343766,0.5098039215686274,0.7844827586206896,153,21
POOLED_SOURCE_AGNOSTIC,2,53,LEARNED_UNGATED,trrosettarna2_native_ss,0.017724048230275857,0.022306002362526445,0.6818181818181818,0.8173913043478261,198,24
POOLED_SOURCE_AGNOSTIC,2,53,LEARNED_SELECTIVE,rnafold,-0.0010956564974365184,0.0009271978021977434,0.6428571428571429,0.9857954545454546,14,5
POOLED_SOURCE_AGNOSTIC,2,53,LEARNED_SELECTIVE,petfold,0.0006349559317473848,0.0022965256108239407,0.6666666666666666,0.9798850574712644,21,7
POOLED_SOURCE_AGNOSTIC,2,53,LEARNED_SELECTIVE,trrosettarna2_native_ss,0.05739933870179081,0.08446277351804776,0.9333333333333333,0.9768115942028985,120,20
POOLED_SOURCE_AGNOSTIC,2,67,LEARNED_UNGATED,rnafold,-0.06529348693645863,-0.05520532099479469,0.47333333333333333,0.7755681818181818,150,20
POOLED_SOURCE_AGNOSTIC,2,67,LEARNED_UNGATED,petfold,-0.05069541904785011,-0.03648583086340074,0.5208333333333334,0.8017241379310345,144,21
POOLED_SOURCE_AGNOSTIC,2,67,LEARNED_UNGATED,trrosettarna2_native_ss,0.021056953965501418,0.02856947520988873,0.6963350785340314,0.8318840579710145,191,23
POOLED_SOURCE_AGNOSTIC,2,67,LEARNED_SELECTIVE,rnafold,-0.005441708035593247,-0.003537087912087955,0.5,0.9801136363636364,14,6
POOLED_SOURCE_AGNOSTIC,2,67,LEARNED_SELECTIVE,petfold,-0.002608245419007708,4.933459958800235e-05,0.6190476190476191,0.9770114942528736,21,8
POOLED_SOURCE_AGNOSTIC,2,67,LEARNED_SELECTIVE,trrosettarna2_native_ss,0.06553534420652005,0.09216824805235901,0.9512195121951219,0.9826086956521739,123,20
POOLED_SOURCE_AGNOSTIC,3,17,LEARNED_UNGATED,rnafold,-0.047854627424373374,-0.047835143579824435,0.1794871794871795,0.8885017421602788,39,19
POOLED_SOURCE_AGNOSTIC,3,17,LEARNED_UNGATED,petfold,-0.037018174786845465,-0.03456181774629574,0.28205128205128205,0.9014084507042254,39,19
POOLED_SOURCE_AGNOSTIC,3,17,LEARNED_UNGATED,trrosettarna2_native_ss,0.027438532112628807,0.0610932996534862,0.7849462365591398,0.9239543726235742,93,24
POOLED_SOURCE_AGNOSTIC,3,17,LEARNED_SELECTIVE,rnafold,-0.0008768746976294169,-0.0017386171554291119,0.0,0.9965156794425087,1,1
POOLED_SOURCE_AGNOSTIC,3,17,LEARNED_SELECTIVE,petfold,-0.001726262391775174,-0.002484740452654899,0.42857142857142855,0.9859154929577465,7,3
POOLED_SOURCE_AGNOSTIC,3,17,LEARNED_SELECTIVE,trrosettarna2_native_ss,0.05270723033107457,0.08676318564578889,0.9577464788732394,0.9885931558935361,71,20
POOLED_SOURCE_AGNOSTIC,3,29,LEARNED_UNGATED,rnafold,-0.03985196938915646,-0.042771030809932276,0.225,0.89198606271777,40,16
POOLED_SOURCE_AGNOSTIC,3,29,LEARNED_UNGATED,petfold,-0.029015516751628553,-0.029503176562000077,0.325,0.9049295774647887,40,16
POOLED_SOURCE_AGNOSTIC,3,29,LEARNED_UNGATED,trrosettarna2_native_ss,0.031224836180042306,0.06570133242171927,0.7916666666666666,0.9239543726235742,96,24
POOLED_SOURCE_AGNOSTIC,3,29,LEARNED_SELECTIVE,rnafold,-0.002420084574172629,-0.0034829440552111013,0.0,0.9930313588850174,2,2
POOLED_SOURCE_AGNOSTIC,3,29,LEARNED_SELECTIVE,petfold,-0.003269472268318386,-0.004263515560749664,0.375,0.9823943661971831,8,4
POOLED_SOURCE_AGNOSTIC,3,29,LEARNED_SELECTIVE,trrosettarna2_native_ss,0.049497353787864684,0.08295281582952818,0.9315068493150684,0.9809885931558935,73,20
POOLED_SOURCE_AGNOSTIC,3,41,LEARNED_UNGATED,rnafold,-0.029796175208312462,-0.034107906961021506,0.2,0.9163763066202091,30,15
POOLED_SOURCE_AGNOSTIC,3,41,LEARNED_UNGATED,petfold,-0.02075183726612506,-0.022768946936204237,0.3225806451612903,0.926056338028169,31,15
POOLED_SOURCE_AGNOSTIC,3,41,LEARNED_UNGATED,trrosettarna2_native_ss,0.033647430154320555,0.06558835509250327,0.8089887640449438,0.935361216730038,89,23
POOLED_SOURCE_AGNOSTIC,3,41,LEARNED_SELECTIVE,rnafold,-0.0008768746976294169,-0.0017386171554291119,0.0,0.9965156794425087,1,1
POOLED_SOURCE_AGNOSTIC,3,41,LEARNED_SELECTIVE,petfold,-0.001726262391775174,-0.002484740452654899,0.42857142857142855,0.9859154929577465,7,3
POOLED_SOURCE_AGNOSTIC,3,41,LEARNED_SELECTIVE,trrosettarna2_native_ss,0.0510405636644079,0.0848612574639972,0.9444444444444444,0.9847908745247148,72,20
POOLED_SOURCE_AGNOSTIC,3,53,LEARNED_UNGATED,rnafold,-0.039484038704409787,-0.04169656811715883,0.17647058823529413,0.9024390243902439,34,15
POOLED_SOURCE_AGNOSTIC,3,53,LEARNED_UNGATED,petfold,-0.028647586066881878,-0.028450595924644384,0.29411764705882354,0.9154929577464789,34,16
POOLED_SOURCE_AGNOSTIC,3,53,LEARNED_UNGATED,trrosettarna2_native_ss,0.01487962878452975,0.05448956197602273,0.7551020408163265,0.908745247148289,98,24
POOLED_SOURCE_AGNOSTIC,3,53,LEARNED_SELECTIVE,rnafold,-0.002420084574172629,-0.0034829440552111013,0.0,0.9930313588850174,2,2
POOLED_SOURCE_AGNOSTIC,3,53,LEARNED_SELECTIVE,petfold,-0.003269472268318386,-0.004263515560749664,0.375,0.9823943661971831,8,4
POOLED_SOURCE_AGNOSTIC,3,53,LEARNED_SELECTIVE,trrosettarna2_native_ss,0.05183421445805869,0.08637747336377477,0.9452054794520548,0.9847908745247148,73,20
POOLED_SOURCE_AGNOSTIC,3,67,LEARNED_UNGATED,rnafold,-0.0399196668363726,-0.043610201854882624,0.17142857142857143,0.8989547038327527,35,14
POOLED_SOURCE_AGNOSTIC,3,67,LEARNED_UNGATED,petfold,-0.03060651168988412,-0.032271241830065356,0.2777777777777778,0.9084507042253521,36,14
POOLED_SOURCE_AGNOSTIC,3,67,LEARNED_UNGATED,trrosettarna2_native_ss,0.025184217050342735,0.0610932996534862,0.7849462365591398,0.9239543726235742,93,23
POOLED_SOURCE_AGNOSTIC,3,67,LEARNED_SELECTIVE,rnafold,-0.002420084574172629,-0.0034829440552111013,0.0,0.9930313588850174,2,2
POOLED_SOURCE_AGNOSTIC,3,67,LEARNED_SELECTIVE,petfold,-0.003269472268318386,-0.004263515560749664,0.375,0.9823943661971831,8,4
POOLED_SOURCE_AGNOSTIC,3,67,LEARNED_SELECTIVE,trrosettarna2_native_ss,0.05072310334694758,0.08525147863786409,0.9571428571428572,0.9885931558935361,70,20
POOLED_SOURCE_AGNOSTIC,4,17,LEARNED_UNGATED,rnafold,-0.035221246746088695,-0.03480418118466899,0.35294117647058826,0.8829787234042553,51,14
POOLED_SOURCE_AGNOSTIC,4,17,LEARNED_UNGATED,petfold,-0.027225976042666755,-0.025865417193478346,0.3958333333333333,0.896797153024911,48,14
POOLED_SOURCE_AGNOSTIC,4,17,LEARNED_UNGATED,trrosettarna2_native_ss,0.05267268820264848,0.033421891053248776,0.6703296703296703,0.8969072164948454,91,22
POOLED_SOURCE_AGNOSTIC,4,17,LEARNED_SELECTIVE,rnafold,0.00047274387063119444,0.0014461538461538748,1.0,1.0,1,1
POOLED_SOURCE_AGNOSTIC,4,17,LEARNED_SELECTIVE,petfold,0.0036778237865194435,0.005754938930574549,1.0,1.0,4,3
POOLED_SOURCE_AGNOSTIC,4,17,LEARNED_SELECTIVE,trrosettarna2_native_ss,0.06426734785077091,0.06121839921443284,0.9782608695652174,0.9965635738831615,46,22
POOLED_SOURCE_AGNOSTIC,4,29,LEARNED_UNGATED,rnafold,-0.039379455697854816,-0.040270855148342055,0.3269230769230769,0.875886524822695,52,15
POOLED_SOURCE_AGNOSTIC,4,29,LEARNED_UNGATED,petfold,-0.027336986981717614,-0.025865417193478346,0.3958333333333333,0.896797153024911,48,15
POOLED_SOURCE_AGNOSTIC,4,29,LEARNED_UNGATED,trrosettarna2_native_ss,0.04973146330853797,0.031181539360303767,0.6595744680851063,0.8900343642611683,94,22
POOLED_SOURCE_AGNOSTIC,4,29,LEARNED_SELECTIVE,rnafold,0.0,0.0,0.0,1.0,0,0
POOLED_SOURCE_AGNOSTIC,4,29,LEARNED_SELECTIVE,petfold,0.003160225442834142,0.004309287204024015,1.0,1.0,3,2
POOLED_SOURCE_AGNOSTIC,4,29,LEARNED_SELECTIVE,trrosettarna2_native_ss,0.06693595437077121,0.06271997068664603,0.9787234042553191,0.9965635738831615,47,21
POOLED_SOURCE_AGNOSTIC,4,41,LEARNED_UNGATED,rnafold,-0.03863290088142705,-0.0352671328671329,0.3584905660377358,0.8794326241134752,53,15
POOLED_SOURCE_AGNOSTIC,4,41,LEARNED_UNGATED,petfold,-0.029686714537888,-0.024803960659223856,0.4117647058823529,0.8932384341637011,51,15
POOLED_SOURCE_AGNOSTIC,4,41,LEARNED_UNGATED,trrosettarna2_native_ss,0.044499153028183434,0.029266075179483875,0.6526315789473685,0.8865979381443299,95,22
POOLED_SOURCE_AGNOSTIC,4,41,LEARNED_SELECTIVE,rnafold,0.00047274387063119444,0.0014461538461538748,1.0,1.0,1,1
POOLED_SOURCE_AGNOSTIC,4,41,LEARNED_SELECTIVE,petfold,0.0036778237865194435,0.005754938930574549,1.0,1.0,4,3
POOLED_SOURCE_AGNOSTIC,4,41,LEARNED_SELECTIVE,trrosettarna2_native_ss,0.062318030111979485,0.059721648196384036,0.9777777777777777,0.9965635738831615,45,22
POOLED_SOURCE_AGNOSTIC,4,53,LEARNED_UNGATED,rnafold,-0.046081439322245565,-0.04727632508833923,0.3220338983050847,0.8581560283687943,59,17
POOLED_SOURCE_AGNOSTIC,4,53,LEARNED_UNGATED,petfold,-0.03293162644714384,-0.030712192189183196,0.3888888888888889,0.8825622775800712,54,17
POOLED_SOURCE_AGNOSTIC,4,53,LEARNED_UNGATED,trrosettarna2_native_ss,0.04393246454901289,0.02734391357145849,0.6458333333333334,0.8831615120274914,96,22
POOLED_SOURCE_AGNOSTIC,4,53,LEARNED_SELECTIVE,rnafold,-0.0012299229387189674,-0.0020784565916398545,0.3333333333333333,0.9929078014184397,3,2
POOLED_SOURCE_AGNOSTIC,4,53,LEARNED_SELECTIVE,petfold,0.0036778237865194435,0.005754938930574549,1.0,1.0,4,3
POOLED_SOURCE_AGNOSTIC,4,53,LEARNED_SELECTIVE,trrosettarna2_native_ss,0.06736877520198988,0.061000579486188866,0.9583333333333334,0.993127147766323,48,21
POOLED_SOURCE_AGNOSTIC,4,67,LEARNED_UNGATED,rnafold,-0.03549760328996657,-0.0352671328671329,0.3584905660377358,0.8794326241134752,53,15
POOLED_SOURCE_AGNOSTIC,4,67,LEARNED_UNGATED,petfold,-0.028802637947648525,-0.02631440741447133,0.4,0.8932384341637011,50,15
POOLED_SOURCE_AGNOSTIC,4,67,LEARNED_UNGATED,trrosettarna2_native_ss,0.051102357587549996,0.03309034105701636,0.6666666666666666,0.8934707903780069,93,22
POOLED_SOURCE_AGNOSTIC,4,67,LEARNED_SELECTIVE,rnafold,-0.00023148148148148065,-0.0003133226324237848,0.5,0.9964539007092199,2,1
POOLED_SOURCE_AGNOSTIC,4,67,LEARNED_SELECTIVE,petfold,0.0036778237865194435,0.005754938930574549,1.0,1.0,4,3
POOLED_SOURCE_AGNOSTIC,4,67,LEARNED_SELECTIVE,trrosettarna2_native_ss,0.06573800275219836,0.06293192106957834,1.0,1.0,45,21
LOMO_HOLDOUT_RNAFOLD,0,17,LEARNED_UNGATED,rnafold,-0.057804732742822745,-0.0895174790743476,0.19480519480519481,0.7993527508090615,77,18
LOMO_HOLDOUT_RNAFOLD,0,17,LEARNED_UNGATED,petfold,nan,0.0,0.0,1.0,0,0
LOMO_HOLDOUT_RNAFOLD,0,17,LEARNED_UNGATED,trrosettarna2_native_ss,nan,0.0,0.0,1.0,0,0
LOMO_HOLDOUT_RNAFOLD,0,17,LEARNED_SELECTIVE,rnafold,-0.0004649122807017569,-0.0016082088573851072,0.0,0.9967637540453075,1,1
LOMO_HOLDOUT_RNAFOLD,0,17,LEARNED_SELECTIVE,petfold,nan,0.0,0.0,1.0,0,0
LOMO_HOLDOUT_RNAFOLD,0,17,LEARNED_SELECTIVE,trrosettarna2_native_ss,nan,0.0,0.0,1.0,0,0
LOMO_HOLDOUT_RNAFOLD,0,29,LEARNED_UNGATED,rnafold,-0.06452464436409415,-0.0966619422559103,0.20238095238095238,0.7831715210355987,84,17
LOMO_HOLDOUT_RNAFOLD,0,29,LEARNED_UNGATED,petfold,nan,0.0,0.0,1.0,0,0
LOMO_HOLDOUT_RNAFOLD,0,29,LEARNED_UNGATED,trrosettarna2_native_ss,nan,0.0,0.0,1.0,0,0
LOMO_HOLDOUT_RNAFOLD,0,29,LEARNED_SELECTIVE,rnafold,-0.0004649122807017569,-0.0016082088573851072,0.0,0.9967637540453075,1,1
LOMO_HOLDOUT_RNAFOLD,0,29,LEARNED_SELECTIVE,petfold,nan,0.0,0.0,1.0,0,0
LOMO_HOLDOUT_RNAFOLD,0,29,LEARNED_SELECTIVE,trrosettarna2_native_ss,nan,0.0,0.0,1.0,0,0
LOMO_HOLDOUT_RNAFOLD,0,41,LEARNED_UNGATED,rnafold,-0.07319509154606431,-0.10946098189920639,0.1724137931034483,0.7669902912621359,87,18
LOMO_HOLDOUT_RNAFOLD,0,41,LEARNED_UNGATED,petfold,nan,0.0,0.0,1.0,0,0
LOMO_HOLDOUT_RNAFOLD,0,41,LEARNED_UNGATED,trrosettarna2_native_ss,nan,0.0,0.0,1.0,0,0
LOMO_HOLDOUT_RNAFOLD,0,41,LEARNED_SELECTIVE,rnafold,-0.0031939495287321407,-0.007303586020874331,0.3,0.9773462783171522,10,4
LOMO_HOLDOUT_RNAFOLD,0,41,LEARNED_SELECTIVE,petfold,nan,0.0,0.0,1.0,0,0
LOMO_HOLDOUT_RNAFOLD,0,41,LEARNED_SELECTIVE,trrosettarna2_native_ss,nan,0.0,0.0,1.0,0,0
LOMO_HOLDOUT_RNAFOLD,0,53,LEARNED_UNGATED,rnafold,-0.06485337551355487,-0.09421520508654946,0.17105263157894737,0.7961165048543689,76,17
LOMO_HOLDOUT_RNAFOLD,0,53,LEARNED_UNGATED,petfold,nan,0.0,0.0,1.0,0,0
LOMO_HOLDOUT_RNAFOLD,0,53,LEARNED_UNGATED,trrosettarna2_native_ss,nan,0.0,0.0,1.0,0,0
LOMO_HOLDOUT_RNAFOLD,0,53,LEARNED_SELECTIVE,rnafold,-8.865248226950672e-05,-0.00025821981508833414,0.5,0.9967637540453075,2,1
LOMO_HOLDOUT_RNAFOLD,0,53,LEARNED_SELECTIVE,petfold,nan,0.0,0.0,1.0,0,0
LOMO_HOLDOUT_RNAFOLD,0,53,LEARNED_SELECTIVE,trrosettarna2_native_ss,nan,0.0,0.0,1.0,0,0
LOMO_HOLDOUT_RNAFOLD,0,67,LEARNED_UNGATED,rnafold,-0.06300608915236144,-0.09482076232420855,0.1794871794871795,0.7928802588996764,78,17
LOMO_HOLDOUT_RNAFOLD,0,67,LEARNED_UNGATED,petfold,nan,0.0,0.0,1.0,0,0
LOMO_HOLDOUT_RNAFOLD,0,67,LEARNED_UNGATED,trrosettarna2_native_ss,nan,0.0,0.0,1.0,0,0
LOMO_HOLDOUT_RNAFOLD,0,67,LEARNED_SELECTIVE,rnafold,-0.0027347694930815168,-0.007021215995124952,0.25,0.9805825242718447,8,3
LOMO_HOLDOUT_RNAFOLD,0,67,LEARNED_SELECTIVE,petfold,nan,0.0,0.0,1.0,0,0
LOMO_HOLDOUT_RNAFOLD,0,67,LEARNED_SELECTIVE,trrosettarna2_native_ss,nan,0.0,0.0,1.0,0,0
LOMO_HOLDOUT_RNAFOLD,1,17,LEARNED_UNGATED,rnafold,-0.02938959452958645,-0.025139244317326503,0.37142857142857144,0.9094650205761317,35,18
LOMO_HOLDOUT_RNAFOLD,1,17,LEARNED_UNGATED,petfold,nan,0.0,0.0,1.0,0,0
LOMO_HOLDOUT_RNAFOLD,1,17,LEARNED_UNGATED,trrosettarna2_native_ss,nan,0.0,0.0,1.0,0,0
LOMO_HOLDOUT_RNAFOLD,1,29,LEARNED_UNGATED,rnafold,-0.030606328350809436,-0.0267435534762267,0.3902439024390244,0.897119341563786,41,19
LOMO_HOLDOUT_RNAFOLD,1,29,LEARNED_UNGATED,petfold,nan,0.0,0.0,1.0,0,0
LOMO_HOLDOUT_RNAFOLD,1,29,LEARNED_UNGATED,trrosettarna2_native_ss,nan,0.0,0.0,1.0,0,0
LOMO_HOLDOUT_RNAFOLD,1,41,LEARNED_UNGATED,rnafold,-0.026952114402702832,-0.028998778998778896,0.38095238095238093,0.8930041152263375,42,18
LOMO_HOLDOUT_RNAFOLD,1,41,LEARNED_UNGATED,petfold,nan,0.0,0.0,1.0,0,0
LOMO_HOLDOUT_RNAFOLD,1,41,LEARNED_UNGATED,trrosettarna2_native_ss,nan,0.0,0.0,1.0,0,0
LOMO_HOLDOUT_RNAFOLD,1,53,LEARNED_UNGATED,rnafold,-0.033292037133854306,-0.030734890109890056,0.3235294117647059,0.9053497942386831,34,20
LOMO_HOLDOUT_RNAFOLD,1,53,LEARNED_UNGATED,petfold,nan,0.0,0.0,1.0,0,0
LOMO_HOLDOUT_RNAFOLD,1,53,LEARNED_UNGATED,trrosettarna2_native_ss,nan,0.0,0.0,1.0,0,0
LOMO_HOLDOUT_RNAFOLD,1,67,LEARNED_UNGATED,rnafold,-0.02419258601407948,-0.024497241888546184,0.4,0.9012345679012346,40,18
LOMO_HOLDOUT_RNAFOLD,1,67,LEARNED_UNGATED,petfold,nan,0.0,0.0,1.0,0,0
LOMO_HOLDOUT_RNAFOLD,1,67,LEARNED_UNGATED,trrosettarna2_native_ss,nan,0.0,0.0,1.0,0,0
LOMO_HOLDOUT_RNAFOLD,2,17,LEARNED_UNGATED,rnafold,-0.06704158531005289,-0.05822167388747024,0.4583333333333333,0.7784090909090909,144,18
LOMO_HOLDOUT_RNAFOLD,2,17,LEARNED_UNGATED,petfold,nan,0.0,0.0,1.0,0,0
LOMO_HOLDOUT_RNAFOLD,2,17,LEARNED_UNGATED,trrosettarna2_native_ss,nan,0.0,0.0,1.0,0,0
LOMO_HOLDOUT_RNAFOLD,2,29,LEARNED_UNGATED,rnafold,-0.07394494508217873,-0.06743401526010229,0.44370860927152317,0.7613636363636364,151,19
LOMO_HOLDOUT_RNAFOLD,2,29,LEARNED_UNGATED,petfold,nan,0.0,0.0,1.0,0,0
LOMO_HOLDOUT_RNAFOLD,2,29,LEARNED_UNGATED,trrosettarna2_native_ss,nan,0.0,0.0,1.0,0,0
LOMO_HOLDOUT_RNAFOLD,2,41,LEARNED_UNGATED,rnafold,-0.06953468728595386,-0.06234028438752848,0.4527027027027027,0.7698863636363636,148,18
LOMO_HOLDOUT_RNAFOLD,2,41,LEARNED_UNGATED,petfold,nan,0.0,0.0,1.0,0,0
LOMO_HOLDOUT_RNAFOLD,2,41,LEARNED_UNGATED,trrosettarna2_native_ss,nan,0.0,0.0,1.0,0,0
LOMO_HOLDOUT_RNAFOLD,2,53,LEARNED_UNGATED,rnafold,-0.07192981439415476,-0.06292624152597737,0.45751633986928103,0.7642045454545454,153,19
LOMO_HOLDOUT_RNAFOLD,2,53,LEARNED_UNGATED,petfold,nan,0.0,0.0,1.0,0,0
LOMO_HOLDOUT_RNAFOLD,2,53,LEARNED_UNGATED,trrosettarna2_native_ss,nan,0.0,0.0,1.0,0,0
LOMO_HOLDOUT_RNAFOLD,2,67,LEARNED_UNGATED,rnafold,-0.07129114421836541,-0.05709094055550756,0.46621621621621623,0.7755681818181818,148,19
LOMO_HOLDOUT_RNAFOLD,2,67,LEARNED_UNGATED,petfold,nan,0.0,0.0,1.0,0,0
LOMO_HOLDOUT_RNAFOLD,2,67,LEARNED_UNGATED,trrosettarna2_native_ss,nan,0.0,0.0,1.0,0,0
LOMO_HOLDOUT_RNAFOLD,3,17,LEARNED_UNGATED,rnafold,-0.03046001213187924,-0.03378315782972541,0.17857142857142858,0.9198606271777003,28,14
LOMO_HOLDOUT_RNAFOLD,3,17,LEARNED_UNGATED,petfold,nan,0.0,0.0,1.0,0,0
LOMO_HOLDOUT_RNAFOLD,3,17,LEARNED_UNGATED,trrosettarna2_native_ss,nan,0.0,0.0,1.0,0,0
LOMO_HOLDOUT_RNAFOLD,3,17,LEARNED_SELECTIVE,rnafold,-0.002420084574172629,-0.0034829440552111013,0.0,0.9930313588850174,2,2
LOMO_HOLDOUT_RNAFOLD,3,17,LEARNED_SELECTIVE,petfold,nan,0.0,0.0,1.0,0,0
LOMO_HOLDOUT_RNAFOLD,3,17,LEARNED_SELECTIVE,trrosettarna2_native_ss,nan,0.0,0.0,1.0,0,0
LOMO_HOLDOUT_RNAFOLD,3,29,LEARNED_UNGATED,rnafold,-0.026563993954493343,-0.031909288612873565,0.18518518518518517,0.9233449477351916,27,14
LOMO_HOLDOUT_RNAFOLD,3,29,LEARNED_UNGATED,petfold,nan,0.0,0.0,1.0,0,0
LOMO_HOLDOUT_RNAFOLD,3,29,LEARNED_UNGATED,trrosettarna2_native_ss,nan,0.0,0.0,1.0,0,0
LOMO_HOLDOUT_RNAFOLD,3,29,LEARNED_SELECTIVE,rnafold,-0.0036827108367988907,-0.005233008872426503,0.0,0.9895470383275261,3,3
LOMO_HOLDOUT_RNAFOLD,3,29,LEARNED_SELECTIVE,petfold,nan,0.0,0.0,1.0,0,0
LOMO_HOLDOUT_RNAFOLD,3,29,LEARNED_SELECTIVE,trrosettarna2_native_ss,nan,0.0,0.0,1.0,0,0
LOMO_HOLDOUT_RNAFOLD,3,41,LEARNED_UNGATED,rnafold,-0.03997784424447066,-0.041343362476644274,0.15625,0.9059233449477352,32,16
LOMO_HOLDOUT_RNAFOLD,3,41,LEARNED_UNGATED,petfold,nan,0.0,0.0,1.0,0,0
LOMO_HOLDOUT_RNAFOLD,3,41,LEARNED_UNGATED,trrosettarna2_native_ss,nan,0.0,0.0,1.0,0,0
LOMO_HOLDOUT_RNAFOLD,3,41,LEARNED_SELECTIVE,rnafold,-0.0008768746976294169,-0.0017386171554291119,0.0,0.9965156794425087,1,1
LOMO_HOLDOUT_RNAFOLD,3,41,LEARNED_SELECTIVE,petfold,nan,0.0,0.0,1.0,0,0
LOMO_HOLDOUT_RNAFOLD,3,41,LEARNED_SELECTIVE,trrosettarna2_native_ss,nan,0.0,0.0,1.0,0,0
LOMO_HOLDOUT_RNAFOLD,3,53,LEARNED_UNGATED,rnafold,-0.04102454616415521,-0.04407475302698105,0.07142857142857142,0.9094076655052264,28,14
LOMO_HOLDOUT_RNAFOLD,3,53,LEARNED_UNGATED,petfold,nan,0.0,0.0,1.0,0,0
LOMO_HOLDOUT_RNAFOLD,3,53,LEARNED_UNGATED,trrosettarna2_native_ss,nan,0.0,0.0,1.0,0,0
LOMO_HOLDOUT_RNAFOLD,3,53,LEARNED_SELECTIVE,rnafold,-0.0008768746976294169,-0.0017386171554291119,0.0,0.9965156794425087,1,1
LOMO_HOLDOUT_RNAFOLD,3,53,LEARNED_SELECTIVE,petfold,nan,0.0,0.0,1.0,0,0
LOMO_HOLDOUT_RNAFOLD,3,53,LEARNED_SELECTIVE,trrosettarna2_native_ss,nan,0.0,0.0,1.0,0,0
LOMO_HOLDOUT_RNAFOLD,3,67,LEARNED_UNGATED,rnafold,-0.0263639281116239,-0.0315937058366802,0.16,0.926829268292683,25,12
LOMO_HOLDOUT_RNAFOLD,3,67,LEARNED_UNGATED,petfold,nan,0.0,0.0,1.0,0,0
LOMO_HOLDOUT_RNAFOLD,3,67,LEARNED_UNGATED,trrosettarna2_native_ss,nan,0.0,0.0,1.0,0,0
LOMO_HOLDOUT_RNAFOLD,3,67,LEARNED_SELECTIVE,rnafold,-0.0008768746976294169,-0.0017386171554291119,0.0,0.9965156794425087,1,1
LOMO_HOLDOUT_RNAFOLD,3,67,LEARNED_SELECTIVE,petfold,nan,0.0,0.0,1.0,0,0
LOMO_HOLDOUT_RNAFOLD,3,67,LEARNED_SELECTIVE,trrosettarna2_native_ss,nan,0.0,0.0,1.0,0,0
LOMO_HOLDOUT_RNAFOLD,4,17,LEARNED_UNGATED,rnafold,-0.036097291955164756,-0.03734809688581309,0.3191489361702128,0.8865248226950354,47,15
LOMO_HOLDOUT_RNAFOLD,4,17,LEARNED_UNGATED,petfold,nan,0.0,0.0,1.0,0,0
LOMO_HOLDOUT_RNAFOLD,4,17,LEARNED_UNGATED,trrosettarna2_native_ss,nan,0.0,0.0,1.0,0,0
LOMO_HOLDOUT_RNAFOLD,4,17,LEARNED_SELECTIVE,rnafold,0.0003581407972320927,0.0011369774919613995,0.6666666666666666,0.9964539007092199,3,3
LOMO_HOLDOUT_RNAFOLD,4,17,LEARNED_SELECTIVE,petfold,nan,0.0,0.0,1.0,0,0
LOMO_HOLDOUT_RNAFOLD,4,17,LEARNED_SELECTIVE,trrosettarna2_native_ss,nan,0.0,0.0,1.0,0,0
LOMO_HOLDOUT_RNAFOLD,4,29,LEARNED_UNGATED,rnafold,-0.034068998181514945,-0.033290052356020894,0.36538461538461536,0.8829787234042553,52,16
LOMO_HOLDOUT_RNAFOLD,4,29,LEARNED_UNGATED,petfold,nan,0.0,0.0,1.0,0,0
LOMO_HOLDOUT_RNAFOLD,4,29,LEARNED_UNGATED,trrosettarna2_native_ss,nan,0.0,0.0,1.0,0,0
LOMO_HOLDOUT_RNAFOLD,4,29,LEARNED_SELECTIVE,rnafold,0.00047274387063119444,0.0014461538461538748,1.0,1.0,1,1
LOMO_HOLDOUT_RNAFOLD,4,29,LEARNED_SELECTIVE,petfold,nan,0.0,0.0,1.0,0,0
LOMO_HOLDOUT_RNAFOLD,4,29,LEARNED_SELECTIVE,trrosettarna2_native_ss,nan,0.0,0.0,1.0,0,0
LOMO_HOLDOUT_RNAFOLD,4,41,LEARNED_UNGATED,rnafold,-0.033840922563906924,-0.0338878892733564,0.3404255319148936,0.8900709219858156,47,14
LOMO_HOLDOUT_RNAFOLD,4,41,LEARNED_UNGATED,petfold,nan,0.0,0.0,1.0,0,0
LOMO_HOLDOUT_RNAFOLD,4,41,LEARNED_UNGATED,trrosettarna2_native_ss,nan,0.0,0.0,1.0,0,0
LOMO_HOLDOUT_RNAFOLD,4,41,LEARNED_SELECTIVE,rnafold,0.00047274387063119444,0.0014461538461538748,1.0,1.0,1,1
LOMO_HOLDOUT_RNAFOLD,4,41,LEARNED_SELECTIVE,petfold,nan,0.0,0.0,1.0,0,0
LOMO_HOLDOUT_RNAFOLD,4,41,LEARNED_SELECTIVE,trrosettarna2_native_ss,nan,0.0,0.0,1.0,0,0
LOMO_HOLDOUT_RNAFOLD,4,53,LEARNED_UNGATED,rnafold,-0.029838570806659886,-0.030245884413309998,0.3888888888888889,0.8829787234042553,54,14
LOMO_HOLDOUT_RNAFOLD,4,53,LEARNED_UNGATED,petfold,nan,0.0,0.0,1.0,0,0
LOMO_HOLDOUT_RNAFOLD,4,53,LEARNED_UNGATED,trrosettarna2_native_ss,nan,0.0,0.0,1.0,0,0
LOMO_HOLDOUT_RNAFOLD,4,53,LEARNED_SELECTIVE,rnafold,-0.0005256975866062922,-0.0003133226324237848,0.5,0.9964539007092199,2,2
LOMO_HOLDOUT_RNAFOLD,4,53,LEARNED_SELECTIVE,petfold,nan,0.0,0.0,1.0,0,0
LOMO_HOLDOUT_RNAFOLD,4,53,LEARNED_SELECTIVE,trrosettarna2_native_ss,nan,0.0,0.0,1.0,0,0
LOMO_HOLDOUT_RNAFOLD,4,67,LEARNED_UNGATED,rnafold,-0.029179236166606132,-0.0329841924398625,0.32558139534883723,0.8971631205673759,43,13
LOMO_HOLDOUT_RNAFOLD,4,67,LEARNED_UNGATED,petfold,nan,0.0,0.0,1.0,0,0
LOMO_HOLDOUT_RNAFOLD,4,67,LEARNED_UNGATED,trrosettarna2_native_ss,nan,0.0,0.0,1.0,0,0
LOMO_HOLDOUT_RNAFOLD,4,67,LEARNED_SELECTIVE,rnafold,-0.0015113831134957918,-0.0003133226324237848,0.5,0.9964539007092199,2,2
LOMO_HOLDOUT_RNAFOLD,4,67,LEARNED_SELECTIVE,petfold,nan,0.0,0.0,1.0,0,0
LOMO_HOLDOUT_RNAFOLD,4,67,LEARNED_SELECTIVE,trrosettarna2_native_ss,nan,0.0,0.0,1.0,0,0
LOMO_HOLDOUT_PETFOLD,0,17,LEARNED_UNGATED,rnafold,nan,0.0,0.0,1.0,0,0
LOMO_HOLDOUT_PETFOLD,0,17,LEARNED_UNGATED,petfold,-0.04875469530515794,-0.07563959955506117,0.2328767123287671,0.8181818181818182,73,18
LOMO_HOLDOUT_PETFOLD,0,17,LEARNED_UNGATED,trrosettarna2_native_ss,nan,0.0,0.0,1.0,0,0
LOMO_HOLDOUT_PETFOLD,0,17,LEARNED_SELECTIVE,rnafold,nan,0.0,0.0,1.0,0,0
LOMO_HOLDOUT_PETFOLD,0,17,LEARNED_SELECTIVE,petfold,0.0020650103684780818,-0.0008589425462874889,0.5,0.9902597402597403,6,5
LOMO_HOLDOUT_PETFOLD,0,17,LEARNED_SELECTIVE,trrosettarna2_native_ss,nan,0.0,0.0,1.0,0,0
LOMO_HOLDOUT_PETFOLD,0,29,LEARNED_UNGATED,rnafold,nan,0.0,0.0,1.0,0,0
LOMO_HOLDOUT_PETFOLD,0,29,LEARNED_UNGATED,petfold,-0.055725125558452396,-0.08519575636814047,0.24096385542168675,0.7954545454545454,83,18
LOMO_HOLDOUT_PETFOLD,0,29,LEARNED_UNGATED,trrosettarna2_native_ss,nan,0.0,0.0,1.0,0,0
LOMO_HOLDOUT_PETFOLD,0,29,LEARNED_SELECTIVE,rnafold,nan,0.0,0.0,1.0,0,0
LOMO_HOLDOUT_PETFOLD,0,29,LEARNED_SELECTIVE,petfold,5.266232680226413e-05,-0.006057401086486225,0.36363636363636365,0.9772727272727273,11,5
LOMO_HOLDOUT_PETFOLD,0,29,LEARNED_SELECTIVE,trrosettarna2_native_ss,nan,0.0,0.0,1.0,0,0
LOMO_HOLDOUT_PETFOLD,0,41,LEARNED_UNGATED,rnafold,nan,0.0,0.0,1.0,0,0
LOMO_HOLDOUT_PETFOLD,0,41,LEARNED_UNGATED,petfold,-0.04823099433350138,-0.07677952545987732,0.24675324675324675,0.8116883116883117,77,17
LOMO_HOLDOUT_PETFOLD,0,41,LEARNED_UNGATED,trrosettarna2_native_ss,nan,0.0,0.0,1.0,0,0
LOMO_HOLDOUT_PETFOLD,0,41,LEARNED_SELECTIVE,rnafold,nan,0.0,0.0,1.0,0,0
LOMO_HOLDOUT_PETFOLD,0,41,LEARNED_SELECTIVE,petfold,0.0005017238243109689,-0.005327908553715011,0.4375,0.9707792207792207,16,6
LOMO_HOLDOUT_PETFOLD,0,41,LEARNED_SELECTIVE,trrosettarna2_native_ss,nan,0.0,0.0,1.0,0,0
LOMO_HOLDOUT_PETFOLD,0,53,LEARNED_UNGATED,rnafold,nan,0.0,0.0,1.0,0,0
LOMO_HOLDOUT_PETFOLD,0,53,LEARNED_UNGATED,petfold,-0.0555954546827325,-0.08398865885625628,0.22784810126582278,0.801948051948052,79,18
LOMO_HOLDOUT_PETFOLD,0,53,LEARNED_UNGATED,trrosettarna2_native_ss,nan,0.0,0.0,1.0,0,0
LOMO_HOLDOUT_PETFOLD,0,53,LEARNED_SELECTIVE,rnafold,nan,0.0,0.0,1.0,0,0
LOMO_HOLDOUT_PETFOLD,0,53,LEARNED_SELECTIVE,petfold,-0.0017689044269895505,-0.01031479589354345,0.3684210526315789,0.961038961038961,19,8
LOMO_HOLDOUT_PETFOLD,0,53,LEARNED_SELECTIVE,trrosettarna2_native_ss,nan,0.0,0.0,1.0,0,0
LOMO_HOLDOUT_PETFOLD,0,67,LEARNED_UNGATED,rnafold,nan,0.0,0.0,1.0,0,0
LOMO_HOLDOUT_PETFOLD,0,67,LEARNED_UNGATED,petfold,-0.04496590393716181,-0.07563959955506117,0.2328767123287671,0.8181818181818182,73,15
LOMO_HOLDOUT_PETFOLD,0,67,LEARNED_UNGATED,trrosettarna2_native_ss,nan,0.0,0.0,1.0,0,0
LOMO_HOLDOUT_PETFOLD,0,67,LEARNED_SELECTIVE,rnafold,nan,0.0,0.0,1.0,0,0
LOMO_HOLDOUT_PETFOLD,0,67,LEARNED_SELECTIVE,petfold,0.0006321391879692673,-0.004416282642089042,0.4,0.9805194805194806,10,5
LOMO_HOLDOUT_PETFOLD,0,67,LEARNED_SELECTIVE,trrosettarna2_native_ss,nan,0.0,0.0,1.0,0,0
LOMO_HOLDOUT_PETFOLD,1,17,LEARNED_UNGATED,rnafold,nan,0.0,0.0,1.0,0,0
LOMO_HOLDOUT_PETFOLD,1,17,LEARNED_UNGATED,petfold,-0.022595500896192524,-0.01887059356079901,0.40625,0.9214876033057852,32,17
LOMO_HOLDOUT_PETFOLD,1,17,LEARNED_UNGATED,trrosettarna2_native_ss,nan,0.0,0.0,1.0,0,0
LOMO_HOLDOUT_PETFOLD,1,17,LEARNED_SELECTIVE,rnafold,nan,0.0,0.0,1.0,0,0
LOMO_HOLDOUT_PETFOLD,1,17,LEARNED_SELECTIVE,petfold,0.0023715538847117836,0.0032352076147695863,1.0,1.0,2,2
LOMO_HOLDOUT_PETFOLD,1,17,LEARNED_SELECTIVE,trrosettarna2_native_ss,nan,0.0,0.0,1.0,0,0
LOMO_HOLDOUT_PETFOLD,1,29,LEARNED_UNGATED,rnafold,nan,0.0,0.0,1.0,0,0
LOMO_HOLDOUT_PETFOLD,1,29,LEARNED_UNGATED,petfold,-0.020814185910737876,-0.016545012165450124,0.4473684210526316,0.9132231404958677,38,18
LOMO_HOLDOUT_PETFOLD,1,29,LEARNED_UNGATED,trrosettarna2_native_ss,nan,0.0,0.0,1.0,0,0
LOMO_HOLDOUT_PETFOLD,1,29,LEARNED_SELECTIVE,rnafold,nan,0.0,0.0,1.0,0,0
LOMO_HOLDOUT_PETFOLD,1,29,LEARNED_SELECTIVE,petfold,0.0023715538847117836,0.0032352076147695863,1.0,1.0,2,2
LOMO_HOLDOUT_PETFOLD,1,29,LEARNED_SELECTIVE,trrosettarna2_native_ss,nan,0.0,0.0,1.0,0,0
LOMO_HOLDOUT_PETFOLD,1,41,LEARNED_UNGATED,rnafold,nan,0.0,0.0,1.0,0,0
LOMO_HOLDOUT_PETFOLD,1,41,LEARNED_UNGATED,petfold,-0.011628098309177612,-0.01211792883211682,0.4722222222222222,0.9214876033057852,36,17
LOMO_HOLDOUT_PETFOLD,1,41,LEARNED_UNGATED,trrosettarna2_native_ss,nan,0.0,0.0,1.0,0,0
LOMO_HOLDOUT_PETFOLD,1,53,LEARNED_UNGATED,rnafold,nan,0.0,0.0,1.0,0,0
LOMO_HOLDOUT_PETFOLD,1,53,LEARNED_UNGATED,petfold,-0.01972363303009933,-0.014842327162175706,0.46153846153846156,0.9132231404958677,39,19
LOMO_HOLDOUT_PETFOLD,1,53,LEARNED_UNGATED,trrosettarna2_native_ss,nan,0.0,0.0,1.0,0,0
LOMO_HOLDOUT_PETFOLD,1,67,LEARNED_UNGATED,rnafold,nan,0.0,0.0,1.0,0,0
LOMO_HOLDOUT_PETFOLD,1,67,LEARNED_UNGATED,petfold,-0.021467579266884904,-0.01550739867647477,0.4411764705882353,0.9214876033057852,34,18
LOMO_HOLDOUT_PETFOLD,1,67,LEARNED_UNGATED,trrosettarna2_native_ss,nan,0.0,0.0,1.0,0,0
LOMO_HOLDOUT_PETFOLD,2,17,LEARNED_UNGATED,rnafold,nan,0.0,0.0,1.0,0,0
LOMO_HOLDOUT_PETFOLD,2,17,LEARNED_UNGATED,petfold,-0.05849203994156099,-0.0483992789454073,0.49324324324324326,0.7844827586206896,148,21
LOMO_HOLDOUT_PETFOLD,2,17,LEARNED_UNGATED,trrosettarna2_native_ss,nan,0.0,0.0,1.0,0,0
LOMO_HOLDOUT_PETFOLD,2,17,LEARNED_SELECTIVE,rnafold,nan,0.0,0.0,1.0,0,0
LOMO_HOLDOUT_PETFOLD,2,17,LEARNED_SELECTIVE,petfold,0.00048790555233574107,-0.0009255313563429901,0.5833333333333334,0.985632183908046,12,5
LOMO_HOLDOUT_PETFOLD,2,17,LEARNED_SELECTIVE,trrosettarna2_native_ss,nan,0.0,0.0,1.0,0,0
LOMO_HOLDOUT_PETFOLD,2,29,LEARNED_UNGATED,rnafold,nan,0.0,0.0,1.0,0,0
LOMO_HOLDOUT_PETFOLD,2,29,LEARNED_UNGATED,petfold,-0.05010917350527396,-0.03789741800616642,0.5109489051094891,0.8074712643678161,137,20
LOMO_HOLDOUT_PETFOLD,2,29,LEARNED_UNGATED,trrosettarna2_native_ss,nan,0.0,0.0,1.0,0,0
LOMO_HOLDOUT_PETFOLD,2,29,LEARNED_SELECTIVE,rnafold,nan,0.0,0.0,1.0,0,0
LOMO_HOLDOUT_PETFOLD,2,29,LEARNED_SELECTIVE,petfold,0.0018846981039931422,0.0014911164430800872,0.7142857142857143,0.9942528735632183,7,4
LOMO_HOLDOUT_PETFOLD,2,29,LEARNED_SELECTIVE,trrosettarna2_native_ss,nan,0.0,0.0,1.0,0,0
LOMO_HOLDOUT_PETFOLD,2,41,LEARNED_UNGATED,rnafold,nan,0.0,0.0,1.0,0,0
LOMO_HOLDOUT_PETFOLD,2,41,LEARNED_UNGATED,petfold,-0.05528782640395208,-0.04242698176965631,0.5068493150684932,0.7931034482758621,146,19
LOMO_HOLDOUT_PETFOLD,2,41,LEARNED_UNGATED,trrosettarna2_native_ss,nan,0.0,0.0,1.0,0,0
LOMO_HOLDOUT_PETFOLD,2,41,LEARNED_SELECTIVE,rnafold,nan,0.0,0.0,1.0,0,0
LOMO_HOLDOUT_PETFOLD,2,41,LEARNED_SELECTIVE,petfold,2.004506453507267e-05,-7.578739435609716e-05,0.6153846153846154,0.985632183908046,13,5
LOMO_HOLDOUT_PETFOLD,2,41,LEARNED_SELECTIVE,trrosettarna2_native_ss,nan,0.0,0.0,1.0,0,0
LOMO_HOLDOUT_PETFOLD,2,53,LEARNED_UNGATED,rnafold,nan,0.0,0.0,1.0,0,0
LOMO_HOLDOUT_PETFOLD,2,53,LEARNED_UNGATED,petfold,-0.05411600757842141,-0.04075801130940959,0.5103448275862069,0.7959770114942529,145,20
LOMO_HOLDOUT_PETFOLD,2,53,LEARNED_UNGATED,trrosettarna2_native_ss,nan,0.0,0.0,1.0,0,0
LOMO_HOLDOUT_PETFOLD,2,53,LEARNED_SELECTIVE,rnafold,nan,0.0,0.0,1.0,0,0
LOMO_HOLDOUT_PETFOLD,2,53,LEARNED_SELECTIVE,petfold,0.000739288156659521,0.0007758512029976128,0.6428571428571429,0.985632183908046,14,5
LOMO_HOLDOUT_PETFOLD,2,53,LEARNED_SELECTIVE,trrosettarna2_native_ss,nan,0.0,0.0,1.0,0,0
LOMO_HOLDOUT_PETFOLD,2,67,LEARNED_UNGATED,rnafold,nan,0.0,0.0,1.0,0,0
LOMO_HOLDOUT_PETFOLD,2,67,LEARNED_UNGATED,petfold,-0.047493068979080684,-0.032036846334038804,0.5259259259259259,0.8160919540229885,135,20
LOMO_HOLDOUT_PETFOLD,2,67,LEARNED_UNGATED,trrosettarna2_native_ss,nan,0.0,0.0,1.0,0,0
LOMO_HOLDOUT_PETFOLD,2,67,LEARNED_SELECTIVE,rnafold,nan,0.0,0.0,1.0,0,0
LOMO_HOLDOUT_PETFOLD,2,67,LEARNED_SELECTIVE,petfold,0.0006470601232550175,-7.578739435609716e-05,0.6153846153846154,0.985632183908046,13,5
LOMO_HOLDOUT_PETFOLD,2,67,LEARNED_SELECTIVE,trrosettarna2_native_ss,nan,0.0,0.0,1.0,0,0
LOMO_HOLDOUT_PETFOLD,3,17,LEARNED_UNGATED,rnafold,nan,0.0,0.0,1.0,0,0
LOMO_HOLDOUT_PETFOLD,3,17,LEARNED_UNGATED,petfold,-0.02259501634178494,-0.026550171018321023,0.30303030303030304,0.9190140845070423,33,13
LOMO_HOLDOUT_PETFOLD,3,17,LEARNED_UNGATED,trrosettarna2_native_ss,nan,0.0,0.0,1.0,0,0
LOMO_HOLDOUT_PETFOLD,3,17,LEARNED_SELECTIVE,rnafold,nan,0.0,0.0,1.0,0,0
LOMO_HOLDOUT_PETFOLD,3,17,LEARNED_SELECTIVE,petfold,-0.003269472268318386,-0.004263515560749664,0.375,0.9823943661971831,8,4
LOMO_HOLDOUT_PETFOLD,3,17,LEARNED_SELECTIVE,trrosettarna2_native_ss,nan,0.0,0.0,1.0,0,0
LOMO_HOLDOUT_PETFOLD,3,29,LEARNED_UNGATED,rnafold,nan,0.0,0.0,1.0,0,0
LOMO_HOLDOUT_PETFOLD,3,29,LEARNED_UNGATED,petfold,-0.022445111467980495,-0.02554047259929615,0.25925925925925924,0.9295774647887324,27,12
LOMO_HOLDOUT_PETFOLD,3,29,LEARNED_UNGATED,trrosettarna2_native_ss,nan,0.0,0.0,1.0,0,0
LOMO_HOLDOUT_PETFOLD,3,29,LEARNED_SELECTIVE,rnafold,nan,0.0,0.0,1.0,0,0
LOMO_HOLDOUT_PETFOLD,3,29,LEARNED_SELECTIVE,petfold,-0.001726262391775174,-0.002484740452654899,0.42857142857142855,0.9859154929577465,7,3
LOMO_HOLDOUT_PETFOLD,3,29,LEARNED_SELECTIVE,trrosettarna2_native_ss,nan,0.0,0.0,1.0,0,0
LOMO_HOLDOUT_PETFOLD,3,41,LEARNED_UNGATED,rnafold,nan,0.0,0.0,1.0,0,0
LOMO_HOLDOUT_PETFOLD,3,41,LEARNED_UNGATED,petfold,-0.030325721551275997,-0.029305261269745198,0.2413793103448276,0.9225352112676056,29,15
LOMO_HOLDOUT_PETFOLD,3,41,LEARNED_UNGATED,trrosettarna2_native_ss,nan,0.0,0.0,1.0,0,0
LOMO_HOLDOUT_PETFOLD,3,41,LEARNED_SELECTIVE,rnafold,nan,0.0,0.0,1.0,0,0
LOMO_HOLDOUT_PETFOLD,3,41,LEARNED_SELECTIVE,petfold,-0.003269472268318386,-0.004263515560749664,0.375,0.9823943661971831,8,4
LOMO_HOLDOUT_PETFOLD,3,41,LEARNED_SELECTIVE,trrosettarna2_native_ss,nan,0.0,0.0,1.0,0,0
LOMO_HOLDOUT_PETFOLD,3,53,LEARNED_UNGATED,rnafold,nan,0.0,0.0,1.0,0,0
LOMO_HOLDOUT_PETFOLD,3,53,LEARNED_UNGATED,petfold,-0.026443983464866053,-0.026211287727942567,0.2903225806451613,0.9225352112676056,31,15
LOMO_HOLDOUT_PETFOLD,3,53,LEARNED_UNGATED,trrosettarna2_native_ss,nan,0.0,0.0,1.0,0,0
LOMO_HOLDOUT_PETFOLD,3,67,LEARNED_UNGATED,rnafold,nan,0.0,0.0,1.0,0,0
LOMO_HOLDOUT_PETFOLD,3,67,LEARNED_UNGATED,petfold,-0.025751581998350592,-0.028104575163398704,0.28125,0.9190140845070423,32,13
LOMO_HOLDOUT_PETFOLD,3,67,LEARNED_UNGATED,trrosettarna2_native_ss,nan,0.0,0.0,1.0,0,0
LOMO_HOLDOUT_PETFOLD,3,67,LEARNED_SELECTIVE,rnafold,nan,0.0,0.0,1.0,0,0
LOMO_HOLDOUT_PETFOLD,3,67,LEARNED_SELECTIVE,petfold,-0.001726262391775174,-0.002484740452654899,0.42857142857142855,0.9859154929577465,7,3
LOMO_HOLDOUT_PETFOLD,3,67,LEARNED_SELECTIVE,trrosettarna2_native_ss,nan,0.0,0.0,1.0,0,0
LOMO_HOLDOUT_PETFOLD,4,17,LEARNED_UNGATED,rnafold,nan,0.0,0.0,1.0,0,0
LOMO_HOLDOUT_PETFOLD,4,17,LEARNED_UNGATED,petfold,-0.018139883556029326,-0.017285741844156655,0.425,0.9181494661921709,40,13
LOMO_HOLDOUT_PETFOLD,4,17,LEARNED_UNGATED,trrosettarna2_native_ss,nan,0.0,0.0,1.0,0,0
LOMO_HOLDOUT_PETFOLD,4,17,LEARNED_SELECTIVE,rnafold,nan,0.0,0.0,1.0,0,0
LOMO_HOLDOUT_PETFOLD,4,17,LEARNED_SELECTIVE,petfold,0.0036778237865194435,0.005754938930574549,1.0,1.0,4,3
LOMO_HOLDOUT_PETFOLD,4,17,LEARNED_SELECTIVE,trrosettarna2_native_ss,nan,0.0,0.0,1.0,0,0
LOMO_HOLDOUT_PETFOLD,4,29,LEARNED_UNGATED,rnafold,nan,0.0,0.0,1.0,0,0
LOMO_HOLDOUT_PETFOLD,4,29,LEARNED_UNGATED,petfold,-0.01994637904721731,-0.014685083205440708,0.45454545454545453,0.9145907473309609,44,15
LOMO_HOLDOUT_PETFOLD,4,29,LEARNED_UNGATED,trrosettarna2_native_ss,nan,0.0,0.0,1.0,0,0
LOMO_HOLDOUT_PETFOLD,4,29,LEARNED_SELECTIVE,rnafold,nan,0.0,0.0,1.0,0,0
LOMO_HOLDOUT_PETFOLD,4,29,LEARNED_SELECTIVE,petfold,0.003160225442834142,0.004309287204024015,1.0,1.0,3,2
LOMO_HOLDOUT_PETFOLD,4,29,LEARNED_SELECTIVE,trrosettarna2_native_ss,nan,0.0,0.0,1.0,0,0
LOMO_HOLDOUT_PETFOLD,4,41,LEARNED_UNGATED,rnafold,nan,0.0,0.0,1.0,0,0
LOMO_HOLDOUT_PETFOLD,4,41,LEARNED_UNGATED,petfold,-0.025879860580334018,-0.022411185759972252,0.4166666666666667,0.900355871886121,48,14
LOMO_HOLDOUT_PETFOLD,4,41,LEARNED_UNGATED,trrosettarna2_native_ss,nan,0.0,0.0,1.0,0,0
LOMO_HOLDOUT_PETFOLD,4,41,LEARNED_SELECTIVE,rnafold,nan,0.0,0.0,1.0,0,0
LOMO_HOLDOUT_PETFOLD,4,41,LEARNED_SELECTIVE,petfold,0.0036778237865194435,0.005754938930574549,1.0,1.0,4,3
LOMO_HOLDOUT_PETFOLD,4,41,LEARNED_SELECTIVE,trrosettarna2_native_ss,nan,0.0,0.0,1.0,0,0
LOMO_HOLDOUT_PETFOLD,4,53,LEARNED_UNGATED,rnafold,nan,0.0,0.0,1.0,0,0
LOMO_HOLDOUT_PETFOLD,4,53,LEARNED_UNGATED,petfold,-0.015253504932868473,-0.01387858681860299,0.45,0.9217081850533808,40,13
LOMO_HOLDOUT_PETFOLD,4,53,LEARNED_UNGATED,trrosettarna2_native_ss,nan,0.0,0.0,1.0,0,0
LOMO_HOLDOUT_PETFOLD,4,53,LEARNED_SELECTIVE,rnafold,nan,0.0,0.0,1.0,0,0
LOMO_HOLDOUT_PETFOLD,4,53,LEARNED_SELECTIVE,petfold,0.0036778237865194435,0.005754938930574549,1.0,1.0,4,3
LOMO_HOLDOUT_PETFOLD,4,53,LEARNED_SELECTIVE,trrosettarna2_native_ss,nan,0.0,0.0,1.0,0,0
LOMO_HOLDOUT_PETFOLD,4,67,LEARNED_UNGATED,rnafold,nan,0.0,0.0,1.0,0,0
LOMO_HOLDOUT_PETFOLD,4,67,LEARNED_UNGATED,petfold,-0.013128988363853733,-0.009316561371234378,0.47058823529411764,0.9359430604982206,34,11
LOMO_HOLDOUT_PETFOLD,4,67,LEARNED_UNGATED,trrosettarna2_native_ss,nan,0.0,0.0,1.0,0,0
LOMO_HOLDOUT_PETFOLD,4,67,LEARNED_SELECTIVE,rnafold,nan,0.0,0.0,1.0,0,0
LOMO_HOLDOUT_PETFOLD,4,67,LEARNED_SELECTIVE,petfold,0.003160225442834142,0.004309287204024015,1.0,1.0,3,2
LOMO_HOLDOUT_PETFOLD,4,67,LEARNED_SELECTIVE,trrosettarna2_native_ss,nan,0.0,0.0,1.0,0,0
LOMO_HOLDOUT_TRROSETTARNA2,0,17,LEARNED_UNGATED,rnafold,nan,0.0,0.0,1.0,0,0
LOMO_HOLDOUT_TRROSETTARNA2,0,17,LEARNED_UNGATED,petfold,nan,0.0,0.0,1.0,0,0
LOMO_HOLDOUT_TRROSETTARNA2,0,17,LEARNED_UNGATED,trrosettarna2_native_ss,-0.00525671599917354,-0.02991071531540257,0.4827586206896552,0.810126582278481,116,23
LOMO_HOLDOUT_TRROSETTARNA2,0,17,LEARNED_SELECTIVE,rnafold,nan,0.0,0.0,1.0,0,0
LOMO_HOLDOUT_TRROSETTARNA2,0,17,LEARNED_SELECTIVE,petfold,nan,0.0,0.0,1.0,0,0
LOMO_HOLDOUT_TRROSETTARNA2,0,17,LEARNED_SELECTIVE,trrosettarna2_native_ss,0.04588279808853014,0.05053662320439223,0.8846153846153846,0.9810126582278481,52,18
LOMO_HOLDOUT_TRROSETTARNA2,0,29,LEARNED_UNGATED,rnafold,nan,0.0,0.0,1.0,0,0
LOMO_HOLDOUT_TRROSETTARNA2,0,29,LEARNED_UNGATED,petfold,nan,0.0,0.0,1.0,0,0
LOMO_HOLDOUT_TRROSETTARNA2,0,29,LEARNED_UNGATED,trrosettarna2_native_ss,-0.026246494152389842,-0.051527922412246685,0.4344262295081967,0.7816455696202531,122,22
LOMO_HOLDOUT_TRROSETTARNA2,0,29,LEARNED_SELECTIVE,rnafold,nan,0.0,0.0,1.0,0,0
LOMO_HOLDOUT_TRROSETTARNA2,0,29,LEARNED_SELECTIVE,petfold,nan,0.0,0.0,1.0,0,0
LOMO_HOLDOUT_TRROSETTARNA2,0,29,LEARNED_SELECTIVE,trrosettarna2_native_ss,0.04557959408704534,0.049784773609901634,0.9333333333333333,0.990506329113924,45,18
LOMO_HOLDOUT_TRROSETTARNA2,0,41,LEARNED_UNGATED,rnafold,nan,0.0,0.0,1.0,0,0
LOMO_HOLDOUT_TRROSETTARNA2,0,41,LEARNED_UNGATED,petfold,nan,0.0,0.0,1.0,0,0
LOMO_HOLDOUT_TRROSETTARNA2,0,41,LEARNED_UNGATED,trrosettarna2_native_ss,-0.01587567974321867,-0.03899860917941589,0.46218487394957986,0.7974683544303798,119,24
LOMO_HOLDOUT_TRROSETTARNA2,0,41,LEARNED_SELECTIVE,rnafold,nan,0.0,0.0,1.0,0,0
LOMO_HOLDOUT_TRROSETTARNA2,0,41,LEARNED_SELECTIVE,petfold,nan,0.0,0.0,1.0,0,0
LOMO_HOLDOUT_TRROSETTARNA2,0,41,LEARNED_SELECTIVE,trrosettarna2_native_ss,0.042323883107452914,0.04522130166753813,0.8913043478260869,0.9841772151898734,46,18
LOMO_HOLDOUT_TRROSETTARNA2,0,53,LEARNED_UNGATED,rnafold,nan,0.0,0.0,1.0,0,0
LOMO_HOLDOUT_TRROSETTARNA2,0,53,LEARNED_UNGATED,petfold,nan,0.0,0.0,1.0,0,0
LOMO_HOLDOUT_TRROSETTARNA2,0,53,LEARNED_UNGATED,trrosettarna2_native_ss,-0.006388089484516693,-0.027934779392181808,0.48148148148148145,0.8227848101265823,108,22
LOMO_HOLDOUT_TRROSETTARNA2,0,53,LEARNED_SELECTIVE,rnafold,nan,0.0,0.0,1.0,0,0
LOMO_HOLDOUT_TRROSETTARNA2,0,53,LEARNED_SELECTIVE,petfold,nan,0.0,0.0,1.0,0,0
LOMO_HOLDOUT_TRROSETTARNA2,0,53,LEARNED_SELECTIVE,trrosettarna2_native_ss,0.04382079476308177,0.0474719790558783,0.9743589743589743,0.9968354430379747,39,17
LOMO_HOLDOUT_TRROSETTARNA2,0,67,LEARNED_UNGATED,rnafold,nan,0.0,0.0,1.0,0,0
LOMO_HOLDOUT_TRROSETTARNA2,0,67,LEARNED_UNGATED,petfold,nan,0.0,0.0,1.0,0,0
LOMO_HOLDOUT_TRROSETTARNA2,0,67,LEARNED_UNGATED,trrosettarna2_native_ss,-0.011601920960691507,-0.03602340256784564,0.4649122807017544,0.8069620253164557,114,23
LOMO_HOLDOUT_TRROSETTARNA2,0,67,LEARNED_SELECTIVE,rnafold,nan,0.0,0.0,1.0,0,0
LOMO_HOLDOUT_TRROSETTARNA2,0,67,LEARNED_SELECTIVE,petfold,nan,0.0,0.0,1.0,0,0
LOMO_HOLDOUT_TRROSETTARNA2,0,67,LEARNED_SELECTIVE,trrosettarna2_native_ss,0.045406037882599906,0.051577461721618145,0.9761904761904762,0.9968354430379747,42,18
LOMO_HOLDOUT_TRROSETTARNA2,1,17,LEARNED_UNGATED,rnafold,nan,0.0,0.0,1.0,0,0
LOMO_HOLDOUT_TRROSETTARNA2,1,17,LEARNED_UNGATED,petfold,nan,0.0,0.0,1.0,0,0
LOMO_HOLDOUT_TRROSETTARNA2,1,17,LEARNED_UNGATED,trrosettarna2_native_ss,-0.05797434427506093,-0.04539775975607174,0.4084507042253521,0.8292682926829268,71,23
LOMO_HOLDOUT_TRROSETTARNA2,1,29,LEARNED_UNGATED,rnafold,nan,0.0,0.0,1.0,0,0
LOMO_HOLDOUT_TRROSETTARNA2,1,29,LEARNED_UNGATED,petfold,nan,0.0,0.0,1.0,0,0
LOMO_HOLDOUT_TRROSETTARNA2,1,29,LEARNED_UNGATED,trrosettarna2_native_ss,-0.03704228588355183,-0.03540657550687987,0.45454545454545453,0.8292682926829268,77,23
LOMO_HOLDOUT_TRROSETTARNA2,1,41,LEARNED_UNGATED,rnafold,nan,0.0,0.0,1.0,0,0
LOMO_HOLDOUT_TRROSETTARNA2,1,41,LEARNED_UNGATED,petfold,nan,0.0,0.0,1.0,0,0
LOMO_HOLDOUT_TRROSETTARNA2,1,41,LEARNED_UNGATED,trrosettarna2_native_ss,-0.07969705064676047,-0.07445083560324861,0.3333333333333333,0.7886178861788617,78,23
LOMO_HOLDOUT_TRROSETTARNA2,1,53,LEARNED_UNGATED,rnafold,nan,0.0,0.0,1.0,0,0
LOMO_HOLDOUT_TRROSETTARNA2,1,53,LEARNED_UNGATED,petfold,nan,0.0,0.0,1.0,0,0
LOMO_HOLDOUT_TRROSETTARNA2,1,53,LEARNED_UNGATED,trrosettarna2_native_ss,-0.06639532371182184,-0.06389361818980666,0.2807017543859649,0.8333333333333334,57,22
LOMO_HOLDOUT_TRROSETTARNA2,1,67,LEARNED_UNGATED,rnafold,nan,0.0,0.0,1.0,0,0
LOMO_HOLDOUT_TRROSETTARNA2,1,67,LEARNED_UNGATED,petfold,nan,0.0,0.0,1.0,0,0
LOMO_HOLDOUT_TRROSETTARNA2,1,67,LEARNED_UNGATED,trrosettarna2_native_ss,-0.050332751277013026,-0.04539775975607174,0.4084507042253521,0.8292682926829268,71,22
LOMO_HOLDOUT_TRROSETTARNA2,2,17,LEARNED_UNGATED,rnafold,nan,0.0,0.0,1.0,0,0
LOMO_HOLDOUT_TRROSETTARNA2,2,17,LEARNED_UNGATED,petfold,nan,0.0,0.0,1.0,0,0
LOMO_HOLDOUT_TRROSETTARNA2,2,17,LEARNED_UNGATED,trrosettarna2_native_ss,-0.05246147665735575,-0.05017060630857351,0.4965034965034965,0.7913043478260869,143,23
LOMO_HOLDOUT_TRROSETTARNA2,2,17,LEARNED_SELECTIVE,rnafold,nan,0.0,0.0,1.0,0,0
LOMO_HOLDOUT_TRROSETTARNA2,2,17,LEARNED_SELECTIVE,petfold,nan,0.0,0.0,1.0,0,0
LOMO_HOLDOUT_TRROSETTARNA2,2,17,LEARNED_SELECTIVE,trrosettarna2_native_ss,0.001342659309400943,0.02064987692438025,0.7761194029850746,0.9565217391304348,67,17
LOMO_HOLDOUT_TRROSETTARNA2,2,29,LEARNED_UNGATED,rnafold,nan,0.0,0.0,1.0,0,0
LOMO_HOLDOUT_TRROSETTARNA2,2,29,LEARNED_UNGATED,petfold,nan,0.0,0.0,1.0,0,0
LOMO_HOLDOUT_TRROSETTARNA2,2,29,LEARNED_UNGATED,trrosettarna2_native_ss,-0.026311730598903904,-0.027983497525160383,0.5739644970414202,0.7913043478260869,169,24
LOMO_HOLDOUT_TRROSETTARNA2,2,41,LEARNED_UNGATED,rnafold,nan,0.0,0.0,1.0,0,0
LOMO_HOLDOUT_TRROSETTARNA2,2,41,LEARNED_UNGATED,petfold,nan,0.0,0.0,1.0,0,0
LOMO_HOLDOUT_TRROSETTARNA2,2,41,LEARNED_UNGATED,trrosettarna2_native_ss,-0.056280577156518276,-0.05593453736560561,0.5060240963855421,0.7623188405797101,166,24
LOMO_HOLDOUT_TRROSETTARNA2,2,41,LEARNED_SELECTIVE,rnafold,nan,0.0,0.0,1.0,0,0
LOMO_HOLDOUT_TRROSETTARNA2,2,41,LEARNED_SELECTIVE,petfold,nan,0.0,0.0,1.0,0,0
LOMO_HOLDOUT_TRROSETTARNA2,2,41,LEARNED_SELECTIVE,trrosettarna2_native_ss,-0.00013683123788962395,0.016420301815040617,0.7191011235955056,0.927536231884058,89,20
LOMO_HOLDOUT_TRROSETTARNA2,2,53,LEARNED_UNGATED,rnafold,nan,0.0,0.0,1.0,0,0
LOMO_HOLDOUT_TRROSETTARNA2,2,53,LEARNED_UNGATED,petfold,nan,0.0,0.0,1.0,0,0
LOMO_HOLDOUT_TRROSETTARNA2,2,53,LEARNED_UNGATED,trrosettarna2_native_ss,-0.038634660691428215,-0.04858659046841507,0.49264705882352944,0.8,136,22
LOMO_HOLDOUT_TRROSETTARNA2,2,53,LEARNED_SELECTIVE,rnafold,nan,0.0,0.0,1.0,0,0
LOMO_HOLDOUT_TRROSETTARNA2,2,53,LEARNED_SELECTIVE,petfold,nan,0.0,0.0,1.0,0,0
LOMO_HOLDOUT_TRROSETTARNA2,2,53,LEARNED_SELECTIVE,trrosettarna2_native_ss,0.01408838777341929,0.02268712226871228,0.8214285714285714,0.9710144927536232,56,16
LOMO_HOLDOUT_TRROSETTARNA2,2,67,LEARNED_UNGATED,rnafold,nan,0.0,0.0,1.0,0,0
LOMO_HOLDOUT_TRROSETTARNA2,2,67,LEARNED_UNGATED,petfold,nan,0.0,0.0,1.0,0,0
LOMO_HOLDOUT_TRROSETTARNA2,2,67,LEARNED_UNGATED,trrosettarna2_native_ss,-0.024621338031992554,-0.02318034934261448,0.5901639344262295,0.782608695652174,183,24
LOMO_HOLDOUT_TRROSETTARNA2,3,17,LEARNED_UNGATED,rnafold,nan,0.0,0.0,1.0,0,0
LOMO_HOLDOUT_TRROSETTARNA2,3,17,LEARNED_UNGATED,petfold,nan,0.0,0.0,1.0,0,0
LOMO_HOLDOUT_TRROSETTARNA2,3,17,LEARNED_UNGATED,trrosettarna2_native_ss,0.002854385637328765,0.02473363774733639,0.6986301369863014,0.9163498098859315,73,23
LOMO_HOLDOUT_TRROSETTARNA2,3,17,LEARNED_SELECTIVE,rnafold,nan,0.0,0.0,1.0,0,0
LOMO_HOLDOUT_TRROSETTARNA2,3,17,LEARNED_SELECTIVE,petfold,nan,0.0,0.0,1.0,0,0
LOMO_HOLDOUT_TRROSETTARNA2,3,17,LEARNED_SELECTIVE,trrosettarna2_native_ss,0.02619042072225694,0.041667594758139415,0.9047619047619048,0.9847908745247148,42,17
LOMO_HOLDOUT_TRROSETTARNA2,3,29,LEARNED_UNGATED,rnafold,nan,0.0,0.0,1.0,0,0
LOMO_HOLDOUT_TRROSETTARNA2,3,29,LEARNED_UNGATED,petfold,nan,0.0,0.0,1.0,0,0
LOMO_HOLDOUT_TRROSETTARNA2,3,29,LEARNED_UNGATED,trrosettarna2_native_ss,-0.01107892547552757,0.015363394216133974,0.654320987654321,0.8935361216730038,81,22
LOMO_HOLDOUT_TRROSETTARNA2,3,29,LEARNED_SELECTIVE,rnafold,nan,0.0,0.0,1.0,0,0
LOMO_HOLDOUT_TRROSETTARNA2,3,29,LEARNED_SELECTIVE,petfold,nan,0.0,0.0,1.0,0,0
LOMO_HOLDOUT_TRROSETTARNA2,3,29,LEARNED_SELECTIVE,trrosettarna2_native_ss,0.02439211872496001,0.04757599047576,0.8823529411764706,0.9771863117870723,51,17
LOMO_HOLDOUT_TRROSETTARNA2,3,41,LEARNED_UNGATED,rnafold,nan,0.0,0.0,1.0,0,0
LOMO_HOLDOUT_TRROSETTARNA2,3,41,LEARNED_UNGATED,petfold,nan,0.0,0.0,1.0,0,0
LOMO_HOLDOUT_TRROSETTARNA2,3,41,LEARNED_UNGATED,trrosettarna2_native_ss,0.010117024540186285,0.04500520708163103,0.7471264367816092,0.9163498098859315,87,23
LOMO_HOLDOUT_TRROSETTARNA2,3,41,LEARNED_SELECTIVE,rnafold,nan,0.0,0.0,1.0,0,0
LOMO_HOLDOUT_TRROSETTARNA2,3,41,LEARNED_SELECTIVE,petfold,nan,0.0,0.0,1.0,0,0
LOMO_HOLDOUT_TRROSETTARNA2,3,41,LEARNED_SELECTIVE,trrosettarna2_native_ss,0.033696924086047,0.06077731060777314,0.9607843137254902,0.9923954372623575,51,18
LOMO_HOLDOUT_TRROSETTARNA2,3,53,LEARNED_UNGATED,rnafold,nan,0.0,0.0,1.0,0,0
LOMO_HOLDOUT_TRROSETTARNA2,3,53,LEARNED_UNGATED,petfold,nan,0.0,0.0,1.0,0,0
LOMO_HOLDOUT_TRROSETTARNA2,3,53,LEARNED_UNGATED,trrosettarna2_native_ss,0.01016551643519402,0.032155677113365644,0.7323943661971831,0.9277566539923955,71,24
LOMO_HOLDOUT_TRROSETTARNA2,3,53,LEARNED_SELECTIVE,rnafold,nan,0.0,0.0,1.0,0,0
LOMO_HOLDOUT_TRROSETTARNA2,3,53,LEARNED_SELECTIVE,petfold,nan,0.0,0.0,1.0,0,0
LOMO_HOLDOUT_TRROSETTARNA2,3,53,LEARNED_SELECTIVE,trrosettarna2_native_ss,0.023218565922258554,0.04115299907384651,0.8863636363636364,0.9809885931558935,44,18
LOMO_HOLDOUT_TRROSETTARNA2,3,67,LEARNED_UNGATED,rnafold,nan,0.0,0.0,1.0,0,0
LOMO_HOLDOUT_TRROSETTARNA2,3,67,LEARNED_UNGATED,petfold,nan,0.0,0.0,1.0,0,0
LOMO_HOLDOUT_TRROSETTARNA2,3,67,LEARNED_UNGATED,trrosettarna2_native_ss,0.0028752025823801605,0.029252283105022925,0.7037037037037037,0.908745247148289,81,22
LOMO_HOLDOUT_TRROSETTARNA2,3,67,LEARNED_SELECTIVE,rnafold,nan,0.0,0.0,1.0,0,0
LOMO_HOLDOUT_TRROSETTARNA2,3,67,LEARNED_SELECTIVE,petfold,nan,0.0,0.0,1.0,0,0
LOMO_HOLDOUT_TRROSETTARNA2,3,67,LEARNED_SELECTIVE,trrosettarna2_native_ss,0.03174244116558173,0.04906437460829083,0.9333333333333333,0.9885931558935361,45,17
LOMO_HOLDOUT_TRROSETTARNA2,4,17,LEARNED_UNGATED,rnafold,nan,0.0,0.0,1.0,0,0
LOMO_HOLDOUT_TRROSETTARNA2,4,17,LEARNED_UNGATED,petfold,nan,0.0,0.0,1.0,0,0
LOMO_HOLDOUT_TRROSETTARNA2,4,17,LEARNED_UNGATED,trrosettarna2_native_ss,0.02595378917760297,0.002226050498655985,0.5714285714285714,0.865979381443299,91,21
LOMO_HOLDOUT_TRROSETTARNA2,4,17,LEARNED_SELECTIVE,rnafold,nan,0.0,0.0,1.0,0,0
LOMO_HOLDOUT_TRROSETTARNA2,4,17,LEARNED_SELECTIVE,petfold,nan,0.0,0.0,1.0,0,0
LOMO_HOLDOUT_TRROSETTARNA2,4,17,LEARNED_SELECTIVE,trrosettarna2_native_ss,0.053923403904278855,0.04672358752526484,1.0,1.0,34,19
LOMO_HOLDOUT_TRROSETTARNA2,4,29,LEARNED_UNGATED,rnafold,nan,0.0,0.0,1.0,0,0
LOMO_HOLDOUT_TRROSETTARNA2,4,29,LEARNED_UNGATED,petfold,nan,0.0,0.0,1.0,0,0
LOMO_HOLDOUT_TRROSETTARNA2,4,29,LEARNED_UNGATED,trrosettarna2_native_ss,0.013635335508141678,-0.007776256360998213,0.5365853658536586,0.8694158075601375,82,21
LOMO_HOLDOUT_TRROSETTARNA2,4,29,LEARNED_SELECTIVE,rnafold,nan,0.0,0.0,1.0,0,0
LOMO_HOLDOUT_TRROSETTARNA2,4,29,LEARNED_SELECTIVE,petfold,nan,0.0,0.0,1.0,0,0
LOMO_HOLDOUT_TRROSETTARNA2,4,29,LEARNED_SELECTIVE,trrosettarna2_native_ss,0.046724242487232705,0.039540637035787585,1.0,1.0,29,19
LOMO_HOLDOUT_TRROSETTARNA2,4,41,LEARNED_UNGATED,rnafold,nan,0.0,0.0,1.0,0,0
LOMO_HOLDOUT_TRROSETTARNA2,4,41,LEARNED_UNGATED,petfold,nan,0.0,0.0,1.0,0,0
LOMO_HOLDOUT_TRROSETTARNA2,4,41,LEARNED_UNGATED,trrosettarna2_native_ss,0.014462912876478407,-0.009665789528210067,0.5333333333333333,0.8556701030927835,90,21
LOMO_HOLDOUT_TRROSETTARNA2,4,41,LEARNED_SELECTIVE,rnafold,nan,0.0,0.0,1.0,0,0
LOMO_HOLDOUT_TRROSETTARNA2,4,41,LEARNED_SELECTIVE,petfold,nan,0.0,0.0,1.0,0,0
LOMO_HOLDOUT_TRROSETTARNA2,4,41,LEARNED_SELECTIVE,trrosettarna2_native_ss,0.04200596195203161,0.03697036307132562,0.8888888888888888,0.9862542955326461,36,20
LOMO_HOLDOUT_TRROSETTARNA2,4,53,LEARNED_UNGATED,rnafold,nan,0.0,0.0,1.0,0,0
LOMO_HOLDOUT_TRROSETTARNA2,4,53,LEARNED_UNGATED,petfold,nan,0.0,0.0,1.0,0,0
LOMO_HOLDOUT_TRROSETTARNA2,4,53,LEARNED_UNGATED,trrosettarna2_native_ss,0.018267681305741693,-0.0052781035866411585,0.5465116279069767,0.865979381443299,86,22
LOMO_HOLDOUT_TRROSETTARNA2,4,67,LEARNED_UNGATED,rnafold,nan,0.0,0.0,1.0,0,0
LOMO_HOLDOUT_TRROSETTARNA2,4,67,LEARNED_UNGATED,petfold,nan,0.0,0.0,1.0,0,0
LOMO_HOLDOUT_TRROSETTARNA2,4,67,LEARNED_UNGATED,trrosettarna2_native_ss,0.023778478142166076,-0.00017734565711791106,0.5638297872340425,0.8591065292096219,94,22
LOMO_HOLDOUT_TRROSETTARNA2,4,67,LEARNED_SELECTIVE,rnafold,nan,0.0,0.0,1.0,0,0
LOMO_HOLDOUT_TRROSETTARNA2,4,67,LEARNED_SELECTIVE,petfold,nan,0.0,0.0,1.0,0,0
LOMO_HOLDOUT_TRROSETTARNA2,4,67,LEARNED_SELECTIVE,trrosettarna2_native_ss,0.054727449811465136,0.04962859091942695,1.0,1.0,36,21
