record_id,rna_id,source_model,error_type,i,j,wrong_partner,wrong_partner_degree,linked_pair_count,linked_pairs,sequence_length
legacy121_v1__17ra_21_hp_nmr_a__legacy_gt__petfold__historical_legacy121_v1,17RA_21_hp_nmr_A,petfold,false_positive_pair,5,15,false,0,0,[],21
legacy121_v1__17ra_21_hp_nmr_a__legacy_gt__rnafold__historical_legacy121_v1,17RA_21_hp_nmr_A,rnafold,false_positive_pair,5,15,false,0,0,[],21
legacy121_v1__17ra_21_hp_nmr_a__legacy_gt__trrosettarna2_native_ss__historical_legacy121_v1,17RA_21_hp_nmr_A,trrosettarna2_native_ss,false_positive_pair,6,15,false,0,0,[],21
legacy121_v1__1a60_44_pseudknot_nmr_a__legacy_gt__petfold__historical_legacy121_v1,1A60_44_pseudknot_nmr_A,petfold,missing_pair,17,31,false,0,0,[],44
legacy121_v1__1a60_44_pseudknot_nmr_a__legacy_gt__petfold__historical_legacy121_v1,1A60_44_pseudknot_nmr_A,petfold,missing_pair,18,30,false,0,0,[],44
legacy121_v1__1a60_44_pseudknot_nmr_a__legacy_gt__petfold__historical_legacy121_v1,1A60_44_pseudknot_nmr_A,petfold,missing_pair,19,29,false,0,0,[],44
legacy121_v1__1a60_44_pseudknot_nmr_a__legacy_gt__rnafold__historical_legacy121_v1,1A60_44_pseudknot_nmr_A,rnafold,missing_pair,17,31,false,0,0,[],44
legacy121_v1__1a60_44_pseudknot_nmr_a__legacy_gt__rnafold__historical_legacy121_v1,1A60_44_pseudknot_nmr_A,rnafold,missing_pair,18,30,false,0,0,[],44
legacy121_v1__1a60_44_pseudknot_nmr_a__legacy_gt__rnafold__historical_legacy121_v1,1A60_44_pseudknot_nmr_A,rnafold,missing_pair,19,29,false,0,0,[],44
legacy121_v1__1a60_44_pseudknot_nmr_a__legacy_gt__trrosettarna2_native_ss__historical_legacy121_v1,1A60_44_pseudknot_nmr_A,trrosettarna2_native_ss,missing_pair,17,31,true,2,2,"[[17,40],[26,31]]",44
legacy121_v1__1a60_44_pseudknot_nmr_a__legacy_gt__trrosettarna2_native_ss__historical_legacy121_v1,1A60_44_pseudknot_nmr_A,trrosettarna2_native_ss,missing_pair,18,30,true,2,2,"[[18,39],[27,30]]",44
legacy121_v1__1a60_44_pseudknot_nmr_a__legacy_gt__trrosettarna2_native_ss__historical_legacy121_v1,1A60_44_pseudknot_nmr_A,trrosettarna2_native_ss,missing_pair,19,29,true,2,2,"[[19,38],[28,29]]",44
legacy121_v1__1a60_44_pseudknot_nmr_a__legacy_gt__trrosettarna2_native_ss__historical_legacy121_v1,1A60_44_pseudknot_nmr_A,trrosettarna2_native_ss,missing_pair,23,40,true,2,2,"[[17,40],[23,37]]",44
legacy121_v1__1a60_44_pseudknot_nmr_a__legacy_gt__trrosettarna2_native_ss__historical_legacy121_v1,1A60_44_pseudknot_nmr_A,trrosettarna2_native_ss,missing_pair,24,39,true,2,2,"[[18,39],[24,36]]",44
legacy121_v1__1a60_44_pseudknot_nmr_a__legacy_gt__trrosettarna2_native_ss__historical_legacy121_v1,1A60_44_pseudknot_nmr_A,trrosettarna2_native_ss,missing_pair,25,38,true,2,2,"[[19,38],[25,35]]",44
legacy121_v1__1a60_44_pseudknot_nmr_a__legacy_gt__trrosettarna2_native_ss__historical_legacy121_v1,1A60_44_pseudknot_nmr_A,trrosettarna2_native_ss,missing_pair,26,37,true,2,2,"[[23,37],[26,31]]",44
legacy121_v1__1a60_44_pseudknot_nmr_a__legacy_gt__trrosettarna2_native_ss__historical_legacy121_v1,1A60_44_pseudknot_nmr_A,trrosettarna2_native_ss,missing_pair,27,36,true,2,2,"[[24,36],[27,30]]",44
legacy121_v1__1a60_44_pseudknot_nmr_a__legacy_gt__trrosettarna2_native_ss__historical_legacy121_v1,1A60_44_pseudknot_nmr_A,trrosettarna2_native_ss,missing_pair,28,35,true,2,2,"[[25,35],[28,29]]",44
legacy121_v1__1a60_44_pseudknot_nmr_a__legacy_gt__trrosettarna2_native_ss__historical_legacy121_v1,1A60_44_pseudknot_nmr_A,trrosettarna2_native_ss,false_positive_pair,5,9,false,0,0,[],44
legacy121_v1__1a60_44_pseudknot_nmr_a__legacy_gt__trrosettarna2_native_ss__historical_legacy121_v1,1A60_44_pseudknot_nmr_A,trrosettarna2_native_ss,false_positive_pair,17,40,true,2,2,"[[17,31],[23,40]]",44
legacy121_v1__1a60_44_pseudknot_nmr_a__legacy_gt__trrosettarna2_native_ss__historical_legacy121_v1,1A60_44_pseudknot_nmr_A,trrosettarna2_native_ss,false_positive_pair,18,39,true,2,2,"[[18,30],[24,39]]",44
legacy121_v1__1a60_44_pseudknot_nmr_a__legacy_gt__trrosettarna2_native_ss__historical_legacy121_v1,1A60_44_pseudknot_nmr_A,trrosettarna2_native_ss,false_positive_pair,19,38,true,2,2,"[[19,29],[25,38]]",44
legacy121_v1__1a60_44_pseudknot_nmr_a__legacy_gt__trrosettarna2_native_ss__historical_legacy121_v1,1A60_44_pseudknot_nmr_A,trrosettarna2_native_ss,false_positive_pair,23,37,true,2,2,"[[23,40],[26,37]]",44
legacy121_v1__1a60_44_pseudknot_nmr_a__legacy_gt__trrosettarna2_native_ss__historical_legacy121_v1,1A60_44_pseudknot_nmr_A,trrosettarna2_native_ss,false_positive_pair,24,36,true,2,2,"[[24,39],[27,36]]",44
legacy121_v1__1a60_44_pseudknot_nmr_a__legacy_gt__trrosettarna2_native_ss__historical_legacy121_v1,1A60_44_pseudknot_nmr_A,trrosettarna2_native_ss,false_positive_pair,25,35,true,2,2,"[[25,38],[28,35]]",44
legacy121_v1__1a60_44_pseudknot_nmr_a__legacy_gt__trrosettarna2_native_ss__historical_legacy121_v1,1A60_44_pseudknot_nmr_A,trrosettarna2_native_ss,false_positive_pair,26,31,true,2,2,"[[17,31],[26,37]]",44
legacy121_v1__1a60_44_pseudknot_nmr_a__legacy_gt__trrosettarna2_native_ss__historical_legacy121_v1,1A60_44_pseudknot_nmr_A,trrosettarna2_native_ss,false_positive_pair,27,30,true,2,2,"[[18,30],[27,36]]",44
legacy121_v1__1a60_44_pseudknot_nmr_a__legacy_gt__trrosettarna2_native_ss__historical_legacy121_v1,1A60_44_pseudknot_nmr_A,trrosettarna2_native_ss,false_positive_pair,28,29,true,2,2,"[[19,29],[28,35]]",44
legacy121_v1__1a9l_38_hpbulge_nmr_a__legacy_gt__trrosettarna2_native_ss__historical_legacy121_v1,1A9L_38_hpbulge_nmr_A,trrosettarna2_native_ss,false_positive_pair,17,20,false,0,0,[],38
legacy121_v1__1b36_38_hp_nmr_a__legacy_gt__petfold__historical_legacy121_v1,1B36_38_hp_nmr_A,petfold,false_positive_pair,24,32,false,0,0,[],38
legacy121_v1__1b36_38_hp_nmr_a__legacy_gt__petfold__historical_legacy121_v1,1B36_38_hp_nmr_A,petfold,false_positive_pair,25,31,false,0,0,[],38
legacy121_v1__1b36_38_hp_nmr_a__legacy_gt__trrosettarna2_native_ss__historical_legacy121_v1,1B36_38_hp_nmr_A,trrosettarna2_native_ss,false_positive_pair,5,32,false,0,0,[],38
legacy121_v1__1b36_38_hp_nmr_a__legacy_gt__trrosettarna2_native_ss__historical_legacy121_v1,1B36_38_hp_nmr_A,trrosettarna2_native_ss,false_positive_pair,6,31,false,0,0,[],38
legacy121_v1__1b36_38_hp_nmr_a__legacy_gt__trrosettarna2_native_ss__historical_legacy121_v1,1B36_38_hp_nmr_A,trrosettarna2_native_ss,false_positive_pair,8,28,false,0,0,[],38
legacy121_v1__1b36_38_hp_nmr_a__legacy_gt__trrosettarna2_native_ss__historical_legacy121_v1,1B36_38_hp_nmr_A,trrosettarna2_native_ss,false_positive_pair,9,26,false,0,0,[],38
legacy121_v1__1b36_38_hp_nmr_a__legacy_gt__trrosettarna2_native_ss__historical_legacy121_v1,1B36_38_hp_nmr_A,trrosettarna2_native_ss,false_positive_pair,10,25,false,0,0,[],38
legacy121_v1__1b36_38_hp_nmr_a__legacy_gt__trrosettarna2_native_ss__historical_legacy121_v1,1B36_38_hp_nmr_A,trrosettarna2_native_ss,false_positive_pair,11,24,false,0,0,[],38
legacy121_v1__1b36_38_hp_nmr_a__legacy_gt__trrosettarna2_native_ss__historical_legacy121_v1,1B36_38_hp_nmr_A,trrosettarna2_native_ss,false_positive_pair,16,19,false,0,0,[],38
legacy121_v1__1bgz_23_hp_nmr_a__legacy_gt__petfold__historical_legacy121_v1,1BGZ_23_hp_nmr_A,petfold,missing_pair,6,18,true,2,2,"[[4,18],[6,14]]",23
legacy121_v1__1bgz_23_hp_nmr_a__legacy_gt__petfold__historical_legacy121_v1,1BGZ_23_hp_nmr_A,petfold,missing_pair,7,17,true,1,1,"[[7,13]]",23
legacy121_v1__1bgz_23_hp_nmr_a__legacy_gt__petfold__historical_legacy121_v1,1BGZ_23_hp_nmr_A,petfold,missing_pair,8,15,true,2,2,"[[5,15],[8,12]]",23
legacy121_v1__1bgz_23_hp_nmr_a__legacy_gt__petfold__historical_legacy121_v1,1BGZ_23_hp_nmr_A,petfold,missing_pair,9,14,true,1,1,"[[6,14]]",23
legacy121_v1__1bgz_23_hp_nmr_a__legacy_gt__petfold__historical_legacy121_v1,1BGZ_23_hp_nmr_A,petfold,false_positive_pair,4,18,true,1,1,"[[6,18]]",23
legacy121_v1__1bgz_23_hp_nmr_a__legacy_gt__petfold__historical_legacy121_v1,1BGZ_23_hp_nmr_A,petfold,false_positive_pair,5,15,true,1,1,"[[8,15]]",23
legacy121_v1__1bgz_23_hp_nmr_a__legacy_gt__petfold__historical_legacy121_v1,1BGZ_23_hp_nmr_A,petfold,false_positive_pair,6,14,true,2,2,"[[6,18],[9,14]]",23
legacy121_v1__1bgz_23_hp_nmr_a__legacy_gt__petfold__historical_legacy121_v1,1BGZ_23_hp_nmr_A,petfold,false_positive_pair,7,13,true,1,1,"[[7,17]]",23
legacy121_v1__1bgz_23_hp_nmr_a__legacy_gt__petfold__historical_legacy121_v1,1BGZ_23_hp_nmr_A,petfold,false_positive_pair,8,12,true,1,1,"[[8,15]]",23
legacy121_v1__1bgz_23_hp_nmr_a__legacy_gt__rnafold__historical_legacy121_v1,1BGZ_23_hp_nmr_A,rnafold,missing_pair,6,18,true,2,2,"[[4,18],[6,14]]",23
legacy121_v1__1bgz_23_hp_nmr_a__legacy_gt__rnafold__historical_legacy121_v1,1BGZ_23_hp_nmr_A,rnafold,missing_pair,7,17,true,1,1,"[[7,13]]",23
legacy121_v1__1bgz_23_hp_nmr_a__legacy_gt__rnafold__historical_legacy121_v1,1BGZ_23_hp_nmr_A,rnafold,missing_pair,8,15,true,2,2,"[[5,15],[8,12]]",23
legacy121_v1__1bgz_23_hp_nmr_a__legacy_gt__rnafold__historical_legacy121_v1,1BGZ_23_hp_nmr_A,rnafold,missing_pair,9,14,true,1,1,"[[6,14]]",23
legacy121_v1__1bgz_23_hp_nmr_a__legacy_gt__rnafold__historical_legacy121_v1,1BGZ_23_hp_nmr_A,rnafold,false_positive_pair,4,18,true,1,1,"[[6,18]]",23
legacy121_v1__1bgz_23_hp_nmr_a__legacy_gt__rnafold__historical_legacy121_v1,1BGZ_23_hp_nmr_A,rnafold,false_positive_pair,5,15,true,1,1,"[[8,15]]",23
legacy121_v1__1bgz_23_hp_nmr_a__legacy_gt__rnafold__historical_legacy121_v1,1BGZ_23_hp_nmr_A,rnafold,false_positive_pair,6,14,true,2,2,"[[6,18],[9,14]]",23
legacy121_v1__1bgz_23_hp_nmr_a__legacy_gt__rnafold__historical_legacy121_v1,1BGZ_23_hp_nmr_A,rnafold,false_positive_pair,7,13,true,1,1,"[[7,17]]",23
legacy121_v1__1bgz_23_hp_nmr_a__legacy_gt__rnafold__historical_legacy121_v1,1BGZ_23_hp_nmr_A,rnafold,false_positive_pair,8,12,true,1,1,"[[8,15]]",23
legacy121_v1__1bvj_23_hp_nmr_a__legacy_gt__trrosettarna2_native_ss__historical_legacy121_v1,1BVJ_23_hp_nmr_A,trrosettarna2_native_ss,false_positive_pair,9,14,false,0,0,[],23
legacy121_v1__1bvj_23_hp_nmr_a__legacy_gt__trrosettarna2_native_ss__historical_legacy121_v1,1BVJ_23_hp_nmr_A,trrosettarna2_native_ss,false_positive_pair,10,13,false,0,0,[],23
legacy121_v1__1e4p_24_hpbulge_nmr_a__legacy_gt__trrosettarna2_native_ss__historical_legacy121_v1,1E4P_24_hpbulge_nmr_A,trrosettarna2_native_ss,false_positive_pair,4,19,false,0,0,[],24
legacy121_v1__1e4p_24_hpbulge_nmr_a__legacy_gt__trrosettarna2_native_ss__historical_legacy121_v1,1E4P_24_hpbulge_nmr_A,trrosettarna2_native_ss,false_positive_pair,5,18,false,0,0,[],24
legacy121_v1__1e4p_24_hpbulge_nmr_a__legacy_gt__trrosettarna2_native_ss__historical_legacy121_v1,1E4P_24_hpbulge_nmr_A,trrosettarna2_native_ss,false_positive_pair,6,17,false,0,0,[],24
legacy121_v1__1e4p_24_hpbulge_nmr_a__legacy_gt__trrosettarna2_native_ss__historical_legacy121_v1,1E4P_24_hpbulge_nmr_A,trrosettarna2_native_ss,false_positive_pair,10,13,false,0,0,[],24
legacy121_v1__1e95_36_pseudoknot_nmr_a__legacy_gt__petfold__historical_legacy121_v1,1E95_36_pseudoknot_nmr_A,petfold,missing_pair,7,33,false,0,0,[],36
legacy121_v1__1e95_36_pseudoknot_nmr_a__legacy_gt__petfold__historical_legacy121_v1,1E95_36_pseudoknot_nmr_A,petfold,missing_pair,8,32,false,0,0,[],36
legacy121_v1__1e95_36_pseudoknot_nmr_a__legacy_gt__petfold__historical_legacy121_v1,1E95_36_pseudoknot_nmr_A,petfold,missing_pair,9,31,false,0,0,[],36
legacy121_v1__1e95_36_pseudoknot_nmr_a__legacy_gt__petfold__historical_legacy121_v1,1E95_36_pseudoknot_nmr_A,petfold,missing_pair,10,30,false,0,0,[],36
legacy121_v1__1e95_36_pseudoknot_nmr_a__legacy_gt__petfold__historical_legacy121_v1,1E95_36_pseudoknot_nmr_A,petfold,missing_pair,11,29,false,0,0,[],36
legacy121_v1__1e95_36_pseudoknot_nmr_a__legacy_gt__petfold__historical_legacy121_v1,1E95_36_pseudoknot_nmr_A,petfold,missing_pair,12,28,false,0,0,[],36
legacy121_v1__1e95_36_pseudoknot_nmr_a__legacy_gt__rnafold__historical_legacy121_v1,1E95_36_pseudoknot_nmr_A,rnafold,missing_pair,7,33,false,0,0,[],36
legacy121_v1__1e95_36_pseudoknot_nmr_a__legacy_gt__rnafold__historical_legacy121_v1,1E95_36_pseudoknot_nmr_A,rnafold,missing_pair,8,32,false,0,0,[],36
legacy121_v1__1e95_36_pseudoknot_nmr_a__legacy_gt__rnafold__historical_legacy121_v1,1E95_36_pseudoknot_nmr_A,rnafold,missing_pair,9,31,false,0,0,[],36
legacy121_v1__1e95_36_pseudoknot_nmr_a__legacy_gt__rnafold__historical_legacy121_v1,1E95_36_pseudoknot_nmr_A,rnafold,missing_pair,10,30,false,0,0,[],36
legacy121_v1__1e95_36_pseudoknot_nmr_a__legacy_gt__rnafold__historical_legacy121_v1,1E95_36_pseudoknot_nmr_A,rnafold,missing_pair,11,29,false,0,0,[],36
legacy121_v1__1e95_36_pseudoknot_nmr_a__legacy_gt__rnafold__historical_legacy121_v1,1E95_36_pseudoknot_nmr_A,rnafold,missing_pair,12,28,false,0,0,[],36
legacy121_v1__1e95_36_pseudoknot_nmr_a__legacy_gt__trrosettarna2_native_ss__historical_legacy121_v1,1E95_36_pseudoknot_nmr_A,trrosettarna2_native_ss,missing_pair,0,18,true,2,2,"[[0,33],[7,18]]",36
legacy121_v1__1e95_36_pseudoknot_nmr_a__legacy_gt__trrosettarna2_native_ss__historical_legacy121_v1,1E95_36_pseudoknot_nmr_A,trrosettarna2_native_ss,missing_pair,1,17,true,2,2,"[[1,32],[8,17]]",36
legacy121_v1__1e95_36_pseudoknot_nmr_a__legacy_gt__trrosettarna2_native_ss__historical_legacy121_v1,1E95_36_pseudoknot_nmr_A,trrosettarna2_native_ss,missing_pair,2,16,true,2,2,"[[2,31],[9,16]]",36
legacy121_v1__1e95_36_pseudoknot_nmr_a__legacy_gt__trrosettarna2_native_ss__historical_legacy121_v1,1E95_36_pseudoknot_nmr_A,trrosettarna2_native_ss,missing_pair,3,15,true,2,2,"[[3,30],[10,15]]",36
legacy121_v1__1e95_36_pseudoknot_nmr_a__legacy_gt__trrosettarna2_native_ss__historical_legacy121_v1,1E95_36_pseudoknot_nmr_A,trrosettarna2_native_ss,missing_pair,4,14,true,2,2,"[[4,29],[11,14]]",36
legacy121_v1__1e95_36_pseudoknot_nmr_a__legacy_gt__trrosettarna2_native_ss__historical_legacy121_v1,1E95_36_pseudoknot_nmr_A,trrosettarna2_native_ss,missing_pair,5,13,true,2,2,"[[5,28],[12,13]]",36
legacy121_v1__1e95_36_pseudoknot_nmr_a__legacy_gt__trrosettarna2_native_ss__historical_legacy121_v1,1E95_36_pseudoknot_nmr_A,trrosettarna2_native_ss,missing_pair,7,33,true,2,2,"[[0,33],[7,18]]",36
legacy121_v1__1e95_36_pseudoknot_nmr_a__legacy_gt__trrosettarna2_native_ss__historical_legacy121_v1,1E95_36_pseudoknot_nmr_A,trrosettarna2_native_ss,missing_pair,8,32,true,2,2,"[[1,32],[8,17]]",36
legacy121_v1__1e95_36_pseudoknot_nmr_a__legacy_gt__trrosettarna2_native_ss__historical_legacy121_v1,1E95_36_pseudoknot_nmr_A,trrosettarna2_native_ss,missing_pair,9,31,true,2,2,"[[2,31],[9,16]]",36
legacy121_v1__1e95_36_pseudoknot_nmr_a__legacy_gt__trrosettarna2_native_ss__historical_legacy121_v1,1E95_36_pseudoknot_nmr_A,trrosettarna2_native_ss,missing_pair,10,30,true,2,2,"[[3,30],[10,15]]",36
legacy121_v1__1e95_36_pseudoknot_nmr_a__legacy_gt__trrosettarna2_native_ss__historical_legacy121_v1,1E95_36_pseudoknot_nmr_A,trrosettarna2_native_ss,missing_pair,11,29,true,2,2,"[[4,29],[11,14]]",36
legacy121_v1__1e95_36_pseudoknot_nmr_a__legacy_gt__trrosettarna2_native_ss__historical_legacy121_v1,1E95_36_pseudoknot_nmr_A,trrosettarna2_native_ss,missing_pair,12,28,true,2,2,"[[5,28],[12,13]]",36
legacy121_v1__1e95_36_pseudoknot_nmr_a__legacy_gt__trrosettarna2_native_ss__historical_legacy121_v1,1E95_36_pseudoknot_nmr_A,trrosettarna2_native_ss,false_positive_pair,0,33,true,2,2,"[[0,18],[7,33]]",36
legacy121_v1__1e95_36_pseudoknot_nmr_a__legacy_gt__trrosettarna2_native_ss__historical_legacy121_v1,1E95_36_pseudoknot_nmr_A,trrosettarna2_native_ss,false_positive_pair,1,32,true,2,2,"[[1,17],[8,32]]",36
legacy121_v1__1e95_36_pseudoknot_nmr_a__legacy_gt__trrosettarna2_native_ss__historical_legacy121_v1,1E95_36_pseudoknot_nmr_A,trrosettarna2_native_ss,false_positive_pair,2,31,true,2,2,"[[2,16],[9,31]]",36
legacy121_v1__1e95_36_pseudoknot_nmr_a__legacy_gt__trrosettarna2_native_ss__historical_legacy121_v1,1E95_36_pseudoknot_nmr_A,trrosettarna2_native_ss,false_positive_pair,3,30,true,2,2,"[[3,15],[10,30]]",36
legacy121_v1__1e95_36_pseudoknot_nmr_a__legacy_gt__trrosettarna2_native_ss__historical_legacy121_v1,1E95_36_pseudoknot_nmr_A,trrosettarna2_native_ss,false_positive_pair,4,29,true,2,2,"[[4,14],[11,29]]",36
legacy121_v1__1e95_36_pseudoknot_nmr_a__legacy_gt__trrosettarna2_native_ss__historical_legacy121_v1,1E95_36_pseudoknot_nmr_A,trrosettarna2_native_ss,false_positive_pair,5,28,true,2,2,"[[5,13],[12,28]]",36
legacy121_v1__1e95_36_pseudoknot_nmr_a__legacy_gt__trrosettarna2_native_ss__historical_legacy121_v1,1E95_36_pseudoknot_nmr_A,trrosettarna2_native_ss,false_positive_pair,7,18,true,2,2,"[[0,18],[7,33]]",36
legacy121_v1__1e95_36_pseudoknot_nmr_a__legacy_gt__trrosettarna2_native_ss__historical_legacy121_v1,1E95_36_pseudoknot_nmr_A,trrosettarna2_native_ss,false_positive_pair,8,17,true,2,2,"[[1,17],[8,32]]",36
legacy121_v1__1e95_36_pseudoknot_nmr_a__legacy_gt__trrosettarna2_native_ss__historical_legacy121_v1,1E95_36_pseudoknot_nmr_A,trrosettarna2_native_ss,false_positive_pair,9,16,true,2,2,"[[2,16],[9,31]]",36
legacy121_v1__1e95_36_pseudoknot_nmr_a__legacy_gt__trrosettarna2_native_ss__historical_legacy121_v1,1E95_36_pseudoknot_nmr_A,trrosettarna2_native_ss,false_positive_pair,10,15,true,2,2,"[[3,15],[10,30]]",36
legacy121_v1__1e95_36_pseudoknot_nmr_a__legacy_gt__trrosettarna2_native_ss__historical_legacy121_v1,1E95_36_pseudoknot_nmr_A,trrosettarna2_native_ss,false_positive_pair,11,14,true,2,2,"[[4,14],[11,29]]",36
legacy121_v1__1e95_36_pseudoknot_nmr_a__legacy_gt__trrosettarna2_native_ss__historical_legacy121_v1,1E95_36_pseudoknot_nmr_A,trrosettarna2_native_ss,false_positive_pair,12,13,true,2,2,"[[5,13],[12,28]]",36
legacy121_v1__1f9l_22_hp_nmr_a__legacy_gt__trrosettarna2_native_ss__historical_legacy121_v1,1F9L_22_hp_nmr_A,trrosettarna2_native_ss,false_positive_pair,4,17,false,0,0,[],22
legacy121_v1__1f9l_22_hp_nmr_a__legacy_gt__trrosettarna2_native_ss__historical_legacy121_v1,1F9L_22_hp_nmr_A,trrosettarna2_native_ss,false_positive_pair,5,16,false,0,0,[],22
legacy121_v1__1f9l_22_hp_nmr_a__legacy_gt__trrosettarna2_native_ss__historical_legacy121_v1,1F9L_22_hp_nmr_A,trrosettarna2_native_ss,false_positive_pair,9,12,false,0,0,[],22
legacy121_v1__1hlx_20_hp_nmr_a__legacy_gt__petfold__historical_legacy121_v1,1HLX_20_hp_nmr_A,petfold,false_positive_pair,7,12,false,0,0,[],20
legacy121_v1__1hlx_20_hp_nmr_a__legacy_gt__rnafold__historical_legacy121_v1,1HLX_20_hp_nmr_A,rnafold,false_positive_pair,7,12,false,0,0,[],20
legacy121_v1__1hlx_20_hp_nmr_a__legacy_gt__trrosettarna2_native_ss__historical_legacy121_v1,1HLX_20_hp_nmr_A,trrosettarna2_native_ss,false_positive_pair,7,12,false,0,0,[],20
legacy121_v1__1hlx_20_hp_nmr_a__legacy_gt__trrosettarna2_native_ss__historical_legacy121_v1,1HLX_20_hp_nmr_A,trrosettarna2_native_ss,false_positive_pair,8,11,false,0,0,[],20
legacy121_v1__1ikd_22_hp_nmr_a__legacy_gt__trrosettarna2_native_ss__historical_legacy121_v1,1IKD_22_hp_nmr_A,trrosettarna2_native_ss,false_positive_pair,7,10,false,0,0,[],22
legacy121_v1__1jur_22_hp_nmr_a__legacy_gt__trrosettarna2_native_ss__historical_legacy121_v1,1JUR_22_hp_nmr_A,trrosettarna2_native_ss,missing_pair,3,16,true,1,1,"[[3,18]]",22
legacy121_v1__1jur_22_hp_nmr_a__legacy_gt__trrosettarna2_native_ss__historical_legacy121_v1,1JUR_22_hp_nmr_A,trrosettarna2_native_ss,false_positive_pair,3,18,true,1,1,"[[3,16]]",22
legacy121_v1__1jur_22_hp_nmr_a__legacy_gt__trrosettarna2_native_ss__historical_legacy121_v1,1JUR_22_hp_nmr_A,trrosettarna2_native_ss,false_positive_pair,8,11,false,0,0,[],22
legacy121_v1__1k2g_22_dumbbell_nmr_a__legacy_gt__petfold__historical_legacy121_v1,1K2G_22_dumbbell_nmr_A,petfold,missing_pair,0,12,false,0,0,[],22
legacy121_v1__1k2g_22_dumbbell_nmr_a__legacy_gt__petfold__historical_legacy121_v1,1K2G_22_dumbbell_nmr_A,petfold,missing_pair,13,20,false,0,0,[],22
legacy121_v1__1k2g_22_dumbbell_nmr_a__legacy_gt__petfold__historical_legacy121_v1,1K2G_22_dumbbell_nmr_A,petfold,missing_pair,14,19,false,0,0,[],22
legacy121_v1__1k2g_22_dumbbell_nmr_a__legacy_gt__rnafold__historical_legacy121_v1,1K2G_22_dumbbell_nmr_A,rnafold,missing_pair,0,12,false,0,0,[],22
legacy121_v1__1k2g_22_dumbbell_nmr_a__legacy_gt__rnafold__historical_legacy121_v1,1K2G_22_dumbbell_nmr_A,rnafold,missing_pair,13,20,false,0,0,[],22
legacy121_v1__1k2g_22_dumbbell_nmr_a__legacy_gt__rnafold__historical_legacy121_v1,1K2G_22_dumbbell_nmr_A,rnafold,missing_pair,14,19,false,0,0,[],22
legacy121_v1__1k2g_22_dumbbell_nmr_a__legacy_gt__trrosettarna2_native_ss__historical_legacy121_v1,1K2G_22_dumbbell_nmr_A,trrosettarna2_native_ss,false_positive_pair,5,8,false,0,0,[],22
legacy121_v1__1k2g_22_dumbbell_nmr_a__legacy_gt__trrosettarna2_native_ss__historical_legacy121_v1,1K2G_22_dumbbell_nmr_A,trrosettarna2_native_ss,false_positive_pair,15,18,false,0,0,[],22
legacy121_v1__1k6h_22_hp_nmr_a__legacy_gt__trrosettarna2_native_ss__historical_legacy121_v1,1K6H_22_hp_nmr_A,trrosettarna2_native_ss,false_positive_pair,9,12,false,0,0,[],22
legacy121_v1__1ldz_30_hpbulge_nmr_a__legacy_gt__trrosettarna2_native_ss__historical_legacy121_v1,1LDZ_30_hpbulge_nmr_A,trrosettarna2_native_ss,false_positive_pair,5,24,false,0,0,[],30
legacy121_v1__1ldz_30_hpbulge_nmr_a__legacy_gt__trrosettarna2_native_ss__historical_legacy121_v1,1LDZ_30_hpbulge_nmr_A,trrosettarna2_native_ss,false_positive_pair,14,17,false,0,0,[],30
legacy121_v1__1m82_25_hp_nmr_a__legacy_gt__petfold__historical_legacy121_v1,1M82_25_hp_nmr_A,petfold,false_positive_pair,6,18,false,0,0,[],25
legacy121_v1__1m82_25_hp_nmr_a__legacy_gt__rnafold__historical_legacy121_v1,1M82_25_hp_nmr_A,rnafold,false_positive_pair,6,18,false,0,0,[],25
legacy121_v1__1m82_25_hp_nmr_a__legacy_gt__trrosettarna2_native_ss__historical_legacy121_v1,1M82_25_hp_nmr_A,trrosettarna2_native_ss,false_positive_pair,6,18,false,0,0,[],25
legacy121_v1__1m82_25_hp_nmr_a__legacy_gt__trrosettarna2_native_ss__historical_legacy121_v1,1M82_25_hp_nmr_A,trrosettarna2_native_ss,false_positive_pair,10,13,false,0,0,[],25
legacy121_v1__1mt4_24_hp_nmr_a__legacy_gt__trrosettarna2_native_ss__historical_legacy121_v1,1MT4_24_hp_nmr_A,trrosettarna2_native_ss,false_positive_pair,8,15,false,0,0,[],24
legacy121_v1__1mt4_24_hp_nmr_a__legacy_gt__trrosettarna2_native_ss__historical_legacy121_v1,1MT4_24_hp_nmr_A,trrosettarna2_native_ss,false_positive_pair,10,13,false,0,0,[],24
legacy121_v1__1p5m_55_hpbulge_nmr_a__legacy_gt__petfold__historical_legacy121_v1,1P5M_55_hpbulge_nmr_A,petfold,missing_pair,19,40,false,0,0,[],55
legacy121_v1__1p5m_55_hpbulge_nmr_a__legacy_gt__trrosettarna2_native_ss__historical_legacy121_v1,1P5M_55_hpbulge_nmr_A,trrosettarna2_native_ss,missing_pair,15,45,true,2,2,"[[13,45],[15,44]]",55
legacy121_v1__1p5m_55_hpbulge_nmr_a__legacy_gt__trrosettarna2_native_ss__historical_legacy121_v1,1P5M_55_hpbulge_nmr_A,trrosettarna2_native_ss,missing_pair,16,44,true,2,2,"[[15,44],[16,43]]",55
legacy121_v1__1p5m_55_hpbulge_nmr_a__legacy_gt__trrosettarna2_native_ss__historical_legacy121_v1,1P5M_55_hpbulge_nmr_A,trrosettarna2_native_ss,missing_pair,17,43,true,2,2,"[[16,43],[17,42]]",55
legacy121_v1__1p5m_55_hpbulge_nmr_a__legacy_gt__trrosettarna2_native_ss__historical_legacy121_v1,1P5M_55_hpbulge_nmr_A,trrosettarna2_native_ss,missing_pair,18,42,true,2,2,"[[17,42],[18,41]]",55
legacy121_v1__1p5m_55_hpbulge_nmr_a__legacy_gt__trrosettarna2_native_ss__historical_legacy121_v1,1P5M_55_hpbulge_nmr_A,trrosettarna2_native_ss,false_positive_pair,13,45,true,1,1,"[[15,45]]",55
legacy121_v1__1p5m_55_hpbulge_nmr_a__legacy_gt__trrosettarna2_native_ss__historical_legacy121_v1,1P5M_55_hpbulge_nmr_A,trrosettarna2_native_ss,false_positive_pair,15,44,true,2,2,"[[15,45],[16,44]]",55
legacy121_v1__1p5m_55_hpbulge_nmr_a__legacy_gt__trrosettarna2_native_ss__historical_legacy121_v1,1P5M_55_hpbulge_nmr_A,trrosettarna2_native_ss,false_positive_pair,16,43,true,2,2,"[[16,44],[17,43]]",55
legacy121_v1__1p5m_55_hpbulge_nmr_a__legacy_gt__trrosettarna2_native_ss__historical_legacy121_v1,1P5M_55_hpbulge_nmr_A,trrosettarna2_native_ss,false_positive_pair,17,42,true,2,2,"[[17,43],[18,42]]",55
legacy121_v1__1p5m_55_hpbulge_nmr_a__legacy_gt__trrosettarna2_native_ss__historical_legacy121_v1,1P5M_55_hpbulge_nmr_A,trrosettarna2_native_ss,false_positive_pair,18,41,true,1,1,"[[18,42]]",55
legacy121_v1__1p5m_55_hpbulge_nmr_a__legacy_gt__trrosettarna2_native_ss__historical_legacy121_v1,1P5M_55_hpbulge_nmr_A,trrosettarna2_native_ss,false_positive_pair,20,39,false,0,0,[],55
legacy121_v1__1p5m_55_hpbulge_nmr_a__legacy_gt__trrosettarna2_native_ss__historical_legacy121_v1,1P5M_55_hpbulge_nmr_A,trrosettarna2_native_ss,false_positive_pair,21,38,false,0,0,[],55
legacy121_v1__1p5m_55_hpbulge_nmr_a__legacy_gt__trrosettarna2_native_ss__historical_legacy121_v1,1P5M_55_hpbulge_nmr_A,trrosettarna2_native_ss,false_positive_pair,25,34,false,0,0,[],55
legacy121_v1__1p5m_55_hpbulge_nmr_a__legacy_gt__trrosettarna2_native_ss__historical_legacy121_v1,1P5M_55_hpbulge_nmr_A,trrosettarna2_native_ss,false_positive_pair,28,31,false,0,0,[],55
legacy121_v1__1p5o_77_hpbulge_nmr_a__legacy_gt__petfold__historical_legacy121_v1,1P5O_77_hpbulge_nmr_A,petfold,missing_pair,19,62,false,0,0,[],77
legacy121_v1__1p5o_77_hpbulge_nmr_a__legacy_gt__petfold__historical_legacy121_v1,1P5O_77_hpbulge_nmr_A,petfold,false_positive_pair,31,49,false,0,0,[],77
legacy121_v1__1p5o_77_hpbulge_nmr_a__legacy_gt__petfold__historical_legacy121_v1,1P5O_77_hpbulge_nmr_A,petfold,false_positive_pair,34,46,false,0,0,[],77
legacy121_v1__1p5o_77_hpbulge_nmr_a__legacy_gt__rnafold__historical_legacy121_v1,1P5O_77_hpbulge_nmr_A,rnafold,false_positive_pair,31,49,false,0,0,[],77
legacy121_v1__1p5o_77_hpbulge_nmr_a__legacy_gt__rnafold__historical_legacy121_v1,1P5O_77_hpbulge_nmr_A,rnafold,false_positive_pair,34,46,false,0,0,[],77
legacy121_v1__1p5o_77_hpbulge_nmr_a__legacy_gt__trrosettarna2_native_ss__historical_legacy121_v1,1P5O_77_hpbulge_nmr_A,trrosettarna2_native_ss,false_positive_pair,20,61,false,0,0,[],77
legacy121_v1__1p5o_77_hpbulge_nmr_a__legacy_gt__trrosettarna2_native_ss__historical_legacy121_v1,1P5O_77_hpbulge_nmr_A,trrosettarna2_native_ss,false_positive_pair,21,60,false,0,0,[],77
legacy121_v1__1p5o_77_hpbulge_nmr_a__legacy_gt__trrosettarna2_native_ss__historical_legacy121_v1,1P5O_77_hpbulge_nmr_A,trrosettarna2_native_ss,false_positive_pair,25,56,false,0,0,[],77
legacy121_v1__1p5o_77_hpbulge_nmr_a__legacy_gt__trrosettarna2_native_ss__historical_legacy121_v1,1P5O_77_hpbulge_nmr_A,trrosettarna2_native_ss,false_positive_pair,28,53,false,0,0,[],77
legacy121_v1__1p5o_77_hpbulge_nmr_a__legacy_gt__trrosettarna2_native_ss__historical_legacy121_v1,1P5O_77_hpbulge_nmr_A,trrosettarna2_native_ss,false_positive_pair,29,52,false,0,0,[],77
legacy121_v1__1p5o_77_hpbulge_nmr_a__legacy_gt__trrosettarna2_native_ss__historical_legacy121_v1,1P5O_77_hpbulge_nmr_A,trrosettarna2_native_ss,false_positive_pair,30,50,false,0,0,[],77
legacy121_v1__1p5o_77_hpbulge_nmr_a__legacy_gt__trrosettarna2_native_ss__historical_legacy121_v1,1P5O_77_hpbulge_nmr_A,trrosettarna2_native_ss,false_positive_pair,31,49,false,0,0,[],77
legacy121_v1__1p5o_77_hpbulge_nmr_a__legacy_gt__trrosettarna2_native_ss__historical_legacy121_v1,1P5O_77_hpbulge_nmr_A,trrosettarna2_native_ss,false_positive_pair,34,46,false,0,0,[],77
legacy121_v1__1qwa_21_hp_nmr_a__legacy_gt__trrosettarna2_native_ss__historical_legacy121_v1,1QWA_21_hp_nmr_A,trrosettarna2_native_ss,missing_pair,7,12,false,0,0,[],21
legacy121_v1__1qwa_21_hp_nmr_a__legacy_gt__trrosettarna2_native_ss__historical_legacy121_v1,1QWA_21_hp_nmr_A,trrosettarna2_native_ss,false_positive_pair,8,11,false,0,0,[],21
legacy121_v1__1qwb_26_hp_nmr_a__legacy_gt__trrosettarna2_native_ss__historical_legacy121_v1,1QWB_26_hp_nmr_A,trrosettarna2_native_ss,false_positive_pair,6,19,false,0,0,[],26
legacy121_v1__1qwb_26_hp_nmr_a__legacy_gt__trrosettarna2_native_ss__historical_legacy121_v1,1QWB_26_hp_nmr_A,trrosettarna2_native_ss,false_positive_pair,7,18,false,0,0,[],26
legacy121_v1__1qwb_26_hp_nmr_a__legacy_gt__trrosettarna2_native_ss__historical_legacy121_v1,1QWB_26_hp_nmr_A,trrosettarna2_native_ss,false_positive_pair,8,16,false,0,0,[],26
legacy121_v1__1qwb_26_hp_nmr_a__legacy_gt__trrosettarna2_native_ss__historical_legacy121_v1,1QWB_26_hp_nmr_A,trrosettarna2_native_ss,false_positive_pair,9,15,false,0,0,[],26
legacy121_v1__1r7w_34_hpbulge_nmr_a__legacy_gt__trrosettarna2_native_ss__historical_legacy121_v1,1R7W_34_hpbulge_nmr_A,trrosettarna2_native_ss,false_positive_pair,18,21,false,0,0,[],34
legacy121_v1__1rht_24_hp_nmr_a__legacy_gt__petfold__historical_legacy121_v1,1RHT_24_hp_nmr_A,petfold,false_positive_pair,1,21,false,0,0,[],24
legacy121_v1__1rht_24_hp_nmr_a__legacy_gt__petfold__historical_legacy121_v1,1RHT_24_hp_nmr_A,petfold,false_positive_pair,9,14,false,0,0,[],24
legacy121_v1__1rht_24_hp_nmr_a__legacy_gt__rnafold__historical_legacy121_v1,1RHT_24_hp_nmr_A,rnafold,false_positive_pair,1,21,false,0,0,[],24
legacy121_v1__1rht_24_hp_nmr_a__legacy_gt__rnafold__historical_legacy121_v1,1RHT_24_hp_nmr_A,rnafold,false_positive_pair,9,14,false,0,0,[],24
legacy121_v1__1rht_24_hp_nmr_a__legacy_gt__trrosettarna2_native_ss__historical_legacy121_v1,1RHT_24_hp_nmr_A,trrosettarna2_native_ss,false_positive_pair,1,21,false,0,0,[],24
legacy121_v1__1rht_24_hp_nmr_a__legacy_gt__trrosettarna2_native_ss__historical_legacy121_v1,1RHT_24_hp_nmr_A,trrosettarna2_native_ss,false_positive_pair,9,14,false,0,0,[],24
legacy121_v1__1rnk_36_pseudoknot_nmr_a__legacy_gt__petfold__historical_legacy121_v1,1RNK_36_pseudoknot_nmr_A,petfold,missing_pair,7,32,false,0,0,[],34
legacy121_v1__1rnk_36_pseudoknot_nmr_a__legacy_gt__petfold__historical_legacy121_v1,1RNK_36_pseudoknot_nmr_A,petfold,missing_pair,8,31,false,0,0,[],34
legacy121_v1__1rnk_36_pseudoknot_nmr_a__legacy_gt__petfold__historical_legacy121_v1,1RNK_36_pseudoknot_nmr_A,petfold,missing_pair,9,30,false,0,0,[],34
legacy121_v1__1rnk_36_pseudoknot_nmr_a__legacy_gt__petfold__historical_legacy121_v1,1RNK_36_pseudoknot_nmr_A,petfold,missing_pair,10,29,false,0,0,[],34
legacy121_v1__1rnk_36_pseudoknot_nmr_a__legacy_gt__petfold__historical_legacy121_v1,1RNK_36_pseudoknot_nmr_A,petfold,missing_pair,11,28,true,1,1,"[[6,11]]",34
legacy121_v1__1rnk_36_pseudoknot_nmr_a__legacy_gt__petfold__historical_legacy121_v1,1RNK_36_pseudoknot_nmr_A,petfold,missing_pair,12,27,true,1,1,"[[5,12]]",34
legacy121_v1__1rnk_36_pseudoknot_nmr_a__legacy_gt__petfold__historical_legacy121_v1,1RNK_36_pseudoknot_nmr_A,petfold,false_positive_pair,5,12,true,1,1,"[[12,27]]",34
legacy121_v1__1rnk_36_pseudoknot_nmr_a__legacy_gt__petfold__historical_legacy121_v1,1RNK_36_pseudoknot_nmr_A,petfold,false_positive_pair,6,11,true,1,1,"[[11,28]]",34
legacy121_v1__1rnk_36_pseudoknot_nmr_a__legacy_gt__rnafold__historical_legacy121_v1,1RNK_36_pseudoknot_nmr_A,rnafold,missing_pair,7,32,false,0,0,[],34
legacy121_v1__1rnk_36_pseudoknot_nmr_a__legacy_gt__rnafold__historical_legacy121_v1,1RNK_36_pseudoknot_nmr_A,rnafold,missing_pair,8,31,false,0,0,[],34
legacy121_v1__1rnk_36_pseudoknot_nmr_a__legacy_gt__rnafold__historical_legacy121_v1,1RNK_36_pseudoknot_nmr_A,rnafold,missing_pair,9,30,false,0,0,[],34
legacy121_v1__1rnk_36_pseudoknot_nmr_a__legacy_gt__rnafold__historical_legacy121_v1,1RNK_36_pseudoknot_nmr_A,rnafold,missing_pair,10,29,false,0,0,[],34
legacy121_v1__1rnk_36_pseudoknot_nmr_a__legacy_gt__rnafold__historical_legacy121_v1,1RNK_36_pseudoknot_nmr_A,rnafold,missing_pair,11,28,true,1,1,"[[6,11]]",34
legacy121_v1__1rnk_36_pseudoknot_nmr_a__legacy_gt__rnafold__historical_legacy121_v1,1RNK_36_pseudoknot_nmr_A,rnafold,missing_pair,12,27,true,1,1,"[[5,12]]",34
legacy121_v1__1rnk_36_pseudoknot_nmr_a__legacy_gt__rnafold__historical_legacy121_v1,1RNK_36_pseudoknot_nmr_A,rnafold,false_positive_pair,5,12,true,1,1,"[[12,27]]",34
legacy121_v1__1rnk_36_pseudoknot_nmr_a__legacy_gt__rnafold__historical_legacy121_v1,1RNK_36_pseudoknot_nmr_A,rnafold,false_positive_pair,6,11,true,1,1,"[[11,28]]",34
legacy121_v1__1rnk_36_pseudoknot_nmr_a__legacy_gt__trrosettarna2_native_ss__historical_legacy121_v1,1RNK_36_pseudoknot_nmr_A,trrosettarna2_native_ss,missing_pair,0,18,true,2,2,"[[0,32],[8,18]]",34
legacy121_v1__1rnk_36_pseudoknot_nmr_a__legacy_gt__trrosettarna2_native_ss__historical_legacy121_v1,1RNK_36_pseudoknot_nmr_A,trrosettarna2_native_ss,missing_pair,1,17,true,2,2,"[[1,31],[9,17]]",34
legacy121_v1__1rnk_36_pseudoknot_nmr_a__legacy_gt__trrosettarna2_native_ss__historical_legacy121_v1,1RNK_36_pseudoknot_nmr_A,trrosettarna2_native_ss,missing_pair,2,16,true,2,2,"[[2,30],[10,16]]",34
legacy121_v1__1rnk_36_pseudoknot_nmr_a__legacy_gt__trrosettarna2_native_ss__historical_legacy121_v1,1RNK_36_pseudoknot_nmr_A,trrosettarna2_native_ss,missing_pair,3,15,true,2,2,"[[3,29],[11,15]]",34
legacy121_v1__1rnk_36_pseudoknot_nmr_a__legacy_gt__trrosettarna2_native_ss__historical_legacy121_v1,1RNK_36_pseudoknot_nmr_A,trrosettarna2_native_ss,missing_pair,4,14,true,2,2,"[[4,28],[12,14]]",34
legacy121_v1__1rnk_36_pseudoknot_nmr_a__legacy_gt__trrosettarna2_native_ss__historical_legacy121_v1,1RNK_36_pseudoknot_nmr_A,trrosettarna2_native_ss,missing_pair,7,32,true,2,2,"[[0,32],[7,27]]",34
legacy121_v1__1rnk_36_pseudoknot_nmr_a__legacy_gt__trrosettarna2_native_ss__historical_legacy121_v1,1RNK_36_pseudoknot_nmr_A,trrosettarna2_native_ss,missing_pair,8,31,true,2,2,"[[1,31],[8,18]]",34
legacy121_v1__1rnk_36_pseudoknot_nmr_a__legacy_gt__trrosettarna2_native_ss__historical_legacy121_v1,1RNK_36_pseudoknot_nmr_A,trrosettarna2_native_ss,missing_pair,9,30,true,2,2,"[[2,30],[9,17]]",34
legacy121_v1__1rnk_36_pseudoknot_nmr_a__legacy_gt__trrosettarna2_native_ss__historical_legacy121_v1,1RNK_36_pseudoknot_nmr_A,trrosettarna2_native_ss,missing_pair,10,29,true,2,2,"[[3,29],[10,16]]",34
legacy121_v1__1rnk_36_pseudoknot_nmr_a__legacy_gt__trrosettarna2_native_ss__historical_legacy121_v1,1RNK_36_pseudoknot_nmr_A,trrosettarna2_native_ss,missing_pair,11,28,true,2,2,"[[4,28],[11,15]]",34
legacy121_v1__1rnk_36_pseudoknot_nmr_a__legacy_gt__trrosettarna2_native_ss__historical_legacy121_v1,1RNK_36_pseudoknot_nmr_A,trrosettarna2_native_ss,missing_pair,12,27,true,2,2,"[[7,27],[12,14]]",34
legacy121_v1__1rnk_36_pseudoknot_nmr_a__legacy_gt__trrosettarna2_native_ss__historical_legacy121_v1,1RNK_36_pseudoknot_nmr_A,trrosettarna2_native_ss,false_positive_pair,0,32,true,2,2,"[[0,18],[7,32]]",34
legacy121_v1__1rnk_36_pseudoknot_nmr_a__legacy_gt__trrosettarna2_native_ss__historical_legacy121_v1,1RNK_36_pseudoknot_nmr_A,trrosettarna2_native_ss,false_positive_pair,1,31,true,2,2,"[[1,17],[8,31]]",34
legacy121_v1__1rnk_36_pseudoknot_nmr_a__legacy_gt__trrosettarna2_native_ss__historical_legacy121_v1,1RNK_36_pseudoknot_nmr_A,trrosettarna2_native_ss,false_positive_pair,2,30,true,2,2,"[[2,16],[9,30]]",34
legacy121_v1__1rnk_36_pseudoknot_nmr_a__legacy_gt__trrosettarna2_native_ss__historical_legacy121_v1,1RNK_36_pseudoknot_nmr_A,trrosettarna2_native_ss,false_positive_pair,3,29,true,2,2,"[[3,15],[10,29]]",34
legacy121_v1__1rnk_36_pseudoknot_nmr_a__legacy_gt__trrosettarna2_native_ss__historical_legacy121_v1,1RNK_36_pseudoknot_nmr_A,trrosettarna2_native_ss,false_positive_pair,4,28,true,2,2,"[[4,14],[11,28]]",34
legacy121_v1__1rnk_36_pseudoknot_nmr_a__legacy_gt__trrosettarna2_native_ss__historical_legacy121_v1,1RNK_36_pseudoknot_nmr_A,trrosettarna2_native_ss,false_positive_pair,7,27,true,2,2,"[[7,32],[12,27]]",34
legacy121_v1__1rnk_36_pseudoknot_nmr_a__legacy_gt__trrosettarna2_native_ss__historical_legacy121_v1,1RNK_36_pseudoknot_nmr_A,trrosettarna2_native_ss,false_positive_pair,8,18,true,2,2,"[[0,18],[8,31]]",34
legacy121_v1__1rnk_36_pseudoknot_nmr_a__legacy_gt__trrosettarna2_native_ss__historical_legacy121_v1,1RNK_36_pseudoknot_nmr_A,trrosettarna2_native_ss,false_positive_pair,9,17,true,2,2,"[[1,17],[9,30]]",34
legacy121_v1__1rnk_36_pseudoknot_nmr_a__legacy_gt__trrosettarna2_native_ss__historical_legacy121_v1,1RNK_36_pseudoknot_nmr_A,trrosettarna2_native_ss,false_positive_pair,10,16,true,2,2,"[[2,16],[10,29]]",34
legacy121_v1__1rnk_36_pseudoknot_nmr_a__legacy_gt__trrosettarna2_native_ss__historical_legacy121_v1,1RNK_36_pseudoknot_nmr_A,trrosettarna2_native_ss,false_positive_pair,11,15,true,2,2,"[[3,15],[11,28]]",34
legacy121_v1__1rnk_36_pseudoknot_nmr_a__legacy_gt__trrosettarna2_native_ss__historical_legacy121_v1,1RNK_36_pseudoknot_nmr_A,trrosettarna2_native_ss,false_positive_pair,12,14,true,2,2,"[[4,14],[12,27]]",34
legacy121_v1__1s9s_101_3wj_nmr_a__legacy_gt__trrosettarna2_native_ss__historical_legacy121_v1,1S9S_101_3wj_nmr_A,trrosettarna2_native_ss,false_positive_pair,0,29,false,0,0,[],101
legacy121_v1__1s9s_101_3wj_nmr_a__legacy_gt__trrosettarna2_native_ss__historical_legacy121_v1,1S9S_101_3wj_nmr_A,trrosettarna2_native_ss,false_positive_pair,5,24,false,0,0,[],101
legacy121_v1__1s9s_101_3wj_nmr_a__legacy_gt__trrosettarna2_native_ss__historical_legacy121_v1,1S9S_101_3wj_nmr_A,trrosettarna2_native_ss,false_positive_pair,6,23,false,0,0,[],101
legacy121_v1__1s9s_101_3wj_nmr_a__legacy_gt__trrosettarna2_native_ss__historical_legacy121_v1,1S9S_101_3wj_nmr_A,trrosettarna2_native_ss,false_positive_pair,13,16,false,0,0,[],101
legacy121_v1__1s9s_101_3wj_nmr_a__legacy_gt__trrosettarna2_native_ss__historical_legacy121_v1,1S9S_101_3wj_nmr_A,trrosettarna2_native_ss,false_positive_pair,53,56,false,0,0,[],101
legacy121_v1__1t28_34_hpbulge_nmr_a__legacy_gt__petfold__historical_legacy121_v1,1T28_34_hpbulge_nmr_A,petfold,missing_pair,3,31,true,2,2,"[[2,31],[3,30]]",34
legacy121_v1__1t28_34_hpbulge_nmr_a__legacy_gt__petfold__historical_legacy121_v1,1T28_34_hpbulge_nmr_A,petfold,false_positive_pair,2,31,true,1,1,"[[3,31]]",34
legacy121_v1__1t28_34_hpbulge_nmr_a__legacy_gt__petfold__historical_legacy121_v1,1T28_34_hpbulge_nmr_A,petfold,false_positive_pair,3,30,true,1,1,"[[3,31]]",34
legacy121_v1__1t28_34_hpbulge_nmr_a__legacy_gt__petfold__historical_legacy121_v1,1T28_34_hpbulge_nmr_A,petfold,false_positive_pair,5,28,false,0,0,[],34
legacy121_v1__1t28_34_hpbulge_nmr_a__legacy_gt__petfold__historical_legacy121_v1,1T28_34_hpbulge_nmr_A,petfold,false_positive_pair,9,24,false,0,0,[],34
legacy121_v1__1t28_34_hpbulge_nmr_a__legacy_gt__rnafold__historical_legacy121_v1,1T28_34_hpbulge_nmr_A,rnafold,missing_pair,3,31,true,2,2,"[[2,31],[3,30]]",34
legacy121_v1__1t28_34_hpbulge_nmr_a__legacy_gt__rnafold__historical_legacy121_v1,1T28_34_hpbulge_nmr_A,rnafold,false_positive_pair,2,31,true,1,1,"[[3,31]]",34
legacy121_v1__1t28_34_hpbulge_nmr_a__legacy_gt__rnafold__historical_legacy121_v1,1T28_34_hpbulge_nmr_A,rnafold,false_positive_pair,3,30,true,1,1,"[[3,31]]",34
legacy121_v1__1t28_34_hpbulge_nmr_a__legacy_gt__rnafold__historical_legacy121_v1,1T28_34_hpbulge_nmr_A,rnafold,false_positive_pair,5,28,false,0,0,[],34
legacy121_v1__1t28_34_hpbulge_nmr_a__legacy_gt__rnafold__historical_legacy121_v1,1T28_34_hpbulge_nmr_A,rnafold,false_positive_pair,9,24,false,0,0,[],34
legacy121_v1__1t28_34_hpbulge_nmr_a__legacy_gt__trrosettarna2_native_ss__historical_legacy121_v1,1T28_34_hpbulge_nmr_A,trrosettarna2_native_ss,missing_pair,3,31,true,2,2,"[[2,31],[3,30]]",34
legacy121_v1__1t28_34_hpbulge_nmr_a__legacy_gt__trrosettarna2_native_ss__historical_legacy121_v1,1T28_34_hpbulge_nmr_A,trrosettarna2_native_ss,false_positive_pair,2,31,true,1,1,"[[3,31]]",34
legacy121_v1__1t28_34_hpbulge_nmr_a__legacy_gt__trrosettarna2_native_ss__historical_legacy121_v1,1T28_34_hpbulge_nmr_A,trrosettarna2_native_ss,false_positive_pair,3,30,true,1,1,"[[3,31]]",34
legacy121_v1__1t28_34_hpbulge_nmr_a__legacy_gt__trrosettarna2_native_ss__historical_legacy121_v1,1T28_34_hpbulge_nmr_A,trrosettarna2_native_ss,false_positive_pair,5,28,false,0,0,[],34
legacy121_v1__1tjz_26_hp_nmr_a__legacy_gt__trrosettarna2_native_ss__historical_legacy121_v1,1TJZ_26_hp_nmr_A,trrosettarna2_native_ss,false_positive_pair,3,18,false,0,0,[],22
legacy121_v1__1tjz_26_hp_nmr_a__legacy_gt__trrosettarna2_native_ss__historical_legacy121_v1,1TJZ_26_hp_nmr_A,trrosettarna2_native_ss,false_positive_pair,4,17,false,0,0,[],22
legacy121_v1__1tjz_26_hp_nmr_a__legacy_gt__trrosettarna2_native_ss__historical_legacy121_v1,1TJZ_26_hp_nmr_A,trrosettarna2_native_ss,false_positive_pair,9,12,false,0,0,[],22
legacy121_v1__1tlr_23_hp_nmr_a__legacy_gt__trrosettarna2_native_ss__historical_legacy121_v1,1TLR_23_hp_nmr_A,trrosettarna2_native_ss,false_positive_pair,4,18,false,0,0,[],23
legacy121_v1__1tlr_23_hp_nmr_a__legacy_gt__trrosettarna2_native_ss__historical_legacy121_v1,1TLR_23_hp_nmr_A,trrosettarna2_native_ss,false_positive_pair,10,13,false,0,0,[],23
legacy121_v1__1uuu_19_hp_nmr_a__legacy_gt__petfold__historical_legacy121_v1,1UUU_19_hp_nmr_A,petfold,false_positive_pair,0,18,false,0,0,[],19
legacy121_v1__1uuu_19_hp_nmr_a__legacy_gt__petfold__historical_legacy121_v1,1UUU_19_hp_nmr_A,petfold,false_positive_pair,7,11,false,0,0,[],19
legacy121_v1__1uuu_19_hp_nmr_a__legacy_gt__rnafold__historical_legacy121_v1,1UUU_19_hp_nmr_A,rnafold,false_positive_pair,0,18,false,0,0,[],19
legacy121_v1__1uuu_19_hp_nmr_a__legacy_gt__rnafold__historical_legacy121_v1,1UUU_19_hp_nmr_A,rnafold,false_positive_pair,7,11,false,0,0,[],19
legacy121_v1__1uuu_19_hp_nmr_a__legacy_gt__trrosettarna2_native_ss__historical_legacy121_v1,1UUU_19_hp_nmr_A,trrosettarna2_native_ss,missing_pair,6,12,true,1,1,"[[7,12]]",19
legacy121_v1__1uuu_19_hp_nmr_a__legacy_gt__trrosettarna2_native_ss__historical_legacy121_v1,1UUU_19_hp_nmr_A,trrosettarna2_native_ss,false_positive_pair,0,18,false,0,0,[],19
legacy121_v1__1uuu_19_hp_nmr_a__legacy_gt__trrosettarna2_native_ss__historical_legacy121_v1,1UUU_19_hp_nmr_A,trrosettarna2_native_ss,false_positive_pair,7,12,true,1,1,"[[6,12]]",19
legacy121_v1__1xwu_16_hp_nmr_a__legacy_gt__petfold__historical_legacy121_v1,1XWU_16_hp_nmr_A,petfold,missing_pair,5,9,false,0,0,[],16
legacy121_v1__1xwu_16_hp_nmr_a__legacy_gt__rnafold__historical_legacy121_v1,1XWU_16_hp_nmr_A,rnafold,missing_pair,5,9,false,0,0,[],16
legacy121_v1__1xwu_16_hp_nmr_a__legacy_gt__trrosettarna2_native_ss__historical_legacy121_v1,1XWU_16_hp_nmr_A,trrosettarna2_native_ss,false_positive_pair,4,10,false,0,0,[],16
legacy121_v1__1xwu_16_hp_nmr_a__legacy_gt__trrosettarna2_native_ss__historical_legacy121_v1,1XWU_16_hp_nmr_A,trrosettarna2_native_ss,false_positive_pair,6,8,false,0,0,[],16
legacy121_v1__1ylg_31_hp_nmr_a__legacy_gt__petfold__historical_legacy121_v1,1YLG_31_hp_nmr_A,petfold,false_positive_pair,6,24,false,0,0,[],31
legacy121_v1__1ylg_31_hp_nmr_a__legacy_gt__petfold__historical_legacy121_v1,1YLG_31_hp_nmr_A,petfold,false_positive_pair,12,18,false,0,0,[],31
legacy121_v1__1ylg_31_hp_nmr_a__legacy_gt__rnafold__historical_legacy121_v1,1YLG_31_hp_nmr_A,rnafold,false_positive_pair,6,24,false,0,0,[],31
legacy121_v1__1ylg_31_hp_nmr_a__legacy_gt__trrosettarna2_native_ss__historical_legacy121_v1,1YLG_31_hp_nmr_A,trrosettarna2_native_ss,false_positive_pair,6,23,false,0,0,[],31
legacy121_v1__1ylg_31_hp_nmr_a__legacy_gt__trrosettarna2_native_ss__historical_legacy121_v1,1YLG_31_hp_nmr_A,trrosettarna2_native_ss,false_positive_pair,11,18,false,0,0,[],31
legacy121_v1__1ylg_31_hp_nmr_a__legacy_gt__trrosettarna2_native_ss__historical_legacy121_v1,1YLG_31_hp_nmr_A,trrosettarna2_native_ss,false_positive_pair,14,16,false,0,0,[],31
legacy121_v1__1z31_32_hpbulge_nmr_a__legacy_gt__trrosettarna2_native_ss__historical_legacy121_v1,1Z31_32_hpbulge_nmr_A,trrosettarna2_native_ss,false_positive_pair,14,17,false,0,0,[],32
legacy121_v1__2aht_27_hp_nmr_a__legacy_gt__petfold__historical_legacy121_v1,2AHT_27_hp_nmr_A,petfold,false_positive_pair,6,20,false,0,0,[],27
legacy121_v1__2aht_27_hp_nmr_a__legacy_gt__rnafold__historical_legacy121_v1,2AHT_27_hp_nmr_A,rnafold,false_positive_pair,6,20,false,0,0,[],27
legacy121_v1__2aht_27_hp_nmr_a__legacy_gt__trrosettarna2_native_ss__historical_legacy121_v1,2AHT_27_hp_nmr_A,trrosettarna2_native_ss,false_positive_pair,6,19,false,0,0,[],27
legacy121_v1__2aht_27_hp_nmr_a__legacy_gt__trrosettarna2_native_ss__historical_legacy121_v1,2AHT_27_hp_nmr_A,trrosettarna2_native_ss,false_positive_pair,11,14,false,0,0,[],27
legacy121_v1__2es5_23_hp_nmr_a__legacy_gt__petfold__historical_legacy121_v1,2ES5_23_hp_nmr_A,petfold,missing_pair,9,12,false,0,0,[],23
legacy121_v1__2es5_23_hp_nmr_a__legacy_gt__rnafold__historical_legacy121_v1,2ES5_23_hp_nmr_A,rnafold,missing_pair,9,12,false,0,0,[],23
legacy121_v1__2euy_34_hp_nmr_a__legacy_gt__petfold__historical_legacy121_v1,2EUY_34_hp_nmr_A,petfold,missing_pair,8,25,true,2,2,"[[7,25],[8,24]]",34
legacy121_v1__2euy_34_hp_nmr_a__legacy_gt__petfold__historical_legacy121_v1,2EUY_34_hp_nmr_A,petfold,false_positive_pair,7,25,true,1,1,"[[8,25]]",34
legacy121_v1__2euy_34_hp_nmr_a__legacy_gt__petfold__historical_legacy121_v1,2EUY_34_hp_nmr_A,petfold,false_positive_pair,8,24,true,1,1,"[[8,25]]",34
legacy121_v1__2euy_34_hp_nmr_a__legacy_gt__rnafold__historical_legacy121_v1,2EUY_34_hp_nmr_A,rnafold,missing_pair,8,25,true,2,2,"[[7,25],[8,24]]",34
legacy121_v1__2euy_34_hp_nmr_a__legacy_gt__rnafold__historical_legacy121_v1,2EUY_34_hp_nmr_A,rnafold,false_positive_pair,7,25,true,1,1,"[[8,25]]",34
legacy121_v1__2euy_34_hp_nmr_a__legacy_gt__rnafold__historical_legacy121_v1,2EUY_34_hp_nmr_A,rnafold,false_positive_pair,8,24,true,1,1,"[[8,25]]",34
legacy121_v1__2euy_34_hp_nmr_a__legacy_gt__trrosettarna2_native_ss__historical_legacy121_v1,2EUY_34_hp_nmr_A,trrosettarna2_native_ss,false_positive_pair,9,24,false,0,0,[],34
legacy121_v1__2euy_34_hp_nmr_a__legacy_gt__trrosettarna2_native_ss__historical_legacy121_v1,2EUY_34_hp_nmr_A,trrosettarna2_native_ss,false_positive_pair,10,23,false,0,0,[],34
legacy121_v1__2euy_34_hp_nmr_a__legacy_gt__trrosettarna2_native_ss__historical_legacy121_v1,2EUY_34_hp_nmr_A,trrosettarna2_native_ss,false_positive_pair,15,18,false,0,0,[],34
legacy121_v1__2fdt_35_hp_nmr_a__legacy_gt__petfold__historical_legacy121_v1,2FDT_35_hp_nmr_A,petfold,missing_pair,8,28,false,0,0,[],36
legacy121_v1__2fdt_35_hp_nmr_a__legacy_gt__trrosettarna2_native_ss__historical_legacy121_v1,2FDT_35_hp_nmr_A,trrosettarna2_native_ss,missing_pair,15,21,false,0,0,[],36
legacy121_v1__2fdt_35_hp_nmr_a__legacy_gt__trrosettarna2_native_ss__historical_legacy121_v1,2FDT_35_hp_nmr_A,trrosettarna2_native_ss,false_positive_pair,9,27,false,0,0,[],36
legacy121_v1__2fdt_35_hp_nmr_a__legacy_gt__trrosettarna2_native_ss__historical_legacy121_v1,2FDT_35_hp_nmr_A,trrosettarna2_native_ss,false_positive_pair,16,20,false,0,0,[],36
legacy121_v1__2gio_29_hp_nmr_a__legacy_gt__petfold__historical_legacy121_v1,2GIO_29_hp_nmr_A,petfold,missing_pair,8,21,false,0,0,[],29
legacy121_v1__2gio_29_hp_nmr_a__legacy_gt__trrosettarna2_native_ss__historical_legacy121_v1,2GIO_29_hp_nmr_A,trrosettarna2_native_ss,false_positive_pair,5,23,false,0,0,[],29
legacy121_v1__2gio_29_hp_nmr_a__legacy_gt__trrosettarna2_native_ss__historical_legacy121_v1,2GIO_29_hp_nmr_A,trrosettarna2_native_ss,false_positive_pair,6,22,false,0,0,[],29
legacy121_v1__2gio_29_hp_nmr_a__legacy_gt__trrosettarna2_native_ss__historical_legacy121_v1,2GIO_29_hp_nmr_A,trrosettarna2_native_ss,false_positive_pair,9,20,false,0,0,[],29
legacy121_v1__2gio_29_hp_nmr_a__legacy_gt__trrosettarna2_native_ss__historical_legacy121_v1,2GIO_29_hp_nmr_A,trrosettarna2_native_ss,false_positive_pair,13,16,false,0,0,[],29
legacy121_v1__2gv3_22_hp_nmr_a__legacy_gt__petfold__historical_legacy121_v1,2GV3_22_hp_nmr_A,petfold,missing_pair,8,14,false,0,0,[],22
legacy121_v1__2gv3_22_hp_nmr_a__legacy_gt__rnafold__historical_legacy121_v1,2GV3_22_hp_nmr_A,rnafold,missing_pair,8,14,false,0,0,[],22
legacy121_v1__2hua_40_hpbulge_nmr_a__legacy_gt__petfold__historical_legacy121_v1,2HUA_40_hpbulge_nmr_A,petfold,missing_pair,13,24,true,1,1,"[[14,24]]",40
legacy121_v1__2hua_40_hpbulge_nmr_a__legacy_gt__petfold__historical_legacy121_v1,2HUA_40_hpbulge_nmr_A,petfold,false_positive_pair,14,24,true,1,1,"[[13,24]]",40
legacy121_v1__2hua_40_hpbulge_nmr_a__legacy_gt__rnafold__historical_legacy121_v1,2HUA_40_hpbulge_nmr_A,rnafold,missing_pair,13,24,false,0,0,[],40
legacy121_v1__2hua_40_hpbulge_nmr_a__legacy_gt__trrosettarna2_native_ss__historical_legacy121_v1,2HUA_40_hpbulge_nmr_A,trrosettarna2_native_ss,false_positive_pair,7,32,false,0,0,[],40
legacy121_v1__2hua_40_hpbulge_nmr_a__legacy_gt__trrosettarna2_native_ss__historical_legacy121_v1,2HUA_40_hpbulge_nmr_A,trrosettarna2_native_ss,false_positive_pair,10,26,false,0,0,[],40
legacy121_v1__2hua_40_hpbulge_nmr_a__legacy_gt__trrosettarna2_native_ss__historical_legacy121_v1,2HUA_40_hpbulge_nmr_A,trrosettarna2_native_ss,false_positive_pair,17,20,false,0,0,[],40
legacy121_v1__2jtp_34_hp_nmr_a__legacy_gt__trrosettarna2_native_ss__historical_legacy121_v1,2JTP_34_hp_nmr_A,trrosettarna2_native_ss,false_positive_pair,11,22,false,0,0,[],34
legacy121_v1__2k5z_29_hp_nmr_a__legacy_gt__trrosettarna2_native_ss__historical_legacy121_v1,2K5Z_29_hp_nmr_A,trrosettarna2_native_ss,false_positive_pair,9,18,false,0,0,[],29
legacy121_v1__2k5z_29_hp_nmr_a__legacy_gt__trrosettarna2_native_ss__historical_legacy121_v1,2K5Z_29_hp_nmr_A,trrosettarna2_native_ss,false_positive_pair,12,15,false,0,0,[],29
legacy121_v1__2k95_48_pseudoknot_nmr_a__legacy_gt__petfold__historical_legacy121_v1,2K95_48_pseudoknot_nmr_A,petfold,missing_pair,14,46,false,0,0,[],48
legacy121_v1__2k95_48_pseudoknot_nmr_a__legacy_gt__petfold__historical_legacy121_v1,2K95_48_pseudoknot_nmr_A,petfold,missing_pair,15,45,false,0,0,[],48
legacy121_v1__2k95_48_pseudoknot_nmr_a__legacy_gt__petfold__historical_legacy121_v1,2K95_48_pseudoknot_nmr_A,petfold,missing_pair,16,44,false,0,0,[],48
legacy121_v1__2k95_48_pseudoknot_nmr_a__legacy_gt__petfold__historical_legacy121_v1,2K95_48_pseudoknot_nmr_A,petfold,missing_pair,17,43,true,1,1,"[[11,17]]",48
legacy121_v1__2k95_48_pseudoknot_nmr_a__legacy_gt__petfold__historical_legacy121_v1,2K95_48_pseudoknot_nmr_A,petfold,missing_pair,18,42,true,1,1,"[[10,18]]",48
legacy121_v1__2k95_48_pseudoknot_nmr_a__legacy_gt__petfold__historical_legacy121_v1,2K95_48_pseudoknot_nmr_A,petfold,missing_pair,19,41,false,0,0,[],48
legacy121_v1__2k95_48_pseudoknot_nmr_a__legacy_gt__petfold__historical_legacy121_v1,2K95_48_pseudoknot_nmr_A,petfold,missing_pair,20,39,false,0,0,[],48
legacy121_v1__2k95_48_pseudoknot_nmr_a__legacy_gt__petfold__historical_legacy121_v1,2K95_48_pseudoknot_nmr_A,petfold,missing_pair,21,38,false,0,0,[],48
legacy121_v1__2k95_48_pseudoknot_nmr_a__legacy_gt__petfold__historical_legacy121_v1,2K95_48_pseudoknot_nmr_A,petfold,missing_pair,22,37,false,0,0,[],48
legacy121_v1__2k95_48_pseudoknot_nmr_a__legacy_gt__petfold__historical_legacy121_v1,2K95_48_pseudoknot_nmr_A,petfold,false_positive_pair,10,18,true,1,1,"[[18,42]]",48
legacy121_v1__2k95_48_pseudoknot_nmr_a__legacy_gt__petfold__historical_legacy121_v1,2K95_48_pseudoknot_nmr_A,petfold,false_positive_pair,11,17,true,1,1,"[[17,43]]",48
legacy121_v1__2k95_48_pseudoknot_nmr_a__legacy_gt__rnafold__historical_legacy121_v1,2K95_48_pseudoknot_nmr_A,rnafold,missing_pair,14,46,false,0,0,[],48
legacy121_v1__2k95_48_pseudoknot_nmr_a__legacy_gt__rnafold__historical_legacy121_v1,2K95_48_pseudoknot_nmr_A,rnafold,missing_pair,15,45,false,0,0,[],48
legacy121_v1__2k95_48_pseudoknot_nmr_a__legacy_gt__rnafold__historical_legacy121_v1,2K95_48_pseudoknot_nmr_A,rnafold,missing_pair,16,44,false,0,0,[],48
legacy121_v1__2k95_48_pseudoknot_nmr_a__legacy_gt__rnafold__historical_legacy121_v1,2K95_48_pseudoknot_nmr_A,rnafold,missing_pair,17,43,true,1,1,"[[11,17]]",48
legacy121_v1__2k95_48_pseudoknot_nmr_a__legacy_gt__rnafold__historical_legacy121_v1,2K95_48_pseudoknot_nmr_A,rnafold,missing_pair,18,42,true,1,1,"[[10,18]]",48
legacy121_v1__2k95_48_pseudoknot_nmr_a__legacy_gt__rnafold__historical_legacy121_v1,2K95_48_pseudoknot_nmr_A,rnafold,missing_pair,19,41,false,0,0,[],48
legacy121_v1__2k95_48_pseudoknot_nmr_a__legacy_gt__rnafold__historical_legacy121_v1,2K95_48_pseudoknot_nmr_A,rnafold,missing_pair,20,39,false,0,0,[],48
legacy121_v1__2k95_48_pseudoknot_nmr_a__legacy_gt__rnafold__historical_legacy121_v1,2K95_48_pseudoknot_nmr_A,rnafold,missing_pair,21,38,false,0,0,[],48
legacy121_v1__2k95_48_pseudoknot_nmr_a__legacy_gt__rnafold__historical_legacy121_v1,2K95_48_pseudoknot_nmr_A,rnafold,missing_pair,22,37,false,0,0,[],48
legacy121_v1__2k95_48_pseudoknot_nmr_a__legacy_gt__rnafold__historical_legacy121_v1,2K95_48_pseudoknot_nmr_A,rnafold,false_positive_pair,10,18,true,1,1,"[[18,42]]",48
legacy121_v1__2k95_48_pseudoknot_nmr_a__legacy_gt__rnafold__historical_legacy121_v1,2K95_48_pseudoknot_nmr_A,rnafold,false_positive_pair,11,17,true,1,1,"[[17,43]]",48
legacy121_v1__2k95_48_pseudoknot_nmr_a__legacy_gt__trrosettarna2_native_ss__historical_legacy121_v1,2K95_48_pseudoknot_nmr_A,trrosettarna2_native_ss,missing_pair,0,28,true,2,2,"[[0,46],[16,28]]",48
legacy121_v1__2k95_48_pseudoknot_nmr_a__legacy_gt__trrosettarna2_native_ss__historical_legacy121_v1,2K95_48_pseudoknot_nmr_A,trrosettarna2_native_ss,missing_pair,1,27,true,2,2,"[[1,45],[17,27]]",48
legacy121_v1__2k95_48_pseudoknot_nmr_a__legacy_gt__trrosettarna2_native_ss__historical_legacy121_v1,2K95_48_pseudoknot_nmr_A,trrosettarna2_native_ss,missing_pair,2,26,true,2,2,"[[2,44],[18,26]]",48
legacy121_v1__2k95_48_pseudoknot_nmr_a__legacy_gt__trrosettarna2_native_ss__historical_legacy121_v1,2K95_48_pseudoknot_nmr_A,trrosettarna2_native_ss,missing_pair,3,25,true,2,2,"[[3,43],[19,25]]",48
legacy121_v1__2k95_48_pseudoknot_nmr_a__legacy_gt__trrosettarna2_native_ss__historical_legacy121_v1,2K95_48_pseudoknot_nmr_A,trrosettarna2_native_ss,missing_pair,4,24,true,2,2,"[[4,42],[21,24]]",48
legacy121_v1__2k95_48_pseudoknot_nmr_a__legacy_gt__trrosettarna2_native_ss__historical_legacy121_v1,2K95_48_pseudoknot_nmr_A,trrosettarna2_native_ss,missing_pair,5,23,true,2,2,"[[5,41],[22,23]]",48
legacy121_v1__2k95_48_pseudoknot_nmr_a__legacy_gt__trrosettarna2_native_ss__historical_legacy121_v1,2K95_48_pseudoknot_nmr_A,trrosettarna2_native_ss,missing_pair,14,46,true,2,2,"[[0,46],[14,37]]",48
legacy121_v1__2k95_48_pseudoknot_nmr_a__legacy_gt__trrosettarna2_native_ss__historical_legacy121_v1,2K95_48_pseudoknot_nmr_A,trrosettarna2_native_ss,missing_pair,15,45,true,2,2,"[[1,45],[15,36]]",48
legacy121_v1__2k95_48_pseudoknot_nmr_a__legacy_gt__trrosettarna2_native_ss__historical_legacy121_v1,2K95_48_pseudoknot_nmr_A,trrosettarna2_native_ss,missing_pair,16,44,true,2,2,"[[2,44],[16,28]]",48
legacy121_v1__2k95_48_pseudoknot_nmr_a__legacy_gt__trrosettarna2_native_ss__historical_legacy121_v1,2K95_48_pseudoknot_nmr_A,trrosettarna2_native_ss,missing_pair,17,43,true,2,2,"[[3,43],[17,27]]",48
legacy121_v1__2k95_48_pseudoknot_nmr_a__legacy_gt__trrosettarna2_native_ss__historical_legacy121_v1,2K95_48_pseudoknot_nmr_A,trrosettarna2_native_ss,missing_pair,18,42,true,2,2,"[[4,42],[18,26]]",48
legacy121_v1__2k95_48_pseudoknot_nmr_a__legacy_gt__trrosettarna2_native_ss__historical_legacy121_v1,2K95_48_pseudoknot_nmr_A,trrosettarna2_native_ss,missing_pair,19,41,true,2,2,"[[5,41],[19,25]]",48
legacy121_v1__2k95_48_pseudoknot_nmr_a__legacy_gt__trrosettarna2_native_ss__historical_legacy121_v1,2K95_48_pseudoknot_nmr_A,trrosettarna2_native_ss,missing_pair,20,39,true,1,1,"[[6,39]]",48
legacy121_v1__2k95_48_pseudoknot_nmr_a__legacy_gt__trrosettarna2_native_ss__historical_legacy121_v1,2K95_48_pseudoknot_nmr_A,trrosettarna2_native_ss,missing_pair,21,38,true,2,2,"[[9,38],[21,24]]",48
legacy121_v1__2k95_48_pseudoknot_nmr_a__legacy_gt__trrosettarna2_native_ss__historical_legacy121_v1,2K95_48_pseudoknot_nmr_A,trrosettarna2_native_ss,missing_pair,22,37,true,2,2,"[[14,37],[22,23]]",48
legacy121_v1__2k95_48_pseudoknot_nmr_a__legacy_gt__trrosettarna2_native_ss__historical_legacy121_v1,2K95_48_pseudoknot_nmr_A,trrosettarna2_native_ss,false_positive_pair,0,46,true,2,2,"[[0,28],[14,46]]",48
legacy121_v1__2k95_48_pseudoknot_nmr_a__legacy_gt__trrosettarna2_native_ss__historical_legacy121_v1,2K95_48_pseudoknot_nmr_A,trrosettarna2_native_ss,false_positive_pair,1,45,true,2,2,"[[1,27],[15,45]]",48
legacy121_v1__2k95_48_pseudoknot_nmr_a__legacy_gt__trrosettarna2_native_ss__historical_legacy121_v1,2K95_48_pseudoknot_nmr_A,trrosettarna2_native_ss,false_positive_pair,2,44,true,2,2,"[[2,26],[16,44]]",48
legacy121_v1__2k95_48_pseudoknot_nmr_a__legacy_gt__trrosettarna2_native_ss__historical_legacy121_v1,2K95_48_pseudoknot_nmr_A,trrosettarna2_native_ss,false_positive_pair,3,43,true,2,2,"[[3,25],[17,43]]",48
legacy121_v1__2k95_48_pseudoknot_nmr_a__legacy_gt__trrosettarna2_native_ss__historical_legacy121_v1,2K95_48_pseudoknot_nmr_A,trrosettarna2_native_ss,false_positive_pair,4,42,true,2,2,"[[4,24],[18,42]]",48
legacy121_v1__2k95_48_pseudoknot_nmr_a__legacy_gt__trrosettarna2_native_ss__historical_legacy121_v1,2K95_48_pseudoknot_nmr_A,trrosettarna2_native_ss,false_positive_pair,5,41,true,2,2,"[[5,23],[19,41]]",48
legacy121_v1__2k95_48_pseudoknot_nmr_a__legacy_gt__trrosettarna2_native_ss__historical_legacy121_v1,2K95_48_pseudoknot_nmr_A,trrosettarna2_native_ss,false_positive_pair,6,39,true,1,1,"[[20,39]]",48
legacy121_v1__2k95_48_pseudoknot_nmr_a__legacy_gt__trrosettarna2_native_ss__historical_legacy121_v1,2K95_48_pseudoknot_nmr_A,trrosettarna2_native_ss,false_positive_pair,9,38,true,1,1,"[[21,38]]",48
legacy121_v1__2k95_48_pseudoknot_nmr_a__legacy_gt__trrosettarna2_native_ss__historical_legacy121_v1,2K95_48_pseudoknot_nmr_A,trrosettarna2_native_ss,false_positive_pair,14,37,true,2,2,"[[14,46],[22,37]]",48
legacy121_v1__2k95_48_pseudoknot_nmr_a__legacy_gt__trrosettarna2_native_ss__historical_legacy121_v1,2K95_48_pseudoknot_nmr_A,trrosettarna2_native_ss,false_positive_pair,15,36,true,1,1,"[[15,45]]",48
legacy121_v1__2k95_48_pseudoknot_nmr_a__legacy_gt__trrosettarna2_native_ss__historical_legacy121_v1,2K95_48_pseudoknot_nmr_A,trrosettarna2_native_ss,false_positive_pair,16,28,true,2,2,"[[0,28],[16,44]]",48
legacy121_v1__2k95_48_pseudoknot_nmr_a__legacy_gt__trrosettarna2_native_ss__historical_legacy121_v1,2K95_48_pseudoknot_nmr_A,trrosettarna2_native_ss,false_positive_pair,17,27,true,2,2,"[[1,27],[17,43]]",48
legacy121_v1__2k95_48_pseudoknot_nmr_a__legacy_gt__trrosettarna2_native_ss__historical_legacy121_v1,2K95_48_pseudoknot_nmr_A,trrosettarna2_native_ss,false_positive_pair,18,26,true,2,2,"[[2,26],[18,42]]",48
legacy121_v1__2k95_48_pseudoknot_nmr_a__legacy_gt__trrosettarna2_native_ss__historical_legacy121_v1,2K95_48_pseudoknot_nmr_A,trrosettarna2_native_ss,false_positive_pair,19,25,true,2,2,"[[3,25],[19,41]]",48
legacy121_v1__2k95_48_pseudoknot_nmr_a__legacy_gt__trrosettarna2_native_ss__historical_legacy121_v1,2K95_48_pseudoknot_nmr_A,trrosettarna2_native_ss,false_positive_pair,21,24,true,2,2,"[[4,24],[21,38]]",48
legacy121_v1__2k95_48_pseudoknot_nmr_a__legacy_gt__trrosettarna2_native_ss__historical_legacy121_v1,2K95_48_pseudoknot_nmr_A,trrosettarna2_native_ss,false_positive_pair,22,23,true,2,2,"[[5,23],[22,37]]",48
legacy121_v1__2ke6_49_hp_nmr_a__legacy_gt__petfold__historical_legacy121_v1,2KE6_49_hp_nmr_A,petfold,missing_pair,8,39,true,1,1,"[[8,38]]",48
legacy121_v1__2ke6_49_hp_nmr_a__legacy_gt__petfold__historical_legacy121_v1,2KE6_49_hp_nmr_A,petfold,false_positive_pair,5,42,false,0,0,[],48
legacy121_v1__2ke6_49_hp_nmr_a__legacy_gt__petfold__historical_legacy121_v1,2KE6_49_hp_nmr_A,petfold,false_positive_pair,8,38,true,1,1,"[[8,39]]",48
legacy121_v1__2ke6_49_hp_nmr_a__legacy_gt__rnafold__historical_legacy121_v1,2KE6_49_hp_nmr_A,rnafold,false_positive_pair,5,42,false,0,0,[],48
legacy121_v1__2ke6_49_hp_nmr_a__legacy_gt__trrosettarna2_native_ss__historical_legacy121_v1,2KE6_49_hp_nmr_A,trrosettarna2_native_ss,false_positive_pair,20,26,false,0,0,[],48
legacy121_v1__2khy_38_hpbulge_nmr_a__legacy_gt__petfold__historical_legacy121_v1,2KHY_38_hpbulge_nmr_A,petfold,false_positive_pair,0,37,false,0,0,[],38
legacy121_v1__2khy_38_hpbulge_nmr_a__legacy_gt__rnafold__historical_legacy121_v1,2KHY_38_hpbulge_nmr_A,rnafold,false_positive_pair,0,37,false,0,0,[],38
legacy121_v1__2khy_38_hpbulge_nmr_a__legacy_gt__trrosettarna2_native_ss__historical_legacy121_v1,2KHY_38_hpbulge_nmr_A,trrosettarna2_native_ss,false_positive_pair,0,37,false,0,0,[],38
legacy121_v1__2khy_38_hpbulge_nmr_a__legacy_gt__trrosettarna2_native_ss__historical_legacy121_v1,2KHY_38_hpbulge_nmr_A,trrosettarna2_native_ss,false_positive_pair,9,27,false,0,0,[],38
legacy121_v1__2khy_38_hpbulge_nmr_a__legacy_gt__trrosettarna2_native_ss__historical_legacy121_v1,2KHY_38_hpbulge_nmr_A,trrosettarna2_native_ss,false_positive_pair,11,26,false,0,0,[],38
legacy121_v1__2khy_38_hpbulge_nmr_a__legacy_gt__trrosettarna2_native_ss__historical_legacy121_v1,2KHY_38_hpbulge_nmr_A,trrosettarna2_native_ss,false_positive_pair,12,25,false,0,0,[],38
legacy121_v1__2khy_38_hpbulge_nmr_a__legacy_gt__trrosettarna2_native_ss__historical_legacy121_v1,2KHY_38_hpbulge_nmr_A,trrosettarna2_native_ss,false_positive_pair,17,20,false,0,0,[],38
legacy121_v1__2khy_38_hpbulge_nmr_a__legacy_gt__trrosettarna2_native_ss__historical_legacy121_v1,2KHY_38_hpbulge_nmr_A,trrosettarna2_native_ss,false_positive_pair,30,31,false,0,0,[],38
legacy121_v1__2kpv_34_hpbulge_nmr_a__legacy_gt__petfold__historical_legacy121_v1,2KPV_34_hpbulge_nmr_A,petfold,missing_pair,9,23,false,0,0,[],34
legacy121_v1__2kpv_34_hpbulge_nmr_a__legacy_gt__rnafold__historical_legacy121_v1,2KPV_34_hpbulge_nmr_A,rnafold,missing_pair,9,23,false,0,0,[],34
legacy121_v1__2kpv_34_hpbulge_nmr_a__legacy_gt__trrosettarna2_native_ss__historical_legacy121_v1,2KPV_34_hpbulge_nmr_A,trrosettarna2_native_ss,false_positive_pair,14,17,false,0,0,[],34
legacy121_v1__2krl_102_3wj_nmr_a__legacy_gt__petfold__historical_legacy121_v1,2KRL_102_3wj_nmr_A,petfold,missing_pair,39,99,false,0,0,[],102
legacy121_v1__2krl_102_3wj_nmr_a__legacy_gt__petfold__historical_legacy121_v1,2KRL_102_3wj_nmr_A,petfold,missing_pair,40,98,false,0,0,[],102
legacy121_v1__2krl_102_3wj_nmr_a__legacy_gt__petfold__historical_legacy121_v1,2KRL_102_3wj_nmr_A,petfold,missing_pair,71,83,false,0,0,[],102
legacy121_v1__2krl_102_3wj_nmr_a__legacy_gt__petfold__historical_legacy121_v1,2KRL_102_3wj_nmr_A,petfold,false_positive_pair,0,19,false,0,0,[],102
legacy121_v1__2krl_102_3wj_nmr_a__legacy_gt__petfold__historical_legacy121_v1,2KRL_102_3wj_nmr_A,petfold,false_positive_pair,60,93,false,0,0,[],102
legacy121_v1__2krl_102_3wj_nmr_a__legacy_gt__petfold__historical_legacy121_v1,2KRL_102_3wj_nmr_A,petfold,false_positive_pair,72,81,false,0,0,[],102
legacy121_v1__2krl_102_3wj_nmr_a__legacy_gt__petfold__historical_legacy121_v1,2KRL_102_3wj_nmr_A,petfold,false_positive_pair,73,80,false,0,0,[],102
legacy121_v1__2krl_102_3wj_nmr_a__legacy_gt__petfold__historical_legacy121_v1,2KRL_102_3wj_nmr_A,petfold,false_positive_pair,74,79,false,0,0,[],102
legacy121_v1__2krl_102_3wj_nmr_a__legacy_gt__rnafold__historical_legacy121_v1,2KRL_102_3wj_nmr_A,rnafold,missing_pair,39,99,false,0,0,[],102
legacy121_v1__2krl_102_3wj_nmr_a__legacy_gt__rnafold__historical_legacy121_v1,2KRL_102_3wj_nmr_A,rnafold,missing_pair,40,98,false,0,0,[],102
legacy121_v1__2krl_102_3wj_nmr_a__legacy_gt__rnafold__historical_legacy121_v1,2KRL_102_3wj_nmr_A,rnafold,missing_pair,71,83,false,0,0,[],102
legacy121_v1__2krl_102_3wj_nmr_a__legacy_gt__rnafold__historical_legacy121_v1,2KRL_102_3wj_nmr_A,rnafold,false_positive_pair,0,19,false,0,0,[],102
legacy121_v1__2krl_102_3wj_nmr_a__legacy_gt__rnafold__historical_legacy121_v1,2KRL_102_3wj_nmr_A,rnafold,false_positive_pair,72,81,false,0,0,[],102
legacy121_v1__2krl_102_3wj_nmr_a__legacy_gt__rnafold__historical_legacy121_v1,2KRL_102_3wj_nmr_A,rnafold,false_positive_pair,73,80,false,0,0,[],102
legacy121_v1__2krl_102_3wj_nmr_a__legacy_gt__rnafold__historical_legacy121_v1,2KRL_102_3wj_nmr_A,rnafold,false_positive_pair,74,79,false,0,0,[],102
legacy121_v1__2krl_102_3wj_nmr_a__legacy_gt__trrosettarna2_native_ss__historical_legacy121_v1,2KRL_102_3wj_nmr_A,trrosettarna2_native_ss,missing_pair,26,52,true,2,2,"[[26,100],[29,52]]",102
legacy121_v1__2krl_102_3wj_nmr_a__legacy_gt__trrosettarna2_native_ss__historical_legacy121_v1,2KRL_102_3wj_nmr_A,trrosettarna2_native_ss,missing_pair,27,51,true,2,2,"[[27,99],[30,51]]",102
legacy121_v1__2krl_102_3wj_nmr_a__legacy_gt__trrosettarna2_native_ss__historical_legacy121_v1,2KRL_102_3wj_nmr_A,trrosettarna2_native_ss,missing_pair,28,50,true,2,2,"[[28,98],[31,50]]",102
legacy121_v1__2krl_102_3wj_nmr_a__legacy_gt__trrosettarna2_native_ss__historical_legacy121_v1,2KRL_102_3wj_nmr_A,trrosettarna2_native_ss,missing_pair,29,49,true,2,2,"[[29,52],[32,49]]",102
legacy121_v1__2krl_102_3wj_nmr_a__legacy_gt__trrosettarna2_native_ss__historical_legacy121_v1,2KRL_102_3wj_nmr_A,trrosettarna2_native_ss,missing_pair,30,48,true,2,2,"[[30,51],[33,48]]",102
legacy121_v1__2krl_102_3wj_nmr_a__legacy_gt__trrosettarna2_native_ss__historical_legacy121_v1,2KRL_102_3wj_nmr_A,trrosettarna2_native_ss,missing_pair,31,47,true,2,2,"[[31,50],[34,47]]",102
legacy121_v1__2krl_102_3wj_nmr_a__legacy_gt__trrosettarna2_native_ss__historical_legacy121_v1,2KRL_102_3wj_nmr_A,trrosettarna2_native_ss,missing_pair,32,46,true,2,2,"[[32,49],[35,46]]",102
legacy121_v1__2krl_102_3wj_nmr_a__legacy_gt__trrosettarna2_native_ss__historical_legacy121_v1,2KRL_102_3wj_nmr_A,trrosettarna2_native_ss,missing_pair,33,45,true,2,2,"[[33,48],[38,45]]",102
legacy121_v1__2krl_102_3wj_nmr_a__legacy_gt__trrosettarna2_native_ss__historical_legacy121_v1,2KRL_102_3wj_nmr_A,trrosettarna2_native_ss,missing_pair,34,44,true,2,2,"[[34,47],[39,44]]",102
legacy121_v1__2krl_102_3wj_nmr_a__legacy_gt__trrosettarna2_native_ss__historical_legacy121_v1,2KRL_102_3wj_nmr_A,trrosettarna2_native_ss,missing_pair,39,99,true,2,2,"[[27,99],[39,44]]",102
legacy121_v1__2krl_102_3wj_nmr_a__legacy_gt__trrosettarna2_native_ss__historical_legacy121_v1,2KRL_102_3wj_nmr_A,trrosettarna2_native_ss,missing_pair,40,98,true,2,2,"[[28,98],[40,43]]",102
legacy121_v1__2krl_102_3wj_nmr_a__legacy_gt__trrosettarna2_native_ss__historical_legacy121_v1,2KRL_102_3wj_nmr_A,trrosettarna2_native_ss,missing_pair,71,83,false,0,0,[],102
legacy121_v1__2krl_102_3wj_nmr_a__legacy_gt__trrosettarna2_native_ss__historical_legacy121_v1,2KRL_102_3wj_nmr_A,trrosettarna2_native_ss,false_positive_pair,0,19,false,0,0,[],102
legacy121_v1__2krl_102_3wj_nmr_a__legacy_gt__trrosettarna2_native_ss__historical_legacy121_v1,2KRL_102_3wj_nmr_A,trrosettarna2_native_ss,false_positive_pair,26,100,true,1,1,"[[26,52]]",102
legacy121_v1__2krl_102_3wj_nmr_a__legacy_gt__trrosettarna2_native_ss__historical_legacy121_v1,2KRL_102_3wj_nmr_A,trrosettarna2_native_ss,false_positive_pair,27,99,true,2,2,"[[27,51],[39,99]]",102
legacy121_v1__2krl_102_3wj_nmr_a__legacy_gt__trrosettarna2_native_ss__historical_legacy121_v1,2KRL_102_3wj_nmr_A,trrosettarna2_native_ss,false_positive_pair,28,98,true,2,2,"[[28,50],[40,98]]",102
legacy121_v1__2krl_102_3wj_nmr_a__legacy_gt__trrosettarna2_native_ss__historical_legacy121_v1,2KRL_102_3wj_nmr_A,trrosettarna2_native_ss,false_positive_pair,29,52,true,2,2,"[[26,52],[29,49]]",102
legacy121_v1__2krl_102_3wj_nmr_a__legacy_gt__trrosettarna2_native_ss__historical_legacy121_v1,2KRL_102_3wj_nmr_A,trrosettarna2_native_ss,false_positive_pair,30,51,true,2,2,"[[27,51],[30,48]]",102
legacy121_v1__2krl_102_3wj_nmr_a__legacy_gt__trrosettarna2_native_ss__historical_legacy121_v1,2KRL_102_3wj_nmr_A,trrosettarna2_native_ss,false_positive_pair,31,50,true,2,2,"[[28,50],[31,47]]",102
legacy121_v1__2krl_102_3wj_nmr_a__legacy_gt__trrosettarna2_native_ss__historical_legacy121_v1,2KRL_102_3wj_nmr_A,trrosettarna2_native_ss,false_positive_pair,32,49,true,2,2,"[[29,49],[32,46]]",102
legacy121_v1__2krl_102_3wj_nmr_a__legacy_gt__trrosettarna2_native_ss__historical_legacy121_v1,2KRL_102_3wj_nmr_A,trrosettarna2_native_ss,false_positive_pair,33,48,true,2,2,"[[30,48],[33,45]]",102
legacy121_v1__2krl_102_3wj_nmr_a__legacy_gt__trrosettarna2_native_ss__historical_legacy121_v1,2KRL_102_3wj_nmr_A,trrosettarna2_native_ss,false_positive_pair,34,47,true,2,2,"[[31,47],[34,44]]",102
legacy121_v1__2krl_102_3wj_nmr_a__legacy_gt__trrosettarna2_native_ss__historical_legacy121_v1,2KRL_102_3wj_nmr_A,trrosettarna2_native_ss,false_positive_pair,35,46,true,1,1,"[[32,46]]",102
legacy121_v1__2krl_102_3wj_nmr_a__legacy_gt__trrosettarna2_native_ss__historical_legacy121_v1,2KRL_102_3wj_nmr_A,trrosettarna2_native_ss,false_positive_pair,38,45,true,1,1,"[[33,45]]",102
legacy121_v1__2krl_102_3wj_nmr_a__legacy_gt__trrosettarna2_native_ss__historical_legacy121_v1,2KRL_102_3wj_nmr_A,trrosettarna2_native_ss,false_positive_pair,39,44,true,2,2,"[[34,44],[39,99]]",102
legacy121_v1__2krl_102_3wj_nmr_a__legacy_gt__trrosettarna2_native_ss__historical_legacy121_v1,2KRL_102_3wj_nmr_A,trrosettarna2_native_ss,false_positive_pair,40,43,true,1,1,"[[40,98]]",102
legacy121_v1__2krl_102_3wj_nmr_a__legacy_gt__trrosettarna2_native_ss__historical_legacy121_v1,2KRL_102_3wj_nmr_A,trrosettarna2_native_ss,false_positive_pair,60,93,false,0,0,[],102
legacy121_v1__2krl_102_3wj_nmr_a__legacy_gt__trrosettarna2_native_ss__historical_legacy121_v1,2KRL_102_3wj_nmr_A,trrosettarna2_native_ss,false_positive_pair,66,86,false,0,0,[],102
legacy121_v1__2krl_102_3wj_nmr_a__legacy_gt__trrosettarna2_native_ss__historical_legacy121_v1,2KRL_102_3wj_nmr_A,trrosettarna2_native_ss,false_positive_pair,72,81,false,0,0,[],102
legacy121_v1__2krl_102_3wj_nmr_a__legacy_gt__trrosettarna2_native_ss__historical_legacy121_v1,2KRL_102_3wj_nmr_A,trrosettarna2_native_ss,false_positive_pair,73,80,false,0,0,[],102
legacy121_v1__2krl_102_3wj_nmr_a__legacy_gt__trrosettarna2_native_ss__historical_legacy121_v1,2KRL_102_3wj_nmr_A,trrosettarna2_native_ss,false_positive_pair,74,79,false,0,0,[],102
legacy121_v1__2krl_102_3wj_nmr_a__legacy_gt__trrosettarna2_native_ss__historical_legacy121_v1,2KRL_102_3wj_nmr_A,trrosettarna2_native_ss,false_positive_pair,75,78,false,0,0,[],102
legacy121_v1__2kvn_17_hp_nmr_a__legacy_gt__trrosettarna2_native_ss__historical_legacy121_v1,2KVN_17_hp_nmr_A,trrosettarna2_native_ss,false_positive_pair,5,10,false,0,0,[],17
legacy121_v1__2kzl_55_hpbulge_nmr_a__legacy_gt__petfold__historical_legacy121_v1,2KZL_55_hpbulge_nmr_A,petfold,false_positive_pair,0,54,false,0,0,[],55
legacy121_v1__2kzl_55_hpbulge_nmr_a__legacy_gt__rnafold__historical_legacy121_v1,2KZL_55_hpbulge_nmr_A,rnafold,false_positive_pair,0,54,false,0,0,[],55
legacy121_v1__2kzl_55_hpbulge_nmr_a__legacy_gt__trrosettarna2_native_ss__historical_legacy121_v1,2KZL_55_hpbulge_nmr_A,trrosettarna2_native_ss,false_positive_pair,0,54,false,0,0,[],55
legacy121_v1__2kzl_55_hpbulge_nmr_a__legacy_gt__trrosettarna2_native_ss__historical_legacy121_v1,2KZL_55_hpbulge_nmr_A,trrosettarna2_native_ss,false_positive_pair,9,48,false,0,0,[],55
legacy121_v1__2kzl_55_hpbulge_nmr_a__legacy_gt__trrosettarna2_native_ss__historical_legacy121_v1,2KZL_55_hpbulge_nmr_A,trrosettarna2_native_ss,false_positive_pair,10,47,false,0,0,[],55
legacy121_v1__2kzl_55_hpbulge_nmr_a__legacy_gt__trrosettarna2_native_ss__historical_legacy121_v1,2KZL_55_hpbulge_nmr_A,trrosettarna2_native_ss,false_positive_pair,11,46,false,0,0,[],55
legacy121_v1__2kzl_55_hpbulge_nmr_a__legacy_gt__trrosettarna2_native_ss__historical_legacy121_v1,2KZL_55_hpbulge_nmr_A,trrosettarna2_native_ss,false_positive_pair,19,37,false,0,0,[],55
legacy121_v1__2kzl_55_hpbulge_nmr_a__legacy_gt__trrosettarna2_native_ss__historical_legacy121_v1,2KZL_55_hpbulge_nmr_A,trrosettarna2_native_ss,false_positive_pair,21,36,false,0,0,[],55
legacy121_v1__2kzl_55_hpbulge_nmr_a__legacy_gt__trrosettarna2_native_ss__historical_legacy121_v1,2KZL_55_hpbulge_nmr_A,trrosettarna2_native_ss,false_positive_pair,22,35,false,0,0,[],55
legacy121_v1__2kzl_55_hpbulge_nmr_a__legacy_gt__trrosettarna2_native_ss__historical_legacy121_v1,2KZL_55_hpbulge_nmr_A,trrosettarna2_native_ss,false_positive_pair,27,30,false,0,0,[],55
legacy121_v1__2l2j_42_hp_nmr_a__legacy_gt__petfold__historical_legacy121_v1,2L2J_42_hp_nmr_A,petfold,false_positive_pair,4,37,false,0,0,[],42
legacy121_v1__2l2j_42_hp_nmr_a__legacy_gt__petfold__historical_legacy121_v1,2L2J_42_hp_nmr_A,petfold,false_positive_pair,14,27,false,0,0,[],42
legacy121_v1__2l2j_42_hp_nmr_a__legacy_gt__trrosettarna2_native_ss__historical_legacy121_v1,2L2J_42_hp_nmr_A,trrosettarna2_native_ss,false_positive_pair,4,37,false,0,0,[],42
legacy121_v1__2l2j_42_hp_nmr_a__legacy_gt__trrosettarna2_native_ss__historical_legacy121_v1,2L2J_42_hp_nmr_A,trrosettarna2_native_ss,false_positive_pair,14,27,false,0,0,[],42
legacy121_v1__2l2j_42_hp_nmr_a__legacy_gt__trrosettarna2_native_ss__historical_legacy121_v1,2L2J_42_hp_nmr_A,trrosettarna2_native_ss,false_positive_pair,19,22,false,0,0,[],42
legacy121_v1__2l3e_35_hpbulge_nmr_a__legacy_gt__trrosettarna2_native_ss__historical_legacy121_v1,2L3E_35_hpbulge_nmr_A,trrosettarna2_native_ss,false_positive_pair,18,21,false,0,0,[],35
legacy121_v1__2l5z_26_hpbulge_nmr_a__legacy_gt__trrosettarna2_native_ss__historical_legacy121_v1,2L5Z_26_hpbulge_nmr_A,trrosettarna2_native_ss,false_positive_pair,8,19,false,0,0,[],26
legacy121_v1__2l5z_26_hpbulge_nmr_a__legacy_gt__trrosettarna2_native_ss__historical_legacy121_v1,2L5Z_26_hpbulge_nmr_A,trrosettarna2_native_ss,false_positive_pair,12,15,false,0,0,[],26
legacy121_v1__2ldl_27_hp_nmr_a__legacy_gt__petfold__historical_legacy121_v1,2LDL_27_hp_nmr_A,petfold,false_positive_pair,6,20,false,0,0,[],27
legacy121_v1__2ldl_27_hp_nmr_a__legacy_gt__petfold__historical_legacy121_v1,2LDL_27_hp_nmr_A,petfold,false_positive_pair,10,16,false,0,0,[],27
legacy121_v1__2ldl_27_hp_nmr_a__legacy_gt__rnafold__historical_legacy121_v1,2LDL_27_hp_nmr_A,rnafold,false_positive_pair,10,16,false,0,0,[],27
legacy121_v1__2ldl_27_hp_nmr_a__legacy_gt__trrosettarna2_native_ss__historical_legacy121_v1,2LDL_27_hp_nmr_A,trrosettarna2_native_ss,false_positive_pair,6,20,false,0,0,[],27
legacy121_v1__2ldt_31_hp_nmr_a__legacy_gt__trrosettarna2_native_ss__historical_legacy121_v1,2LDT_31_hp_nmr_A,trrosettarna2_native_ss,false_positive_pair,7,22,false,0,0,[],31
legacy121_v1__2ldt_31_hp_nmr_a__legacy_gt__trrosettarna2_native_ss__historical_legacy121_v1,2LDT_31_hp_nmr_A,trrosettarna2_native_ss,false_positive_pair,13,16,false,0,0,[],31
legacy121_v1__2lhp_37_hp_nmr_a__legacy_gt__trrosettarna2_native_ss__historical_legacy121_v1,2LHP_37_hp_nmr_A,trrosettarna2_native_ss,false_positive_pair,9,27,false,0,0,[],37
legacy121_v1__2lhp_37_hp_nmr_a__legacy_gt__trrosettarna2_native_ss__historical_legacy121_v1,2LHP_37_hp_nmr_A,trrosettarna2_native_ss,false_positive_pair,16,19,false,0,0,[],37
legacy121_v1__2li4_32_hp_nmr_a__legacy_gt__trrosettarna2_native_ss__historical_legacy121_v1,2LI4_32_hp_nmr_A,trrosettarna2_native_ss,false_positive_pair,14,17,false,0,0,[],32
legacy121_v1__2ljj_27_hpbulge_nmr_a__legacy_gt__petfold__historical_legacy121_v1,2LJJ_27_hpbulge_nmr_A,petfold,false_positive_pair,4,22,false,0,0,[],27
legacy121_v1__2ljj_27_hpbulge_nmr_a__legacy_gt__rnafold__historical_legacy121_v1,2LJJ_27_hpbulge_nmr_A,rnafold,false_positive_pair,4,22,false,0,0,[],27
legacy121_v1__2lk3_24_hpbulge_nmr_a__legacy_gt__trrosettarna2_native_ss__historical_legacy121_v1,2LK3_24_hpbulge_nmr_A,trrosettarna2_native_ss,false_positive_pair,11,14,false,0,0,[],24
legacy121_v1__2lkr_110_3wj_nmr_a__legacy_gt__petfold__historical_legacy121_v1,2LKR_110_3wj_nmr_A,petfold,missing_pair,18,88,true,1,1,"[[18,47]]",111
legacy121_v1__2lkr_110_3wj_nmr_a__legacy_gt__petfold__historical_legacy121_v1,2LKR_110_3wj_nmr_A,petfold,missing_pair,19,87,true,1,1,"[[19,46]]",111
legacy121_v1__2lkr_110_3wj_nmr_a__legacy_gt__petfold__historical_legacy121_v1,2LKR_110_3wj_nmr_A,petfold,missing_pair,20,86,true,2,2,"[[20,45],[79,86]]",111
legacy121_v1__2lkr_110_3wj_nmr_a__legacy_gt__petfold__historical_legacy121_v1,2LKR_110_3wj_nmr_A,petfold,false_positive_pair,3,107,false,0,0,[],111
legacy121_v1__2lkr_110_3wj_nmr_a__legacy_gt__petfold__historical_legacy121_v1,2LKR_110_3wj_nmr_A,petfold,false_positive_pair,4,105,false,0,0,[],111
legacy121_v1__2lkr_110_3wj_nmr_a__legacy_gt__petfold__historical_legacy121_v1,2LKR_110_3wj_nmr_A,petfold,false_positive_pair,18,47,true,1,1,"[[18,88]]",111
legacy121_v1__2lkr_110_3wj_nmr_a__legacy_gt__petfold__historical_legacy121_v1,2LKR_110_3wj_nmr_A,petfold,false_positive_pair,19,46,true,1,1,"[[19,87]]",111
legacy121_v1__2lkr_110_3wj_nmr_a__legacy_gt__petfold__historical_legacy121_v1,2LKR_110_3wj_nmr_A,petfold,false_positive_pair,20,45,true,1,1,"[[20,86]]",111
legacy121_v1__2lkr_110_3wj_nmr_a__legacy_gt__petfold__historical_legacy121_v1,2LKR_110_3wj_nmr_A,petfold,false_positive_pair,79,86,true,1,1,"[[20,86]]",111
legacy121_v1__2lkr_110_3wj_nmr_a__legacy_gt__petfold__historical_legacy121_v1,2LKR_110_3wj_nmr_A,petfold,false_positive_pair,80,85,false,0,0,[],111
legacy121_v1__2lkr_110_3wj_nmr_a__legacy_gt__rnafold__historical_legacy121_v1,2LKR_110_3wj_nmr_A,rnafold,missing_pair,18,88,true,1,1,"[[18,47]]",111
legacy121_v1__2lkr_110_3wj_nmr_a__legacy_gt__rnafold__historical_legacy121_v1,2LKR_110_3wj_nmr_A,rnafold,missing_pair,19,87,true,2,2,"[[19,46],[78,87]]",111
legacy121_v1__2lkr_110_3wj_nmr_a__legacy_gt__rnafold__historical_legacy121_v1,2LKR_110_3wj_nmr_A,rnafold,missing_pair,20,86,true,2,2,"[[20,45],[79,86]]",111
legacy121_v1__2lkr_110_3wj_nmr_a__legacy_gt__rnafold__historical_legacy121_v1,2LKR_110_3wj_nmr_A,rnafold,missing_pair,51,78,true,1,1,"[[78,87]]",111
legacy121_v1__2lkr_110_3wj_nmr_a__legacy_gt__rnafold__historical_legacy121_v1,2LKR_110_3wj_nmr_A,rnafold,false_positive_pair,3,107,false,0,0,[],111
legacy121_v1__2lkr_110_3wj_nmr_a__legacy_gt__rnafold__historical_legacy121_v1,2LKR_110_3wj_nmr_A,rnafold,false_positive_pair,4,105,false,0,0,[],111
legacy121_v1__2lkr_110_3wj_nmr_a__legacy_gt__rnafold__historical_legacy121_v1,2LKR_110_3wj_nmr_A,rnafold,false_positive_pair,8,100,false,0,0,[],111
legacy121_v1__2lkr_110_3wj_nmr_a__legacy_gt__rnafold__historical_legacy121_v1,2LKR_110_3wj_nmr_A,rnafold,false_positive_pair,10,98,false,0,0,[],111
legacy121_v1__2lkr_110_3wj_nmr_a__legacy_gt__rnafold__historical_legacy121_v1,2LKR_110_3wj_nmr_A,rnafold,false_positive_pair,18,47,true,1,1,"[[18,88]]",111
legacy121_v1__2lkr_110_3wj_nmr_a__legacy_gt__rnafold__historical_legacy121_v1,2LKR_110_3wj_nmr_A,rnafold,false_positive_pair,19,46,true,1,1,"[[19,87]]",111
legacy121_v1__2lkr_110_3wj_nmr_a__legacy_gt__rnafold__historical_legacy121_v1,2LKR_110_3wj_nmr_A,rnafold,false_positive_pair,20,45,true,1,1,"[[20,86]]",111
legacy121_v1__2lkr_110_3wj_nmr_a__legacy_gt__rnafold__historical_legacy121_v1,2LKR_110_3wj_nmr_A,rnafold,false_positive_pair,78,87,true,2,2,"[[19,87],[51,78]]",111
legacy121_v1__2lkr_110_3wj_nmr_a__legacy_gt__rnafold__historical_legacy121_v1,2LKR_110_3wj_nmr_A,rnafold,false_positive_pair,79,86,true,1,1,"[[20,86]]",111
legacy121_v1__2lkr_110_3wj_nmr_a__legacy_gt__rnafold__historical_legacy121_v1,2LKR_110_3wj_nmr_A,rnafold,false_positive_pair,80,85,false,0,0,[],111
legacy121_v1__2lkr_110_3wj_nmr_a__legacy_gt__trrosettarna2_native_ss__historical_legacy121_v1,2LKR_110_3wj_nmr_A,trrosettarna2_native_ss,false_positive_pair,3,107,false,0,0,[],111
legacy121_v1__2lkr_110_3wj_nmr_a__legacy_gt__trrosettarna2_native_ss__historical_legacy121_v1,2LKR_110_3wj_nmr_A,trrosettarna2_native_ss,false_positive_pair,4,105,false,0,0,[],111
legacy121_v1__2lkr_110_3wj_nmr_a__legacy_gt__trrosettarna2_native_ss__historical_legacy121_v1,2LKR_110_3wj_nmr_A,trrosettarna2_native_ss,false_positive_pair,30,34,false,0,0,[],111
legacy121_v1__2lkr_110_3wj_nmr_a__legacy_gt__trrosettarna2_native_ss__historical_legacy121_v1,2LKR_110_3wj_nmr_A,trrosettarna2_native_ss,false_positive_pair,63,66,false,0,0,[],111
legacy121_v1__2lqz_27_hpbulge_nmr_a__legacy_gt__petfold__historical_legacy121_v1,2LQZ_27_hpbulge_nmr_A,petfold,false_positive_pair,5,21,false,0,0,[],27
legacy121_v1__2lqz_27_hpbulge_nmr_a__legacy_gt__petfold__historical_legacy121_v1,2LQZ_27_hpbulge_nmr_A,petfold,false_positive_pair,9,20,false,0,0,[],27
legacy121_v1__2lqz_27_hpbulge_nmr_a__legacy_gt__rnafold__historical_legacy121_v1,2LQZ_27_hpbulge_nmr_A,rnafold,false_positive_pair,5,21,false,0,0,[],27
legacy121_v1__2lqz_27_hpbulge_nmr_a__legacy_gt__rnafold__historical_legacy121_v1,2LQZ_27_hpbulge_nmr_A,rnafold,false_positive_pair,9,20,false,0,0,[],27
legacy121_v1__2lqz_27_hpbulge_nmr_a__legacy_gt__trrosettarna2_native_ss__historical_legacy121_v1,2LQZ_27_hpbulge_nmr_A,trrosettarna2_native_ss,false_positive_pair,9,20,false,0,0,[],27
legacy121_v1__2lqz_27_hpbulge_nmr_a__legacy_gt__trrosettarna2_native_ss__historical_legacy121_v1,2LQZ_27_hpbulge_nmr_A,trrosettarna2_native_ss,false_positive_pair,13,16,false,0,0,[],27
legacy121_v1__2lu0_49_3wj_nmr_a__legacy_gt__trrosettarna2_native_ss__historical_legacy121_v1,2LU0_49_3wj_nmr_A,trrosettarna2_native_ss,false_positive_pair,5,41,false,0,0,[],49
legacy121_v1__2lu0_49_3wj_nmr_a__legacy_gt__trrosettarna2_native_ss__historical_legacy121_v1,2LU0_49_3wj_nmr_A,trrosettarna2_native_ss,false_positive_pair,14,17,false,0,0,[],49
legacy121_v1__2lu0_49_3wj_nmr_a__legacy_gt__trrosettarna2_native_ss__historical_legacy121_v1,2LU0_49_3wj_nmr_A,trrosettarna2_native_ss,false_positive_pair,28,31,false,0,0,[],49
legacy121_v1__2lu0_49_3wj_nmr_a__legacy_gt__trrosettarna2_native_ss__historical_legacy121_v1,2LU0_49_3wj_nmr_A,trrosettarna2_native_ss,false_positive_pair,42,43,false,0,0,[],49
legacy121_v1__2lun_28_hp_nmr_a__legacy_gt__petfold__historical_legacy121_v1,2LUN_28_hp_nmr_A,petfold,missing_pair,5,22,false,0,0,[],28
legacy121_v1__2lun_28_hp_nmr_a__legacy_gt__trrosettarna2_native_ss__historical_legacy121_v1,2LUN_28_hp_nmr_A,trrosettarna2_native_ss,false_positive_pair,4,23,false,0,0,[],28
legacy121_v1__2lun_28_hp_nmr_a__legacy_gt__trrosettarna2_native_ss__historical_legacy121_v1,2LUN_28_hp_nmr_A,trrosettarna2_native_ss,false_positive_pair,6,21,false,0,0,[],28
legacy121_v1__2lun_28_hp_nmr_a__legacy_gt__trrosettarna2_native_ss__historical_legacy121_v1,2LUN_28_hp_nmr_A,trrosettarna2_native_ss,false_positive_pair,7,20,false,0,0,[],28
legacy121_v1__2m12_23_hp_nmr_a__legacy_gt__trrosettarna2_native_ss__historical_legacy121_v1,2M12_23_hp_nmr_A,trrosettarna2_native_ss,false_positive_pair,8,16,false,0,0,[],23
legacy121_v1__2m21_21_hp_nmr_a__legacy_gt__trrosettarna2_native_ss__historical_legacy121_v1,2M21_21_hp_nmr_A,trrosettarna2_native_ss,false_positive_pair,7,13,false,0,0,[],21
legacy121_v1__2m8k_48_pseudoknot_nmr_a__legacy_gt__petfold__historical_legacy121_v1,2M8K_48_pseudoknot_nmr_A,petfold,missing_pair,0,27,false,0,0,[],48
legacy121_v1__2m8k_48_pseudoknot_nmr_a__legacy_gt__petfold__historical_legacy121_v1,2M8K_48_pseudoknot_nmr_A,petfold,missing_pair,1,26,false,0,0,[],48
legacy121_v1__2m8k_48_pseudoknot_nmr_a__legacy_gt__petfold__historical_legacy121_v1,2M8K_48_pseudoknot_nmr_A,petfold,missing_pair,2,25,true,1,1,"[[25,30]]",48
legacy121_v1__2m8k_48_pseudoknot_nmr_a__legacy_gt__petfold__historical_legacy121_v1,2M8K_48_pseudoknot_nmr_A,petfold,missing_pair,3,24,true,1,1,"[[24,31]]",48
legacy121_v1__2m8k_48_pseudoknot_nmr_a__legacy_gt__petfold__historical_legacy121_v1,2M8K_48_pseudoknot_nmr_A,petfold,missing_pair,4,23,true,1,1,"[[23,32]]",48
legacy121_v1__2m8k_48_pseudoknot_nmr_a__legacy_gt__petfold__historical_legacy121_v1,2M8K_48_pseudoknot_nmr_A,petfold,missing_pair,21,35,true,1,1,"[[21,36]]",48
legacy121_v1__2m8k_48_pseudoknot_nmr_a__legacy_gt__petfold__historical_legacy121_v1,2M8K_48_pseudoknot_nmr_A,petfold,false_positive_pair,10,47,false,0,0,[],48
legacy121_v1__2m8k_48_pseudoknot_nmr_a__legacy_gt__petfold__historical_legacy121_v1,2M8K_48_pseudoknot_nmr_A,petfold,false_positive_pair,21,36,true,1,1,"[[21,35]]",48
legacy121_v1__2m8k_48_pseudoknot_nmr_a__legacy_gt__petfold__historical_legacy121_v1,2M8K_48_pseudoknot_nmr_A,petfold,false_positive_pair,23,32,true,1,1,"[[4,23]]",48
legacy121_v1__2m8k_48_pseudoknot_nmr_a__legacy_gt__petfold__historical_legacy121_v1,2M8K_48_pseudoknot_nmr_A,petfold,false_positive_pair,24,31,true,1,1,"[[3,24]]",48
legacy121_v1__2m8k_48_pseudoknot_nmr_a__legacy_gt__petfold__historical_legacy121_v1,2M8K_48_pseudoknot_nmr_A,petfold,false_positive_pair,25,30,true,1,1,"[[2,25]]",48
legacy121_v1__2m8k_48_pseudoknot_nmr_a__legacy_gt__rnafold__historical_legacy121_v1,2M8K_48_pseudoknot_nmr_A,rnafold,missing_pair,0,27,false,0,0,[],48
legacy121_v1__2m8k_48_pseudoknot_nmr_a__legacy_gt__rnafold__historical_legacy121_v1,2M8K_48_pseudoknot_nmr_A,rnafold,missing_pair,1,26,false,0,0,[],48
legacy121_v1__2m8k_48_pseudoknot_nmr_a__legacy_gt__rnafold__historical_legacy121_v1,2M8K_48_pseudoknot_nmr_A,rnafold,missing_pair,2,25,true,1,1,"[[25,30]]",48
legacy121_v1__2m8k_48_pseudoknot_nmr_a__legacy_gt__rnafold__historical_legacy121_v1,2M8K_48_pseudoknot_nmr_A,rnafold,missing_pair,3,24,true,1,1,"[[24,31]]",48
legacy121_v1__2m8k_48_pseudoknot_nmr_a__legacy_gt__rnafold__historical_legacy121_v1,2M8K_48_pseudoknot_nmr_A,rnafold,missing_pair,4,23,true,1,1,"[[23,32]]",48
legacy121_v1__2m8k_48_pseudoknot_nmr_a__legacy_gt__rnafold__historical_legacy121_v1,2M8K_48_pseudoknot_nmr_A,rnafold,false_positive_pair,10,47,false,0,0,[],48
legacy121_v1__2m8k_48_pseudoknot_nmr_a__legacy_gt__rnafold__historical_legacy121_v1,2M8K_48_pseudoknot_nmr_A,rnafold,false_positive_pair,23,32,true,1,1,"[[4,23]]",48
legacy121_v1__2m8k_48_pseudoknot_nmr_a__legacy_gt__rnafold__historical_legacy121_v1,2M8K_48_pseudoknot_nmr_A,rnafold,false_positive_pair,24,31,true,1,1,"[[3,24]]",48
legacy121_v1__2m8k_48_pseudoknot_nmr_a__legacy_gt__rnafold__historical_legacy121_v1,2M8K_48_pseudoknot_nmr_A,rnafold,false_positive_pair,25,30,true,1,1,"[[2,25]]",48
legacy121_v1__2m8k_48_pseudoknot_nmr_a__legacy_gt__trrosettarna2_native_ss__historical_legacy121_v1,2M8K_48_pseudoknot_nmr_A,trrosettarna2_native_ss,missing_pair,0,27,true,2,2,"[[0,46],[18,27]]",48
legacy121_v1__2m8k_48_pseudoknot_nmr_a__legacy_gt__trrosettarna2_native_ss__historical_legacy121_v1,2M8K_48_pseudoknot_nmr_A,trrosettarna2_native_ss,missing_pair,1,26,true,2,2,"[[1,45],[19,26]]",48
legacy121_v1__2m8k_48_pseudoknot_nmr_a__legacy_gt__trrosettarna2_native_ss__historical_legacy121_v1,2M8K_48_pseudoknot_nmr_A,trrosettarna2_native_ss,missing_pair,2,25,true,2,2,"[[2,44],[20,25]]",48
legacy121_v1__2m8k_48_pseudoknot_nmr_a__legacy_gt__trrosettarna2_native_ss__historical_legacy121_v1,2M8K_48_pseudoknot_nmr_A,trrosettarna2_native_ss,missing_pair,3,24,true,2,2,"[[3,43],[21,24]]",48
legacy121_v1__2m8k_48_pseudoknot_nmr_a__legacy_gt__trrosettarna2_native_ss__historical_legacy121_v1,2M8K_48_pseudoknot_nmr_A,trrosettarna2_native_ss,missing_pair,4,23,true,2,2,"[[4,42],[22,23]]",48
legacy121_v1__2m8k_48_pseudoknot_nmr_a__legacy_gt__trrosettarna2_native_ss__historical_legacy121_v1,2M8K_48_pseudoknot_nmr_A,trrosettarna2_native_ss,missing_pair,11,46,true,2,2,"[[0,46],[11,41]]",48
legacy121_v1__2m8k_48_pseudoknot_nmr_a__legacy_gt__trrosettarna2_native_ss__historical_legacy121_v1,2M8K_48_pseudoknot_nmr_A,trrosettarna2_native_ss,missing_pair,12,45,true,2,2,"[[1,45],[12,40]]",48
legacy121_v1__2m8k_48_pseudoknot_nmr_a__legacy_gt__trrosettarna2_native_ss__historical_legacy121_v1,2M8K_48_pseudoknot_nmr_A,trrosettarna2_native_ss,missing_pair,13,44,true,2,2,"[[2,44],[13,39]]",48
legacy121_v1__2m8k_48_pseudoknot_nmr_a__legacy_gt__trrosettarna2_native_ss__historical_legacy121_v1,2M8K_48_pseudoknot_nmr_A,trrosettarna2_native_ss,missing_pair,14,43,true,2,2,"[[3,43],[14,38]]",48
legacy121_v1__2m8k_48_pseudoknot_nmr_a__legacy_gt__trrosettarna2_native_ss__historical_legacy121_v1,2M8K_48_pseudoknot_nmr_A,trrosettarna2_native_ss,missing_pair,15,42,true,2,2,"[[4,42],[15,37]]",48
legacy121_v1__2m8k_48_pseudoknot_nmr_a__legacy_gt__trrosettarna2_native_ss__historical_legacy121_v1,2M8K_48_pseudoknot_nmr_A,trrosettarna2_native_ss,missing_pair,16,41,true,2,2,"[[11,41],[16,35]]",48
legacy121_v1__2m8k_48_pseudoknot_nmr_a__legacy_gt__trrosettarna2_native_ss__historical_legacy121_v1,2M8K_48_pseudoknot_nmr_A,trrosettarna2_native_ss,missing_pair,17,40,true,2,2,"[[12,40],[17,33]]",48
legacy121_v1__2m8k_48_pseudoknot_nmr_a__legacy_gt__trrosettarna2_native_ss__historical_legacy121_v1,2M8K_48_pseudoknot_nmr_A,trrosettarna2_native_ss,missing_pair,18,39,true,2,2,"[[13,39],[18,27]]",48
legacy121_v1__2m8k_48_pseudoknot_nmr_a__legacy_gt__trrosettarna2_native_ss__historical_legacy121_v1,2M8K_48_pseudoknot_nmr_A,trrosettarna2_native_ss,missing_pair,19,38,true,2,2,"[[14,38],[19,26]]",48
legacy121_v1__2m8k_48_pseudoknot_nmr_a__legacy_gt__trrosettarna2_native_ss__historical_legacy121_v1,2M8K_48_pseudoknot_nmr_A,trrosettarna2_native_ss,missing_pair,20,37,true,2,2,"[[15,37],[20,25]]",48
legacy121_v1__2m8k_48_pseudoknot_nmr_a__legacy_gt__trrosettarna2_native_ss__historical_legacy121_v1,2M8K_48_pseudoknot_nmr_A,trrosettarna2_native_ss,missing_pair,21,35,true,2,2,"[[16,35],[21,24]]",48
legacy121_v1__2m8k_48_pseudoknot_nmr_a__legacy_gt__trrosettarna2_native_ss__historical_legacy121_v1,2M8K_48_pseudoknot_nmr_A,trrosettarna2_native_ss,missing_pair,22,33,true,2,2,"[[17,33],[22,23]]",48
legacy121_v1__2m8k_48_pseudoknot_nmr_a__legacy_gt__trrosettarna2_native_ss__historical_legacy121_v1,2M8K_48_pseudoknot_nmr_A,trrosettarna2_native_ss,false_positive_pair,0,46,true,2,2,"[[0,27],[11,46]]",48
legacy121_v1__2m8k_48_pseudoknot_nmr_a__legacy_gt__trrosettarna2_native_ss__historical_legacy121_v1,2M8K_48_pseudoknot_nmr_A,trrosettarna2_native_ss,false_positive_pair,1,45,true,2,2,"[[1,26],[12,45]]",48
legacy121_v1__2m8k_48_pseudoknot_nmr_a__legacy_gt__trrosettarna2_native_ss__historical_legacy121_v1,2M8K_48_pseudoknot_nmr_A,trrosettarna2_native_ss,false_positive_pair,2,44,true,2,2,"[[2,25],[13,44]]",48
legacy121_v1__2m8k_48_pseudoknot_nmr_a__legacy_gt__trrosettarna2_native_ss__historical_legacy121_v1,2M8K_48_pseudoknot_nmr_A,trrosettarna2_native_ss,false_positive_pair,3,43,true,2,2,"[[3,24],[14,43]]",48
legacy121_v1__2m8k_48_pseudoknot_nmr_a__legacy_gt__trrosettarna2_native_ss__historical_legacy121_v1,2M8K_48_pseudoknot_nmr_A,trrosettarna2_native_ss,false_positive_pair,4,42,true,2,2,"[[4,23],[15,42]]",48
legacy121_v1__2m8k_48_pseudoknot_nmr_a__legacy_gt__trrosettarna2_native_ss__historical_legacy121_v1,2M8K_48_pseudoknot_nmr_A,trrosettarna2_native_ss,false_positive_pair,11,41,true,2,2,"[[11,46],[16,41]]",48
legacy121_v1__2m8k_48_pseudoknot_nmr_a__legacy_gt__trrosettarna2_native_ss__historical_legacy121_v1,2M8K_48_pseudoknot_nmr_A,trrosettarna2_native_ss,false_positive_pair,12,40,true,2,2,"[[12,45],[17,40]]",48
legacy121_v1__2m8k_48_pseudoknot_nmr_a__legacy_gt__trrosettarna2_native_ss__historical_legacy121_v1,2M8K_48_pseudoknot_nmr_A,trrosettarna2_native_ss,false_positive_pair,13,39,true,2,2,"[[13,44],[18,39]]",48
legacy121_v1__2m8k_48_pseudoknot_nmr_a__legacy_gt__trrosettarna2_native_ss__historical_legacy121_v1,2M8K_48_pseudoknot_nmr_A,trrosettarna2_native_ss,false_positive_pair,14,38,true,2,2,"[[14,43],[19,38]]",48
legacy121_v1__2m8k_48_pseudoknot_nmr_a__legacy_gt__trrosettarna2_native_ss__historical_legacy121_v1,2M8K_48_pseudoknot_nmr_A,trrosettarna2_native_ss,false_positive_pair,15,37,true,2,2,"[[15,42],[20,37]]",48
legacy121_v1__2m8k_48_pseudoknot_nmr_a__legacy_gt__trrosettarna2_native_ss__historical_legacy121_v1,2M8K_48_pseudoknot_nmr_A,trrosettarna2_native_ss,false_positive_pair,16,35,true,2,2,"[[16,41],[21,35]]",48
legacy121_v1__2m8k_48_pseudoknot_nmr_a__legacy_gt__trrosettarna2_native_ss__historical_legacy121_v1,2M8K_48_pseudoknot_nmr_A,trrosettarna2_native_ss,false_positive_pair,17,33,true,2,2,"[[17,40],[22,33]]",48
legacy121_v1__2m8k_48_pseudoknot_nmr_a__legacy_gt__trrosettarna2_native_ss__historical_legacy121_v1,2M8K_48_pseudoknot_nmr_A,trrosettarna2_native_ss,false_positive_pair,18,27,true,2,2,"[[0,27],[18,39]]",48
legacy121_v1__2m8k_48_pseudoknot_nmr_a__legacy_gt__trrosettarna2_native_ss__historical_legacy121_v1,2M8K_48_pseudoknot_nmr_A,trrosettarna2_native_ss,false_positive_pair,19,26,true,2,2,"[[1,26],[19,38]]",48
legacy121_v1__2m8k_48_pseudoknot_nmr_a__legacy_gt__trrosettarna2_native_ss__historical_legacy121_v1,2M8K_48_pseudoknot_nmr_A,trrosettarna2_native_ss,false_positive_pair,20,25,true,2,2,"[[2,25],[20,37]]",48
legacy121_v1__2m8k_48_pseudoknot_nmr_a__legacy_gt__trrosettarna2_native_ss__historical_legacy121_v1,2M8K_48_pseudoknot_nmr_A,trrosettarna2_native_ss,false_positive_pair,21,24,true,2,2,"[[3,24],[21,35]]",48
legacy121_v1__2m8k_48_pseudoknot_nmr_a__legacy_gt__trrosettarna2_native_ss__historical_legacy121_v1,2M8K_48_pseudoknot_nmr_A,trrosettarna2_native_ss,false_positive_pair,22,23,true,2,2,"[[4,23],[22,33]]",48
legacy121_v1__2meq_19_hp_nmr_a__legacy_gt__petfold__historical_legacy121_v1,2MEQ_19_hp_nmr_A,petfold,false_positive_pair,5,13,false,0,0,[],19
legacy121_v1__2meq_19_hp_nmr_a__legacy_gt__rnafold__historical_legacy121_v1,2MEQ_19_hp_nmr_A,rnafold,false_positive_pair,5,13,false,0,0,[],19
legacy121_v1__2meq_19_hp_nmr_a__legacy_gt__trrosettarna2_native_ss__historical_legacy121_v1,2MEQ_19_hp_nmr_A,trrosettarna2_native_ss,false_positive_pair,5,13,false,0,0,[],19
legacy121_v1__2mhi_53_3wj_nmr_a__legacy_gt__petfold__historical_legacy121_v1,2MHI_53_3wj_nmr_A,petfold,missing_pair,7,44,false,0,0,[],53
legacy121_v1__2mhi_53_3wj_nmr_a__legacy_gt__petfold__historical_legacy121_v1,2MHI_53_3wj_nmr_A,petfold,missing_pair,29,43,true,2,2,"[[8,29],[31,43]]",53
legacy121_v1__2mhi_53_3wj_nmr_a__legacy_gt__petfold__historical_legacy121_v1,2MHI_53_3wj_nmr_A,petfold,false_positive_pair,8,29,true,1,1,"[[29,43]]",53
legacy121_v1__2mhi_53_3wj_nmr_a__legacy_gt__petfold__historical_legacy121_v1,2MHI_53_3wj_nmr_A,petfold,false_positive_pair,31,43,true,1,1,"[[29,43]]",53
legacy121_v1__2mhi_53_3wj_nmr_a__legacy_gt__rnafold__historical_legacy121_v1,2MHI_53_3wj_nmr_A,rnafold,missing_pair,7,44,false,0,0,[],53
legacy121_v1__2mhi_53_3wj_nmr_a__legacy_gt__rnafold__historical_legacy121_v1,2MHI_53_3wj_nmr_A,rnafold,missing_pair,29,43,true,2,2,"[[8,29],[31,43]]",53
legacy121_v1__2mhi_53_3wj_nmr_a__legacy_gt__rnafold__historical_legacy121_v1,2MHI_53_3wj_nmr_A,rnafold,false_positive_pair,8,29,true,1,1,"[[29,43]]",53
legacy121_v1__2mhi_53_3wj_nmr_a__legacy_gt__rnafold__historical_legacy121_v1,2MHI_53_3wj_nmr_A,rnafold,false_positive_pair,31,43,true,1,1,"[[29,43]]",53
legacy121_v1__2mhi_53_3wj_nmr_a__legacy_gt__trrosettarna2_native_ss__historical_legacy121_v1,2MHI_53_3wj_nmr_A,trrosettarna2_native_ss,missing_pair,7,44,true,1,1,"[[30,44]]",53
legacy121_v1__2mhi_53_3wj_nmr_a__legacy_gt__trrosettarna2_native_ss__historical_legacy121_v1,2MHI_53_3wj_nmr_A,trrosettarna2_native_ss,missing_pair,29,43,true,2,2,"[[8,29],[31,43]]",53
legacy121_v1__2mhi_53_3wj_nmr_a__legacy_gt__trrosettarna2_native_ss__historical_legacy121_v1,2MHI_53_3wj_nmr_A,trrosettarna2_native_ss,false_positive_pair,8,29,true,1,1,"[[29,43]]",53
legacy121_v1__2mhi_53_3wj_nmr_a__legacy_gt__trrosettarna2_native_ss__historical_legacy121_v1,2MHI_53_3wj_nmr_A,trrosettarna2_native_ss,false_positive_pair,30,44,true,1,1,"[[7,44]]",53
legacy121_v1__2mhi_53_3wj_nmr_a__legacy_gt__trrosettarna2_native_ss__historical_legacy121_v1,2MHI_53_3wj_nmr_A,trrosettarna2_native_ss,false_positive_pair,31,43,true,1,1,"[[29,43]]",53
legacy121_v1__2mhi_53_3wj_nmr_a__legacy_gt__trrosettarna2_native_ss__historical_legacy121_v1,2MHI_53_3wj_nmr_A,trrosettarna2_native_ss,false_positive_pair,35,38,false,0,0,[],53
legacy121_v1__2mqt_68_hpbulge_nmr_a__legacy_gt__petfold__historical_legacy121_v1,2MQT_68_hpbulge_nmr_A,petfold,false_positive_pair,5,62,false,0,0,[],68
legacy121_v1__2mqt_68_hpbulge_nmr_a__legacy_gt__petfold__historical_legacy121_v1,2MQT_68_hpbulge_nmr_A,petfold,false_positive_pair,17,53,false,0,0,[],68
legacy121_v1__2mqt_68_hpbulge_nmr_a__legacy_gt__petfold__historical_legacy121_v1,2MQT_68_hpbulge_nmr_A,petfold,false_positive_pair,18,52,false,0,0,[],68
legacy121_v1__2mqt_68_hpbulge_nmr_a__legacy_gt__rnafold__historical_legacy121_v1,2MQT_68_hpbulge_nmr_A,rnafold,false_positive_pair,17,53,false,0,0,[],68
legacy121_v1__2mqt_68_hpbulge_nmr_a__legacy_gt__rnafold__historical_legacy121_v1,2MQT_68_hpbulge_nmr_A,rnafold,false_positive_pair,18,52,false,0,0,[],68
legacy121_v1__2mqt_68_hpbulge_nmr_a__legacy_gt__trrosettarna2_native_ss__historical_legacy121_v1,2MQT_68_hpbulge_nmr_A,trrosettarna2_native_ss,false_positive_pair,5,62,false,0,0,[],68
legacy121_v1__2mqt_68_hpbulge_nmr_a__legacy_gt__trrosettarna2_native_ss__historical_legacy121_v1,2MQT_68_hpbulge_nmr_A,trrosettarna2_native_ss,false_positive_pair,23,47,false,0,0,[],68
legacy121_v1__2mqt_68_hpbulge_nmr_a__legacy_gt__trrosettarna2_native_ss__historical_legacy121_v1,2MQT_68_hpbulge_nmr_A,trrosettarna2_native_ss,false_positive_pair,24,46,false,0,0,[],68
legacy121_v1__2mqt_68_hpbulge_nmr_a__legacy_gt__trrosettarna2_native_ss__historical_legacy121_v1,2MQT_68_hpbulge_nmr_A,trrosettarna2_native_ss,false_positive_pair,34,37,false,0,0,[],68
legacy121_v1__2mtj_47_3wj_nmr_a__legacy_gt__petfold__historical_legacy121_v1,2MTJ_47_3wj_nmr_A,petfold,missing_pair,12,15,false,0,0,[],47
legacy121_v1__2mtj_47_3wj_nmr_a__legacy_gt__petfold__historical_legacy121_v1,2MTJ_47_3wj_nmr_A,petfold,false_positive_pair,22,35,false,0,0,[],47
legacy121_v1__2mtj_47_3wj_nmr_a__legacy_gt__rnafold__historical_legacy121_v1,2MTJ_47_3wj_nmr_A,rnafold,missing_pair,12,15,false,0,0,[],47
legacy121_v1__2mtj_47_3wj_nmr_a__legacy_gt__rnafold__historical_legacy121_v1,2MTJ_47_3wj_nmr_A,rnafold,false_positive_pair,22,35,false,0,0,[],47
legacy121_v1__2mtj_47_3wj_nmr_a__legacy_gt__trrosettarna2_native_ss__historical_legacy121_v1,2MTJ_47_3wj_nmr_A,trrosettarna2_native_ss,false_positive_pair,5,40,false,0,0,[],47
legacy121_v1__2mtj_47_3wj_nmr_a__legacy_gt__trrosettarna2_native_ss__historical_legacy121_v1,2MTJ_47_3wj_nmr_A,trrosettarna2_native_ss,false_positive_pair,21,39,false,0,0,[],47
legacy121_v1__2mtj_47_3wj_nmr_a__legacy_gt__trrosettarna2_native_ss__historical_legacy121_v1,2MTJ_47_3wj_nmr_A,trrosettarna2_native_ss,false_positive_pair,27,30,false,0,0,[],47
legacy121_v1__2mxl_39_hp_nmr_a__legacy_gt__trrosettarna2_native_ss__historical_legacy121_v1,2MXL_39_hp_nmr_A,trrosettarna2_native_ss,false_positive_pair,9,31,false,0,0,[],39
legacy121_v1__2mxl_39_hp_nmr_a__legacy_gt__trrosettarna2_native_ss__historical_legacy121_v1,2MXL_39_hp_nmr_A,trrosettarna2_native_ss,false_positive_pair,10,30,false,0,0,[],39
legacy121_v1__2mxl_39_hp_nmr_a__legacy_gt__trrosettarna2_native_ss__historical_legacy121_v1,2MXL_39_hp_nmr_A,trrosettarna2_native_ss,false_positive_pair,17,22,false,0,0,[],39
legacy121_v1__2mxl_39_hp_nmr_a__legacy_gt__trrosettarna2_native_ss__historical_legacy121_v1,2MXL_39_hp_nmr_A,trrosettarna2_native_ss,false_positive_pair,18,21,false,0,0,[],39
legacy121_v1__2n1q_155_4wj_nmr_a__legacy_gt__petfold__historical_legacy121_v1,2N1Q_155_4wj_nmr_A,petfold,missing_pair,13,110,false,0,0,[],155
legacy121_v1__2n1q_155_4wj_nmr_a__legacy_gt__petfold__historical_legacy121_v1,2N1Q_155_4wj_nmr_A,petfold,missing_pair,14,108,true,1,1,"[[92,108]]",155
legacy121_v1__2n1q_155_4wj_nmr_a__legacy_gt__petfold__historical_legacy121_v1,2N1Q_155_4wj_nmr_A,petfold,missing_pair,15,107,true,1,1,"[[93,107]]",155
legacy121_v1__2n1q_155_4wj_nmr_a__legacy_gt__petfold__historical_legacy121_v1,2N1Q_155_4wj_nmr_A,petfold,missing_pair,16,106,true,1,1,"[[94,106]]",155
legacy121_v1__2n1q_155_4wj_nmr_a__legacy_gt__petfold__historical_legacy121_v1,2N1Q_155_4wj_nmr_A,petfold,missing_pair,17,105,false,0,0,[],155
legacy121_v1__2n1q_155_4wj_nmr_a__legacy_gt__petfold__historical_legacy121_v1,2N1Q_155_4wj_nmr_A,petfold,missing_pair,18,104,true,1,1,"[[95,104]]",155
legacy121_v1__2n1q_155_4wj_nmr_a__legacy_gt__petfold__historical_legacy121_v1,2N1Q_155_4wj_nmr_A,petfold,missing_pair,41,100,false,0,0,[],155
legacy121_v1__2n1q_155_4wj_nmr_a__legacy_gt__petfold__historical_legacy121_v1,2N1Q_155_4wj_nmr_A,petfold,missing_pair,42,99,false,0,0,[],155
legacy121_v1__2n1q_155_4wj_nmr_a__legacy_gt__petfold__historical_legacy121_v1,2N1Q_155_4wj_nmr_A,petfold,missing_pair,43,98,false,0,0,[],155
legacy121_v1__2n1q_155_4wj_nmr_a__legacy_gt__petfold__historical_legacy121_v1,2N1Q_155_4wj_nmr_A,petfold,missing_pair,46,95,true,2,2,"[[39,46],[95,104]]",155
legacy121_v1__2n1q_155_4wj_nmr_a__legacy_gt__petfold__historical_legacy121_v1,2N1Q_155_4wj_nmr_A,petfold,missing_pair,47,94,true,2,2,"[[38,47],[94,106]]",155
legacy121_v1__2n1q_155_4wj_nmr_a__legacy_gt__petfold__historical_legacy121_v1,2N1Q_155_4wj_nmr_A,petfold,missing_pair,48,93,true,1,1,"[[93,107]]",155
legacy121_v1__2n1q_155_4wj_nmr_a__legacy_gt__petfold__historical_legacy121_v1,2N1Q_155_4wj_nmr_A,petfold,missing_pair,50,91,true,1,1,"[[91,109]]",155
legacy121_v1__2n1q_155_4wj_nmr_a__legacy_gt__petfold__historical_legacy121_v1,2N1Q_155_4wj_nmr_A,petfold,missing_pair,116,139,false,0,0,[],155
legacy121_v1__2n1q_155_4wj_nmr_a__legacy_gt__petfold__historical_legacy121_v1,2N1Q_155_4wj_nmr_A,petfold,missing_pair,118,137,false,0,0,[],155
legacy121_v1__2n1q_155_4wj_nmr_a__legacy_gt__petfold__historical_legacy121_v1,2N1Q_155_4wj_nmr_A,petfold,false_positive_pair,38,47,true,1,1,"[[47,94]]",155
legacy121_v1__2n1q_155_4wj_nmr_a__legacy_gt__petfold__historical_legacy121_v1,2N1Q_155_4wj_nmr_A,petfold,false_positive_pair,39,46,true,1,1,"[[46,95]]",155
legacy121_v1__2n1q_155_4wj_nmr_a__legacy_gt__petfold__historical_legacy121_v1,2N1Q_155_4wj_nmr_A,petfold,false_positive_pair,40,45,false,0,0,[],155
legacy121_v1__2n1q_155_4wj_nmr_a__legacy_gt__petfold__historical_legacy121_v1,2N1Q_155_4wj_nmr_A,petfold,false_positive_pair,91,109,true,1,1,"[[50,91]]",155
legacy121_v1__2n1q_155_4wj_nmr_a__legacy_gt__petfold__historical_legacy121_v1,2N1Q_155_4wj_nmr_A,petfold,false_positive_pair,92,108,true,1,1,"[[14,108]]",155
legacy121_v1__2n1q_155_4wj_nmr_a__legacy_gt__petfold__historical_legacy121_v1,2N1Q_155_4wj_nmr_A,petfold,false_positive_pair,93,107,true,2,2,"[[15,107],[48,93]]",155
legacy121_v1__2n1q_155_4wj_nmr_a__legacy_gt__petfold__historical_legacy121_v1,2N1Q_155_4wj_nmr_A,petfold,false_positive_pair,94,106,true,2,2,"[[16,106],[47,94]]",155
legacy121_v1__2n1q_155_4wj_nmr_a__legacy_gt__petfold__historical_legacy121_v1,2N1Q_155_4wj_nmr_A,petfold,false_positive_pair,95,104,true,2,2,"[[18,104],[46,95]]",155
legacy121_v1__2n1q_155_4wj_nmr_a__legacy_gt__petfold__historical_legacy121_v1,2N1Q_155_4wj_nmr_A,petfold,false_positive_pair,96,103,false,0,0,[],155
legacy121_v1__2n1q_155_4wj_nmr_a__legacy_gt__petfold__historical_legacy121_v1,2N1Q_155_4wj_nmr_A,petfold,false_positive_pair,97,102,false,0,0,[],155
legacy121_v1__2n1q_155_4wj_nmr_a__legacy_gt__rnafold__historical_legacy121_v1,2N1Q_155_4wj_nmr_A,rnafold,missing_pair,13,110,true,1,1,"[[13,140]]",155
legacy121_v1__2n1q_155_4wj_nmr_a__legacy_gt__rnafold__historical_legacy121_v1,2N1Q_155_4wj_nmr_A,rnafold,missing_pair,14,108,true,1,1,"[[92,108]]",155
legacy121_v1__2n1q_155_4wj_nmr_a__legacy_gt__rnafold__historical_legacy121_v1,2N1Q_155_4wj_nmr_A,rnafold,missing_pair,15,107,true,1,1,"[[93,107]]",155
legacy121_v1__2n1q_155_4wj_nmr_a__legacy_gt__rnafold__historical_legacy121_v1,2N1Q_155_4wj_nmr_A,rnafold,missing_pair,16,106,true,1,1,"[[94,106]]",155
legacy121_v1__2n1q_155_4wj_nmr_a__legacy_gt__rnafold__historical_legacy121_v1,2N1Q_155_4wj_nmr_A,rnafold,missing_pair,17,105,false,0,0,[],155
legacy121_v1__2n1q_155_4wj_nmr_a__legacy_gt__rnafold__historical_legacy121_v1,2N1Q_155_4wj_nmr_A,rnafold,missing_pair,18,104,true,1,1,"[[95,104]]",155
legacy121_v1__2n1q_155_4wj_nmr_a__legacy_gt__rnafold__historical_legacy121_v1,2N1Q_155_4wj_nmr_A,rnafold,missing_pair,41,100,false,0,0,[],155
legacy121_v1__2n1q_155_4wj_nmr_a__legacy_gt__rnafold__historical_legacy121_v1,2N1Q_155_4wj_nmr_A,rnafold,missing_pair,42,99,false,0,0,[],155
legacy121_v1__2n1q_155_4wj_nmr_a__legacy_gt__rnafold__historical_legacy121_v1,2N1Q_155_4wj_nmr_A,rnafold,missing_pair,43,98,false,0,0,[],155
legacy121_v1__2n1q_155_4wj_nmr_a__legacy_gt__rnafold__historical_legacy121_v1,2N1Q_155_4wj_nmr_A,rnafold,missing_pair,46,95,true,2,2,"[[39,46],[95,104]]",155
legacy121_v1__2n1q_155_4wj_nmr_a__legacy_gt__rnafold__historical_legacy121_v1,2N1Q_155_4wj_nmr_A,rnafold,missing_pair,47,94,true,2,2,"[[38,47],[94,106]]",155
legacy121_v1__2n1q_155_4wj_nmr_a__legacy_gt__rnafold__historical_legacy121_v1,2N1Q_155_4wj_nmr_A,rnafold,missing_pair,48,93,true,1,1,"[[93,107]]",155
legacy121_v1__2n1q_155_4wj_nmr_a__legacy_gt__rnafold__historical_legacy121_v1,2N1Q_155_4wj_nmr_A,rnafold,missing_pair,50,91,true,1,1,"[[91,109]]",155
legacy121_v1__2n1q_155_4wj_nmr_a__legacy_gt__rnafold__historical_legacy121_v1,2N1Q_155_4wj_nmr_A,rnafold,false_positive_pair,13,140,true,1,1,"[[13,110]]",155
legacy121_v1__2n1q_155_4wj_nmr_a__legacy_gt__rnafold__historical_legacy121_v1,2N1Q_155_4wj_nmr_A,rnafold,false_positive_pair,38,47,true,1,1,"[[47,94]]",155
legacy121_v1__2n1q_155_4wj_nmr_a__legacy_gt__rnafold__historical_legacy121_v1,2N1Q_155_4wj_nmr_A,rnafold,false_positive_pair,39,46,true,1,1,"[[46,95]]",155
legacy121_v1__2n1q_155_4wj_nmr_a__legacy_gt__rnafold__historical_legacy121_v1,2N1Q_155_4wj_nmr_A,rnafold,false_positive_pair,40,45,false,0,0,[],155
legacy121_v1__2n1q_155_4wj_nmr_a__legacy_gt__rnafold__historical_legacy121_v1,2N1Q_155_4wj_nmr_A,rnafold,false_positive_pair,91,109,true,1,1,"[[50,91]]",155
legacy121_v1__2n1q_155_4wj_nmr_a__legacy_gt__rnafold__historical_legacy121_v1,2N1Q_155_4wj_nmr_A,rnafold,false_positive_pair,92,108,true,1,1,"[[14,108]]",155
legacy121_v1__2n1q_155_4wj_nmr_a__legacy_gt__rnafold__historical_legacy121_v1,2N1Q_155_4wj_nmr_A,rnafold,false_positive_pair,93,107,true,2,2,"[[15,107],[48,93]]",155
legacy121_v1__2n1q_155_4wj_nmr_a__legacy_gt__rnafold__historical_legacy121_v1,2N1Q_155_4wj_nmr_A,rnafold,false_positive_pair,94,106,true,2,2,"[[16,106],[47,94]]",155
legacy121_v1__2n1q_155_4wj_nmr_a__legacy_gt__rnafold__historical_legacy121_v1,2N1Q_155_4wj_nmr_A,rnafold,false_positive_pair,95,104,true,2,2,"[[18,104],[46,95]]",155
legacy121_v1__2n1q_155_4wj_nmr_a__legacy_gt__rnafold__historical_legacy121_v1,2N1Q_155_4wj_nmr_A,rnafold,false_positive_pair,96,103,false,0,0,[],155
legacy121_v1__2n1q_155_4wj_nmr_a__legacy_gt__rnafold__historical_legacy121_v1,2N1Q_155_4wj_nmr_A,rnafold,false_positive_pair,97,102,false,0,0,[],155
legacy121_v1__2n1q_155_4wj_nmr_a__legacy_gt__trrosettarna2_native_ss__historical_legacy121_v1,2N1Q_155_4wj_nmr_A,trrosettarna2_native_ss,missing_pair,12,141,false,0,0,[],155
legacy121_v1__2n1q_155_4wj_nmr_a__legacy_gt__trrosettarna2_native_ss__historical_legacy121_v1,2N1Q_155_4wj_nmr_A,trrosettarna2_native_ss,missing_pair,14,108,false,0,0,[],155
legacy121_v1__2n1q_155_4wj_nmr_a__legacy_gt__trrosettarna2_native_ss__historical_legacy121_v1,2N1Q_155_4wj_nmr_A,trrosettarna2_native_ss,missing_pair,15,107,false,0,0,[],155
legacy121_v1__2n1q_155_4wj_nmr_a__legacy_gt__trrosettarna2_native_ss__historical_legacy121_v1,2N1Q_155_4wj_nmr_A,trrosettarna2_native_ss,missing_pair,16,106,false,0,0,[],155
legacy121_v1__2n1q_155_4wj_nmr_a__legacy_gt__trrosettarna2_native_ss__historical_legacy121_v1,2N1Q_155_4wj_nmr_A,trrosettarna2_native_ss,missing_pair,17,105,false,0,0,[],155
legacy121_v1__2n1q_155_4wj_nmr_a__legacy_gt__trrosettarna2_native_ss__historical_legacy121_v1,2N1Q_155_4wj_nmr_A,trrosettarna2_native_ss,missing_pair,18,104,true,1,1,"[[103,104]]",155
legacy121_v1__2n1q_155_4wj_nmr_a__legacy_gt__trrosettarna2_native_ss__historical_legacy121_v1,2N1Q_155_4wj_nmr_A,trrosettarna2_native_ss,missing_pair,42,99,false,0,0,[],155
legacy121_v1__2n1q_155_4wj_nmr_a__legacy_gt__trrosettarna2_native_ss__historical_legacy121_v1,2N1Q_155_4wj_nmr_A,trrosettarna2_native_ss,missing_pair,43,98,false,0,0,[],155
legacy121_v1__2n1q_155_4wj_nmr_a__legacy_gt__trrosettarna2_native_ss__historical_legacy121_v1,2N1Q_155_4wj_nmr_A,trrosettarna2_native_ss,false_positive_pair,19,38,false,0,0,[],155
legacy121_v1__2n1q_155_4wj_nmr_a__legacy_gt__trrosettarna2_native_ss__historical_legacy121_v1,2N1Q_155_4wj_nmr_A,trrosettarna2_native_ss,false_positive_pair,27,30,false,0,0,[],155
legacy121_v1__2n1q_155_4wj_nmr_a__legacy_gt__trrosettarna2_native_ss__historical_legacy121_v1,2N1Q_155_4wj_nmr_A,trrosettarna2_native_ss,false_positive_pair,49,92,false,0,0,[],155
legacy121_v1__2n1q_155_4wj_nmr_a__legacy_gt__trrosettarna2_native_ss__historical_legacy121_v1,2N1Q_155_4wj_nmr_A,trrosettarna2_native_ss,false_positive_pair,56,87,false,0,0,[],155
legacy121_v1__2n1q_155_4wj_nmr_a__legacy_gt__trrosettarna2_native_ss__historical_legacy121_v1,2N1Q_155_4wj_nmr_A,trrosettarna2_native_ss,false_positive_pair,61,80,false,0,0,[],155
legacy121_v1__2n1q_155_4wj_nmr_a__legacy_gt__trrosettarna2_native_ss__historical_legacy121_v1,2N1Q_155_4wj_nmr_A,trrosettarna2_native_ss,false_positive_pair,69,72,false,0,0,[],155
legacy121_v1__2n1q_155_4wj_nmr_a__legacy_gt__trrosettarna2_native_ss__historical_legacy121_v1,2N1Q_155_4wj_nmr_A,trrosettarna2_native_ss,false_positive_pair,103,104,true,1,1,"[[18,104]]",155
legacy121_v1__2n1q_155_4wj_nmr_a__legacy_gt__trrosettarna2_native_ss__historical_legacy121_v1,2N1Q_155_4wj_nmr_A,trrosettarna2_native_ss,false_positive_pair,119,136,false,0,0,[],155
legacy121_v1__2n1q_155_4wj_nmr_a__legacy_gt__trrosettarna2_native_ss__historical_legacy121_v1,2N1Q_155_4wj_nmr_A,trrosettarna2_native_ss,false_positive_pair,120,135,false,0,0,[],155
legacy121_v1__2n1q_155_4wj_nmr_a__legacy_gt__trrosettarna2_native_ss__historical_legacy121_v1,2N1Q_155_4wj_nmr_A,trrosettarna2_native_ss,false_positive_pair,126,129,false,0,0,[],155
legacy121_v1__2n2p_23_hpbulge_nmr_a__legacy_gt__petfold__historical_legacy121_v1,2N2P_23_hpbulge_nmr_A,petfold,false_positive_pair,1,20,false,0,0,[],23
legacy121_v1__2n2p_23_hpbulge_nmr_a__legacy_gt__petfold__historical_legacy121_v1,2N2P_23_hpbulge_nmr_A,petfold,false_positive_pair,3,19,false,0,0,[],23
legacy121_v1__2n2p_23_hpbulge_nmr_a__legacy_gt__rnafold__historical_legacy121_v1,2N2P_23_hpbulge_nmr_A,rnafold,false_positive_pair,0,21,false,0,0,[],23
legacy121_v1__2n2p_23_hpbulge_nmr_a__legacy_gt__rnafold__historical_legacy121_v1,2N2P_23_hpbulge_nmr_A,rnafold,false_positive_pair,1,20,false,0,0,[],23
legacy121_v1__2n2p_23_hpbulge_nmr_a__legacy_gt__rnafold__historical_legacy121_v1,2N2P_23_hpbulge_nmr_A,rnafold,false_positive_pair,3,19,false,0,0,[],23
legacy121_v1__2n3q_62_3wj_nmr_a__legacy_gt__petfold__historical_legacy121_v1,2N3Q_62_3wj_nmr_A,petfold,missing_pair,11,27,true,1,1,"[[27,37]]",62
legacy121_v1__2n3q_62_3wj_nmr_a__legacy_gt__petfold__historical_legacy121_v1,2N3Q_62_3wj_nmr_A,petfold,missing_pair,12,26,true,1,1,"[[26,38]]",62
legacy121_v1__2n3q_62_3wj_nmr_a__legacy_gt__petfold__historical_legacy121_v1,2N3Q_62_3wj_nmr_A,petfold,missing_pair,13,25,true,1,1,"[[25,39]]",62
legacy121_v1__2n3q_62_3wj_nmr_a__legacy_gt__petfold__historical_legacy121_v1,2N3Q_62_3wj_nmr_A,petfold,missing_pair,15,22,true,1,1,"[[22,42]]",62
legacy121_v1__2n3q_62_3wj_nmr_a__legacy_gt__petfold__historical_legacy121_v1,2N3Q_62_3wj_nmr_A,petfold,missing_pair,16,21,true,1,1,"[[16,47]]",62
legacy121_v1__2n3q_62_3wj_nmr_a__legacy_gt__petfold__historical_legacy121_v1,2N3Q_62_3wj_nmr_A,petfold,missing_pair,17,20,true,2,2,"[[17,46],[20,44]]",62
legacy121_v1__2n3q_62_3wj_nmr_a__legacy_gt__petfold__historical_legacy121_v1,2N3Q_62_3wj_nmr_A,petfold,missing_pair,28,47,true,2,2,"[[16,47],[28,36]]",62
legacy121_v1__2n3q_62_3wj_nmr_a__legacy_gt__petfold__historical_legacy121_v1,2N3Q_62_3wj_nmr_A,petfold,missing_pair,29,46,true,2,2,"[[17,46],[29,35]]",62
legacy121_v1__2n3q_62_3wj_nmr_a__legacy_gt__petfold__historical_legacy121_v1,2N3Q_62_3wj_nmr_A,petfold,missing_pair,30,45,true,1,1,"[[18,45]]",62
legacy121_v1__2n3q_62_3wj_nmr_a__legacy_gt__petfold__historical_legacy121_v1,2N3Q_62_3wj_nmr_A,petfold,missing_pair,33,44,true,1,1,"[[20,44]]",62
legacy121_v1__2n3q_62_3wj_nmr_a__legacy_gt__petfold__historical_legacy121_v1,2N3Q_62_3wj_nmr_A,petfold,missing_pair,34,43,false,0,0,[],62
legacy121_v1__2n3q_62_3wj_nmr_a__legacy_gt__petfold__historical_legacy121_v1,2N3Q_62_3wj_nmr_A,petfold,missing_pair,35,42,true,2,2,"[[22,42],[29,35]]",62
legacy121_v1__2n3q_62_3wj_nmr_a__legacy_gt__petfold__historical_legacy121_v1,2N3Q_62_3wj_nmr_A,petfold,missing_pair,36,41,true,2,2,"[[23,41],[28,36]]",62
legacy121_v1__2n3q_62_3wj_nmr_a__legacy_gt__petfold__historical_legacy121_v1,2N3Q_62_3wj_nmr_A,petfold,false_positive_pair,16,47,true,2,2,"[[16,21],[28,47]]",62
legacy121_v1__2n3q_62_3wj_nmr_a__legacy_gt__petfold__historical_legacy121_v1,2N3Q_62_3wj_nmr_A,petfold,false_positive_pair,17,46,true,2,2,"[[17,20],[29,46]]",62
legacy121_v1__2n3q_62_3wj_nmr_a__legacy_gt__petfold__historical_legacy121_v1,2N3Q_62_3wj_nmr_A,petfold,false_positive_pair,18,45,true,1,1,"[[30,45]]",62
legacy121_v1__2n3q_62_3wj_nmr_a__legacy_gt__petfold__historical_legacy121_v1,2N3Q_62_3wj_nmr_A,petfold,false_positive_pair,20,44,true,2,2,"[[17,20],[33,44]]",62
legacy121_v1__2n3q_62_3wj_nmr_a__legacy_gt__petfold__historical_legacy121_v1,2N3Q_62_3wj_nmr_A,petfold,false_positive_pair,22,42,true,2,2,"[[15,22],[35,42]]",62
legacy121_v1__2n3q_62_3wj_nmr_a__legacy_gt__petfold__historical_legacy121_v1,2N3Q_62_3wj_nmr_A,petfold,false_positive_pair,23,41,true,1,1,"[[36,41]]",62
legacy121_v1__2n3q_62_3wj_nmr_a__legacy_gt__petfold__historical_legacy121_v1,2N3Q_62_3wj_nmr_A,petfold,false_positive_pair,25,39,true,1,1,"[[13,25]]",62
legacy121_v1__2n3q_62_3wj_nmr_a__legacy_gt__petfold__historical_legacy121_v1,2N3Q_62_3wj_nmr_A,petfold,false_positive_pair,26,38,true,1,1,"[[12,26]]",62
legacy121_v1__2n3q_62_3wj_nmr_a__legacy_gt__petfold__historical_legacy121_v1,2N3Q_62_3wj_nmr_A,petfold,false_positive_pair,27,37,true,1,1,"[[11,27]]",62
legacy121_v1__2n3q_62_3wj_nmr_a__legacy_gt__petfold__historical_legacy121_v1,2N3Q_62_3wj_nmr_A,petfold,false_positive_pair,28,36,true,2,2,"[[28,47],[36,41]]",62
legacy121_v1__2n3q_62_3wj_nmr_a__legacy_gt__petfold__historical_legacy121_v1,2N3Q_62_3wj_nmr_A,petfold,false_positive_pair,29,35,true,2,2,"[[29,46],[35,42]]",62
legacy121_v1__2n3q_62_3wj_nmr_a__legacy_gt__rnafold__historical_legacy121_v1,2N3Q_62_3wj_nmr_A,rnafold,missing_pair,11,27,true,1,1,"[[27,37]]",62
legacy121_v1__2n3q_62_3wj_nmr_a__legacy_gt__rnafold__historical_legacy121_v1,2N3Q_62_3wj_nmr_A,rnafold,missing_pair,12,26,true,1,1,"[[26,38]]",62
legacy121_v1__2n3q_62_3wj_nmr_a__legacy_gt__rnafold__historical_legacy121_v1,2N3Q_62_3wj_nmr_A,rnafold,missing_pair,13,25,true,1,1,"[[25,39]]",62
legacy121_v1__2n3q_62_3wj_nmr_a__legacy_gt__rnafold__historical_legacy121_v1,2N3Q_62_3wj_nmr_A,rnafold,missing_pair,15,22,false,0,0,[],62
legacy121_v1__2n3q_62_3wj_nmr_a__legacy_gt__rnafold__historical_legacy121_v1,2N3Q_62_3wj_nmr_A,rnafold,missing_pair,16,21,true,2,2,"[[16,47],[21,41]]",62
legacy121_v1__2n3q_62_3wj_nmr_a__legacy_gt__rnafold__historical_legacy121_v1,2N3Q_62_3wj_nmr_A,rnafold,missing_pair,17,20,true,2,2,"[[17,46],[20,42]]",62
legacy121_v1__2n3q_62_3wj_nmr_a__legacy_gt__rnafold__historical_legacy121_v1,2N3Q_62_3wj_nmr_A,rnafold,missing_pair,28,47,true,2,2,"[[16,47],[28,36]]",62
legacy121_v1__2n3q_62_3wj_nmr_a__legacy_gt__rnafold__historical_legacy121_v1,2N3Q_62_3wj_nmr_A,rnafold,missing_pair,29,46,true,2,2,"[[17,46],[29,35]]",62
legacy121_v1__2n3q_62_3wj_nmr_a__legacy_gt__rnafold__historical_legacy121_v1,2N3Q_62_3wj_nmr_A,rnafold,missing_pair,30,45,true,1,1,"[[18,45]]",62
legacy121_v1__2n3q_62_3wj_nmr_a__legacy_gt__rnafold__historical_legacy121_v1,2N3Q_62_3wj_nmr_A,rnafold,missing_pair,33,44,false,0,0,[],62
legacy121_v1__2n3q_62_3wj_nmr_a__legacy_gt__rnafold__historical_legacy121_v1,2N3Q_62_3wj_nmr_A,rnafold,missing_pair,34,43,true,1,1,"[[19,43]]",62
legacy121_v1__2n3q_62_3wj_nmr_a__legacy_gt__rnafold__historical_legacy121_v1,2N3Q_62_3wj_nmr_A,rnafold,missing_pair,35,42,true,2,2,"[[20,42],[29,35]]",62
legacy121_v1__2n3q_62_3wj_nmr_a__legacy_gt__rnafold__historical_legacy121_v1,2N3Q_62_3wj_nmr_A,rnafold,missing_pair,36,41,true,2,2,"[[21,41],[28,36]]",62
legacy121_v1__2n3q_62_3wj_nmr_a__legacy_gt__rnafold__historical_legacy121_v1,2N3Q_62_3wj_nmr_A,rnafold,false_positive_pair,16,47,true,2,2,"[[16,21],[28,47]]",62
legacy121_v1__2n3q_62_3wj_nmr_a__legacy_gt__rnafold__historical_legacy121_v1,2N3Q_62_3wj_nmr_A,rnafold,false_positive_pair,17,46,true,2,2,"[[17,20],[29,46]]",62
legacy121_v1__2n3q_62_3wj_nmr_a__legacy_gt__rnafold__historical_legacy121_v1,2N3Q_62_3wj_nmr_A,rnafold,false_positive_pair,18,45,true,1,1,"[[30,45]]",62
legacy121_v1__2n3q_62_3wj_nmr_a__legacy_gt__rnafold__historical_legacy121_v1,2N3Q_62_3wj_nmr_A,rnafold,false_positive_pair,19,43,true,1,1,"[[34,43]]",62
legacy121_v1__2n3q_62_3wj_nmr_a__legacy_gt__rnafold__historical_legacy121_v1,2N3Q_62_3wj_nmr_A,rnafold,false_positive_pair,20,42,true,2,2,"[[17,20],[35,42]]",62
legacy121_v1__2n3q_62_3wj_nmr_a__legacy_gt__rnafold__historical_legacy121_v1,2N3Q_62_3wj_nmr_A,rnafold,false_positive_pair,21,41,true,2,2,"[[16,21],[36,41]]",62
legacy121_v1__2n3q_62_3wj_nmr_a__legacy_gt__rnafold__historical_legacy121_v1,2N3Q_62_3wj_nmr_A,rnafold,false_positive_pair,25,39,true,1,1,"[[13,25]]",62
legacy121_v1__2n3q_62_3wj_nmr_a__legacy_gt__rnafold__historical_legacy121_v1,2N3Q_62_3wj_nmr_A,rnafold,false_positive_pair,26,38,true,1,1,"[[12,26]]",62
legacy121_v1__2n3q_62_3wj_nmr_a__legacy_gt__rnafold__historical_legacy121_v1,2N3Q_62_3wj_nmr_A,rnafold,false_positive_pair,27,37,true,1,1,"[[11,27]]",62
legacy121_v1__2n3q_62_3wj_nmr_a__legacy_gt__rnafold__historical_legacy121_v1,2N3Q_62_3wj_nmr_A,rnafold,false_positive_pair,28,36,true,2,2,"[[28,47],[36,41]]",62
legacy121_v1__2n3q_62_3wj_nmr_a__legacy_gt__rnafold__historical_legacy121_v1,2N3Q_62_3wj_nmr_A,rnafold,false_positive_pair,29,35,true,2,2,"[[29,46],[35,42]]",62
legacy121_v1__2n3q_62_3wj_nmr_a__legacy_gt__trrosettarna2_native_ss__historical_legacy121_v1,2N3Q_62_3wj_nmr_A,trrosettarna2_native_ss,false_positive_pair,9,52,false,0,0,[],62
legacy121_v1__2n3q_62_3wj_nmr_a__legacy_gt__trrosettarna2_native_ss__historical_legacy121_v1,2N3Q_62_3wj_nmr_A,trrosettarna2_native_ss,false_positive_pair,37,40,false,0,0,[],62
legacy121_v1__2n4l_53_hpbulge_nmr_a__legacy_gt__rnafold__historical_legacy121_v1,2N4L_53_hpbulge_nmr_A,rnafold,missing_pair,18,34,true,1,1,"[[20,34]]",53
legacy121_v1__2n4l_53_hpbulge_nmr_a__legacy_gt__rnafold__historical_legacy121_v1,2N4L_53_hpbulge_nmr_A,rnafold,false_positive_pair,20,34,true,1,1,"[[18,34]]",53
legacy121_v1__2n4l_53_hpbulge_nmr_a__legacy_gt__trrosettarna2_native_ss__historical_legacy121_v1,2N4L_53_hpbulge_nmr_A,trrosettarna2_native_ss,false_positive_pair,14,38,false,0,0,[],53
legacy121_v1__2n4l_53_hpbulge_nmr_a__legacy_gt__trrosettarna2_native_ss__historical_legacy121_v1,2N4L_53_hpbulge_nmr_A,trrosettarna2_native_ss,false_positive_pair,15,37,false,0,0,[],53
legacy121_v1__2n4l_53_hpbulge_nmr_a__legacy_gt__trrosettarna2_native_ss__historical_legacy121_v1,2N4L_53_hpbulge_nmr_A,trrosettarna2_native_ss,false_positive_pair,25,29,false,0,0,[],53
legacy121_v1__2n6w_68_hpbulge_nmr_a__legacy_gt__petfold__historical_legacy121_v1,2N6W_68_hpbulge_nmr_A,petfold,missing_pair,17,50,true,1,1,"[[18,50]]",68
legacy121_v1__2n6w_68_hpbulge_nmr_a__legacy_gt__petfold__historical_legacy121_v1,2N6W_68_hpbulge_nmr_A,petfold,false_positive_pair,15,52,false,0,0,[],68
legacy121_v1__2n6w_68_hpbulge_nmr_a__legacy_gt__petfold__historical_legacy121_v1,2N6W_68_hpbulge_nmr_A,petfold,false_positive_pair,18,50,true,1,1,"[[17,50]]",68
legacy121_v1__2n6w_68_hpbulge_nmr_a__legacy_gt__petfold__historical_legacy121_v1,2N6W_68_hpbulge_nmr_A,petfold,false_positive_pair,19,49,false,0,0,[],68
legacy121_v1__2n6w_68_hpbulge_nmr_a__legacy_gt__petfold__historical_legacy121_v1,2N6W_68_hpbulge_nmr_A,petfold,false_positive_pair,25,43,false,0,0,[],68
legacy121_v1__2n6w_68_hpbulge_nmr_a__legacy_gt__rnafold__historical_legacy121_v1,2N6W_68_hpbulge_nmr_A,rnafold,missing_pair,17,50,true,1,1,"[[18,50]]",68
legacy121_v1__2n6w_68_hpbulge_nmr_a__legacy_gt__rnafold__historical_legacy121_v1,2N6W_68_hpbulge_nmr_A,rnafold,false_positive_pair,15,52,false,0,0,[],68
legacy121_v1__2n6w_68_hpbulge_nmr_a__legacy_gt__rnafold__historical_legacy121_v1,2N6W_68_hpbulge_nmr_A,rnafold,false_positive_pair,18,50,true,1,1,"[[17,50]]",68
legacy121_v1__2n6w_68_hpbulge_nmr_a__legacy_gt__rnafold__historical_legacy121_v1,2N6W_68_hpbulge_nmr_A,rnafold,false_positive_pair,19,49,false,0,0,[],68
legacy121_v1__2n6w_68_hpbulge_nmr_a__legacy_gt__rnafold__historical_legacy121_v1,2N6W_68_hpbulge_nmr_A,rnafold,false_positive_pair,25,43,false,0,0,[],68
legacy121_v1__2n6w_68_hpbulge_nmr_a__legacy_gt__trrosettarna2_native_ss__historical_legacy121_v1,2N6W_68_hpbulge_nmr_A,trrosettarna2_native_ss,missing_pair,16,51,false,0,0,[],68
legacy121_v1__2n6w_68_hpbulge_nmr_a__legacy_gt__trrosettarna2_native_ss__historical_legacy121_v1,2N6W_68_hpbulge_nmr_A,trrosettarna2_native_ss,missing_pair,17,50,false,0,0,[],68
legacy121_v1__2n6w_68_hpbulge_nmr_a__legacy_gt__trrosettarna2_native_ss__historical_legacy121_v1,2N6W_68_hpbulge_nmr_A,trrosettarna2_native_ss,false_positive_pair,26,41,false,0,0,[],68
legacy121_v1__2n6w_68_hpbulge_nmr_a__legacy_gt__trrosettarna2_native_ss__historical_legacy121_v1,2N6W_68_hpbulge_nmr_A,trrosettarna2_native_ss,false_positive_pair,27,40,false,0,0,[],68
legacy121_v1__2n6w_68_hpbulge_nmr_a__legacy_gt__trrosettarna2_native_ss__historical_legacy121_v1,2N6W_68_hpbulge_nmr_A,trrosettarna2_native_ss,false_positive_pair,32,35,false,0,0,[],68
legacy121_v1__2nc1_67_3wj_nmr_a__legacy_gt__petfold__historical_legacy121_v1,2NC1_67_3wj_nmr_A,petfold,missing_pair,48,54,false,0,0,[],67
legacy121_v1__2nc1_67_3wj_nmr_a__legacy_gt__rnafold__historical_legacy121_v1,2NC1_67_3wj_nmr_A,rnafold,missing_pair,48,54,false,0,0,[],67
legacy121_v1__2nc1_67_3wj_nmr_a__legacy_gt__trrosettarna2_native_ss__historical_legacy121_v1,2NC1_67_3wj_nmr_A,trrosettarna2_native_ss,false_positive_pair,8,60,false,0,0,[],67
legacy121_v1__2nc1_67_3wj_nmr_a__legacy_gt__trrosettarna2_native_ss__historical_legacy121_v1,2NC1_67_3wj_nmr_A,trrosettarna2_native_ss,false_positive_pair,20,23,false,0,0,[],67
legacy121_v1__2nc1_67_3wj_nmr_a__legacy_gt__trrosettarna2_native_ss__historical_legacy121_v1,2NC1_67_3wj_nmr_A,trrosettarna2_native_ss,false_positive_pair,37,40,false,0,0,[],67
legacy121_v1__2nc1_67_3wj_nmr_a__legacy_gt__trrosettarna2_native_ss__historical_legacy121_v1,2NC1_67_3wj_nmr_A,trrosettarna2_native_ss,false_positive_pair,49,53,false,0,0,[],67
legacy121_v1__2nci_28_hpbulge_nmr_a__legacy_gt__petfold__historical_legacy121_v1,2NCI_28_hpbulge_nmr_A,petfold,false_positive_pair,5,22,false,0,0,[],28
legacy121_v1__2nci_28_hpbulge_nmr_a__legacy_gt__petfold__historical_legacy121_v1,2NCI_28_hpbulge_nmr_A,petfold,false_positive_pair,10,21,false,0,0,[],28
legacy121_v1__2nci_28_hpbulge_nmr_a__legacy_gt__rnafold__historical_legacy121_v1,2NCI_28_hpbulge_nmr_A,rnafold,false_positive_pair,5,22,false,0,0,[],28
legacy121_v1__2nci_28_hpbulge_nmr_a__legacy_gt__rnafold__historical_legacy121_v1,2NCI_28_hpbulge_nmr_A,rnafold,false_positive_pair,10,21,false,0,0,[],28
legacy121_v1__2nci_28_hpbulge_nmr_a__legacy_gt__trrosettarna2_native_ss__historical_legacy121_v1,2NCI_28_hpbulge_nmr_A,trrosettarna2_native_ss,false_positive_pair,7,22,false,0,0,[],28
legacy121_v1__2nci_28_hpbulge_nmr_a__legacy_gt__trrosettarna2_native_ss__historical_legacy121_v1,2NCI_28_hpbulge_nmr_A,trrosettarna2_native_ss,false_positive_pair,14,17,false,0,0,[],28
legacy121_v1__2pcv_35_hpbulge_nmr_a__legacy_gt__petfold__historical_legacy121_v1,2PCV_35_hpbulge_nmr_A,petfold,false_positive_pair,9,29,false,0,0,[],35
legacy121_v1__2pcv_35_hpbulge_nmr_a__legacy_gt__petfold__historical_legacy121_v1,2PCV_35_hpbulge_nmr_A,petfold,false_positive_pair,10,28,false,0,0,[],35
legacy121_v1__2pcv_35_hpbulge_nmr_a__legacy_gt__rnafold__historical_legacy121_v1,2PCV_35_hpbulge_nmr_A,rnafold,false_positive_pair,5,28,false,0,0,[],35
legacy121_v1__2pcv_35_hpbulge_nmr_a__legacy_gt__trrosettarna2_native_ss__historical_legacy121_v1,2PCV_35_hpbulge_nmr_A,trrosettarna2_native_ss,false_positive_pair,15,18,false,0,0,[],35
legacy121_v1__2qh2_24_hp_nmr_a__legacy_gt__petfold__historical_legacy121_v1,2QH2_24_hp_nmr_A,petfold,missing_pair,8,14,false,0,0,[],24
legacy121_v1__2qh2_24_hp_nmr_a__legacy_gt__rnafold__historical_legacy121_v1,2QH2_24_hp_nmr_A,rnafold,missing_pair,8,14,false,0,0,[],24
legacy121_v1__2ro2_23_hp_nmr_a__legacy_gt__trrosettarna2_native_ss__historical_legacy121_v1,2RO2_23_hp_nmr_A,trrosettarna2_native_ss,false_positive_pair,9,11,false,0,0,[],23
legacy121_v1__2rvo_34_hp_nmr_a__legacy_gt__trrosettarna2_native_ss__historical_legacy121_v1,2RVO_34_hp_nmr_A,trrosettarna2_native_ss,false_positive_pair,8,25,false,0,0,[],34
legacy121_v1__2tpk_35_pseudoknot_nmr_a__legacy_gt__petfold__historical_legacy121_v1,2TPK_35_pseudoknot_nmr_A,petfold,missing_pair,2,19,false,0,0,[],36
legacy121_v1__2tpk_35_pseudoknot_nmr_a__legacy_gt__petfold__historical_legacy121_v1,2TPK_35_pseudoknot_nmr_A,petfold,missing_pair,3,18,false,0,0,[],36
legacy121_v1__2tpk_35_pseudoknot_nmr_a__legacy_gt__petfold__historical_legacy121_v1,2TPK_35_pseudoknot_nmr_A,petfold,missing_pair,4,17,true,1,1,"[[17,23]]",36
legacy121_v1__2tpk_35_pseudoknot_nmr_a__legacy_gt__petfold__historical_legacy121_v1,2TPK_35_pseudoknot_nmr_A,petfold,missing_pair,5,16,true,1,1,"[[16,24]]",36
legacy121_v1__2tpk_35_pseudoknot_nmr_a__legacy_gt__petfold__historical_legacy121_v1,2TPK_35_pseudoknot_nmr_A,petfold,missing_pair,6,15,true,1,1,"[[15,25]]",36
legacy121_v1__2tpk_35_pseudoknot_nmr_a__legacy_gt__petfold__historical_legacy121_v1,2TPK_35_pseudoknot_nmr_A,petfold,false_positive_pair,15,25,true,1,1,"[[6,15]]",36
legacy121_v1__2tpk_35_pseudoknot_nmr_a__legacy_gt__petfold__historical_legacy121_v1,2TPK_35_pseudoknot_nmr_A,petfold,false_positive_pair,16,24,true,1,1,"[[5,16]]",36
legacy121_v1__2tpk_35_pseudoknot_nmr_a__legacy_gt__petfold__historical_legacy121_v1,2TPK_35_pseudoknot_nmr_A,petfold,false_positive_pair,17,23,true,1,1,"[[4,17]]",36
legacy121_v1__2tpk_35_pseudoknot_nmr_a__legacy_gt__rnafold__historical_legacy121_v1,2TPK_35_pseudoknot_nmr_A,rnafold,missing_pair,2,19,false,0,0,[],36
legacy121_v1__2tpk_35_pseudoknot_nmr_a__legacy_gt__rnafold__historical_legacy121_v1,2TPK_35_pseudoknot_nmr_A,rnafold,missing_pair,3,18,false,0,0,[],36
legacy121_v1__2tpk_35_pseudoknot_nmr_a__legacy_gt__rnafold__historical_legacy121_v1,2TPK_35_pseudoknot_nmr_A,rnafold,missing_pair,4,17,false,0,0,[],36
legacy121_v1__2tpk_35_pseudoknot_nmr_a__legacy_gt__rnafold__historical_legacy121_v1,2TPK_35_pseudoknot_nmr_A,rnafold,missing_pair,5,16,true,1,1,"[[16,25]]",36
legacy121_v1__2tpk_35_pseudoknot_nmr_a__legacy_gt__rnafold__historical_legacy121_v1,2TPK_35_pseudoknot_nmr_A,rnafold,missing_pair,6,15,false,0,0,[],36
legacy121_v1__2tpk_35_pseudoknot_nmr_a__legacy_gt__rnafold__historical_legacy121_v1,2TPK_35_pseudoknot_nmr_A,rnafold,false_positive_pair,16,25,true,1,1,"[[5,16]]",36
legacy121_v1__2tpk_35_pseudoknot_nmr_a__legacy_gt__trrosettarna2_native_ss__historical_legacy121_v1,2TPK_35_pseudoknot_nmr_A,trrosettarna2_native_ss,missing_pair,2,19,true,2,2,"[[2,33],[10,19]]",36
legacy121_v1__2tpk_35_pseudoknot_nmr_a__legacy_gt__trrosettarna2_native_ss__historical_legacy121_v1,2TPK_35_pseudoknot_nmr_A,trrosettarna2_native_ss,missing_pair,3,18,true,2,2,"[[3,32],[11,18]]",36
legacy121_v1__2tpk_35_pseudoknot_nmr_a__legacy_gt__trrosettarna2_native_ss__historical_legacy121_v1,2TPK_35_pseudoknot_nmr_A,trrosettarna2_native_ss,missing_pair,4,17,true,2,2,"[[4,31],[12,17]]",36
legacy121_v1__2tpk_35_pseudoknot_nmr_a__legacy_gt__trrosettarna2_native_ss__historical_legacy121_v1,2TPK_35_pseudoknot_nmr_A,trrosettarna2_native_ss,missing_pair,5,16,true,2,2,"[[5,30],[13,16]]",36
legacy121_v1__2tpk_35_pseudoknot_nmr_a__legacy_gt__trrosettarna2_native_ss__historical_legacy121_v1,2TPK_35_pseudoknot_nmr_A,trrosettarna2_native_ss,missing_pair,6,15,true,2,2,"[[6,29],[14,15]]",36
legacy121_v1__2tpk_35_pseudoknot_nmr_a__legacy_gt__trrosettarna2_native_ss__historical_legacy121_v1,2TPK_35_pseudoknot_nmr_A,trrosettarna2_native_ss,missing_pair,8,33,true,2,2,"[[2,33],[8,28]]",36
legacy121_v1__2tpk_35_pseudoknot_nmr_a__legacy_gt__trrosettarna2_native_ss__historical_legacy121_v1,2TPK_35_pseudoknot_nmr_A,trrosettarna2_native_ss,missing_pair,9,32,true,2,2,"[[3,32],[9,27]]",36
legacy121_v1__2tpk_35_pseudoknot_nmr_a__legacy_gt__trrosettarna2_native_ss__historical_legacy121_v1,2TPK_35_pseudoknot_nmr_A,trrosettarna2_native_ss,missing_pair,10,31,true,2,2,"[[4,31],[10,19]]",36
legacy121_v1__2tpk_35_pseudoknot_nmr_a__legacy_gt__trrosettarna2_native_ss__historical_legacy121_v1,2TPK_35_pseudoknot_nmr_A,trrosettarna2_native_ss,missing_pair,11,30,true,2,2,"[[5,30],[11,18]]",36
legacy121_v1__2tpk_35_pseudoknot_nmr_a__legacy_gt__trrosettarna2_native_ss__historical_legacy121_v1,2TPK_35_pseudoknot_nmr_A,trrosettarna2_native_ss,missing_pair,12,29,true,2,2,"[[6,29],[12,17]]",36
legacy121_v1__2tpk_35_pseudoknot_nmr_a__legacy_gt__trrosettarna2_native_ss__historical_legacy121_v1,2TPK_35_pseudoknot_nmr_A,trrosettarna2_native_ss,missing_pair,13,28,true,2,2,"[[8,28],[13,16]]",36
legacy121_v1__2tpk_35_pseudoknot_nmr_a__legacy_gt__trrosettarna2_native_ss__historical_legacy121_v1,2TPK_35_pseudoknot_nmr_A,trrosettarna2_native_ss,missing_pair,14,27,true,2,2,"[[9,27],[14,15]]",36
legacy121_v1__2tpk_35_pseudoknot_nmr_a__legacy_gt__trrosettarna2_native_ss__historical_legacy121_v1,2TPK_35_pseudoknot_nmr_A,trrosettarna2_native_ss,false_positive_pair,2,33,true,2,2,"[[2,19],[8,33]]",36
legacy121_v1__2tpk_35_pseudoknot_nmr_a__legacy_gt__trrosettarna2_native_ss__historical_legacy121_v1,2TPK_35_pseudoknot_nmr_A,trrosettarna2_native_ss,false_positive_pair,3,32,true,2,2,"[[3,18],[9,32]]",36
legacy121_v1__2tpk_35_pseudoknot_nmr_a__legacy_gt__trrosettarna2_native_ss__historical_legacy121_v1,2TPK_35_pseudoknot_nmr_A,trrosettarna2_native_ss,false_positive_pair,4,31,true,2,2,"[[4,17],[10,31]]",36
legacy121_v1__2tpk_35_pseudoknot_nmr_a__legacy_gt__trrosettarna2_native_ss__historical_legacy121_v1,2TPK_35_pseudoknot_nmr_A,trrosettarna2_native_ss,false_positive_pair,5,30,true,2,2,"[[5,16],[11,30]]",36
legacy121_v1__2tpk_35_pseudoknot_nmr_a__legacy_gt__trrosettarna2_native_ss__historical_legacy121_v1,2TPK_35_pseudoknot_nmr_A,trrosettarna2_native_ss,false_positive_pair,6,29,true,2,2,"[[6,15],[12,29]]",36
legacy121_v1__2tpk_35_pseudoknot_nmr_a__legacy_gt__trrosettarna2_native_ss__historical_legacy121_v1,2TPK_35_pseudoknot_nmr_A,trrosettarna2_native_ss,false_positive_pair,8,28,true,2,2,"[[8,33],[13,28]]",36
legacy121_v1__2tpk_35_pseudoknot_nmr_a__legacy_gt__trrosettarna2_native_ss__historical_legacy121_v1,2TPK_35_pseudoknot_nmr_A,trrosettarna2_native_ss,false_positive_pair,9,27,true,2,2,"[[9,32],[14,27]]",36
legacy121_v1__2tpk_35_pseudoknot_nmr_a__legacy_gt__trrosettarna2_native_ss__historical_legacy121_v1,2TPK_35_pseudoknot_nmr_A,trrosettarna2_native_ss,false_positive_pair,10,19,true,2,2,"[[2,19],[10,31]]",36
legacy121_v1__2tpk_35_pseudoknot_nmr_a__legacy_gt__trrosettarna2_native_ss__historical_legacy121_v1,2TPK_35_pseudoknot_nmr_A,trrosettarna2_native_ss,false_positive_pair,11,18,true,2,2,"[[3,18],[11,30]]",36
legacy121_v1__2tpk_35_pseudoknot_nmr_a__legacy_gt__trrosettarna2_native_ss__historical_legacy121_v1,2TPK_35_pseudoknot_nmr_A,trrosettarna2_native_ss,false_positive_pair,12,17,true,2,2,"[[4,17],[12,29]]",36
legacy121_v1__2tpk_35_pseudoknot_nmr_a__legacy_gt__trrosettarna2_native_ss__historical_legacy121_v1,2TPK_35_pseudoknot_nmr_A,trrosettarna2_native_ss,false_positive_pair,13,16,true,2,2,"[[5,16],[13,28]]",36
legacy121_v1__2tpk_35_pseudoknot_nmr_a__legacy_gt__trrosettarna2_native_ss__historical_legacy121_v1,2TPK_35_pseudoknot_nmr_A,trrosettarna2_native_ss,false_positive_pair,14,15,true,2,2,"[[6,15],[14,27]]",36
legacy121_v1__387d_26_hpbulge_xray_a__legacy_gt__petfold__historical_legacy121_v1,387D_26_hpbulge_xray_A,petfold,missing_pair,0,17,false,0,0,[],26
legacy121_v1__387d_26_hpbulge_xray_a__legacy_gt__petfold__historical_legacy121_v1,387D_26_hpbulge_xray_A,petfold,missing_pair,1,14,false,0,0,[],26
legacy121_v1__387d_26_hpbulge_xray_a__legacy_gt__petfold__historical_legacy121_v1,387D_26_hpbulge_xray_A,petfold,missing_pair,2,13,false,0,0,[],26
legacy121_v1__387d_26_hpbulge_xray_a__legacy_gt__petfold__historical_legacy121_v1,387D_26_hpbulge_xray_A,petfold,missing_pair,3,12,false,0,0,[],26
legacy121_v1__387d_26_hpbulge_xray_a__legacy_gt__petfold__historical_legacy121_v1,387D_26_hpbulge_xray_A,petfold,false_positive_pair,5,25,false,0,0,[],26
legacy121_v1__387d_26_hpbulge_xray_a__legacy_gt__petfold__historical_legacy121_v1,387D_26_hpbulge_xray_A,petfold,false_positive_pair,6,24,false,0,0,[],26
legacy121_v1__387d_26_hpbulge_xray_a__legacy_gt__petfold__historical_legacy121_v1,387D_26_hpbulge_xray_A,petfold,false_positive_pair,7,23,false,0,0,[],26
legacy121_v1__387d_26_hpbulge_xray_a__legacy_gt__petfold__historical_legacy121_v1,387D_26_hpbulge_xray_A,petfold,false_positive_pair,8,22,false,0,0,[],26
legacy121_v1__387d_26_hpbulge_xray_a__legacy_gt__petfold__historical_legacy121_v1,387D_26_hpbulge_xray_A,petfold,false_positive_pair,9,21,false,0,0,[],26
legacy121_v1__387d_26_hpbulge_xray_a__legacy_gt__petfold__historical_legacy121_v1,387D_26_hpbulge_xray_A,petfold,false_positive_pair,10,20,false,0,0,[],26
legacy121_v1__387d_26_hpbulge_xray_a__legacy_gt__rnafold__historical_legacy121_v1,387D_26_hpbulge_xray_A,rnafold,missing_pair,0,17,false,0,0,[],26
legacy121_v1__387d_26_hpbulge_xray_a__legacy_gt__rnafold__historical_legacy121_v1,387D_26_hpbulge_xray_A,rnafold,missing_pair,1,14,false,0,0,[],26
legacy121_v1__387d_26_hpbulge_xray_a__legacy_gt__rnafold__historical_legacy121_v1,387D_26_hpbulge_xray_A,rnafold,missing_pair,2,13,false,0,0,[],26
legacy121_v1__387d_26_hpbulge_xray_a__legacy_gt__rnafold__historical_legacy121_v1,387D_26_hpbulge_xray_A,rnafold,missing_pair,3,12,false,0,0,[],26
legacy121_v1__387d_26_hpbulge_xray_a__legacy_gt__rnafold__historical_legacy121_v1,387D_26_hpbulge_xray_A,rnafold,false_positive_pair,5,25,false,0,0,[],26
legacy121_v1__387d_26_hpbulge_xray_a__legacy_gt__rnafold__historical_legacy121_v1,387D_26_hpbulge_xray_A,rnafold,false_positive_pair,6,24,false,0,0,[],26
legacy121_v1__387d_26_hpbulge_xray_a__legacy_gt__rnafold__historical_legacy121_v1,387D_26_hpbulge_xray_A,rnafold,false_positive_pair,7,23,false,0,0,[],26
legacy121_v1__387d_26_hpbulge_xray_a__legacy_gt__rnafold__historical_legacy121_v1,387D_26_hpbulge_xray_A,rnafold,false_positive_pair,8,22,false,0,0,[],26
legacy121_v1__387d_26_hpbulge_xray_a__legacy_gt__rnafold__historical_legacy121_v1,387D_26_hpbulge_xray_A,rnafold,false_positive_pair,9,21,false,0,0,[],26
legacy121_v1__387d_26_hpbulge_xray_a__legacy_gt__rnafold__historical_legacy121_v1,387D_26_hpbulge_xray_A,rnafold,false_positive_pair,10,20,false,0,0,[],26
legacy121_v1__387d_26_hpbulge_xray_a__legacy_gt__trrosettarna2_native_ss__historical_legacy121_v1,387D_26_hpbulge_xray_A,trrosettarna2_native_ss,false_positive_pair,4,11,false,0,0,[],26
legacy121_v1__5a17_32_hp_nmr_a__legacy_gt__petfold__historical_legacy121_v1,5A17_32_hp_nmr_A,petfold,missing_pair,8,22,false,0,0,[],32
legacy121_v1__5a17_32_hp_nmr_a__legacy_gt__petfold__historical_legacy121_v1,5A17_32_hp_nmr_A,petfold,missing_pair,9,21,true,1,1,"[[11,21]]",32
legacy121_v1__5a17_32_hp_nmr_a__legacy_gt__petfold__historical_legacy121_v1,5A17_32_hp_nmr_A,petfold,missing_pair,12,18,true,1,1,"[[12,20]]",32
legacy121_v1__5a17_32_hp_nmr_a__legacy_gt__petfold__historical_legacy121_v1,5A17_32_hp_nmr_A,petfold,false_positive_pair,11,21,true,1,1,"[[9,21]]",32
legacy121_v1__5a17_32_hp_nmr_a__legacy_gt__petfold__historical_legacy121_v1,5A17_32_hp_nmr_A,petfold,false_positive_pair,12,20,true,1,1,"[[12,18]]",32
legacy121_v1__5a17_32_hp_nmr_a__legacy_gt__trrosettarna2_native_ss__historical_legacy121_v1,5A17_32_hp_nmr_A,trrosettarna2_native_ss,false_positive_pair,10,20,false,0,0,[],32
legacy121_v1__5a17_32_hp_nmr_a__legacy_gt__trrosettarna2_native_ss__historical_legacy121_v1,5A17_32_hp_nmr_A,trrosettarna2_native_ss,false_positive_pair,11,19,false,0,0,[],32
legacy121_v1__5kh8_47_3wj_nmr_a__legacy_gt__petfold__historical_legacy121_v1,5KH8_47_3wj_nmr_A,petfold,missing_pair,6,43,false,0,0,[],47
legacy121_v1__5kh8_47_3wj_nmr_a__legacy_gt__petfold__historical_legacy121_v1,5KH8_47_3wj_nmr_A,petfold,missing_pair,7,42,false,0,0,[],47
legacy121_v1__5kh8_47_3wj_nmr_a__legacy_gt__petfold__historical_legacy121_v1,5KH8_47_3wj_nmr_A,petfold,missing_pair,8,41,false,0,0,[],47
legacy121_v1__5kh8_47_3wj_nmr_a__legacy_gt__petfold__historical_legacy121_v1,5KH8_47_3wj_nmr_A,petfold,missing_pair,9,40,false,0,0,[],47
legacy121_v1__5kh8_47_3wj_nmr_a__legacy_gt__petfold__historical_legacy121_v1,5KH8_47_3wj_nmr_A,petfold,missing_pair,10,39,false,0,0,[],47
legacy121_v1__5kh8_47_3wj_nmr_a__legacy_gt__petfold__historical_legacy121_v1,5KH8_47_3wj_nmr_A,petfold,missing_pair,11,38,true,1,1,"[[4,11]]",47
legacy121_v1__5kh8_47_3wj_nmr_a__legacy_gt__petfold__historical_legacy121_v1,5KH8_47_3wj_nmr_A,petfold,false_positive_pair,4,11,true,1,1,"[[11,38]]",47
legacy121_v1__5kh8_47_3wj_nmr_a__legacy_gt__rnafold__historical_legacy121_v1,5KH8_47_3wj_nmr_A,rnafold,missing_pair,6,43,false,0,0,[],47
legacy121_v1__5kh8_47_3wj_nmr_a__legacy_gt__rnafold__historical_legacy121_v1,5KH8_47_3wj_nmr_A,rnafold,missing_pair,7,42,false,0,0,[],47
legacy121_v1__5kh8_47_3wj_nmr_a__legacy_gt__rnafold__historical_legacy121_v1,5KH8_47_3wj_nmr_A,rnafold,missing_pair,8,41,false,0,0,[],47
legacy121_v1__5kh8_47_3wj_nmr_a__legacy_gt__rnafold__historical_legacy121_v1,5KH8_47_3wj_nmr_A,rnafold,missing_pair,9,40,false,0,0,[],47
legacy121_v1__5kh8_47_3wj_nmr_a__legacy_gt__rnafold__historical_legacy121_v1,5KH8_47_3wj_nmr_A,rnafold,missing_pair,10,39,false,0,0,[],47
legacy121_v1__5kh8_47_3wj_nmr_a__legacy_gt__rnafold__historical_legacy121_v1,5KH8_47_3wj_nmr_A,rnafold,missing_pair,11,38,true,1,1,"[[4,11]]",47
legacy121_v1__5kh8_47_3wj_nmr_a__legacy_gt__rnafold__historical_legacy121_v1,5KH8_47_3wj_nmr_A,rnafold,false_positive_pair,4,11,true,1,1,"[[11,38]]",47
legacy121_v1__5kh8_47_3wj_nmr_a__legacy_gt__trrosettarna2_native_ss__historical_legacy121_v1,5KH8_47_3wj_nmr_A,trrosettarna2_native_ss,missing_pair,0,15,true,2,2,"[[0,44],[8,15]]",47
legacy121_v1__5kh8_47_3wj_nmr_a__legacy_gt__trrosettarna2_native_ss__historical_legacy121_v1,5KH8_47_3wj_nmr_A,trrosettarna2_native_ss,missing_pair,1,14,true,2,2,"[[1,43],[9,14]]",47
legacy121_v1__5kh8_47_3wj_nmr_a__legacy_gt__trrosettarna2_native_ss__historical_legacy121_v1,5KH8_47_3wj_nmr_A,trrosettarna2_native_ss,missing_pair,2,13,true,2,2,"[[2,42],[10,13]]",47
legacy121_v1__5kh8_47_3wj_nmr_a__legacy_gt__trrosettarna2_native_ss__historical_legacy121_v1,5KH8_47_3wj_nmr_A,trrosettarna2_native_ss,missing_pair,3,12,true,2,2,"[[3,41],[11,12]]",47
legacy121_v1__5kh8_47_3wj_nmr_a__legacy_gt__trrosettarna2_native_ss__historical_legacy121_v1,5KH8_47_3wj_nmr_A,trrosettarna2_native_ss,missing_pair,6,43,true,2,2,"[[1,43],[6,39]]",47
legacy121_v1__5kh8_47_3wj_nmr_a__legacy_gt__trrosettarna2_native_ss__historical_legacy121_v1,5KH8_47_3wj_nmr_A,trrosettarna2_native_ss,missing_pair,7,42,true,2,2,"[[2,42],[7,34]]",47
legacy121_v1__5kh8_47_3wj_nmr_a__legacy_gt__trrosettarna2_native_ss__historical_legacy121_v1,5KH8_47_3wj_nmr_A,trrosettarna2_native_ss,missing_pair,8,41,true,2,2,"[[3,41],[8,15]]",47
legacy121_v1__5kh8_47_3wj_nmr_a__legacy_gt__trrosettarna2_native_ss__historical_legacy121_v1,5KH8_47_3wj_nmr_A,trrosettarna2_native_ss,missing_pair,9,40,true,2,2,"[[4,40],[9,14]]",47
legacy121_v1__5kh8_47_3wj_nmr_a__legacy_gt__trrosettarna2_native_ss__historical_legacy121_v1,5KH8_47_3wj_nmr_A,trrosettarna2_native_ss,missing_pair,10,39,true,2,2,"[[6,39],[10,13]]",47
legacy121_v1__5kh8_47_3wj_nmr_a__legacy_gt__trrosettarna2_native_ss__historical_legacy121_v1,5KH8_47_3wj_nmr_A,trrosettarna2_native_ss,missing_pair,11,38,true,2,2,"[[11,12],[36,38]]",47
legacy121_v1__5kh8_47_3wj_nmr_a__legacy_gt__trrosettarna2_native_ss__historical_legacy121_v1,5KH8_47_3wj_nmr_A,trrosettarna2_native_ss,false_positive_pair,0,44,true,1,1,"[[0,15]]",47
legacy121_v1__5kh8_47_3wj_nmr_a__legacy_gt__trrosettarna2_native_ss__historical_legacy121_v1,5KH8_47_3wj_nmr_A,trrosettarna2_native_ss,false_positive_pair,1,43,true,2,2,"[[1,14],[6,43]]",47
legacy121_v1__5kh8_47_3wj_nmr_a__legacy_gt__trrosettarna2_native_ss__historical_legacy121_v1,5KH8_47_3wj_nmr_A,trrosettarna2_native_ss,false_positive_pair,2,42,true,2,2,"[[2,13],[7,42]]",47
legacy121_v1__5kh8_47_3wj_nmr_a__legacy_gt__trrosettarna2_native_ss__historical_legacy121_v1,5KH8_47_3wj_nmr_A,trrosettarna2_native_ss,false_positive_pair,3,41,true,2,2,"[[3,12],[8,41]]",47
legacy121_v1__5kh8_47_3wj_nmr_a__legacy_gt__trrosettarna2_native_ss__historical_legacy121_v1,5KH8_47_3wj_nmr_A,trrosettarna2_native_ss,false_positive_pair,4,40,true,1,1,"[[9,40]]",47
legacy121_v1__5kh8_47_3wj_nmr_a__legacy_gt__trrosettarna2_native_ss__historical_legacy121_v1,5KH8_47_3wj_nmr_A,trrosettarna2_native_ss,false_positive_pair,6,39,true,2,2,"[[6,43],[10,39]]",47
legacy121_v1__5kh8_47_3wj_nmr_a__legacy_gt__trrosettarna2_native_ss__historical_legacy121_v1,5KH8_47_3wj_nmr_A,trrosettarna2_native_ss,false_positive_pair,7,34,true,1,1,"[[7,42]]",47
legacy121_v1__5kh8_47_3wj_nmr_a__legacy_gt__trrosettarna2_native_ss__historical_legacy121_v1,5KH8_47_3wj_nmr_A,trrosettarna2_native_ss,false_positive_pair,8,15,true,2,2,"[[0,15],[8,41]]",47
legacy121_v1__5kh8_47_3wj_nmr_a__legacy_gt__trrosettarna2_native_ss__historical_legacy121_v1,5KH8_47_3wj_nmr_A,trrosettarna2_native_ss,false_positive_pair,9,14,true,2,2,"[[1,14],[9,40]]",47
legacy121_v1__5kh8_47_3wj_nmr_a__legacy_gt__trrosettarna2_native_ss__historical_legacy121_v1,5KH8_47_3wj_nmr_A,trrosettarna2_native_ss,false_positive_pair,10,13,true,2,2,"[[2,13],[10,39]]",47
legacy121_v1__5kh8_47_3wj_nmr_a__legacy_gt__trrosettarna2_native_ss__historical_legacy121_v1,5KH8_47_3wj_nmr_A,trrosettarna2_native_ss,false_positive_pair,11,12,true,2,2,"[[3,12],[11,38]]",47
legacy121_v1__5kh8_47_3wj_nmr_a__legacy_gt__trrosettarna2_native_ss__historical_legacy121_v1,5KH8_47_3wj_nmr_A,trrosettarna2_native_ss,false_positive_pair,26,29,false,0,0,[],47
legacy121_v1__5kh8_47_3wj_nmr_a__legacy_gt__trrosettarna2_native_ss__historical_legacy121_v1,5KH8_47_3wj_nmr_A,trrosettarna2_native_ss,false_positive_pair,36,38,true,1,1,"[[11,38]]",47
legacy121_v1__5kqe_35_hpbulge_nmr_a__legacy_gt__petfold__historical_legacy121_v1,5KQE_35_hpbulge_nmr_A,petfold,missing_pair,11,29,true,1,1,"[[6,29]]",36
legacy121_v1__5kqe_35_hpbulge_nmr_a__legacy_gt__petfold__historical_legacy121_v1,5KQE_35_hpbulge_nmr_A,petfold,false_positive_pair,6,29,true,1,1,"[[11,29]]",36
legacy121_v1__5kqe_35_hpbulge_nmr_a__legacy_gt__rnafold__historical_legacy121_v1,5KQE_35_hpbulge_nmr_A,rnafold,missing_pair,11,29,true,1,1,"[[6,29]]",36
legacy121_v1__5kqe_35_hpbulge_nmr_a__legacy_gt__rnafold__historical_legacy121_v1,5KQE_35_hpbulge_nmr_A,rnafold,false_positive_pair,6,29,true,1,1,"[[11,29]]",36
legacy121_v1__5kqe_35_hpbulge_nmr_a__legacy_gt__trrosettarna2_native_ss__historical_legacy121_v1,5KQE_35_hpbulge_nmr_A,trrosettarna2_native_ss,false_positive_pair,19,22,false,0,0,[],36
legacy121_v1__5lsn_28_hp_nmr_a__legacy_gt__petfold__historical_legacy121_v1,5LSN_28_hp_nmr_A,petfold,false_positive_pair,2,26,false,0,0,[],29
legacy121_v1__5lsn_28_hp_nmr_a__legacy_gt__trrosettarna2_native_ss__historical_legacy121_v1,5LSN_28_hp_nmr_A,trrosettarna2_native_ss,false_positive_pair,2,26,false,0,0,[],29
legacy121_v1__5lsn_28_hp_nmr_a__legacy_gt__trrosettarna2_native_ss__historical_legacy121_v1,5LSN_28_hp_nmr_A,trrosettarna2_native_ss,false_positive_pair,13,15,false,0,0,[],29
legacy121_v1__5uzt_31_hp_nmr_a__legacy_gt__petfold__historical_legacy121_v1,5UZT_31_hp_nmr_A,petfold,false_positive_pair,12,20,false,0,0,[],31
legacy121_v1__5uzt_31_hp_nmr_a__legacy_gt__petfold__historical_legacy121_v1,5UZT_31_hp_nmr_A,petfold,false_positive_pair,13,19,false,0,0,[],31
legacy121_v1__5uzt_31_hp_nmr_a__legacy_gt__petfold__historical_legacy121_v1,5UZT_31_hp_nmr_A,petfold,false_positive_pair,14,18,false,0,0,[],31
legacy121_v1__5uzt_31_hp_nmr_a__legacy_gt__rnafold__historical_legacy121_v1,5UZT_31_hp_nmr_A,rnafold,false_positive_pair,11,20,false,0,0,[],31
legacy121_v1__5uzt_31_hp_nmr_a__legacy_gt__rnafold__historical_legacy121_v1,5UZT_31_hp_nmr_A,rnafold,false_positive_pair,13,19,false,0,0,[],31
legacy121_v1__5uzt_31_hp_nmr_a__legacy_gt__rnafold__historical_legacy121_v1,5UZT_31_hp_nmr_A,rnafold,false_positive_pair,14,18,false,0,0,[],31
legacy121_v1__5uzt_31_hp_nmr_a__legacy_gt__trrosettarna2_native_ss__historical_legacy121_v1,5UZT_31_hp_nmr_A,trrosettarna2_native_ss,missing_pair,8,23,true,1,1,"[[8,22]]",31
legacy121_v1__5uzt_31_hp_nmr_a__legacy_gt__trrosettarna2_native_ss__historical_legacy121_v1,5UZT_31_hp_nmr_A,trrosettarna2_native_ss,missing_pair,9,22,true,2,2,"[[8,22],[9,21]]",31
legacy121_v1__5uzt_31_hp_nmr_a__legacy_gt__trrosettarna2_native_ss__historical_legacy121_v1,5UZT_31_hp_nmr_A,trrosettarna2_native_ss,missing_pair,10,21,true,2,2,"[[9,21],[10,19]]",31
legacy121_v1__5uzt_31_hp_nmr_a__legacy_gt__trrosettarna2_native_ss__historical_legacy121_v1,5UZT_31_hp_nmr_A,trrosettarna2_native_ss,false_positive_pair,8,22,true,2,2,"[[8,23],[9,22]]",31
legacy121_v1__5uzt_31_hp_nmr_a__legacy_gt__trrosettarna2_native_ss__historical_legacy121_v1,5UZT_31_hp_nmr_A,trrosettarna2_native_ss,false_positive_pair,9,21,true,2,2,"[[9,22],[10,21]]",31
legacy121_v1__5uzt_31_hp_nmr_a__legacy_gt__trrosettarna2_native_ss__historical_legacy121_v1,5UZT_31_hp_nmr_A,trrosettarna2_native_ss,false_positive_pair,10,19,true,1,1,"[[10,21]]",31
legacy121_v1__5v16_41_hpbulge_nmr_a__legacy_gt__trrosettarna2_native_ss__historical_legacy121_v1,5V16_41_hpbulge_nmr_A,trrosettarna2_native_ss,false_positive_pair,21,25,false,0,0,[],41
legacy121_v1__6hyk_31_hpbulge_nmr_a__legacy_gt__trrosettarna2_native_ss__historical_legacy121_v1,6HYK_31_hpbulge_nmr_A,trrosettarna2_native_ss,false_positive_pair,8,25,false,0,0,[],31
legacy121_v1__6hyk_31_hpbulge_nmr_a__legacy_gt__trrosettarna2_native_ss__historical_legacy121_v1,6HYK_31_hpbulge_nmr_A,trrosettarna2_native_ss,false_positive_pair,9,24,false,0,0,[],31
legacy121_v1__6hyk_31_hpbulge_nmr_a__legacy_gt__trrosettarna2_native_ss__historical_legacy121_v1,6HYK_31_hpbulge_nmr_A,trrosettarna2_native_ss,false_positive_pair,10,23,false,0,0,[],31
legacy121_v1__6hyk_31_hpbulge_nmr_a__legacy_gt__trrosettarna2_native_ss__historical_legacy121_v1,6HYK_31_hpbulge_nmr_A,trrosettarna2_native_ss,false_positive_pair,15,18,false,0,0,[],31
legacy121_v1__6noa_56_hp_nmr_a__legacy_gt__trrosettarna2_native_ss__historical_legacy121_v1,6NOA_56_hp_nmr_A,trrosettarna2_native_ss,missing_pair,21,35,false,0,0,[],56
legacy121_v1__6noa_56_hp_nmr_a__legacy_gt__trrosettarna2_native_ss__historical_legacy121_v1,6NOA_56_hp_nmr_A,trrosettarna2_native_ss,missing_pair,22,34,false,0,0,[],56
legacy121_v1__6noa_56_hp_nmr_a__legacy_gt__trrosettarna2_native_ss__historical_legacy121_v1,6NOA_56_hp_nmr_A,trrosettarna2_native_ss,false_positive_pair,10,46,false,0,0,[],56
legacy121_v1__6noa_56_hp_nmr_a__legacy_gt__trrosettarna2_native_ss__historical_legacy121_v1,6NOA_56_hp_nmr_A,trrosettarna2_native_ss,false_positive_pair,11,45,false,0,0,[],56
legacy121_v1__6noa_56_hp_nmr_a__legacy_gt__trrosettarna2_native_ss__historical_legacy121_v1,6NOA_56_hp_nmr_A,trrosettarna2_native_ss,false_positive_pair,16,40,false,0,0,[],56
legacy121_v1__6noa_56_hp_nmr_a__legacy_gt__trrosettarna2_native_ss__historical_legacy121_v1,6NOA_56_hp_nmr_A,trrosettarna2_native_ss,false_positive_pair,26,30,false,0,0,[],56
legacy121_v1__6ues_119_4wjpseudoknot_cryoem_a__legacy_gt__petfold__historical_legacy121_v1,6UES_119_4wjpseudoknot_cryoEM_A,petfold,missing_pair,0,78,true,2,2,"[[0,12],[69,78]]",119
legacy121_v1__6ues_119_4wjpseudoknot_cryoem_a__legacy_gt__petfold__historical_legacy121_v1,6UES_119_4wjpseudoknot_cryoEM_A,petfold,missing_pair,1,77,true,2,2,"[[1,11],[70,77]]",119
legacy121_v1__6ues_119_4wjpseudoknot_cryoem_a__legacy_gt__petfold__historical_legacy121_v1,6UES_119_4wjpseudoknot_cryoEM_A,petfold,missing_pair,2,76,true,2,2,"[[2,10],[71,76]]",119
legacy121_v1__6ues_119_4wjpseudoknot_cryoem_a__legacy_gt__petfold__historical_legacy121_v1,6UES_119_4wjpseudoknot_cryoEM_A,petfold,missing_pair,3,75,false,0,0,[],119
legacy121_v1__6ues_119_4wjpseudoknot_cryoem_a__legacy_gt__petfold__historical_legacy121_v1,6UES_119_4wjpseudoknot_cryoEM_A,petfold,missing_pair,8,37,false,0,0,[],119
legacy121_v1__6ues_119_4wjpseudoknot_cryoem_a__legacy_gt__petfold__historical_legacy121_v1,6UES_119_4wjpseudoknot_cryoEM_A,petfold,missing_pair,10,36,true,2,2,"[[2,10],[36,103]]",119
legacy121_v1__6ues_119_4wjpseudoknot_cryoem_a__legacy_gt__petfold__historical_legacy121_v1,6UES_119_4wjpseudoknot_cryoEM_A,petfold,missing_pair,11,35,true,1,1,"[[1,11]]",119
legacy121_v1__6ues_119_4wjpseudoknot_cryoem_a__legacy_gt__petfold__historical_legacy121_v1,6UES_119_4wjpseudoknot_cryoEM_A,petfold,missing_pair,12,34,true,2,2,"[[0,12],[34,104]]",119
legacy121_v1__6ues_119_4wjpseudoknot_cryoem_a__legacy_gt__petfold__historical_legacy121_v1,6UES_119_4wjpseudoknot_cryoEM_A,petfold,missing_pair,13,33,true,1,1,"[[33,105]]",119
legacy121_v1__6ues_119_4wjpseudoknot_cryoem_a__legacy_gt__petfold__historical_legacy121_v1,6UES_119_4wjpseudoknot_cryoEM_A,petfold,missing_pair,14,32,true,2,2,"[[14,22],[32,106]]",119
legacy121_v1__6ues_119_4wjpseudoknot_cryoem_a__legacy_gt__petfold__historical_legacy121_v1,6UES_119_4wjpseudoknot_cryoEM_A,petfold,missing_pair,15,31,true,2,2,"[[15,21],[31,107]]",119
legacy121_v1__6ues_119_4wjpseudoknot_cryoem_a__legacy_gt__petfold__historical_legacy121_v1,6UES_119_4wjpseudoknot_cryoEM_A,petfold,missing_pair,20,29,true,1,1,"[[29,109]]",119
legacy121_v1__6ues_119_4wjpseudoknot_cryoem_a__legacy_gt__petfold__historical_legacy121_v1,6UES_119_4wjpseudoknot_cryoEM_A,petfold,missing_pair,21,28,true,2,2,"[[15,21],[28,110]]",119
legacy121_v1__6ues_119_4wjpseudoknot_cryoem_a__legacy_gt__petfold__historical_legacy121_v1,6UES_119_4wjpseudoknot_cryoEM_A,petfold,missing_pair,23,70,true,2,2,"[[23,116],[70,77]]",119
legacy121_v1__6ues_119_4wjpseudoknot_cryoem_a__legacy_gt__petfold__historical_legacy121_v1,6UES_119_4wjpseudoknot_cryoEM_A,petfold,missing_pair,24,69,true,2,2,"[[24,115],[69,78]]",119
legacy121_v1__6ues_119_4wjpseudoknot_cryoem_a__legacy_gt__petfold__historical_legacy121_v1,6UES_119_4wjpseudoknot_cryoEM_A,petfold,missing_pair,25,68,true,1,1,"[[25,114]]",119
legacy121_v1__6ues_119_4wjpseudoknot_cryoem_a__legacy_gt__petfold__historical_legacy121_v1,6UES_119_4wjpseudoknot_cryoEM_A,petfold,missing_pair,26,67,true,2,2,"[[26,113],[67,80]]",119
legacy121_v1__6ues_119_4wjpseudoknot_cryoem_a__legacy_gt__petfold__historical_legacy121_v1,6UES_119_4wjpseudoknot_cryoEM_A,petfold,missing_pair,27,66,true,2,2,"[[27,111],[66,81]]",119
legacy121_v1__6ues_119_4wjpseudoknot_cryoem_a__legacy_gt__petfold__historical_legacy121_v1,6UES_119_4wjpseudoknot_cryoEM_A,petfold,missing_pair,43,61,true,1,1,"[[43,60]]",119
legacy121_v1__6ues_119_4wjpseudoknot_cryoem_a__legacy_gt__petfold__historical_legacy121_v1,6UES_119_4wjpseudoknot_cryoEM_A,petfold,missing_pair,44,60,true,2,2,"[[43,60],[44,59]]",119
legacy121_v1__6ues_119_4wjpseudoknot_cryoem_a__legacy_gt__petfold__historical_legacy121_v1,6UES_119_4wjpseudoknot_cryoEM_A,petfold,missing_pair,45,59,true,2,2,"[[44,59],[45,58]]",119
legacy121_v1__6ues_119_4wjpseudoknot_cryoem_a__legacy_gt__petfold__historical_legacy121_v1,6UES_119_4wjpseudoknot_cryoEM_A,petfold,missing_pair,46,58,true,1,1,"[[45,58]]",119
legacy121_v1__6ues_119_4wjpseudoknot_cryoem_a__legacy_gt__petfold__historical_legacy121_v1,6UES_119_4wjpseudoknot_cryoEM_A,petfold,missing_pair,50,117,false,0,0,[],119
legacy121_v1__6ues_119_4wjpseudoknot_cryoem_a__legacy_gt__petfold__historical_legacy121_v1,6UES_119_4wjpseudoknot_cryoEM_A,petfold,missing_pair,51,115,true,1,1,"[[24,115]]",119
legacy121_v1__6ues_119_4wjpseudoknot_cryoem_a__legacy_gt__petfold__historical_legacy121_v1,6UES_119_4wjpseudoknot_cryoEM_A,petfold,missing_pair,52,114,true,1,1,"[[25,114]]",119
legacy121_v1__6ues_119_4wjpseudoknot_cryoem_a__legacy_gt__petfold__historical_legacy121_v1,6UES_119_4wjpseudoknot_cryoEM_A,petfold,missing_pair,53,113,true,1,1,"[[26,113]]",119
legacy121_v1__6ues_119_4wjpseudoknot_cryoem_a__legacy_gt__petfold__historical_legacy121_v1,6UES_119_4wjpseudoknot_cryoEM_A,petfold,missing_pair,54,112,false,0,0,[],119
legacy121_v1__6ues_119_4wjpseudoknot_cryoem_a__legacy_gt__petfold__historical_legacy121_v1,6UES_119_4wjpseudoknot_cryoEM_A,petfold,missing_pair,57,110,true,1,1,"[[28,110]]",119
legacy121_v1__6ues_119_4wjpseudoknot_cryoem_a__legacy_gt__petfold__historical_legacy121_v1,6UES_119_4wjpseudoknot_cryoEM_A,petfold,missing_pair,81,107,true,2,2,"[[31,107],[66,81]]",119
legacy121_v1__6ues_119_4wjpseudoknot_cryoem_a__legacy_gt__petfold__historical_legacy121_v1,6UES_119_4wjpseudoknot_cryoEM_A,petfold,missing_pair,82,106,true,1,1,"[[32,106]]",119
legacy121_v1__6ues_119_4wjpseudoknot_cryoem_a__legacy_gt__petfold__historical_legacy121_v1,6UES_119_4wjpseudoknot_cryoEM_A,petfold,missing_pair,83,105,true,1,1,"[[33,105]]",119
legacy121_v1__6ues_119_4wjpseudoknot_cryoem_a__legacy_gt__petfold__historical_legacy121_v1,6UES_119_4wjpseudoknot_cryoEM_A,petfold,missing_pair,84,104,true,1,1,"[[34,104]]",119
legacy121_v1__6ues_119_4wjpseudoknot_cryoem_a__legacy_gt__petfold__historical_legacy121_v1,6UES_119_4wjpseudoknot_cryoEM_A,petfold,false_positive_pair,0,12,true,2,2,"[[0,78],[12,34]]",119
legacy121_v1__6ues_119_4wjpseudoknot_cryoem_a__legacy_gt__petfold__historical_legacy121_v1,6UES_119_4wjpseudoknot_cryoEM_A,petfold,false_positive_pair,1,11,true,2,2,"[[1,77],[11,35]]",119
legacy121_v1__6ues_119_4wjpseudoknot_cryoem_a__legacy_gt__petfold__historical_legacy121_v1,6UES_119_4wjpseudoknot_cryoEM_A,petfold,false_positive_pair,2,10,true,2,2,"[[2,76],[10,36]]",119
legacy121_v1__6ues_119_4wjpseudoknot_cryoem_a__legacy_gt__petfold__historical_legacy121_v1,6UES_119_4wjpseudoknot_cryoEM_A,petfold,false_positive_pair,14,22,true,1,1,"[[14,32]]",119
legacy121_v1__6ues_119_4wjpseudoknot_cryoem_a__legacy_gt__petfold__historical_legacy121_v1,6UES_119_4wjpseudoknot_cryoEM_A,petfold,false_positive_pair,15,21,true,2,2,"[[15,31],[21,28]]",119
legacy121_v1__6ues_119_4wjpseudoknot_cryoem_a__legacy_gt__petfold__historical_legacy121_v1,6UES_119_4wjpseudoknot_cryoEM_A,petfold,false_positive_pair,23,116,true,1,1,"[[23,70]]",119
legacy121_v1__6ues_119_4wjpseudoknot_cryoem_a__legacy_gt__petfold__historical_legacy121_v1,6UES_119_4wjpseudoknot_cryoEM_A,petfold,false_positive_pair,24,115,true,2,2,"[[24,69],[51,115]]",119
legacy121_v1__6ues_119_4wjpseudoknot_cryoem_a__legacy_gt__petfold__historical_legacy121_v1,6UES_119_4wjpseudoknot_cryoEM_A,petfold,false_positive_pair,25,114,true,2,2,"[[25,68],[52,114]]",119
legacy121_v1__6ues_119_4wjpseudoknot_cryoem_a__legacy_gt__petfold__historical_legacy121_v1,6UES_119_4wjpseudoknot_cryoEM_A,petfold,false_positive_pair,26,113,true,2,2,"[[26,67],[53,113]]",119
legacy121_v1__6ues_119_4wjpseudoknot_cryoem_a__legacy_gt__petfold__historical_legacy121_v1,6UES_119_4wjpseudoknot_cryoEM_A,petfold,false_positive_pair,27,111,true,1,1,"[[27,66]]",119
legacy121_v1__6ues_119_4wjpseudoknot_cryoem_a__legacy_gt__petfold__historical_legacy121_v1,6UES_119_4wjpseudoknot_cryoEM_A,petfold,false_positive_pair,28,110,true,2,2,"[[21,28],[57,110]]",119
legacy121_v1__6ues_119_4wjpseudoknot_cryoem_a__legacy_gt__petfold__historical_legacy121_v1,6UES_119_4wjpseudoknot_cryoEM_A,petfold,false_positive_pair,29,109,true,1,1,"[[20,29]]",119
legacy121_v1__6ues_119_4wjpseudoknot_cryoem_a__legacy_gt__petfold__historical_legacy121_v1,6UES_119_4wjpseudoknot_cryoEM_A,petfold,false_positive_pair,30,108,false,0,0,[],119
legacy121_v1__6ues_119_4wjpseudoknot_cryoem_a__legacy_gt__petfold__historical_legacy121_v1,6UES_119_4wjpseudoknot_cryoEM_A,petfold,false_positive_pair,31,107,true,2,2,"[[15,31],[81,107]]",119
legacy121_v1__6ues_119_4wjpseudoknot_cryoem_a__legacy_gt__petfold__historical_legacy121_v1,6UES_119_4wjpseudoknot_cryoEM_A,petfold,false_positive_pair,32,106,true,2,2,"[[14,32],[82,106]]",119
legacy121_v1__6ues_119_4wjpseudoknot_cryoem_a__legacy_gt__petfold__historical_legacy121_v1,6UES_119_4wjpseudoknot_cryoEM_A,petfold,false_positive_pair,33,105,true,2,2,"[[13,33],[83,105]]",119
legacy121_v1__6ues_119_4wjpseudoknot_cryoem_a__legacy_gt__petfold__historical_legacy121_v1,6UES_119_4wjpseudoknot_cryoEM_A,petfold,false_positive_pair,34,104,true,2,2,"[[12,34],[84,104]]",119
legacy121_v1__6ues_119_4wjpseudoknot_cryoem_a__legacy_gt__petfold__historical_legacy121_v1,6UES_119_4wjpseudoknot_cryoEM_A,petfold,false_positive_pair,36,103,true,1,1,"[[10,36]]",119
legacy121_v1__6ues_119_4wjpseudoknot_cryoem_a__legacy_gt__petfold__historical_legacy121_v1,6UES_119_4wjpseudoknot_cryoEM_A,petfold,false_positive_pair,41,62,false,0,0,[],119
legacy121_v1__6ues_119_4wjpseudoknot_cryoem_a__legacy_gt__petfold__historical_legacy121_v1,6UES_119_4wjpseudoknot_cryoEM_A,petfold,false_positive_pair,43,60,true,2,2,"[[43,61],[44,60]]",119
legacy121_v1__6ues_119_4wjpseudoknot_cryoem_a__legacy_gt__petfold__historical_legacy121_v1,6UES_119_4wjpseudoknot_cryoEM_A,petfold,false_positive_pair,44,59,true,2,2,"[[44,60],[45,59]]",119
legacy121_v1__6ues_119_4wjpseudoknot_cryoem_a__legacy_gt__petfold__historical_legacy121_v1,6UES_119_4wjpseudoknot_cryoEM_A,petfold,false_positive_pair,45,58,true,2,2,"[[45,59],[46,58]]",119
legacy121_v1__6ues_119_4wjpseudoknot_cryoem_a__legacy_gt__petfold__historical_legacy121_v1,6UES_119_4wjpseudoknot_cryoEM_A,petfold,false_positive_pair,66,81,true,2,2,"[[27,66],[81,107]]",119
legacy121_v1__6ues_119_4wjpseudoknot_cryoem_a__legacy_gt__petfold__historical_legacy121_v1,6UES_119_4wjpseudoknot_cryoEM_A,petfold,false_positive_pair,67,80,true,1,1,"[[26,67]]",119
legacy121_v1__6ues_119_4wjpseudoknot_cryoem_a__legacy_gt__petfold__historical_legacy121_v1,6UES_119_4wjpseudoknot_cryoEM_A,petfold,false_positive_pair,69,78,true,2,2,"[[0,78],[24,69]]",119
legacy121_v1__6ues_119_4wjpseudoknot_cryoem_a__legacy_gt__petfold__historical_legacy121_v1,6UES_119_4wjpseudoknot_cryoEM_A,petfold,false_positive_pair,70,77,true,2,2,"[[1,77],[23,70]]",119
legacy121_v1__6ues_119_4wjpseudoknot_cryoem_a__legacy_gt__petfold__historical_legacy121_v1,6UES_119_4wjpseudoknot_cryoEM_A,petfold,false_positive_pair,71,76,true,1,1,"[[2,76]]",119
legacy121_v1__6ues_119_4wjpseudoknot_cryoem_a__legacy_gt__petfold__historical_legacy121_v1,6UES_119_4wjpseudoknot_cryoEM_A,petfold,false_positive_pair,92,96,false,0,0,[],119
legacy121_v1__6ues_119_4wjpseudoknot_cryoem_a__legacy_gt__rnafold__historical_legacy121_v1,6UES_119_4wjpseudoknot_cryoEM_A,rnafold,missing_pair,0,78,true,2,2,"[[0,12],[69,78]]",119
legacy121_v1__6ues_119_4wjpseudoknot_cryoem_a__legacy_gt__rnafold__historical_legacy121_v1,6UES_119_4wjpseudoknot_cryoEM_A,rnafold,missing_pair,1,77,true,2,2,"[[1,11],[70,77]]",119
legacy121_v1__6ues_119_4wjpseudoknot_cryoem_a__legacy_gt__rnafold__historical_legacy121_v1,6UES_119_4wjpseudoknot_cryoEM_A,rnafold,missing_pair,2,76,true,2,2,"[[2,10],[71,76]]",119
legacy121_v1__6ues_119_4wjpseudoknot_cryoem_a__legacy_gt__rnafold__historical_legacy121_v1,6UES_119_4wjpseudoknot_cryoEM_A,rnafold,missing_pair,3,75,false,0,0,[],119
legacy121_v1__6ues_119_4wjpseudoknot_cryoem_a__legacy_gt__rnafold__historical_legacy121_v1,6UES_119_4wjpseudoknot_cryoEM_A,rnafold,missing_pair,8,37,false,0,0,[],119
legacy121_v1__6ues_119_4wjpseudoknot_cryoem_a__legacy_gt__rnafold__historical_legacy121_v1,6UES_119_4wjpseudoknot_cryoEM_A,rnafold,missing_pair,10,36,true,1,1,"[[2,10]]",119
legacy121_v1__6ues_119_4wjpseudoknot_cryoem_a__legacy_gt__rnafold__historical_legacy121_v1,6UES_119_4wjpseudoknot_cryoEM_A,rnafold,missing_pair,11,35,true,1,1,"[[1,11]]",119
legacy121_v1__6ues_119_4wjpseudoknot_cryoem_a__legacy_gt__rnafold__historical_legacy121_v1,6UES_119_4wjpseudoknot_cryoEM_A,rnafold,missing_pair,12,34,true,2,2,"[[0,12],[34,104]]",119
legacy121_v1__6ues_119_4wjpseudoknot_cryoem_a__legacy_gt__rnafold__historical_legacy121_v1,6UES_119_4wjpseudoknot_cryoEM_A,rnafold,missing_pair,13,33,true,1,1,"[[33,105]]",119
legacy121_v1__6ues_119_4wjpseudoknot_cryoem_a__legacy_gt__rnafold__historical_legacy121_v1,6UES_119_4wjpseudoknot_cryoEM_A,rnafold,missing_pair,14,32,true,2,2,"[[14,22],[32,106]]",119
legacy121_v1__6ues_119_4wjpseudoknot_cryoem_a__legacy_gt__rnafold__historical_legacy121_v1,6UES_119_4wjpseudoknot_cryoEM_A,rnafold,missing_pair,15,31,true,2,2,"[[15,21],[31,107]]",119
legacy121_v1__6ues_119_4wjpseudoknot_cryoem_a__legacy_gt__rnafold__historical_legacy121_v1,6UES_119_4wjpseudoknot_cryoEM_A,rnafold,missing_pair,20,29,true,1,1,"[[29,109]]",119
legacy121_v1__6ues_119_4wjpseudoknot_cryoem_a__legacy_gt__rnafold__historical_legacy121_v1,6UES_119_4wjpseudoknot_cryoEM_A,rnafold,missing_pair,21,28,true,2,2,"[[15,21],[28,110]]",119
legacy121_v1__6ues_119_4wjpseudoknot_cryoem_a__legacy_gt__rnafold__historical_legacy121_v1,6UES_119_4wjpseudoknot_cryoEM_A,rnafold,missing_pair,23,70,true,2,2,"[[23,116],[70,77]]",119
legacy121_v1__6ues_119_4wjpseudoknot_cryoem_a__legacy_gt__rnafold__historical_legacy121_v1,6UES_119_4wjpseudoknot_cryoEM_A,rnafold,missing_pair,24,69,true,2,2,"[[24,115],[69,78]]",119
legacy121_v1__6ues_119_4wjpseudoknot_cryoem_a__legacy_gt__rnafold__historical_legacy121_v1,6UES_119_4wjpseudoknot_cryoEM_A,rnafold,missing_pair,25,68,true,1,1,"[[25,114]]",119
legacy121_v1__6ues_119_4wjpseudoknot_cryoem_a__legacy_gt__rnafold__historical_legacy121_v1,6UES_119_4wjpseudoknot_cryoEM_A,rnafold,missing_pair,26,67,true,2,2,"[[26,113],[67,80]]",119
legacy121_v1__6ues_119_4wjpseudoknot_cryoem_a__legacy_gt__rnafold__historical_legacy121_v1,6UES_119_4wjpseudoknot_cryoEM_A,rnafold,missing_pair,27,66,true,2,2,"[[27,111],[66,81]]",119
legacy121_v1__6ues_119_4wjpseudoknot_cryoem_a__legacy_gt__rnafold__historical_legacy121_v1,6UES_119_4wjpseudoknot_cryoEM_A,rnafold,missing_pair,43,61,true,1,1,"[[43,60]]",119
legacy121_v1__6ues_119_4wjpseudoknot_cryoem_a__legacy_gt__rnafold__historical_legacy121_v1,6UES_119_4wjpseudoknot_cryoEM_A,rnafold,missing_pair,44,60,true,2,2,"[[43,60],[44,59]]",119
legacy121_v1__6ues_119_4wjpseudoknot_cryoem_a__legacy_gt__rnafold__historical_legacy121_v1,6UES_119_4wjpseudoknot_cryoEM_A,rnafold,missing_pair,45,59,true,2,2,"[[44,59],[45,58]]",119
legacy121_v1__6ues_119_4wjpseudoknot_cryoem_a__legacy_gt__rnafold__historical_legacy121_v1,6UES_119_4wjpseudoknot_cryoEM_A,rnafold,missing_pair,46,58,true,1,1,"[[45,58]]",119
legacy121_v1__6ues_119_4wjpseudoknot_cryoem_a__legacy_gt__rnafold__historical_legacy121_v1,6UES_119_4wjpseudoknot_cryoEM_A,rnafold,missing_pair,50,117,false,0,0,[],119
legacy121_v1__6ues_119_4wjpseudoknot_cryoem_a__legacy_gt__rnafold__historical_legacy121_v1,6UES_119_4wjpseudoknot_cryoEM_A,rnafold,missing_pair,51,115,true,1,1,"[[24,115]]",119
legacy121_v1__6ues_119_4wjpseudoknot_cryoem_a__legacy_gt__rnafold__historical_legacy121_v1,6UES_119_4wjpseudoknot_cryoEM_A,rnafold,missing_pair,52,114,true,1,1,"[[25,114]]",119
legacy121_v1__6ues_119_4wjpseudoknot_cryoem_a__legacy_gt__rnafold__historical_legacy121_v1,6UES_119_4wjpseudoknot_cryoEM_A,rnafold,missing_pair,53,113,true,1,1,"[[26,113]]",119
legacy121_v1__6ues_119_4wjpseudoknot_cryoem_a__legacy_gt__rnafold__historical_legacy121_v1,6UES_119_4wjpseudoknot_cryoEM_A,rnafold,missing_pair,54,112,false,0,0,[],119
legacy121_v1__6ues_119_4wjpseudoknot_cryoem_a__legacy_gt__rnafold__historical_legacy121_v1,6UES_119_4wjpseudoknot_cryoEM_A,rnafold,missing_pair,57,110,true,1,1,"[[28,110]]",119
legacy121_v1__6ues_119_4wjpseudoknot_cryoem_a__legacy_gt__rnafold__historical_legacy121_v1,6UES_119_4wjpseudoknot_cryoEM_A,rnafold,missing_pair,81,107,true,2,2,"[[31,107],[66,81]]",119
legacy121_v1__6ues_119_4wjpseudoknot_cryoem_a__legacy_gt__rnafold__historical_legacy121_v1,6UES_119_4wjpseudoknot_cryoEM_A,rnafold,missing_pair,82,106,true,1,1,"[[32,106]]",119
legacy121_v1__6ues_119_4wjpseudoknot_cryoem_a__legacy_gt__rnafold__historical_legacy121_v1,6UES_119_4wjpseudoknot_cryoEM_A,rnafold,missing_pair,83,105,true,1,1,"[[33,105]]",119
legacy121_v1__6ues_119_4wjpseudoknot_cryoem_a__legacy_gt__rnafold__historical_legacy121_v1,6UES_119_4wjpseudoknot_cryoEM_A,rnafold,missing_pair,84,104,true,1,1,"[[34,104]]",119
legacy121_v1__6ues_119_4wjpseudoknot_cryoem_a__legacy_gt__rnafold__historical_legacy121_v1,6UES_119_4wjpseudoknot_cryoEM_A,rnafold,false_positive_pair,0,12,true,2,2,"[[0,78],[12,34]]",119
legacy121_v1__6ues_119_4wjpseudoknot_cryoem_a__legacy_gt__rnafold__historical_legacy121_v1,6UES_119_4wjpseudoknot_cryoEM_A,rnafold,false_positive_pair,1,11,true,2,2,"[[1,77],[11,35]]",119
legacy121_v1__6ues_119_4wjpseudoknot_cryoem_a__legacy_gt__rnafold__historical_legacy121_v1,6UES_119_4wjpseudoknot_cryoEM_A,rnafold,false_positive_pair,2,10,true,2,2,"[[2,76],[10,36]]",119
legacy121_v1__6ues_119_4wjpseudoknot_cryoem_a__legacy_gt__rnafold__historical_legacy121_v1,6UES_119_4wjpseudoknot_cryoEM_A,rnafold,false_positive_pair,14,22,true,1,1,"[[14,32]]",119
legacy121_v1__6ues_119_4wjpseudoknot_cryoem_a__legacy_gt__rnafold__historical_legacy121_v1,6UES_119_4wjpseudoknot_cryoEM_A,rnafold,false_positive_pair,15,21,true,2,2,"[[15,31],[21,28]]",119
legacy121_v1__6ues_119_4wjpseudoknot_cryoem_a__legacy_gt__rnafold__historical_legacy121_v1,6UES_119_4wjpseudoknot_cryoEM_A,rnafold,false_positive_pair,23,116,true,1,1,"[[23,70]]",119
legacy121_v1__6ues_119_4wjpseudoknot_cryoem_a__legacy_gt__rnafold__historical_legacy121_v1,6UES_119_4wjpseudoknot_cryoEM_A,rnafold,false_positive_pair,24,115,true,2,2,"[[24,69],[51,115]]",119
legacy121_v1__6ues_119_4wjpseudoknot_cryoem_a__legacy_gt__rnafold__historical_legacy121_v1,6UES_119_4wjpseudoknot_cryoEM_A,rnafold,false_positive_pair,25,114,true,2,2,"[[25,68],[52,114]]",119
legacy121_v1__6ues_119_4wjpseudoknot_cryoem_a__legacy_gt__rnafold__historical_legacy121_v1,6UES_119_4wjpseudoknot_cryoEM_A,rnafold,false_positive_pair,26,113,true,2,2,"[[26,67],[53,113]]",119
legacy121_v1__6ues_119_4wjpseudoknot_cryoem_a__legacy_gt__rnafold__historical_legacy121_v1,6UES_119_4wjpseudoknot_cryoEM_A,rnafold,false_positive_pair,27,111,true,1,1,"[[27,66]]",119
legacy121_v1__6ues_119_4wjpseudoknot_cryoem_a__legacy_gt__rnafold__historical_legacy121_v1,6UES_119_4wjpseudoknot_cryoEM_A,rnafold,false_positive_pair,28,110,true,2,2,"[[21,28],[57,110]]",119
legacy121_v1__6ues_119_4wjpseudoknot_cryoem_a__legacy_gt__rnafold__historical_legacy121_v1,6UES_119_4wjpseudoknot_cryoEM_A,rnafold,false_positive_pair,29,109,true,1,1,"[[20,29]]",119
legacy121_v1__6ues_119_4wjpseudoknot_cryoem_a__legacy_gt__rnafold__historical_legacy121_v1,6UES_119_4wjpseudoknot_cryoEM_A,rnafold,false_positive_pair,30,108,false,0,0,[],119
legacy121_v1__6ues_119_4wjpseudoknot_cryoem_a__legacy_gt__rnafold__historical_legacy121_v1,6UES_119_4wjpseudoknot_cryoEM_A,rnafold,false_positive_pair,31,107,true,2,2,"[[15,31],[81,107]]",119
legacy121_v1__6ues_119_4wjpseudoknot_cryoem_a__legacy_gt__rnafold__historical_legacy121_v1,6UES_119_4wjpseudoknot_cryoEM_A,rnafold,false_positive_pair,32,106,true,2,2,"[[14,32],[82,106]]",119
legacy121_v1__6ues_119_4wjpseudoknot_cryoem_a__legacy_gt__rnafold__historical_legacy121_v1,6UES_119_4wjpseudoknot_cryoEM_A,rnafold,false_positive_pair,33,105,true,2,2,"[[13,33],[83,105]]",119
legacy121_v1__6ues_119_4wjpseudoknot_cryoem_a__legacy_gt__rnafold__historical_legacy121_v1,6UES_119_4wjpseudoknot_cryoEM_A,rnafold,false_positive_pair,34,104,true,2,2,"[[12,34],[84,104]]",119
legacy121_v1__6ues_119_4wjpseudoknot_cryoem_a__legacy_gt__rnafold__historical_legacy121_v1,6UES_119_4wjpseudoknot_cryoEM_A,rnafold,false_positive_pair,41,62,false,0,0,[],119
legacy121_v1__6ues_119_4wjpseudoknot_cryoem_a__legacy_gt__rnafold__historical_legacy121_v1,6UES_119_4wjpseudoknot_cryoEM_A,rnafold,false_positive_pair,43,60,true,2,2,"[[43,61],[44,60]]",119
legacy121_v1__6ues_119_4wjpseudoknot_cryoem_a__legacy_gt__rnafold__historical_legacy121_v1,6UES_119_4wjpseudoknot_cryoEM_A,rnafold,false_positive_pair,44,59,true,2,2,"[[44,60],[45,59]]",119
legacy121_v1__6ues_119_4wjpseudoknot_cryoem_a__legacy_gt__rnafold__historical_legacy121_v1,6UES_119_4wjpseudoknot_cryoEM_A,rnafold,false_positive_pair,45,58,true,2,2,"[[45,59],[46,58]]",119
legacy121_v1__6ues_119_4wjpseudoknot_cryoem_a__legacy_gt__rnafold__historical_legacy121_v1,6UES_119_4wjpseudoknot_cryoEM_A,rnafold,false_positive_pair,66,81,true,2,2,"[[27,66],[81,107]]",119
legacy121_v1__6ues_119_4wjpseudoknot_cryoem_a__legacy_gt__rnafold__historical_legacy121_v1,6UES_119_4wjpseudoknot_cryoEM_A,rnafold,false_positive_pair,67,80,true,1,1,"[[26,67]]",119
legacy121_v1__6ues_119_4wjpseudoknot_cryoem_a__legacy_gt__rnafold__historical_legacy121_v1,6UES_119_4wjpseudoknot_cryoEM_A,rnafold,false_positive_pair,69,78,true,2,2,"[[0,78],[24,69]]",119
legacy121_v1__6ues_119_4wjpseudoknot_cryoem_a__legacy_gt__rnafold__historical_legacy121_v1,6UES_119_4wjpseudoknot_cryoEM_A,rnafold,false_positive_pair,70,77,true,2,2,"[[1,77],[23,70]]",119
legacy121_v1__6ues_119_4wjpseudoknot_cryoem_a__legacy_gt__rnafold__historical_legacy121_v1,6UES_119_4wjpseudoknot_cryoEM_A,rnafold,false_positive_pair,71,76,true,1,1,"[[2,76]]",119
legacy121_v1__6ues_119_4wjpseudoknot_cryoem_a__legacy_gt__rnafold__historical_legacy121_v1,6UES_119_4wjpseudoknot_cryoEM_A,rnafold,false_positive_pair,92,96,false,0,0,[],119
legacy121_v1__6ues_119_4wjpseudoknot_cryoem_a__legacy_gt__trrosettarna2_native_ss__historical_legacy121_v1,6UES_119_4wjpseudoknot_cryoEM_A,trrosettarna2_native_ss,missing_pair,0,78,true,2,2,"[[0,117],[10,78]]",119
legacy121_v1__6ues_119_4wjpseudoknot_cryoem_a__legacy_gt__trrosettarna2_native_ss__historical_legacy121_v1,6UES_119_4wjpseudoknot_cryoEM_A,trrosettarna2_native_ss,missing_pair,1,77,true,2,2,"[[1,115],[11,77]]",119
legacy121_v1__6ues_119_4wjpseudoknot_cryoem_a__legacy_gt__trrosettarna2_native_ss__historical_legacy121_v1,6UES_119_4wjpseudoknot_cryoEM_A,trrosettarna2_native_ss,missing_pair,2,76,true,2,2,"[[2,114],[12,76]]",119
legacy121_v1__6ues_119_4wjpseudoknot_cryoem_a__legacy_gt__trrosettarna2_native_ss__historical_legacy121_v1,6UES_119_4wjpseudoknot_cryoEM_A,trrosettarna2_native_ss,missing_pair,3,75,true,2,2,"[[3,113],[13,75]]",119
legacy121_v1__6ues_119_4wjpseudoknot_cryoem_a__legacy_gt__trrosettarna2_native_ss__historical_legacy121_v1,6UES_119_4wjpseudoknot_cryoEM_A,trrosettarna2_native_ss,missing_pair,8,37,true,2,2,"[[8,111],[14,37]]",119
legacy121_v1__6ues_119_4wjpseudoknot_cryoem_a__legacy_gt__trrosettarna2_native_ss__historical_legacy121_v1,6UES_119_4wjpseudoknot_cryoEM_A,trrosettarna2_native_ss,missing_pair,10,36,true,2,2,"[[10,78],[15,36]]",119
legacy121_v1__6ues_119_4wjpseudoknot_cryoem_a__legacy_gt__trrosettarna2_native_ss__historical_legacy121_v1,6UES_119_4wjpseudoknot_cryoEM_A,trrosettarna2_native_ss,missing_pair,11,35,true,2,2,"[[11,77],[20,35]]",119
legacy121_v1__6ues_119_4wjpseudoknot_cryoem_a__legacy_gt__trrosettarna2_native_ss__historical_legacy121_v1,6UES_119_4wjpseudoknot_cryoEM_A,trrosettarna2_native_ss,missing_pair,12,34,true,2,2,"[[12,76],[21,34]]",119
legacy121_v1__6ues_119_4wjpseudoknot_cryoem_a__legacy_gt__trrosettarna2_native_ss__historical_legacy121_v1,6UES_119_4wjpseudoknot_cryoEM_A,trrosettarna2_native_ss,missing_pair,13,33,true,2,2,"[[13,75],[23,33]]",119
legacy121_v1__6ues_119_4wjpseudoknot_cryoem_a__legacy_gt__trrosettarna2_native_ss__historical_legacy121_v1,6UES_119_4wjpseudoknot_cryoEM_A,trrosettarna2_native_ss,missing_pair,14,32,true,2,2,"[[14,37],[24,32]]",119
legacy121_v1__6ues_119_4wjpseudoknot_cryoem_a__legacy_gt__trrosettarna2_native_ss__historical_legacy121_v1,6UES_119_4wjpseudoknot_cryoEM_A,trrosettarna2_native_ss,missing_pair,15,31,true,2,2,"[[15,36],[25,31]]",119
legacy121_v1__6ues_119_4wjpseudoknot_cryoem_a__legacy_gt__trrosettarna2_native_ss__historical_legacy121_v1,6UES_119_4wjpseudoknot_cryoEM_A,trrosettarna2_native_ss,missing_pair,20,29,true,2,2,"[[20,35],[26,29]]",119
legacy121_v1__6ues_119_4wjpseudoknot_cryoem_a__legacy_gt__trrosettarna2_native_ss__historical_legacy121_v1,6UES_119_4wjpseudoknot_cryoEM_A,trrosettarna2_native_ss,missing_pair,21,28,true,2,2,"[[21,34],[27,28]]",119
legacy121_v1__6ues_119_4wjpseudoknot_cryoem_a__legacy_gt__trrosettarna2_native_ss__historical_legacy121_v1,6UES_119_4wjpseudoknot_cryoEM_A,trrosettarna2_native_ss,missing_pair,23,70,true,2,2,"[[23,33],[39,70]]",119
legacy121_v1__6ues_119_4wjpseudoknot_cryoem_a__legacy_gt__trrosettarna2_native_ss__historical_legacy121_v1,6UES_119_4wjpseudoknot_cryoEM_A,trrosettarna2_native_ss,missing_pair,24,69,true,2,2,"[[24,32],[40,69]]",119
legacy121_v1__6ues_119_4wjpseudoknot_cryoem_a__legacy_gt__trrosettarna2_native_ss__historical_legacy121_v1,6UES_119_4wjpseudoknot_cryoEM_A,trrosettarna2_native_ss,missing_pair,25,68,true,2,2,"[[25,31],[43,68]]",119
legacy121_v1__6ues_119_4wjpseudoknot_cryoem_a__legacy_gt__trrosettarna2_native_ss__historical_legacy121_v1,6UES_119_4wjpseudoknot_cryoEM_A,trrosettarna2_native_ss,missing_pair,26,67,true,2,2,"[[26,29],[44,67]]",119
legacy121_v1__6ues_119_4wjpseudoknot_cryoem_a__legacy_gt__trrosettarna2_native_ss__historical_legacy121_v1,6UES_119_4wjpseudoknot_cryoEM_A,trrosettarna2_native_ss,missing_pair,27,66,true,2,2,"[[27,28],[45,66]]",119
legacy121_v1__6ues_119_4wjpseudoknot_cryoem_a__legacy_gt__trrosettarna2_native_ss__historical_legacy121_v1,6UES_119_4wjpseudoknot_cryoEM_A,trrosettarna2_native_ss,missing_pair,38,65,true,2,2,"[[38,74],[46,65]]",119
legacy121_v1__6ues_119_4wjpseudoknot_cryoem_a__legacy_gt__trrosettarna2_native_ss__historical_legacy121_v1,6UES_119_4wjpseudoknot_cryoEM_A,trrosettarna2_native_ss,missing_pair,39,64,true,2,2,"[[39,70],[47,64]]",119
legacy121_v1__6ues_119_4wjpseudoknot_cryoem_a__legacy_gt__trrosettarna2_native_ss__historical_legacy121_v1,6UES_119_4wjpseudoknot_cryoEM_A,trrosettarna2_native_ss,missing_pair,40,63,true,2,2,"[[40,69],[50,63]]",119
legacy121_v1__6ues_119_4wjpseudoknot_cryoem_a__legacy_gt__trrosettarna2_native_ss__historical_legacy121_v1,6UES_119_4wjpseudoknot_cryoEM_A,trrosettarna2_native_ss,missing_pair,43,61,true,2,2,"[[43,68],[51,61]]",119
legacy121_v1__6ues_119_4wjpseudoknot_cryoem_a__legacy_gt__trrosettarna2_native_ss__historical_legacy121_v1,6UES_119_4wjpseudoknot_cryoEM_A,trrosettarna2_native_ss,missing_pair,44,60,true,2,2,"[[44,67],[52,60]]",119
legacy121_v1__6ues_119_4wjpseudoknot_cryoem_a__legacy_gt__trrosettarna2_native_ss__historical_legacy121_v1,6UES_119_4wjpseudoknot_cryoEM_A,trrosettarna2_native_ss,missing_pair,45,59,true,2,2,"[[45,66],[53,59]]",119
legacy121_v1__6ues_119_4wjpseudoknot_cryoem_a__legacy_gt__trrosettarna2_native_ss__historical_legacy121_v1,6UES_119_4wjpseudoknot_cryoEM_A,trrosettarna2_native_ss,missing_pair,46,58,true,2,2,"[[46,65],[54,58]]",119
legacy121_v1__6ues_119_4wjpseudoknot_cryoem_a__legacy_gt__trrosettarna2_native_ss__historical_legacy121_v1,6UES_119_4wjpseudoknot_cryoEM_A,trrosettarna2_native_ss,missing_pair,47,56,true,2,2,"[[47,64],[55,56]]",119
legacy121_v1__6ues_119_4wjpseudoknot_cryoem_a__legacy_gt__trrosettarna2_native_ss__historical_legacy121_v1,6UES_119_4wjpseudoknot_cryoEM_A,trrosettarna2_native_ss,missing_pair,48,55,true,1,1,"[[55,56]]",119
legacy121_v1__6ues_119_4wjpseudoknot_cryoem_a__legacy_gt__trrosettarna2_native_ss__historical_legacy121_v1,6UES_119_4wjpseudoknot_cryoEM_A,trrosettarna2_native_ss,missing_pair,50,117,true,2,2,"[[0,117],[50,63]]",119
legacy121_v1__6ues_119_4wjpseudoknot_cryoem_a__legacy_gt__trrosettarna2_native_ss__historical_legacy121_v1,6UES_119_4wjpseudoknot_cryoEM_A,trrosettarna2_native_ss,missing_pair,51,115,true,2,2,"[[1,115],[51,61]]",119
legacy121_v1__6ues_119_4wjpseudoknot_cryoem_a__legacy_gt__trrosettarna2_native_ss__historical_legacy121_v1,6UES_119_4wjpseudoknot_cryoEM_A,trrosettarna2_native_ss,missing_pair,52,114,true,2,2,"[[2,114],[52,60]]",119
legacy121_v1__6ues_119_4wjpseudoknot_cryoem_a__legacy_gt__trrosettarna2_native_ss__historical_legacy121_v1,6UES_119_4wjpseudoknot_cryoEM_A,trrosettarna2_native_ss,missing_pair,53,113,true,2,2,"[[3,113],[53,59]]",119
legacy121_v1__6ues_119_4wjpseudoknot_cryoem_a__legacy_gt__trrosettarna2_native_ss__historical_legacy121_v1,6UES_119_4wjpseudoknot_cryoEM_A,trrosettarna2_native_ss,missing_pair,54,112,true,2,2,"[[4,112],[54,58]]",119
legacy121_v1__6ues_119_4wjpseudoknot_cryoem_a__legacy_gt__trrosettarna2_native_ss__historical_legacy121_v1,6UES_119_4wjpseudoknot_cryoEM_A,trrosettarna2_native_ss,missing_pair,57,110,false,0,0,[],119
legacy121_v1__6ues_119_4wjpseudoknot_cryoem_a__legacy_gt__trrosettarna2_native_ss__historical_legacy121_v1,6UES_119_4wjpseudoknot_cryoEM_A,trrosettarna2_native_ss,false_positive_pair,0,117,true,2,2,"[[0,78],[50,117]]",119
legacy121_v1__6ues_119_4wjpseudoknot_cryoem_a__legacy_gt__trrosettarna2_native_ss__historical_legacy121_v1,6UES_119_4wjpseudoknot_cryoEM_A,trrosettarna2_native_ss,false_positive_pair,1,115,true,2,2,"[[1,77],[51,115]]",119
legacy121_v1__6ues_119_4wjpseudoknot_cryoem_a__legacy_gt__trrosettarna2_native_ss__historical_legacy121_v1,6UES_119_4wjpseudoknot_cryoEM_A,trrosettarna2_native_ss,false_positive_pair,2,114,true,2,2,"[[2,76],[52,114]]",119
legacy121_v1__6ues_119_4wjpseudoknot_cryoem_a__legacy_gt__trrosettarna2_native_ss__historical_legacy121_v1,6UES_119_4wjpseudoknot_cryoEM_A,trrosettarna2_native_ss,false_positive_pair,3,113,true,2,2,"[[3,75],[53,113]]",119
legacy121_v1__6ues_119_4wjpseudoknot_cryoem_a__legacy_gt__trrosettarna2_native_ss__historical_legacy121_v1,6UES_119_4wjpseudoknot_cryoEM_A,trrosettarna2_native_ss,false_positive_pair,4,112,true,1,1,"[[54,112]]",119
legacy121_v1__6ues_119_4wjpseudoknot_cryoem_a__legacy_gt__trrosettarna2_native_ss__historical_legacy121_v1,6UES_119_4wjpseudoknot_cryoEM_A,trrosettarna2_native_ss,false_positive_pair,8,111,true,1,1,"[[8,37]]",119
legacy121_v1__6ues_119_4wjpseudoknot_cryoem_a__legacy_gt__trrosettarna2_native_ss__historical_legacy121_v1,6UES_119_4wjpseudoknot_cryoEM_A,trrosettarna2_native_ss,false_positive_pair,10,78,true,2,2,"[[0,78],[10,36]]",119
legacy121_v1__6ues_119_4wjpseudoknot_cryoem_a__legacy_gt__trrosettarna2_native_ss__historical_legacy121_v1,6UES_119_4wjpseudoknot_cryoEM_A,trrosettarna2_native_ss,false_positive_pair,11,77,true,2,2,"[[1,77],[11,35]]",119
legacy121_v1__6ues_119_4wjpseudoknot_cryoem_a__legacy_gt__trrosettarna2_native_ss__historical_legacy121_v1,6UES_119_4wjpseudoknot_cryoEM_A,trrosettarna2_native_ss,false_positive_pair,12,76,true,2,2,"[[2,76],[12,34]]",119
legacy121_v1__6ues_119_4wjpseudoknot_cryoem_a__legacy_gt__trrosettarna2_native_ss__historical_legacy121_v1,6UES_119_4wjpseudoknot_cryoEM_A,trrosettarna2_native_ss,false_positive_pair,13,75,true,2,2,"[[3,75],[13,33]]",119
legacy121_v1__6ues_119_4wjpseudoknot_cryoem_a__legacy_gt__trrosettarna2_native_ss__historical_legacy121_v1,6UES_119_4wjpseudoknot_cryoEM_A,trrosettarna2_native_ss,false_positive_pair,14,37,true,2,2,"[[8,37],[14,32]]",119
legacy121_v1__6ues_119_4wjpseudoknot_cryoem_a__legacy_gt__trrosettarna2_native_ss__historical_legacy121_v1,6UES_119_4wjpseudoknot_cryoEM_A,trrosettarna2_native_ss,false_positive_pair,15,36,true,2,2,"[[10,36],[15,31]]",119
legacy121_v1__6ues_119_4wjpseudoknot_cryoem_a__legacy_gt__trrosettarna2_native_ss__historical_legacy121_v1,6UES_119_4wjpseudoknot_cryoEM_A,trrosettarna2_native_ss,false_positive_pair,16,19,false,0,0,[],119
legacy121_v1__6ues_119_4wjpseudoknot_cryoem_a__legacy_gt__trrosettarna2_native_ss__historical_legacy121_v1,6UES_119_4wjpseudoknot_cryoEM_A,trrosettarna2_native_ss,false_positive_pair,20,35,true,2,2,"[[11,35],[20,29]]",119
legacy121_v1__6ues_119_4wjpseudoknot_cryoem_a__legacy_gt__trrosettarna2_native_ss__historical_legacy121_v1,6UES_119_4wjpseudoknot_cryoEM_A,trrosettarna2_native_ss,false_positive_pair,21,34,true,2,2,"[[12,34],[21,28]]",119
legacy121_v1__6ues_119_4wjpseudoknot_cryoem_a__legacy_gt__trrosettarna2_native_ss__historical_legacy121_v1,6UES_119_4wjpseudoknot_cryoEM_A,trrosettarna2_native_ss,false_positive_pair,23,33,true,2,2,"[[13,33],[23,70]]",119
legacy121_v1__6ues_119_4wjpseudoknot_cryoem_a__legacy_gt__trrosettarna2_native_ss__historical_legacy121_v1,6UES_119_4wjpseudoknot_cryoEM_A,trrosettarna2_native_ss,false_positive_pair,24,32,true,2,2,"[[14,32],[24,69]]",119
legacy121_v1__6ues_119_4wjpseudoknot_cryoem_a__legacy_gt__trrosettarna2_native_ss__historical_legacy121_v1,6UES_119_4wjpseudoknot_cryoEM_A,trrosettarna2_native_ss,false_positive_pair,25,31,true,2,2,"[[15,31],[25,68]]",119
legacy121_v1__6ues_119_4wjpseudoknot_cryoem_a__legacy_gt__trrosettarna2_native_ss__historical_legacy121_v1,6UES_119_4wjpseudoknot_cryoEM_A,trrosettarna2_native_ss,false_positive_pair,26,29,true,2,2,"[[20,29],[26,67]]",119
legacy121_v1__6ues_119_4wjpseudoknot_cryoem_a__legacy_gt__trrosettarna2_native_ss__historical_legacy121_v1,6UES_119_4wjpseudoknot_cryoEM_A,trrosettarna2_native_ss,false_positive_pair,27,28,true,2,2,"[[21,28],[27,66]]",119
legacy121_v1__6ues_119_4wjpseudoknot_cryoem_a__legacy_gt__trrosettarna2_native_ss__historical_legacy121_v1,6UES_119_4wjpseudoknot_cryoEM_A,trrosettarna2_native_ss,false_positive_pair,38,74,true,1,1,"[[38,65]]",119
legacy121_v1__6ues_119_4wjpseudoknot_cryoem_a__legacy_gt__trrosettarna2_native_ss__historical_legacy121_v1,6UES_119_4wjpseudoknot_cryoEM_A,trrosettarna2_native_ss,false_positive_pair,39,70,true,2,2,"[[23,70],[39,64]]",119
legacy121_v1__6ues_119_4wjpseudoknot_cryoem_a__legacy_gt__trrosettarna2_native_ss__historical_legacy121_v1,6UES_119_4wjpseudoknot_cryoEM_A,trrosettarna2_native_ss,false_positive_pair,40,69,true,2,2,"[[24,69],[40,63]]",119
legacy121_v1__6ues_119_4wjpseudoknot_cryoem_a__legacy_gt__trrosettarna2_native_ss__historical_legacy121_v1,6UES_119_4wjpseudoknot_cryoEM_A,trrosettarna2_native_ss,false_positive_pair,43,68,true,2,2,"[[25,68],[43,61]]",119
legacy121_v1__6ues_119_4wjpseudoknot_cryoem_a__legacy_gt__trrosettarna2_native_ss__historical_legacy121_v1,6UES_119_4wjpseudoknot_cryoEM_A,trrosettarna2_native_ss,false_positive_pair,44,67,true,2,2,"[[26,67],[44,60]]",119
legacy121_v1__6ues_119_4wjpseudoknot_cryoem_a__legacy_gt__trrosettarna2_native_ss__historical_legacy121_v1,6UES_119_4wjpseudoknot_cryoEM_A,trrosettarna2_native_ss,false_positive_pair,45,66,true,2,2,"[[27,66],[45,59]]",119
legacy121_v1__6ues_119_4wjpseudoknot_cryoem_a__legacy_gt__trrosettarna2_native_ss__historical_legacy121_v1,6UES_119_4wjpseudoknot_cryoEM_A,trrosettarna2_native_ss,false_positive_pair,46,65,true,2,2,"[[38,65],[46,58]]",119
legacy121_v1__6ues_119_4wjpseudoknot_cryoem_a__legacy_gt__trrosettarna2_native_ss__historical_legacy121_v1,6UES_119_4wjpseudoknot_cryoEM_A,trrosettarna2_native_ss,false_positive_pair,47,64,true,2,2,"[[39,64],[47,56]]",119
legacy121_v1__6ues_119_4wjpseudoknot_cryoem_a__legacy_gt__trrosettarna2_native_ss__historical_legacy121_v1,6UES_119_4wjpseudoknot_cryoEM_A,trrosettarna2_native_ss,false_positive_pair,50,63,true,2,2,"[[40,63],[50,117]]",119
legacy121_v1__6ues_119_4wjpseudoknot_cryoem_a__legacy_gt__trrosettarna2_native_ss__historical_legacy121_v1,6UES_119_4wjpseudoknot_cryoEM_A,trrosettarna2_native_ss,false_positive_pair,51,61,true,2,2,"[[43,61],[51,115]]",119
legacy121_v1__6ues_119_4wjpseudoknot_cryoem_a__legacy_gt__trrosettarna2_native_ss__historical_legacy121_v1,6UES_119_4wjpseudoknot_cryoEM_A,trrosettarna2_native_ss,false_positive_pair,52,60,true,2,2,"[[44,60],[52,114]]",119
legacy121_v1__6ues_119_4wjpseudoknot_cryoem_a__legacy_gt__trrosettarna2_native_ss__historical_legacy121_v1,6UES_119_4wjpseudoknot_cryoEM_A,trrosettarna2_native_ss,false_positive_pair,53,59,true,2,2,"[[45,59],[53,113]]",119
legacy121_v1__6ues_119_4wjpseudoknot_cryoem_a__legacy_gt__trrosettarna2_native_ss__historical_legacy121_v1,6UES_119_4wjpseudoknot_cryoEM_A,trrosettarna2_native_ss,false_positive_pair,54,58,true,2,2,"[[46,58],[54,112]]",119
legacy121_v1__6ues_119_4wjpseudoknot_cryoem_a__legacy_gt__trrosettarna2_native_ss__historical_legacy121_v1,6UES_119_4wjpseudoknot_cryoEM_A,trrosettarna2_native_ss,false_positive_pair,55,56,true,2,2,"[[47,56],[48,55]]",119
legacy121_v1__6ues_119_4wjpseudoknot_cryoem_a__legacy_gt__trrosettarna2_native_ss__historical_legacy121_v1,6UES_119_4wjpseudoknot_cryoEM_A,trrosettarna2_native_ss,false_positive_pair,80,108,false,0,0,[],119
legacy121_v1__6ues_119_4wjpseudoknot_cryoem_a__legacy_gt__trrosettarna2_native_ss__historical_legacy121_v1,6UES_119_4wjpseudoknot_cryoEM_A,trrosettarna2_native_ss,false_positive_pair,85,103,false,0,0,[],119
legacy121_v1__6ues_119_4wjpseudoknot_cryoem_a__legacy_gt__trrosettarna2_native_ss__historical_legacy121_v1,6UES_119_4wjpseudoknot_cryoEM_A,trrosettarna2_native_ss,false_positive_pair,92,96,false,0,0,[],119
legacy121_v1__6var_61_hpbulge_nmr_a__legacy_gt__petfold__historical_legacy121_v1,6VAR_61_hpbulge_nmr_A,petfold,missing_pair,30,34,false,0,0,[],61
legacy121_v1__6var_61_hpbulge_nmr_a__legacy_gt__petfold__historical_legacy121_v1,6VAR_61_hpbulge_nmr_A,petfold,false_positive_pair,12,48,false,0,0,[],61
legacy121_v1__6var_61_hpbulge_nmr_a__legacy_gt__petfold__historical_legacy121_v1,6VAR_61_hpbulge_nmr_A,petfold,false_positive_pair,19,47,false,0,0,[],61
legacy121_v1__6var_61_hpbulge_nmr_a__legacy_gt__petfold__historical_legacy121_v1,6VAR_61_hpbulge_nmr_A,petfold,false_positive_pair,20,46,false,0,0,[],61
legacy121_v1__6var_61_hpbulge_nmr_a__legacy_gt__rnafold__historical_legacy121_v1,6VAR_61_hpbulge_nmr_A,rnafold,missing_pair,30,34,false,0,0,[],61
legacy121_v1__6var_61_hpbulge_nmr_a__legacy_gt__rnafold__historical_legacy121_v1,6VAR_61_hpbulge_nmr_A,rnafold,false_positive_pair,12,48,false,0,0,[],61
legacy121_v1__6var_61_hpbulge_nmr_a__legacy_gt__rnafold__historical_legacy121_v1,6VAR_61_hpbulge_nmr_A,rnafold,false_positive_pair,19,47,false,0,0,[],61
legacy121_v1__6var_61_hpbulge_nmr_a__legacy_gt__rnafold__historical_legacy121_v1,6VAR_61_hpbulge_nmr_A,rnafold,false_positive_pair,20,46,false,0,0,[],61
legacy121_v1__6var_61_hpbulge_nmr_a__legacy_gt__trrosettarna2_native_ss__historical_legacy121_v1,6VAR_61_hpbulge_nmr_A,trrosettarna2_native_ss,false_positive_pair,20,46,false,0,0,[],61
legacy121_v1__6w3m_41_hp_nmr_a__legacy_gt__trrosettarna2_native_ss__historical_legacy121_v1,6W3M_41_hp_nmr_A,trrosettarna2_native_ss,false_positive_pair,9,31,false,0,0,[],41
legacy121_v1__7dd4_35_dumbbell_nmr_a__legacy_gt__trrosettarna2_native_ss__historical_legacy121_v1,7DD4_35_dumbbell_nmr_A,trrosettarna2_native_ss,false_positive_pair,8,11,false,0,0,[],36
legacy121_v1__7dd4_35_dumbbell_nmr_a__legacy_gt__trrosettarna2_native_ss__historical_legacy121_v1,7DD4_35_dumbbell_nmr_A,trrosettarna2_native_ss,false_positive_pair,25,28,false,0,0,[],36
legacy121_v1__7k4l_36_hp_nmr_a__legacy_gt__trrosettarna2_native_ss__historical_legacy121_v1,7K4L_36_hp_nmr_A,trrosettarna2_native_ss,false_positive_pair,18,21,false,0,0,[],36
legacy121_v1__7lva_103_3wj_nmr_a__legacy_gt__petfold__historical_legacy121_v1,7LVA_103_3wj_nmr_A,petfold,missing_pair,19,44,true,1,1,"[[20,44]]",103
legacy121_v1__7lva_103_3wj_nmr_a__legacy_gt__petfold__historical_legacy121_v1,7LVA_103_3wj_nmr_A,petfold,missing_pair,20,43,true,2,2,"[[20,44],[21,43]]",103
legacy121_v1__7lva_103_3wj_nmr_a__legacy_gt__petfold__historical_legacy121_v1,7LVA_103_3wj_nmr_A,petfold,missing_pair,21,41,true,2,2,"[[21,43],[23,41]]",103
legacy121_v1__7lva_103_3wj_nmr_a__legacy_gt__petfold__historical_legacy121_v1,7LVA_103_3wj_nmr_A,petfold,missing_pair,23,39,true,1,1,"[[23,41]]",103
legacy121_v1__7lva_103_3wj_nmr_a__legacy_gt__petfold__historical_legacy121_v1,7LVA_103_3wj_nmr_A,petfold,missing_pair,57,90,true,1,1,"[[75,90]]",103
legacy121_v1__7lva_103_3wj_nmr_a__legacy_gt__petfold__historical_legacy121_v1,7LVA_103_3wj_nmr_A,petfold,missing_pair,62,85,false,0,0,[],103
legacy121_v1__7lva_103_3wj_nmr_a__legacy_gt__petfold__historical_legacy121_v1,7LVA_103_3wj_nmr_A,petfold,missing_pair,63,84,false,0,0,[],103
legacy121_v1__7lva_103_3wj_nmr_a__legacy_gt__petfold__historical_legacy121_v1,7LVA_103_3wj_nmr_A,petfold,missing_pair,76,83,true,1,1,"[[76,89]]",103
legacy121_v1__7lva_103_3wj_nmr_a__legacy_gt__petfold__historical_legacy121_v1,7LVA_103_3wj_nmr_A,petfold,missing_pair,77,82,true,1,1,"[[77,88]]",103
legacy121_v1__7lva_103_3wj_nmr_a__legacy_gt__petfold__historical_legacy121_v1,7LVA_103_3wj_nmr_A,petfold,false_positive_pair,20,44,true,2,2,"[[19,44],[20,43]]",103
legacy121_v1__7lva_103_3wj_nmr_a__legacy_gt__petfold__historical_legacy121_v1,7LVA_103_3wj_nmr_A,petfold,false_positive_pair,21,43,true,2,2,"[[20,43],[21,41]]",103
legacy121_v1__7lva_103_3wj_nmr_a__legacy_gt__petfold__historical_legacy121_v1,7LVA_103_3wj_nmr_A,petfold,false_positive_pair,23,41,true,2,2,"[[21,41],[23,39]]",103
legacy121_v1__7lva_103_3wj_nmr_a__legacy_gt__petfold__historical_legacy121_v1,7LVA_103_3wj_nmr_A,petfold,false_positive_pair,24,40,false,0,0,[],103
legacy121_v1__7lva_103_3wj_nmr_a__legacy_gt__petfold__historical_legacy121_v1,7LVA_103_3wj_nmr_A,petfold,false_positive_pair,75,90,true,1,1,"[[57,90]]",103
legacy121_v1__7lva_103_3wj_nmr_a__legacy_gt__petfold__historical_legacy121_v1,7LVA_103_3wj_nmr_A,petfold,false_positive_pair,76,89,true,1,1,"[[76,83]]",103
legacy121_v1__7lva_103_3wj_nmr_a__legacy_gt__petfold__historical_legacy121_v1,7LVA_103_3wj_nmr_A,petfold,false_positive_pair,77,88,true,1,1,"[[77,82]]",103
legacy121_v1__7lva_103_3wj_nmr_a__legacy_gt__petfold__historical_legacy121_v1,7LVA_103_3wj_nmr_A,petfold,false_positive_pair,78,87,false,0,0,[],103
legacy121_v1__7lva_103_3wj_nmr_a__legacy_gt__rnafold__historical_legacy121_v1,7LVA_103_3wj_nmr_A,rnafold,missing_pair,19,44,true,1,1,"[[20,44]]",103
legacy121_v1__7lva_103_3wj_nmr_a__legacy_gt__rnafold__historical_legacy121_v1,7LVA_103_3wj_nmr_A,rnafold,missing_pair,20,43,true,2,2,"[[20,44],[21,43]]",103
legacy121_v1__7lva_103_3wj_nmr_a__legacy_gt__rnafold__historical_legacy121_v1,7LVA_103_3wj_nmr_A,rnafold,missing_pair,21,41,true,2,2,"[[21,43],[23,41]]",103
legacy121_v1__7lva_103_3wj_nmr_a__legacy_gt__rnafold__historical_legacy121_v1,7LVA_103_3wj_nmr_A,rnafold,missing_pair,23,39,true,1,1,"[[23,41]]",103
legacy121_v1__7lva_103_3wj_nmr_a__legacy_gt__rnafold__historical_legacy121_v1,7LVA_103_3wj_nmr_A,rnafold,missing_pair,57,90,true,1,1,"[[75,90]]",103
legacy121_v1__7lva_103_3wj_nmr_a__legacy_gt__rnafold__historical_legacy121_v1,7LVA_103_3wj_nmr_A,rnafold,missing_pair,62,85,false,0,0,[],103
legacy121_v1__7lva_103_3wj_nmr_a__legacy_gt__rnafold__historical_legacy121_v1,7LVA_103_3wj_nmr_A,rnafold,missing_pair,63,84,false,0,0,[],103
legacy121_v1__7lva_103_3wj_nmr_a__legacy_gt__rnafold__historical_legacy121_v1,7LVA_103_3wj_nmr_A,rnafold,missing_pair,76,83,true,1,1,"[[76,89]]",103
legacy121_v1__7lva_103_3wj_nmr_a__legacy_gt__rnafold__historical_legacy121_v1,7LVA_103_3wj_nmr_A,rnafold,missing_pair,77,82,true,1,1,"[[77,88]]",103
legacy121_v1__7lva_103_3wj_nmr_a__legacy_gt__rnafold__historical_legacy121_v1,7LVA_103_3wj_nmr_A,rnafold,false_positive_pair,20,44,true,2,2,"[[19,44],[20,43]]",103
legacy121_v1__7lva_103_3wj_nmr_a__legacy_gt__rnafold__historical_legacy121_v1,7LVA_103_3wj_nmr_A,rnafold,false_positive_pair,21,43,true,2,2,"[[20,43],[21,41]]",103
legacy121_v1__7lva_103_3wj_nmr_a__legacy_gt__rnafold__historical_legacy121_v1,7LVA_103_3wj_nmr_A,rnafold,false_positive_pair,23,41,true,2,2,"[[21,41],[23,39]]",103
legacy121_v1__7lva_103_3wj_nmr_a__legacy_gt__rnafold__historical_legacy121_v1,7LVA_103_3wj_nmr_A,rnafold,false_positive_pair,24,40,false,0,0,[],103
legacy121_v1__7lva_103_3wj_nmr_a__legacy_gt__rnafold__historical_legacy121_v1,7LVA_103_3wj_nmr_A,rnafold,false_positive_pair,75,90,true,1,1,"[[57,90]]",103
legacy121_v1__7lva_103_3wj_nmr_a__legacy_gt__rnafold__historical_legacy121_v1,7LVA_103_3wj_nmr_A,rnafold,false_positive_pair,76,89,true,1,1,"[[76,83]]",103
legacy121_v1__7lva_103_3wj_nmr_a__legacy_gt__rnafold__historical_legacy121_v1,7LVA_103_3wj_nmr_A,rnafold,false_positive_pair,77,88,true,1,1,"[[77,82]]",103
legacy121_v1__7lva_103_3wj_nmr_a__legacy_gt__rnafold__historical_legacy121_v1,7LVA_103_3wj_nmr_A,rnafold,false_positive_pair,78,87,false,0,0,[],103
legacy121_v1__7lva_103_3wj_nmr_a__legacy_gt__trrosettarna2_native_ss__historical_legacy121_v1,7LVA_103_3wj_nmr_A,trrosettarna2_native_ss,missing_pair,64,74,true,1,1,"[[64,83]]",103
legacy121_v1__7lva_103_3wj_nmr_a__legacy_gt__trrosettarna2_native_ss__historical_legacy121_v1,7LVA_103_3wj_nmr_A,trrosettarna2_native_ss,missing_pair,65,73,false,0,0,[],103
legacy121_v1__7lva_103_3wj_nmr_a__legacy_gt__trrosettarna2_native_ss__historical_legacy121_v1,7LVA_103_3wj_nmr_A,trrosettarna2_native_ss,missing_pair,66,72,false,0,0,[],103
legacy121_v1__7lva_103_3wj_nmr_a__legacy_gt__trrosettarna2_native_ss__historical_legacy121_v1,7LVA_103_3wj_nmr_A,trrosettarna2_native_ss,missing_pair,76,83,true,1,1,"[[64,83]]",103
legacy121_v1__7lva_103_3wj_nmr_a__legacy_gt__trrosettarna2_native_ss__historical_legacy121_v1,7LVA_103_3wj_nmr_A,trrosettarna2_native_ss,missing_pair,77,82,false,0,0,[],103
legacy121_v1__7lva_103_3wj_nmr_a__legacy_gt__trrosettarna2_native_ss__historical_legacy121_v1,7LVA_103_3wj_nmr_A,trrosettarna2_native_ss,false_positive_pair,22,40,false,0,0,[],103
legacy121_v1__7lva_103_3wj_nmr_a__legacy_gt__trrosettarna2_native_ss__historical_legacy121_v1,7LVA_103_3wj_nmr_A,trrosettarna2_native_ss,false_positive_pair,24,38,false,0,0,[],103
legacy121_v1__7lva_103_3wj_nmr_a__legacy_gt__trrosettarna2_native_ss__historical_legacy121_v1,7LVA_103_3wj_nmr_A,trrosettarna2_native_ss,false_positive_pair,56,91,false,0,0,[],103
legacy121_v1__7lva_103_3wj_nmr_a__legacy_gt__trrosettarna2_native_ss__historical_legacy121_v1,7LVA_103_3wj_nmr_A,trrosettarna2_native_ss,false_positive_pair,58,89,false,0,0,[],103
legacy121_v1__7lva_103_3wj_nmr_a__legacy_gt__trrosettarna2_native_ss__historical_legacy121_v1,7LVA_103_3wj_nmr_A,trrosettarna2_native_ss,false_positive_pair,59,88,false,0,0,[],103
legacy121_v1__7lva_103_3wj_nmr_a__legacy_gt__trrosettarna2_native_ss__historical_legacy121_v1,7LVA_103_3wj_nmr_A,trrosettarna2_native_ss,false_positive_pair,60,87,false,0,0,[],103
legacy121_v1__7lva_103_3wj_nmr_a__legacy_gt__trrosettarna2_native_ss__historical_legacy121_v1,7LVA_103_3wj_nmr_A,trrosettarna2_native_ss,false_positive_pair,61,86,false,0,0,[],103
legacy121_v1__7lva_103_3wj_nmr_a__legacy_gt__trrosettarna2_native_ss__historical_legacy121_v1,7LVA_103_3wj_nmr_A,trrosettarna2_native_ss,false_positive_pair,64,83,true,2,2,"[[64,74],[76,83]]",103
legacy121_v1__7lyg_142_4wj_xray_a__legacy_gt__petfold__historical_legacy121_v1,7LYG_142_4wj_xray_A,petfold,missing_pair,18,121,false,0,0,[],142
legacy121_v1__7lyg_142_4wj_xray_a__legacy_gt__petfold__historical_legacy121_v1,7LYG_142_4wj_xray_A,petfold,missing_pair,45,77,true,2,2,"[[45,87],[77,82]]",142
legacy121_v1__7lyg_142_4wj_xray_a__legacy_gt__petfold__historical_legacy121_v1,7LYG_142_4wj_xray_A,petfold,missing_pair,46,76,true,2,2,"[[46,86],[76,83]]",142
legacy121_v1__7lyg_142_4wj_xray_a__legacy_gt__petfold__historical_legacy121_v1,7LYG_142_4wj_xray_A,petfold,false_positive_pair,31,103,false,0,0,[],142
legacy121_v1__7lyg_142_4wj_xray_a__legacy_gt__petfold__historical_legacy121_v1,7LYG_142_4wj_xray_A,petfold,false_positive_pair,45,87,true,1,1,"[[45,77]]",142
legacy121_v1__7lyg_142_4wj_xray_a__legacy_gt__petfold__historical_legacy121_v1,7LYG_142_4wj_xray_A,petfold,false_positive_pair,46,86,true,1,1,"[[46,76]]",142
legacy121_v1__7lyg_142_4wj_xray_a__legacy_gt__petfold__historical_legacy121_v1,7LYG_142_4wj_xray_A,petfold,false_positive_pair,53,71,false,0,0,[],142
legacy121_v1__7lyg_142_4wj_xray_a__legacy_gt__petfold__historical_legacy121_v1,7LYG_142_4wj_xray_A,petfold,false_positive_pair,75,84,false,0,0,[],142
legacy121_v1__7lyg_142_4wj_xray_a__legacy_gt__petfold__historical_legacy121_v1,7LYG_142_4wj_xray_A,petfold,false_positive_pair,76,83,true,1,1,"[[46,76]]",142
legacy121_v1__7lyg_142_4wj_xray_a__legacy_gt__petfold__historical_legacy121_v1,7LYG_142_4wj_xray_A,petfold,false_positive_pair,77,82,true,1,1,"[[45,77]]",142
legacy121_v1__7lyg_142_4wj_xray_a__legacy_gt__rnafold__historical_legacy121_v1,7LYG_142_4wj_xray_A,rnafold,missing_pair,18,121,false,0,0,[],142
legacy121_v1__7lyg_142_4wj_xray_a__legacy_gt__rnafold__historical_legacy121_v1,7LYG_142_4wj_xray_A,rnafold,missing_pair,45,77,true,2,2,"[[45,87],[77,82]]",142
legacy121_v1__7lyg_142_4wj_xray_a__legacy_gt__rnafold__historical_legacy121_v1,7LYG_142_4wj_xray_A,rnafold,missing_pair,46,76,true,2,2,"[[46,86],[76,83]]",142
legacy121_v1__7lyg_142_4wj_xray_a__legacy_gt__rnafold__historical_legacy121_v1,7LYG_142_4wj_xray_A,rnafold,false_positive_pair,31,103,false,0,0,[],142
legacy121_v1__7lyg_142_4wj_xray_a__legacy_gt__rnafold__historical_legacy121_v1,7LYG_142_4wj_xray_A,rnafold,false_positive_pair,45,87,true,1,1,"[[45,77]]",142
legacy121_v1__7lyg_142_4wj_xray_a__legacy_gt__rnafold__historical_legacy121_v1,7LYG_142_4wj_xray_A,rnafold,false_positive_pair,46,86,true,1,1,"[[46,76]]",142
legacy121_v1__7lyg_142_4wj_xray_a__legacy_gt__rnafold__historical_legacy121_v1,7LYG_142_4wj_xray_A,rnafold,false_positive_pair,53,71,false,0,0,[],142
legacy121_v1__7lyg_142_4wj_xray_a__legacy_gt__rnafold__historical_legacy121_v1,7LYG_142_4wj_xray_A,rnafold,false_positive_pair,75,84,false,0,0,[],142
legacy121_v1__7lyg_142_4wj_xray_a__legacy_gt__rnafold__historical_legacy121_v1,7LYG_142_4wj_xray_A,rnafold,false_positive_pair,76,83,true,1,1,"[[46,76]]",142
legacy121_v1__7lyg_142_4wj_xray_a__legacy_gt__rnafold__historical_legacy121_v1,7LYG_142_4wj_xray_A,rnafold,false_positive_pair,77,82,true,1,1,"[[45,77]]",142
legacy121_v1__7lyg_142_4wj_xray_a__legacy_gt__trrosettarna2_native_ss__historical_legacy121_v1,7LYG_142_4wj_xray_A,trrosettarna2_native_ss,missing_pair,9,24,true,2,2,"[[9,129],[11,24]]",142
legacy121_v1__7lyg_142_4wj_xray_a__legacy_gt__trrosettarna2_native_ss__historical_legacy121_v1,7LYG_142_4wj_xray_A,trrosettarna2_native_ss,missing_pair,10,23,true,2,2,"[[10,113],[14,23]]",142
legacy121_v1__7lyg_142_4wj_xray_a__legacy_gt__trrosettarna2_native_ss__historical_legacy121_v1,7LYG_142_4wj_xray_A,trrosettarna2_native_ss,missing_pair,11,22,true,2,2,"[[11,24],[17,22]]",142
legacy121_v1__7lyg_142_4wj_xray_a__legacy_gt__trrosettarna2_native_ss__historical_legacy121_v1,7LYG_142_4wj_xray_A,trrosettarna2_native_ss,missing_pair,12,21,true,2,2,"[[12,13],[18,21]]",142
legacy121_v1__7lyg_142_4wj_xray_a__legacy_gt__trrosettarna2_native_ss__historical_legacy121_v1,7LYG_142_4wj_xray_A,trrosettarna2_native_ss,missing_pair,18,121,true,2,2,"[[18,21],[118,121]]",142
legacy121_v1__7lyg_142_4wj_xray_a__legacy_gt__trrosettarna2_native_ss__historical_legacy121_v1,7LYG_142_4wj_xray_A,trrosettarna2_native_ss,missing_pair,45,77,true,1,1,"[[77,82]]",142
legacy121_v1__7lyg_142_4wj_xray_a__legacy_gt__trrosettarna2_native_ss__historical_legacy121_v1,7LYG_142_4wj_xray_A,trrosettarna2_native_ss,missing_pair,46,76,true,1,1,"[[76,83]]",142
legacy121_v1__7lyg_142_4wj_xray_a__legacy_gt__trrosettarna2_native_ss__historical_legacy121_v1,7LYG_142_4wj_xray_A,trrosettarna2_native_ss,missing_pair,114,130,true,2,2,"[[7,130],[114,128]]",142
legacy121_v1__7lyg_142_4wj_xray_a__legacy_gt__trrosettarna2_native_ss__historical_legacy121_v1,7LYG_142_4wj_xray_A,trrosettarna2_native_ss,missing_pair,115,129,true,2,2,"[[9,129],[115,127]]",142
legacy121_v1__7lyg_142_4wj_xray_a__legacy_gt__trrosettarna2_native_ss__historical_legacy121_v1,7LYG_142_4wj_xray_A,trrosettarna2_native_ss,missing_pair,116,128,true,2,2,"[[114,128],[116,126]]",142
legacy121_v1__7lyg_142_4wj_xray_a__legacy_gt__trrosettarna2_native_ss__historical_legacy121_v1,7LYG_142_4wj_xray_A,trrosettarna2_native_ss,missing_pair,117,127,true,2,2,"[[115,127],[117,123]]",142
legacy121_v1__7lyg_142_4wj_xray_a__legacy_gt__trrosettarna2_native_ss__historical_legacy121_v1,7LYG_142_4wj_xray_A,trrosettarna2_native_ss,missing_pair,118,126,true,2,2,"[[116,126],[118,121]]",142
legacy121_v1__7lyg_142_4wj_xray_a__legacy_gt__trrosettarna2_native_ss__historical_legacy121_v1,7LYG_142_4wj_xray_A,trrosettarna2_native_ss,false_positive_pair,7,130,true,1,1,"[[114,130]]",142
legacy121_v1__7lyg_142_4wj_xray_a__legacy_gt__trrosettarna2_native_ss__historical_legacy121_v1,7LYG_142_4wj_xray_A,trrosettarna2_native_ss,false_positive_pair,9,129,true,2,2,"[[9,24],[115,129]]",142
legacy121_v1__7lyg_142_4wj_xray_a__legacy_gt__trrosettarna2_native_ss__historical_legacy121_v1,7LYG_142_4wj_xray_A,trrosettarna2_native_ss,false_positive_pair,10,113,true,1,1,"[[10,23]]",142
legacy121_v1__7lyg_142_4wj_xray_a__legacy_gt__trrosettarna2_native_ss__historical_legacy121_v1,7LYG_142_4wj_xray_A,trrosettarna2_native_ss,false_positive_pair,11,24,true,2,2,"[[9,24],[11,22]]",142
legacy121_v1__7lyg_142_4wj_xray_a__legacy_gt__trrosettarna2_native_ss__historical_legacy121_v1,7LYG_142_4wj_xray_A,trrosettarna2_native_ss,false_positive_pair,12,13,true,1,1,"[[12,21]]",142
legacy121_v1__7lyg_142_4wj_xray_a__legacy_gt__trrosettarna2_native_ss__historical_legacy121_v1,7LYG_142_4wj_xray_A,trrosettarna2_native_ss,false_positive_pair,14,23,true,1,1,"[[10,23]]",142
legacy121_v1__7lyg_142_4wj_xray_a__legacy_gt__trrosettarna2_native_ss__historical_legacy121_v1,7LYG_142_4wj_xray_A,trrosettarna2_native_ss,false_positive_pair,17,22,true,1,1,"[[11,22]]",142
legacy121_v1__7lyg_142_4wj_xray_a__legacy_gt__trrosettarna2_native_ss__historical_legacy121_v1,7LYG_142_4wj_xray_A,trrosettarna2_native_ss,false_positive_pair,18,21,true,2,2,"[[12,21],[18,121]]",142
legacy121_v1__7lyg_142_4wj_xray_a__legacy_gt__trrosettarna2_native_ss__historical_legacy121_v1,7LYG_142_4wj_xray_A,trrosettarna2_native_ss,false_positive_pair,25,109,false,0,0,[],142
legacy121_v1__7lyg_142_4wj_xray_a__legacy_gt__trrosettarna2_native_ss__historical_legacy121_v1,7LYG_142_4wj_xray_A,trrosettarna2_native_ss,false_positive_pair,31,103,false,0,0,[],142
legacy121_v1__7lyg_142_4wj_xray_a__legacy_gt__trrosettarna2_native_ss__historical_legacy121_v1,7LYG_142_4wj_xray_A,trrosettarna2_native_ss,false_positive_pair,53,71,false,0,0,[],142
legacy121_v1__7lyg_142_4wj_xray_a__legacy_gt__trrosettarna2_native_ss__historical_legacy121_v1,7LYG_142_4wj_xray_A,trrosettarna2_native_ss,false_positive_pair,76,83,true,1,1,"[[46,76]]",142
legacy121_v1__7lyg_142_4wj_xray_a__legacy_gt__trrosettarna2_native_ss__historical_legacy121_v1,7LYG_142_4wj_xray_A,trrosettarna2_native_ss,false_positive_pair,77,82,true,1,1,"[[45,77]]",142
legacy121_v1__7lyg_142_4wj_xray_a__legacy_gt__trrosettarna2_native_ss__historical_legacy121_v1,7LYG_142_4wj_xray_A,trrosettarna2_native_ss,false_positive_pair,78,81,false,0,0,[],142
legacy121_v1__7lyg_142_4wj_xray_a__legacy_gt__trrosettarna2_native_ss__historical_legacy121_v1,7LYG_142_4wj_xray_A,trrosettarna2_native_ss,false_positive_pair,114,128,true,2,2,"[[114,130],[116,128]]",142
legacy121_v1__7lyg_142_4wj_xray_a__legacy_gt__trrosettarna2_native_ss__historical_legacy121_v1,7LYG_142_4wj_xray_A,trrosettarna2_native_ss,false_positive_pair,115,127,true,2,2,"[[115,129],[117,127]]",142
legacy121_v1__7lyg_142_4wj_xray_a__legacy_gt__trrosettarna2_native_ss__historical_legacy121_v1,7LYG_142_4wj_xray_A,trrosettarna2_native_ss,false_positive_pair,116,126,true,2,2,"[[116,128],[118,126]]",142
legacy121_v1__7lyg_142_4wj_xray_a__legacy_gt__trrosettarna2_native_ss__historical_legacy121_v1,7LYG_142_4wj_xray_A,trrosettarna2_native_ss,false_positive_pair,117,123,true,1,1,"[[117,127]]",142
legacy121_v1__7lyg_142_4wj_xray_a__legacy_gt__trrosettarna2_native_ss__historical_legacy121_v1,7LYG_142_4wj_xray_A,trrosettarna2_native_ss,false_positive_pair,118,121,true,2,2,"[[18,121],[118,126]]",142
legacy121_v1__7lyg_142_4wj_xray_a__legacy_gt__trrosettarna2_native_ss__historical_legacy121_v1,7LYG_142_4wj_xray_A,trrosettarna2_native_ss,false_positive_pair,119,120,false,0,0,[],142
legacy121_v1__7shx_94_4wj_nmr_a__legacy_gt__petfold__historical_legacy121_v1,7SHX_94_4wj_nmr_A,petfold,missing_pair,10,61,true,2,2,"[[10,84],[61,78]]",94
legacy121_v1__7shx_94_4wj_nmr_a__legacy_gt__petfold__historical_legacy121_v1,7SHX_94_4wj_nmr_A,petfold,missing_pair,11,60,true,2,2,"[[11,83],[60,79]]",94
legacy121_v1__7shx_94_4wj_nmr_a__legacy_gt__petfold__historical_legacy121_v1,7SHX_94_4wj_nmr_A,petfold,missing_pair,12,59,true,2,2,"[[12,82],[59,80]]",94
legacy121_v1__7shx_94_4wj_nmr_a__legacy_gt__petfold__historical_legacy121_v1,7SHX_94_4wj_nmr_A,petfold,missing_pair,23,36,true,1,1,"[[23,34]]",94
legacy121_v1__7shx_94_4wj_nmr_a__legacy_gt__petfold__historical_legacy121_v1,7SHX_94_4wj_nmr_A,petfold,missing_pair,63,80,true,2,2,"[[59,80],[63,76]]",94
legacy121_v1__7shx_94_4wj_nmr_a__legacy_gt__petfold__historical_legacy121_v1,7SHX_94_4wj_nmr_A,petfold,missing_pair,64,79,true,2,2,"[[60,79],[64,75]]",94
legacy121_v1__7shx_94_4wj_nmr_a__legacy_gt__petfold__historical_legacy121_v1,7SHX_94_4wj_nmr_A,petfold,missing_pair,65,78,true,2,2,"[[61,78],[65,74]]",94
legacy121_v1__7shx_94_4wj_nmr_a__legacy_gt__petfold__historical_legacy121_v1,7SHX_94_4wj_nmr_A,petfold,missing_pair,67,76,true,2,2,"[[63,76],[67,72]]",94
legacy121_v1__7shx_94_4wj_nmr_a__legacy_gt__petfold__historical_legacy121_v1,7SHX_94_4wj_nmr_A,petfold,missing_pair,68,75,true,1,1,"[[64,75]]",94
legacy121_v1__7shx_94_4wj_nmr_a__legacy_gt__petfold__historical_legacy121_v1,7SHX_94_4wj_nmr_A,petfold,missing_pair,69,74,true,1,1,"[[65,74]]",94
legacy121_v1__7shx_94_4wj_nmr_a__legacy_gt__petfold__historical_legacy121_v1,7SHX_94_4wj_nmr_A,petfold,false_positive_pair,10,84,true,1,1,"[[10,61]]",94
legacy121_v1__7shx_94_4wj_nmr_a__legacy_gt__petfold__historical_legacy121_v1,7SHX_94_4wj_nmr_A,petfold,false_positive_pair,11,83,true,1,1,"[[11,60]]",94
legacy121_v1__7shx_94_4wj_nmr_a__legacy_gt__petfold__historical_legacy121_v1,7SHX_94_4wj_nmr_A,petfold,false_positive_pair,12,82,true,1,1,"[[12,59]]",94
legacy121_v1__7shx_94_4wj_nmr_a__legacy_gt__petfold__historical_legacy121_v1,7SHX_94_4wj_nmr_A,petfold,false_positive_pair,13,81,false,0,0,[],94
legacy121_v1__7shx_94_4wj_nmr_a__legacy_gt__petfold__historical_legacy121_v1,7SHX_94_4wj_nmr_A,petfold,false_positive_pair,15,55,false,0,0,[],94
legacy121_v1__7shx_94_4wj_nmr_a__legacy_gt__petfold__historical_legacy121_v1,7SHX_94_4wj_nmr_A,petfold,false_positive_pair,23,34,true,1,1,"[[23,36]]",94
legacy121_v1__7shx_94_4wj_nmr_a__legacy_gt__petfold__historical_legacy121_v1,7SHX_94_4wj_nmr_A,petfold,false_positive_pair,59,80,true,2,2,"[[12,59],[63,80]]",94
legacy121_v1__7shx_94_4wj_nmr_a__legacy_gt__petfold__historical_legacy121_v1,7SHX_94_4wj_nmr_A,petfold,false_positive_pair,60,79,true,2,2,"[[11,60],[64,79]]",94
legacy121_v1__7shx_94_4wj_nmr_a__legacy_gt__petfold__historical_legacy121_v1,7SHX_94_4wj_nmr_A,petfold,false_positive_pair,61,78,true,2,2,"[[10,61],[65,78]]",94
legacy121_v1__7shx_94_4wj_nmr_a__legacy_gt__petfold__historical_legacy121_v1,7SHX_94_4wj_nmr_A,petfold,false_positive_pair,62,77,false,0,0,[],94
legacy121_v1__7shx_94_4wj_nmr_a__legacy_gt__petfold__historical_legacy121_v1,7SHX_94_4wj_nmr_A,petfold,false_positive_pair,63,76,true,2,2,"[[63,80],[67,76]]",94
legacy121_v1__7shx_94_4wj_nmr_a__legacy_gt__petfold__historical_legacy121_v1,7SHX_94_4wj_nmr_A,petfold,false_positive_pair,64,75,true,2,2,"[[64,79],[68,75]]",94
legacy121_v1__7shx_94_4wj_nmr_a__legacy_gt__petfold__historical_legacy121_v1,7SHX_94_4wj_nmr_A,petfold,false_positive_pair,65,74,true,2,2,"[[65,78],[69,74]]",94
legacy121_v1__7shx_94_4wj_nmr_a__legacy_gt__petfold__historical_legacy121_v1,7SHX_94_4wj_nmr_A,petfold,false_positive_pair,66,73,false,0,0,[],94
legacy121_v1__7shx_94_4wj_nmr_a__legacy_gt__petfold__historical_legacy121_v1,7SHX_94_4wj_nmr_A,petfold,false_positive_pair,67,72,true,1,1,"[[67,76]]",94
legacy121_v1__7shx_94_4wj_nmr_a__legacy_gt__rnafold__historical_legacy121_v1,7SHX_94_4wj_nmr_A,rnafold,missing_pair,10,61,true,2,2,"[[10,84],[61,78]]",94
legacy121_v1__7shx_94_4wj_nmr_a__legacy_gt__rnafold__historical_legacy121_v1,7SHX_94_4wj_nmr_A,rnafold,missing_pair,11,60,true,2,2,"[[11,83],[60,79]]",94
legacy121_v1__7shx_94_4wj_nmr_a__legacy_gt__rnafold__historical_legacy121_v1,7SHX_94_4wj_nmr_A,rnafold,missing_pair,12,59,true,2,2,"[[12,82],[59,80]]",94
legacy121_v1__7shx_94_4wj_nmr_a__legacy_gt__rnafold__historical_legacy121_v1,7SHX_94_4wj_nmr_A,rnafold,missing_pair,14,56,false,0,0,[],94
legacy121_v1__7shx_94_4wj_nmr_a__legacy_gt__rnafold__historical_legacy121_v1,7SHX_94_4wj_nmr_A,rnafold,missing_pair,63,80,true,2,2,"[[59,80],[63,76]]",94
legacy121_v1__7shx_94_4wj_nmr_a__legacy_gt__rnafold__historical_legacy121_v1,7SHX_94_4wj_nmr_A,rnafold,missing_pair,64,79,true,2,2,"[[60,79],[64,75]]",94
legacy121_v1__7shx_94_4wj_nmr_a__legacy_gt__rnafold__historical_legacy121_v1,7SHX_94_4wj_nmr_A,rnafold,missing_pair,65,78,true,2,2,"[[61,78],[65,74]]",94
legacy121_v1__7shx_94_4wj_nmr_a__legacy_gt__rnafold__historical_legacy121_v1,7SHX_94_4wj_nmr_A,rnafold,missing_pair,67,76,true,2,2,"[[63,76],[67,72]]",94
legacy121_v1__7shx_94_4wj_nmr_a__legacy_gt__rnafold__historical_legacy121_v1,7SHX_94_4wj_nmr_A,rnafold,missing_pair,68,75,true,1,1,"[[64,75]]",94
legacy121_v1__7shx_94_4wj_nmr_a__legacy_gt__rnafold__historical_legacy121_v1,7SHX_94_4wj_nmr_A,rnafold,missing_pair,69,74,true,1,1,"[[65,74]]",94
legacy121_v1__7shx_94_4wj_nmr_a__legacy_gt__rnafold__historical_legacy121_v1,7SHX_94_4wj_nmr_A,rnafold,false_positive_pair,10,84,true,1,1,"[[10,61]]",94
legacy121_v1__7shx_94_4wj_nmr_a__legacy_gt__rnafold__historical_legacy121_v1,7SHX_94_4wj_nmr_A,rnafold,false_positive_pair,11,83,true,1,1,"[[11,60]]",94
legacy121_v1__7shx_94_4wj_nmr_a__legacy_gt__rnafold__historical_legacy121_v1,7SHX_94_4wj_nmr_A,rnafold,false_positive_pair,12,82,true,1,1,"[[12,59]]",94
legacy121_v1__7shx_94_4wj_nmr_a__legacy_gt__rnafold__historical_legacy121_v1,7SHX_94_4wj_nmr_A,rnafold,false_positive_pair,13,81,false,0,0,[],94
legacy121_v1__7shx_94_4wj_nmr_a__legacy_gt__rnafold__historical_legacy121_v1,7SHX_94_4wj_nmr_A,rnafold,false_positive_pair,59,80,true,2,2,"[[12,59],[63,80]]",94
legacy121_v1__7shx_94_4wj_nmr_a__legacy_gt__rnafold__historical_legacy121_v1,7SHX_94_4wj_nmr_A,rnafold,false_positive_pair,60,79,true,2,2,"[[11,60],[64,79]]",94
legacy121_v1__7shx_94_4wj_nmr_a__legacy_gt__rnafold__historical_legacy121_v1,7SHX_94_4wj_nmr_A,rnafold,false_positive_pair,61,78,true,2,2,"[[10,61],[65,78]]",94
legacy121_v1__7shx_94_4wj_nmr_a__legacy_gt__rnafold__historical_legacy121_v1,7SHX_94_4wj_nmr_A,rnafold,false_positive_pair,62,77,false,0,0,[],94
legacy121_v1__7shx_94_4wj_nmr_a__legacy_gt__rnafold__historical_legacy121_v1,7SHX_94_4wj_nmr_A,rnafold,false_positive_pair,63,76,true,2,2,"[[63,80],[67,76]]",94
legacy121_v1__7shx_94_4wj_nmr_a__legacy_gt__rnafold__historical_legacy121_v1,7SHX_94_4wj_nmr_A,rnafold,false_positive_pair,64,75,true,2,2,"[[64,79],[68,75]]",94
legacy121_v1__7shx_94_4wj_nmr_a__legacy_gt__rnafold__historical_legacy121_v1,7SHX_94_4wj_nmr_A,rnafold,false_positive_pair,65,74,true,2,2,"[[65,78],[69,74]]",94
legacy121_v1__7shx_94_4wj_nmr_a__legacy_gt__rnafold__historical_legacy121_v1,7SHX_94_4wj_nmr_A,rnafold,false_positive_pair,66,73,false,0,0,[],94
legacy121_v1__7shx_94_4wj_nmr_a__legacy_gt__rnafold__historical_legacy121_v1,7SHX_94_4wj_nmr_A,rnafold,false_positive_pair,67,72,true,1,1,"[[67,76]]",94
legacy121_v1__7shx_94_4wj_nmr_a__legacy_gt__trrosettarna2_native_ss__historical_legacy121_v1,7SHX_94_4wj_nmr_A,trrosettarna2_native_ss,false_positive_pair,9,62,false,0,0,[],94
legacy121_v1__7shx_94_4wj_nmr_a__legacy_gt__trrosettarna2_native_ss__historical_legacy121_v1,7SHX_94_4wj_nmr_A,trrosettarna2_native_ss,false_positive_pair,13,57,false,0,0,[],94
legacy121_v1__7shx_94_4wj_nmr_a__legacy_gt__trrosettarna2_native_ss__historical_legacy121_v1,7SHX_94_4wj_nmr_A,trrosettarna2_native_ss,false_positive_pair,15,55,false,0,0,[],94
legacy121_v1__7shx_94_4wj_nmr_a__legacy_gt__trrosettarna2_native_ss__historical_legacy121_v1,7SHX_94_4wj_nmr_A,trrosettarna2_native_ss,false_positive_pair,16,54,false,0,0,[],94
legacy121_v1__7shx_94_4wj_nmr_a__legacy_gt__trrosettarna2_native_ss__historical_legacy121_v1,7SHX_94_4wj_nmr_A,trrosettarna2_native_ss,false_positive_pair,27,30,false,0,0,[],94
legacy121_v1__7shx_94_4wj_nmr_a__legacy_gt__trrosettarna2_native_ss__historical_legacy121_v1,7SHX_94_4wj_nmr_A,trrosettarna2_native_ss,false_positive_pair,47,50,false,0,0,[],94
legacy121_v1__7shx_94_4wj_nmr_a__legacy_gt__trrosettarna2_native_ss__historical_legacy121_v1,7SHX_94_4wj_nmr_A,trrosettarna2_native_ss,false_positive_pair,66,77,false,0,0,[],94
legacy121_v1__7shx_94_4wj_nmr_a__legacy_gt__trrosettarna2_native_ss__historical_legacy121_v1,7SHX_94_4wj_nmr_A,trrosettarna2_native_ss,false_positive_pair,70,73,false,0,0,[],94
legacy121_v1__7uga_43_hpbulge_nmr_a__legacy_gt__trrosettarna2_native_ss__historical_legacy121_v1,7UGA_43_hpbulge_nmr_A,trrosettarna2_native_ss,false_positive_pair,19,28,false,0,0,[],43
legacy121_v1__7uga_43_hpbulge_nmr_a__legacy_gt__trrosettarna2_native_ss__historical_legacy121_v1,7UGA_43_hpbulge_nmr_A,trrosettarna2_native_ss,false_positive_pair,20,27,false,0,0,[],43
legacy121_v1__7umc_70_hpbulge_nmr_a__legacy_gt__petfold__historical_legacy121_v1,7UMC_70_hpbulge_nmr_A,petfold,missing_pair,21,44,true,1,1,"[[21,35]]",70
legacy121_v1__7umc_70_hpbulge_nmr_a__legacy_gt__petfold__historical_legacy121_v1,7UMC_70_hpbulge_nmr_A,petfold,missing_pair,22,43,true,1,1,"[[22,34]]",70
legacy121_v1__7umc_70_hpbulge_nmr_a__legacy_gt__petfold__historical_legacy121_v1,7UMC_70_hpbulge_nmr_A,petfold,missing_pair,23,42,true,1,1,"[[23,33]]",70
legacy121_v1__7umc_70_hpbulge_nmr_a__legacy_gt__petfold__historical_legacy121_v1,7UMC_70_hpbulge_nmr_A,petfold,missing_pair,24,41,true,1,1,"[[24,32]]",70
legacy121_v1__7umc_70_hpbulge_nmr_a__legacy_gt__petfold__historical_legacy121_v1,7UMC_70_hpbulge_nmr_A,petfold,missing_pair,28,37,true,1,1,"[[19,37]]",70
legacy121_v1__7umc_70_hpbulge_nmr_a__legacy_gt__petfold__historical_legacy121_v1,7UMC_70_hpbulge_nmr_A,petfold,missing_pair,29,36,true,1,1,"[[20,36]]",70
legacy121_v1__7umc_70_hpbulge_nmr_a__legacy_gt__petfold__historical_legacy121_v1,7UMC_70_hpbulge_nmr_A,petfold,missing_pair,30,35,true,1,1,"[[21,35]]",70
legacy121_v1__7umc_70_hpbulge_nmr_a__legacy_gt__petfold__historical_legacy121_v1,7UMC_70_hpbulge_nmr_A,petfold,false_positive_pair,19,37,true,1,1,"[[28,37]]",70
legacy121_v1__7umc_70_hpbulge_nmr_a__legacy_gt__petfold__historical_legacy121_v1,7UMC_70_hpbulge_nmr_A,petfold,false_positive_pair,20,36,true,1,1,"[[29,36]]",70
legacy121_v1__7umc_70_hpbulge_nmr_a__legacy_gt__petfold__historical_legacy121_v1,7UMC_70_hpbulge_nmr_A,petfold,false_positive_pair,21,35,true,2,2,"[[21,44],[30,35]]",70
legacy121_v1__7umc_70_hpbulge_nmr_a__legacy_gt__petfold__historical_legacy121_v1,7UMC_70_hpbulge_nmr_A,petfold,false_positive_pair,22,34,true,1,1,"[[22,43]]",70
legacy121_v1__7umc_70_hpbulge_nmr_a__legacy_gt__petfold__historical_legacy121_v1,7UMC_70_hpbulge_nmr_A,petfold,false_positive_pair,23,33,true,1,1,"[[23,42]]",70
legacy121_v1__7umc_70_hpbulge_nmr_a__legacy_gt__petfold__historical_legacy121_v1,7UMC_70_hpbulge_nmr_A,petfold,false_positive_pair,24,32,true,1,1,"[[24,41]]",70
legacy121_v1__7umc_70_hpbulge_nmr_a__legacy_gt__petfold__historical_legacy121_v1,7UMC_70_hpbulge_nmr_A,petfold,false_positive_pair,45,54,false,0,0,[],70
legacy121_v1__7umc_70_hpbulge_nmr_a__legacy_gt__rnafold__historical_legacy121_v1,7UMC_70_hpbulge_nmr_A,rnafold,missing_pair,21,44,true,1,1,"[[21,35]]",70
legacy121_v1__7umc_70_hpbulge_nmr_a__legacy_gt__rnafold__historical_legacy121_v1,7UMC_70_hpbulge_nmr_A,rnafold,missing_pair,22,43,true,1,1,"[[22,34]]",70
legacy121_v1__7umc_70_hpbulge_nmr_a__legacy_gt__rnafold__historical_legacy121_v1,7UMC_70_hpbulge_nmr_A,rnafold,missing_pair,23,42,true,1,1,"[[23,33]]",70
legacy121_v1__7umc_70_hpbulge_nmr_a__legacy_gt__rnafold__historical_legacy121_v1,7UMC_70_hpbulge_nmr_A,rnafold,missing_pair,24,41,true,1,1,"[[24,32]]",70
legacy121_v1__7umc_70_hpbulge_nmr_a__legacy_gt__rnafold__historical_legacy121_v1,7UMC_70_hpbulge_nmr_A,rnafold,missing_pair,28,37,true,1,1,"[[19,37]]",70
legacy121_v1__7umc_70_hpbulge_nmr_a__legacy_gt__rnafold__historical_legacy121_v1,7UMC_70_hpbulge_nmr_A,rnafold,missing_pair,29,36,true,1,1,"[[20,36]]",70
legacy121_v1__7umc_70_hpbulge_nmr_a__legacy_gt__rnafold__historical_legacy121_v1,7UMC_70_hpbulge_nmr_A,rnafold,missing_pair,30,35,true,1,1,"[[21,35]]",70
legacy121_v1__7umc_70_hpbulge_nmr_a__legacy_gt__rnafold__historical_legacy121_v1,7UMC_70_hpbulge_nmr_A,rnafold,false_positive_pair,19,37,true,1,1,"[[28,37]]",70
legacy121_v1__7umc_70_hpbulge_nmr_a__legacy_gt__rnafold__historical_legacy121_v1,7UMC_70_hpbulge_nmr_A,rnafold,false_positive_pair,20,36,true,1,1,"[[29,36]]",70
legacy121_v1__7umc_70_hpbulge_nmr_a__legacy_gt__rnafold__historical_legacy121_v1,7UMC_70_hpbulge_nmr_A,rnafold,false_positive_pair,21,35,true,2,2,"[[21,44],[30,35]]",70
legacy121_v1__7umc_70_hpbulge_nmr_a__legacy_gt__rnafold__historical_legacy121_v1,7UMC_70_hpbulge_nmr_A,rnafold,false_positive_pair,22,34,true,1,1,"[[22,43]]",70
legacy121_v1__7umc_70_hpbulge_nmr_a__legacy_gt__rnafold__historical_legacy121_v1,7UMC_70_hpbulge_nmr_A,rnafold,false_positive_pair,23,33,true,1,1,"[[23,42]]",70
legacy121_v1__7umc_70_hpbulge_nmr_a__legacy_gt__rnafold__historical_legacy121_v1,7UMC_70_hpbulge_nmr_A,rnafold,false_positive_pair,24,32,true,1,1,"[[24,41]]",70
legacy121_v1__7umc_70_hpbulge_nmr_a__legacy_gt__rnafold__historical_legacy121_v1,7UMC_70_hpbulge_nmr_A,rnafold,false_positive_pair,45,54,false,0,0,[],70
legacy121_v1__7umc_70_hpbulge_nmr_a__legacy_gt__trrosettarna2_native_ss__historical_legacy121_v1,7UMC_70_hpbulge_nmr_A,trrosettarna2_native_ss,false_positive_pair,25,40,false,0,0,[],70
legacy121_v1__7umc_70_hpbulge_nmr_a__legacy_gt__trrosettarna2_native_ss__historical_legacy121_v1,7UMC_70_hpbulge_nmr_A,trrosettarna2_native_ss,false_positive_pair,26,39,false,0,0,[],70
legacy121_v1__7umc_70_hpbulge_nmr_a__legacy_gt__trrosettarna2_native_ss__historical_legacy121_v1,7UMC_70_hpbulge_nmr_A,trrosettarna2_native_ss,false_positive_pair,27,38,false,0,0,[],70
legacy121_v1__7umc_70_hpbulge_nmr_a__legacy_gt__trrosettarna2_native_ss__historical_legacy121_v1,7UMC_70_hpbulge_nmr_A,trrosettarna2_native_ss,false_positive_pair,31,34,false,0,0,[],70
legacy121_v1__7umc_70_hpbulge_nmr_a__legacy_gt__trrosettarna2_native_ss__historical_legacy121_v1,7UMC_70_hpbulge_nmr_A,trrosettarna2_native_ss,false_positive_pair,45,54,false,0,0,[],70
legacy121_v1__7umc_70_hpbulge_nmr_a__legacy_gt__trrosettarna2_native_ss__historical_legacy121_v1,7UMC_70_hpbulge_nmr_A,trrosettarna2_native_ss,false_positive_pair,48,51,false,0,0,[],70
legacy121_v1__7ume_28_hp_nmr_a__legacy_gt__trrosettarna2_native_ss__historical_legacy121_v1,7UME_28_hp_nmr_A,trrosettarna2_native_ss,false_positive_pair,6,21,false,0,0,[],28
legacy121_v1__7ume_28_hp_nmr_a__legacy_gt__trrosettarna2_native_ss__historical_legacy121_v1,7UME_28_hp_nmr_A,trrosettarna2_native_ss,false_positive_pair,7,20,false,0,0,[],28
legacy121_v1__7ume_28_hp_nmr_a__legacy_gt__trrosettarna2_native_ss__historical_legacy121_v1,7UME_28_hp_nmr_A,trrosettarna2_native_ss,false_positive_pair,8,19,false,0,0,[],28
legacy121_v1__7v06_43_hpbulge_nmr_a__legacy_gt__petfold__historical_legacy121_v1,7V06_43_hpbulge_nmr_A,petfold,missing_pair,16,22,false,0,0,[],43
legacy121_v1__7v06_43_hpbulge_nmr_a__legacy_gt__petfold__historical_legacy121_v1,7V06_43_hpbulge_nmr_A,petfold,false_positive_pair,8,32,false,0,0,[],43
legacy121_v1__7v06_43_hpbulge_nmr_a__legacy_gt__rnafold__historical_legacy121_v1,7V06_43_hpbulge_nmr_A,rnafold,missing_pair,16,22,false,0,0,[],43
legacy121_v1__7v06_43_hpbulge_nmr_a__legacy_gt__trrosettarna2_native_ss__historical_legacy121_v1,7V06_43_hpbulge_nmr_A,trrosettarna2_native_ss,missing_pair,9,29,true,1,1,"[[9,32]]",43
legacy121_v1__7v06_43_hpbulge_nmr_a__legacy_gt__trrosettarna2_native_ss__historical_legacy121_v1,7V06_43_hpbulge_nmr_A,trrosettarna2_native_ss,false_positive_pair,8,33,false,0,0,[],43
legacy121_v1__7v06_43_hpbulge_nmr_a__legacy_gt__trrosettarna2_native_ss__historical_legacy121_v1,7V06_43_hpbulge_nmr_A,trrosettarna2_native_ss,false_positive_pair,9,32,true,1,1,"[[9,29]]",43
legacy121_v1__7v06_43_hpbulge_nmr_a__legacy_gt__trrosettarna2_native_ss__historical_legacy121_v1,7V06_43_hpbulge_nmr_A,trrosettarna2_native_ss,false_positive_pair,15,23,false,0,0,[],43
legacy121_v1__7v06_43_hpbulge_nmr_a__legacy_gt__trrosettarna2_native_ss__historical_legacy121_v1,7V06_43_hpbulge_nmr_A,trrosettarna2_native_ss,false_positive_pair,17,21,false,0,0,[],43
legacy121_v1__8bwt_26_hp_nmr_a__legacy_gt__trrosettarna2_native_ss__historical_legacy121_v1,8BWT_26_hp_nmr_A,trrosettarna2_native_ss,false_positive_pair,5,20,false,0,0,[],26
legacy121_v1__8bwt_26_hp_nmr_a__legacy_gt__trrosettarna2_native_ss__historical_legacy121_v1,8BWT_26_hp_nmr_A,trrosettarna2_native_ss,false_positive_pair,6,19,false,0,0,[],26
legacy121_v1__8bwt_26_hp_nmr_a__legacy_gt__trrosettarna2_native_ss__historical_legacy121_v1,8BWT_26_hp_nmr_A,trrosettarna2_native_ss,false_positive_pair,7,18,false,0,0,[],26
legacy121_v1__8bwt_26_hp_nmr_a__legacy_gt__trrosettarna2_native_ss__historical_legacy121_v1,8BWT_26_hp_nmr_A,trrosettarna2_native_ss,false_positive_pair,11,14,false,0,0,[],26
legacy121_v1__8cq1_43_hp_nmr_a__legacy_gt__petfold__historical_legacy121_v1,8CQ1_43_hp_nmr_A,petfold,false_positive_pair,8,35,false,0,0,[],44
legacy121_v1__8cq1_43_hp_nmr_a__legacy_gt__petfold__historical_legacy121_v1,8CQ1_43_hp_nmr_A,petfold,false_positive_pair,16,28,false,0,0,[],44
legacy121_v1__8cq1_43_hp_nmr_a__legacy_gt__trrosettarna2_native_ss__historical_legacy121_v1,8CQ1_43_hp_nmr_A,trrosettarna2_native_ss,false_positive_pair,16,28,false,0,0,[],44
legacy121_v1__8fcs_71_hp_nmr_a__legacy_gt__petfold__historical_legacy121_v1,8FCS_71_hp_nmr_A,petfold,false_positive_pair,7,63,false,0,0,[],71
legacy121_v1__8fcs_71_hp_nmr_a__legacy_gt__petfold__historical_legacy121_v1,8FCS_71_hp_nmr_A,petfold,false_positive_pair,13,57,false,0,0,[],71
legacy121_v1__8fcs_71_hp_nmr_a__legacy_gt__petfold__historical_legacy121_v1,8FCS_71_hp_nmr_A,petfold,false_positive_pair,17,53,false,0,0,[],71
legacy121_v1__8fcs_71_hp_nmr_a__legacy_gt__trrosettarna2_native_ss__historical_legacy121_v1,8FCS_71_hp_nmr_A,trrosettarna2_native_ss,false_positive_pair,7,63,false,0,0,[],71
legacy121_v1__8fcs_71_hp_nmr_a__legacy_gt__trrosettarna2_native_ss__historical_legacy121_v1,8FCS_71_hp_nmr_A,trrosettarna2_native_ss,false_positive_pair,13,57,false,0,0,[],71
legacy121_v1__8fcs_71_hp_nmr_a__legacy_gt__trrosettarna2_native_ss__historical_legacy121_v1,8FCS_71_hp_nmr_A,trrosettarna2_native_ss,false_positive_pair,17,53,false,0,0,[],71
legacy121_v1__8fcs_71_hp_nmr_a__legacy_gt__trrosettarna2_native_ss__historical_legacy121_v1,8FCS_71_hp_nmr_A,trrosettarna2_native_ss,false_positive_pair,27,43,false,0,0,[],71
legacy121_v1__8jhp_27_hpbulge_nmr_a__legacy_gt__petfold__historical_legacy121_v1,8JHP_27_hpbulge_nmr_A,petfold,missing_pair,8,19,true,2,2,"[[4,19],[8,15]]",27
legacy121_v1__8jhp_27_hpbulge_nmr_a__legacy_gt__petfold__historical_legacy121_v1,8JHP_27_hpbulge_nmr_A,petfold,missing_pair,9,18,true,1,1,"[[5,18]]",27
legacy121_v1__8jhp_27_hpbulge_nmr_a__legacy_gt__petfold__historical_legacy121_v1,8JHP_27_hpbulge_nmr_A,petfold,missing_pair,10,17,true,1,1,"[[6,17]]",27
legacy121_v1__8jhp_27_hpbulge_nmr_a__legacy_gt__petfold__historical_legacy121_v1,8JHP_27_hpbulge_nmr_A,petfold,missing_pair,11,14,false,0,0,[],27
legacy121_v1__8jhp_27_hpbulge_nmr_a__legacy_gt__petfold__historical_legacy121_v1,8JHP_27_hpbulge_nmr_A,petfold,false_positive_pair,4,19,true,1,1,"[[8,19]]",27
legacy121_v1__8jhp_27_hpbulge_nmr_a__legacy_gt__petfold__historical_legacy121_v1,8JHP_27_hpbulge_nmr_A,petfold,false_positive_pair,5,18,true,1,1,"[[9,18]]",27
legacy121_v1__8jhp_27_hpbulge_nmr_a__legacy_gt__petfold__historical_legacy121_v1,8JHP_27_hpbulge_nmr_A,petfold,false_positive_pair,6,17,true,1,1,"[[10,17]]",27
legacy121_v1__8jhp_27_hpbulge_nmr_a__legacy_gt__petfold__historical_legacy121_v1,8JHP_27_hpbulge_nmr_A,petfold,false_positive_pair,7,16,false,0,0,[],27
legacy121_v1__8jhp_27_hpbulge_nmr_a__legacy_gt__petfold__historical_legacy121_v1,8JHP_27_hpbulge_nmr_A,petfold,false_positive_pair,8,15,true,1,1,"[[8,19]]",27
legacy121_v1__8jhp_27_hpbulge_nmr_a__legacy_gt__rnafold__historical_legacy121_v1,8JHP_27_hpbulge_nmr_A,rnafold,missing_pair,8,19,true,2,2,"[[4,19],[8,15]]",27
legacy121_v1__8jhp_27_hpbulge_nmr_a__legacy_gt__rnafold__historical_legacy121_v1,8JHP_27_hpbulge_nmr_A,rnafold,missing_pair,9,18,true,1,1,"[[5,18]]",27
legacy121_v1__8jhp_27_hpbulge_nmr_a__legacy_gt__rnafold__historical_legacy121_v1,8JHP_27_hpbulge_nmr_A,rnafold,missing_pair,10,17,true,1,1,"[[6,17]]",27
legacy121_v1__8jhp_27_hpbulge_nmr_a__legacy_gt__rnafold__historical_legacy121_v1,8JHP_27_hpbulge_nmr_A,rnafold,missing_pair,11,14,false,0,0,[],27
legacy121_v1__8jhp_27_hpbulge_nmr_a__legacy_gt__rnafold__historical_legacy121_v1,8JHP_27_hpbulge_nmr_A,rnafold,false_positive_pair,4,19,true,1,1,"[[8,19]]",27
legacy121_v1__8jhp_27_hpbulge_nmr_a__legacy_gt__rnafold__historical_legacy121_v1,8JHP_27_hpbulge_nmr_A,rnafold,false_positive_pair,5,18,true,1,1,"[[9,18]]",27
legacy121_v1__8jhp_27_hpbulge_nmr_a__legacy_gt__rnafold__historical_legacy121_v1,8JHP_27_hpbulge_nmr_A,rnafold,false_positive_pair,6,17,true,1,1,"[[10,17]]",27
legacy121_v1__8jhp_27_hpbulge_nmr_a__legacy_gt__rnafold__historical_legacy121_v1,8JHP_27_hpbulge_nmr_A,rnafold,false_positive_pair,7,16,false,0,0,[],27
legacy121_v1__8jhp_27_hpbulge_nmr_a__legacy_gt__rnafold__historical_legacy121_v1,8JHP_27_hpbulge_nmr_A,rnafold,false_positive_pair,8,15,true,1,1,"[[8,19]]",27
legacy121_v1__8jhp_27_hpbulge_nmr_a__legacy_gt__trrosettarna2_native_ss__historical_legacy121_v1,8JHP_27_hpbulge_nmr_A,trrosettarna2_native_ss,missing_pair,9,18,false,0,0,[],27
legacy121_v1__8jhp_27_hpbulge_nmr_a__legacy_gt__trrosettarna2_native_ss__historical_legacy121_v1,8JHP_27_hpbulge_nmr_A,trrosettarna2_native_ss,missing_pair,10,17,false,0,0,[],27
legacy121_v1__8jhp_27_hpbulge_nmr_a__legacy_gt__trrosettarna2_native_ss__historical_legacy121_v1,8JHP_27_hpbulge_nmr_A,trrosettarna2_native_ss,missing_pair,11,14,false,0,0,[],27
legacy121_v1__8jhp_27_hpbulge_nmr_a__legacy_gt__trrosettarna2_native_ss__historical_legacy121_v1,8JHP_27_hpbulge_nmr_A,trrosettarna2_native_ss,false_positive_pair,4,22,false,0,0,[],27
legacy121_v1__8k8b_20_hp_nmr_a__legacy_gt__petfold__historical_legacy121_v1,8K8B_20_hp_nmr_A,petfold,false_positive_pair,7,11,false,0,0,[],19
legacy121_v1__8k8b_20_hp_nmr_a__legacy_gt__rnafold__historical_legacy121_v1,8K8B_20_hp_nmr_A,rnafold,false_positive_pair,7,11,false,0,0,[],19
legacy121_v1__8k8b_20_hp_nmr_a__legacy_gt__trrosettarna2_native_ss__historical_legacy121_v1,8K8B_20_hp_nmr_A,trrosettarna2_native_ss,false_positive_pair,7,10,false,0,0,[],19
legacy121_v1__8sch_68_hpbulge_nmr_a__legacy_gt__petfold__historical_legacy121_v1,8SCH_68_hpbulge_nmr_A,petfold,false_positive_pair,3,67,false,0,0,[],68
legacy121_v1__8sch_68_hpbulge_nmr_a__legacy_gt__petfold__historical_legacy121_v1,8SCH_68_hpbulge_nmr_A,petfold,false_positive_pair,13,53,false,0,0,[],68
legacy121_v1__8sch_68_hpbulge_nmr_a__legacy_gt__petfold__historical_legacy121_v1,8SCH_68_hpbulge_nmr_A,petfold,false_positive_pair,17,49,false,0,0,[],68
legacy121_v1__8sch_68_hpbulge_nmr_a__legacy_gt__petfold__historical_legacy121_v1,8SCH_68_hpbulge_nmr_A,petfold,false_positive_pair,22,43,false,0,0,[],68
legacy121_v1__8sch_68_hpbulge_nmr_a__legacy_gt__rnafold__historical_legacy121_v1,8SCH_68_hpbulge_nmr_A,rnafold,false_positive_pair,3,67,false,0,0,[],68
legacy121_v1__8sch_68_hpbulge_nmr_a__legacy_gt__rnafold__historical_legacy121_v1,8SCH_68_hpbulge_nmr_A,rnafold,false_positive_pair,13,53,false,0,0,[],68
legacy121_v1__8sch_68_hpbulge_nmr_a__legacy_gt__rnafold__historical_legacy121_v1,8SCH_68_hpbulge_nmr_A,rnafold,false_positive_pair,17,49,false,0,0,[],68
legacy121_v1__8sch_68_hpbulge_nmr_a__legacy_gt__trrosettarna2_native_ss__historical_legacy121_v1,8SCH_68_hpbulge_nmr_A,trrosettarna2_native_ss,false_positive_pair,3,67,false,0,0,[],68
legacy121_v1__8sch_68_hpbulge_nmr_a__legacy_gt__trrosettarna2_native_ss__historical_legacy121_v1,8SCH_68_hpbulge_nmr_A,trrosettarna2_native_ss,false_positive_pair,12,53,false,0,0,[],68
legacy121_v1__8sch_68_hpbulge_nmr_a__legacy_gt__trrosettarna2_native_ss__historical_legacy121_v1,8SCH_68_hpbulge_nmr_A,trrosettarna2_native_ss,false_positive_pair,22,43,false,0,0,[],68
legacy121_v1__9fo9_33_hp_nmr_a__legacy_gt__petfold__historical_legacy121_v1,9FO9_33_hp_nmr_A,petfold,false_positive_pair,8,23,false,0,0,[],33
legacy121_v1__9fo9_33_hp_nmr_a__legacy_gt__rnafold__historical_legacy121_v1,9FO9_33_hp_nmr_A,rnafold,false_positive_pair,8,23,false,0,0,[],33
legacy121_v1__9fo9_33_hp_nmr_a__legacy_gt__trrosettarna2_native_ss__historical_legacy121_v1,9FO9_33_hp_nmr_A,trrosettarna2_native_ss,false_positive_pair,7,25,false,0,0,[],33
legacy121_v1__9fo9_33_hp_nmr_a__legacy_gt__trrosettarna2_native_ss__historical_legacy121_v1,9FO9_33_hp_nmr_A,trrosettarna2_native_ss,false_positive_pair,8,23,false,0,0,[],33
legacy121_v1__9fo9_33_hp_nmr_a__legacy_gt__trrosettarna2_native_ss__historical_legacy121_v1,9FO9_33_hp_nmr_A,trrosettarna2_native_ss,false_positive_pair,14,17,false,0,0,[],33
legacy121_v1__9g7c_224_4wj_cryoem_a__legacy_gt__petfold__historical_legacy121_v1,9G7C_224_4wj_cryoEM_A,petfold,missing_pair,11,214,true,1,1,"[[11,39]]",224
legacy121_v1__9g7c_224_4wj_cryoem_a__legacy_gt__petfold__historical_legacy121_v1,9G7C_224_4wj_cryoEM_A,petfold,missing_pair,12,213,true,1,1,"[[12,38]]",224
legacy121_v1__9g7c_224_4wj_cryoem_a__legacy_gt__petfold__historical_legacy121_v1,9G7C_224_4wj_cryoEM_A,petfold,missing_pair,13,212,true,1,1,"[[13,37]]",224
legacy121_v1__9g7c_224_4wj_cryoem_a__legacy_gt__petfold__historical_legacy121_v1,9G7C_224_4wj_cryoEM_A,petfold,missing_pair,15,207,true,1,1,"[[15,35]]",224
legacy121_v1__9g7c_224_4wj_cryoem_a__legacy_gt__petfold__historical_legacy121_v1,9G7C_224_4wj_cryoEM_A,petfold,missing_pair,16,206,true,1,1,"[[16,34]]",224
legacy121_v1__9g7c_224_4wj_cryoem_a__legacy_gt__petfold__historical_legacy121_v1,9G7C_224_4wj_cryoEM_A,petfold,missing_pair,17,205,true,1,1,"[[17,33]]",224
legacy121_v1__9g7c_224_4wj_cryoem_a__legacy_gt__petfold__historical_legacy121_v1,9G7C_224_4wj_cryoEM_A,petfold,missing_pair,23,49,false,0,0,[],224
legacy121_v1__9g7c_224_4wj_cryoem_a__legacy_gt__petfold__historical_legacy121_v1,9G7C_224_4wj_cryoEM_A,petfold,missing_pair,24,48,false,0,0,[],224
legacy121_v1__9g7c_224_4wj_cryoem_a__legacy_gt__petfold__historical_legacy121_v1,9G7C_224_4wj_cryoEM_A,petfold,missing_pair,25,47,true,1,1,"[[47,86]]",224
legacy121_v1__9g7c_224_4wj_cryoem_a__legacy_gt__petfold__historical_legacy121_v1,9G7C_224_4wj_cryoEM_A,petfold,missing_pair,26,46,true,1,1,"[[46,87]]",224
legacy121_v1__9g7c_224_4wj_cryoem_a__legacy_gt__petfold__historical_legacy121_v1,9G7C_224_4wj_cryoEM_A,petfold,missing_pair,29,41,true,1,1,"[[9,41]]",224
legacy121_v1__9g7c_224_4wj_cryoem_a__legacy_gt__petfold__historical_legacy121_v1,9G7C_224_4wj_cryoEM_A,petfold,missing_pair,30,40,true,1,1,"[[10,40]]",224
legacy121_v1__9g7c_224_4wj_cryoem_a__legacy_gt__petfold__historical_legacy121_v1,9G7C_224_4wj_cryoEM_A,petfold,missing_pair,31,39,true,2,2,"[[11,39],[19,31]]",224
legacy121_v1__9g7c_224_4wj_cryoem_a__legacy_gt__petfold__historical_legacy121_v1,9G7C_224_4wj_cryoEM_A,petfold,missing_pair,33,89,true,2,2,"[[17,33],[89,100]]",224
legacy121_v1__9g7c_224_4wj_cryoem_a__legacy_gt__petfold__historical_legacy121_v1,9G7C_224_4wj_cryoEM_A,petfold,missing_pair,34,88,true,2,2,"[[16,34],[88,101]]",224
legacy121_v1__9g7c_224_4wj_cryoem_a__legacy_gt__petfold__historical_legacy121_v1,9G7C_224_4wj_cryoEM_A,petfold,missing_pair,35,87,true,2,2,"[[15,35],[46,87]]",224
legacy121_v1__9g7c_224_4wj_cryoem_a__legacy_gt__petfold__historical_legacy121_v1,9G7C_224_4wj_cryoEM_A,petfold,missing_pair,36,86,true,2,2,"[[14,36],[47,86]]",224
legacy121_v1__9g7c_224_4wj_cryoem_a__legacy_gt__petfold__historical_legacy121_v1,9G7C_224_4wj_cryoEM_A,petfold,missing_pair,37,85,true,1,1,"[[13,37]]",224
legacy121_v1__9g7c_224_4wj_cryoem_a__legacy_gt__petfold__historical_legacy121_v1,9G7C_224_4wj_cryoEM_A,petfold,missing_pair,38,84,true,1,1,"[[12,38]]",224
legacy121_v1__9g7c_224_4wj_cryoem_a__legacy_gt__petfold__historical_legacy121_v1,9G7C_224_4wj_cryoEM_A,petfold,missing_pair,51,195,true,2,2,"[[51,82],[178,195]]",224
legacy121_v1__9g7c_224_4wj_cryoem_a__legacy_gt__petfold__historical_legacy121_v1,9G7C_224_4wj_cryoEM_A,petfold,missing_pair,52,194,true,2,2,"[[52,81],[179,194]]",224
legacy121_v1__9g7c_224_4wj_cryoem_a__legacy_gt__petfold__historical_legacy121_v1,9G7C_224_4wj_cryoEM_A,petfold,missing_pair,53,193,true,1,1,"[[180,193]]",224
legacy121_v1__9g7c_224_4wj_cryoem_a__legacy_gt__petfold__historical_legacy121_v1,9G7C_224_4wj_cryoEM_A,petfold,missing_pair,64,68,false,0,0,[],224
legacy121_v1__9g7c_224_4wj_cryoem_a__legacy_gt__petfold__historical_legacy121_v1,9G7C_224_4wj_cryoEM_A,petfold,missing_pair,95,190,false,0,0,[],224
legacy121_v1__9g7c_224_4wj_cryoem_a__legacy_gt__petfold__historical_legacy121_v1,9G7C_224_4wj_cryoEM_A,petfold,missing_pair,103,186,true,1,1,"[[103,140]]",224
legacy121_v1__9g7c_224_4wj_cryoem_a__legacy_gt__petfold__historical_legacy121_v1,9G7C_224_4wj_cryoEM_A,petfold,missing_pair,104,185,true,1,1,"[[104,139]]",224
legacy121_v1__9g7c_224_4wj_cryoem_a__legacy_gt__petfold__historical_legacy121_v1,9G7C_224_4wj_cryoEM_A,petfold,missing_pair,105,184,false,0,0,[],224
legacy121_v1__9g7c_224_4wj_cryoem_a__legacy_gt__petfold__historical_legacy121_v1,9G7C_224_4wj_cryoEM_A,petfold,missing_pair,140,180,true,2,2,"[[103,140],[180,193]]",224
legacy121_v1__9g7c_224_4wj_cryoem_a__legacy_gt__petfold__historical_legacy121_v1,9G7C_224_4wj_cryoEM_A,petfold,missing_pair,141,179,true,1,1,"[[179,194]]",224
legacy121_v1__9g7c_224_4wj_cryoem_a__legacy_gt__petfold__historical_legacy121_v1,9G7C_224_4wj_cryoEM_A,petfold,missing_pair,142,178,true,2,2,"[[102,142],[178,195]]",224
legacy121_v1__9g7c_224_4wj_cryoem_a__legacy_gt__petfold__historical_legacy121_v1,9G7C_224_4wj_cryoEM_A,petfold,missing_pair,143,177,true,2,2,"[[143,172],[177,196]]",224
legacy121_v1__9g7c_224_4wj_cryoem_a__legacy_gt__petfold__historical_legacy121_v1,9G7C_224_4wj_cryoEM_A,petfold,missing_pair,149,172,true,1,1,"[[143,172]]",224
legacy121_v1__9g7c_224_4wj_cryoem_a__legacy_gt__petfold__historical_legacy121_v1,9G7C_224_4wj_cryoEM_A,petfold,missing_pair,150,171,true,1,1,"[[150,167]]",224
legacy121_v1__9g7c_224_4wj_cryoem_a__legacy_gt__petfold__historical_legacy121_v1,9G7C_224_4wj_cryoEM_A,petfold,missing_pair,155,165,true,1,1,"[[152,165]]",224
legacy121_v1__9g7c_224_4wj_cryoem_a__legacy_gt__petfold__historical_legacy121_v1,9G7C_224_4wj_cryoEM_A,petfold,missing_pair,156,164,true,1,1,"[[153,164]]",224
legacy121_v1__9g7c_224_4wj_cryoem_a__legacy_gt__petfold__historical_legacy121_v1,9G7C_224_4wj_cryoEM_A,petfold,missing_pair,157,163,true,1,1,"[[154,163]]",224
legacy121_v1__9g7c_224_4wj_cryoem_a__legacy_gt__petfold__historical_legacy121_v1,9G7C_224_4wj_cryoEM_A,petfold,false_positive_pair,9,41,true,1,1,"[[29,41]]",224
legacy121_v1__9g7c_224_4wj_cryoem_a__legacy_gt__petfold__historical_legacy121_v1,9G7C_224_4wj_cryoEM_A,petfold,false_positive_pair,10,40,true,1,1,"[[30,40]]",224
legacy121_v1__9g7c_224_4wj_cryoem_a__legacy_gt__petfold__historical_legacy121_v1,9G7C_224_4wj_cryoEM_A,petfold,false_positive_pair,11,39,true,2,2,"[[11,214],[31,39]]",224
legacy121_v1__9g7c_224_4wj_cryoem_a__legacy_gt__petfold__historical_legacy121_v1,9G7C_224_4wj_cryoEM_A,petfold,false_positive_pair,12,38,true,2,2,"[[12,213],[38,84]]",224
legacy121_v1__9g7c_224_4wj_cryoem_a__legacy_gt__petfold__historical_legacy121_v1,9G7C_224_4wj_cryoEM_A,petfold,false_positive_pair,13,37,true,2,2,"[[13,212],[37,85]]",224
legacy121_v1__9g7c_224_4wj_cryoem_a__legacy_gt__petfold__historical_legacy121_v1,9G7C_224_4wj_cryoEM_A,petfold,false_positive_pair,14,36,true,1,1,"[[36,86]]",224
legacy121_v1__9g7c_224_4wj_cryoem_a__legacy_gt__petfold__historical_legacy121_v1,9G7C_224_4wj_cryoEM_A,petfold,false_positive_pair,15,35,true,2,2,"[[15,207],[35,87]]",224
legacy121_v1__9g7c_224_4wj_cryoem_a__legacy_gt__petfold__historical_legacy121_v1,9G7C_224_4wj_cryoEM_A,petfold,false_positive_pair,16,34,true,2,2,"[[16,206],[34,88]]",224
legacy121_v1__9g7c_224_4wj_cryoem_a__legacy_gt__petfold__historical_legacy121_v1,9G7C_224_4wj_cryoEM_A,petfold,false_positive_pair,17,33,true,2,2,"[[17,205],[33,89]]",224
legacy121_v1__9g7c_224_4wj_cryoem_a__legacy_gt__petfold__historical_legacy121_v1,9G7C_224_4wj_cryoEM_A,petfold,false_positive_pair,18,32,false,0,0,[],224
legacy121_v1__9g7c_224_4wj_cryoem_a__legacy_gt__petfold__historical_legacy121_v1,9G7C_224_4wj_cryoEM_A,petfold,false_positive_pair,19,31,true,1,1,"[[31,39]]",224
legacy121_v1__9g7c_224_4wj_cryoem_a__legacy_gt__petfold__historical_legacy121_v1,9G7C_224_4wj_cryoEM_A,petfold,false_positive_pair,46,87,true,2,2,"[[26,46],[35,87]]",224
legacy121_v1__9g7c_224_4wj_cryoem_a__legacy_gt__petfold__historical_legacy121_v1,9G7C_224_4wj_cryoEM_A,petfold,false_positive_pair,47,86,true,2,2,"[[25,47],[36,86]]",224
legacy121_v1__9g7c_224_4wj_cryoem_a__legacy_gt__petfold__historical_legacy121_v1,9G7C_224_4wj_cryoEM_A,petfold,false_positive_pair,50,83,false,0,0,[],224
legacy121_v1__9g7c_224_4wj_cryoem_a__legacy_gt__petfold__historical_legacy121_v1,9G7C_224_4wj_cryoEM_A,petfold,false_positive_pair,51,82,true,1,1,"[[51,195]]",224
legacy121_v1__9g7c_224_4wj_cryoem_a__legacy_gt__petfold__historical_legacy121_v1,9G7C_224_4wj_cryoEM_A,petfold,false_positive_pair,52,81,true,1,1,"[[52,194]]",224
legacy121_v1__9g7c_224_4wj_cryoem_a__legacy_gt__petfold__historical_legacy121_v1,9G7C_224_4wj_cryoEM_A,petfold,false_positive_pair,58,75,false,0,0,[],224
legacy121_v1__9g7c_224_4wj_cryoem_a__legacy_gt__petfold__historical_legacy121_v1,9G7C_224_4wj_cryoEM_A,petfold,false_positive_pair,88,101,true,1,1,"[[34,88]]",224
legacy121_v1__9g7c_224_4wj_cryoem_a__legacy_gt__petfold__historical_legacy121_v1,9G7C_224_4wj_cryoEM_A,petfold,false_positive_pair,89,100,true,1,1,"[[33,89]]",224
legacy121_v1__9g7c_224_4wj_cryoem_a__legacy_gt__petfold__historical_legacy121_v1,9G7C_224_4wj_cryoEM_A,petfold,false_positive_pair,90,99,false,0,0,[],224
legacy121_v1__9g7c_224_4wj_cryoem_a__legacy_gt__petfold__historical_legacy121_v1,9G7C_224_4wj_cryoEM_A,petfold,false_positive_pair,91,98,false,0,0,[],224
legacy121_v1__9g7c_224_4wj_cryoem_a__legacy_gt__petfold__historical_legacy121_v1,9G7C_224_4wj_cryoEM_A,petfold,false_positive_pair,92,97,false,0,0,[],224
legacy121_v1__9g7c_224_4wj_cryoem_a__legacy_gt__petfold__historical_legacy121_v1,9G7C_224_4wj_cryoEM_A,petfold,false_positive_pair,102,142,true,1,1,"[[142,178]]",224
legacy121_v1__9g7c_224_4wj_cryoem_a__legacy_gt__petfold__historical_legacy121_v1,9G7C_224_4wj_cryoEM_A,petfold,false_positive_pair,103,140,true,2,2,"[[103,186],[140,180]]",224
legacy121_v1__9g7c_224_4wj_cryoem_a__legacy_gt__petfold__historical_legacy121_v1,9G7C_224_4wj_cryoEM_A,petfold,false_positive_pair,104,139,true,1,1,"[[104,185]]",224
legacy121_v1__9g7c_224_4wj_cryoem_a__legacy_gt__petfold__historical_legacy121_v1,9G7C_224_4wj_cryoEM_A,petfold,false_positive_pair,106,137,false,0,0,[],224
legacy121_v1__9g7c_224_4wj_cryoem_a__legacy_gt__petfold__historical_legacy121_v1,9G7C_224_4wj_cryoEM_A,petfold,false_positive_pair,112,131,false,0,0,[],224
legacy121_v1__9g7c_224_4wj_cryoem_a__legacy_gt__petfold__historical_legacy121_v1,9G7C_224_4wj_cryoEM_A,petfold,false_positive_pair,143,172,true,2,2,"[[143,177],[149,172]]",224
legacy121_v1__9g7c_224_4wj_cryoem_a__legacy_gt__petfold__historical_legacy121_v1,9G7C_224_4wj_cryoEM_A,petfold,false_positive_pair,147,170,false,0,0,[],224
legacy121_v1__9g7c_224_4wj_cryoem_a__legacy_gt__petfold__historical_legacy121_v1,9G7C_224_4wj_cryoEM_A,petfold,false_positive_pair,148,169,false,0,0,[],224
legacy121_v1__9g7c_224_4wj_cryoem_a__legacy_gt__petfold__historical_legacy121_v1,9G7C_224_4wj_cryoEM_A,petfold,false_positive_pair,150,167,true,1,1,"[[150,171]]",224
legacy121_v1__9g7c_224_4wj_cryoem_a__legacy_gt__petfold__historical_legacy121_v1,9G7C_224_4wj_cryoEM_A,petfold,false_positive_pair,151,166,false,0,0,[],224
legacy121_v1__9g7c_224_4wj_cryoem_a__legacy_gt__petfold__historical_legacy121_v1,9G7C_224_4wj_cryoEM_A,petfold,false_positive_pair,152,165,true,1,1,"[[155,165]]",224
legacy121_v1__9g7c_224_4wj_cryoem_a__legacy_gt__petfold__historical_legacy121_v1,9G7C_224_4wj_cryoEM_A,petfold,false_positive_pair,153,164,true,1,1,"[[156,164]]",224
legacy121_v1__9g7c_224_4wj_cryoem_a__legacy_gt__petfold__historical_legacy121_v1,9G7C_224_4wj_cryoEM_A,petfold,false_positive_pair,154,163,true,1,1,"[[157,163]]",224
legacy121_v1__9g7c_224_4wj_cryoem_a__legacy_gt__petfold__historical_legacy121_v1,9G7C_224_4wj_cryoEM_A,petfold,false_positive_pair,176,197,false,0,0,[],224
legacy121_v1__9g7c_224_4wj_cryoem_a__legacy_gt__petfold__historical_legacy121_v1,9G7C_224_4wj_cryoEM_A,petfold,false_positive_pair,177,196,true,1,1,"[[143,177]]",224
legacy121_v1__9g7c_224_4wj_cryoem_a__legacy_gt__petfold__historical_legacy121_v1,9G7C_224_4wj_cryoEM_A,petfold,false_positive_pair,178,195,true,2,2,"[[51,195],[142,178]]",224
legacy121_v1__9g7c_224_4wj_cryoem_a__legacy_gt__petfold__historical_legacy121_v1,9G7C_224_4wj_cryoEM_A,petfold,false_positive_pair,179,194,true,2,2,"[[52,194],[141,179]]",224
legacy121_v1__9g7c_224_4wj_cryoem_a__legacy_gt__petfold__historical_legacy121_v1,9G7C_224_4wj_cryoEM_A,petfold,false_positive_pair,180,193,true,2,2,"[[53,193],[140,180]]",224
legacy121_v1__9g7c_224_4wj_cryoem_a__legacy_gt__rnafold__historical_legacy121_v1,9G7C_224_4wj_cryoEM_A,rnafold,missing_pair,11,214,true,1,1,"[[11,39]]",224
legacy121_v1__9g7c_224_4wj_cryoem_a__legacy_gt__rnafold__historical_legacy121_v1,9G7C_224_4wj_cryoEM_A,rnafold,missing_pair,12,213,true,1,1,"[[12,38]]",224
legacy121_v1__9g7c_224_4wj_cryoem_a__legacy_gt__rnafold__historical_legacy121_v1,9G7C_224_4wj_cryoEM_A,rnafold,missing_pair,13,212,true,1,1,"[[13,37]]",224
legacy121_v1__9g7c_224_4wj_cryoem_a__legacy_gt__rnafold__historical_legacy121_v1,9G7C_224_4wj_cryoEM_A,rnafold,missing_pair,15,207,true,1,1,"[[15,35]]",224
legacy121_v1__9g7c_224_4wj_cryoem_a__legacy_gt__rnafold__historical_legacy121_v1,9G7C_224_4wj_cryoEM_A,rnafold,missing_pair,16,206,true,1,1,"[[16,34]]",224
legacy121_v1__9g7c_224_4wj_cryoem_a__legacy_gt__rnafold__historical_legacy121_v1,9G7C_224_4wj_cryoEM_A,rnafold,missing_pair,17,205,true,1,1,"[[17,33]]",224
legacy121_v1__9g7c_224_4wj_cryoem_a__legacy_gt__rnafold__historical_legacy121_v1,9G7C_224_4wj_cryoEM_A,rnafold,missing_pair,23,49,false,0,0,[],224
legacy121_v1__9g7c_224_4wj_cryoem_a__legacy_gt__rnafold__historical_legacy121_v1,9G7C_224_4wj_cryoEM_A,rnafold,missing_pair,24,48,false,0,0,[],224
legacy121_v1__9g7c_224_4wj_cryoem_a__legacy_gt__rnafold__historical_legacy121_v1,9G7C_224_4wj_cryoEM_A,rnafold,missing_pair,25,47,true,1,1,"[[47,86]]",224
legacy121_v1__9g7c_224_4wj_cryoem_a__legacy_gt__rnafold__historical_legacy121_v1,9G7C_224_4wj_cryoEM_A,rnafold,missing_pair,26,46,true,1,1,"[[46,87]]",224
legacy121_v1__9g7c_224_4wj_cryoem_a__legacy_gt__rnafold__historical_legacy121_v1,9G7C_224_4wj_cryoEM_A,rnafold,missing_pair,29,41,true,1,1,"[[9,41]]",224
legacy121_v1__9g7c_224_4wj_cryoem_a__legacy_gt__rnafold__historical_legacy121_v1,9G7C_224_4wj_cryoEM_A,rnafold,missing_pair,30,40,true,1,1,"[[10,40]]",224
legacy121_v1__9g7c_224_4wj_cryoem_a__legacy_gt__rnafold__historical_legacy121_v1,9G7C_224_4wj_cryoEM_A,rnafold,missing_pair,31,39,true,2,2,"[[11,39],[19,31]]",224
legacy121_v1__9g7c_224_4wj_cryoem_a__legacy_gt__rnafold__historical_legacy121_v1,9G7C_224_4wj_cryoEM_A,rnafold,missing_pair,33,89,true,2,2,"[[17,33],[89,100]]",224
legacy121_v1__9g7c_224_4wj_cryoem_a__legacy_gt__rnafold__historical_legacy121_v1,9G7C_224_4wj_cryoEM_A,rnafold,missing_pair,34,88,true,2,2,"[[16,34],[88,101]]",224
legacy121_v1__9g7c_224_4wj_cryoem_a__legacy_gt__rnafold__historical_legacy121_v1,9G7C_224_4wj_cryoEM_A,rnafold,missing_pair,35,87,true,2,2,"[[15,35],[46,87]]",224
legacy121_v1__9g7c_224_4wj_cryoem_a__legacy_gt__rnafold__historical_legacy121_v1,9G7C_224_4wj_cryoEM_A,rnafold,missing_pair,36,86,true,2,2,"[[14,36],[47,86]]",224
legacy121_v1__9g7c_224_4wj_cryoem_a__legacy_gt__rnafold__historical_legacy121_v1,9G7C_224_4wj_cryoEM_A,rnafold,missing_pair,37,85,true,1,1,"[[13,37]]",224
legacy121_v1__9g7c_224_4wj_cryoem_a__legacy_gt__rnafold__historical_legacy121_v1,9G7C_224_4wj_cryoEM_A,rnafold,missing_pair,38,84,true,1,1,"[[12,38]]",224
legacy121_v1__9g7c_224_4wj_cryoem_a__legacy_gt__rnafold__historical_legacy121_v1,9G7C_224_4wj_cryoEM_A,rnafold,missing_pair,51,195,true,2,2,"[[51,82],[178,195]]",224
legacy121_v1__9g7c_224_4wj_cryoem_a__legacy_gt__rnafold__historical_legacy121_v1,9G7C_224_4wj_cryoEM_A,rnafold,missing_pair,52,194,true,2,2,"[[52,81],[179,194]]",224
legacy121_v1__9g7c_224_4wj_cryoem_a__legacy_gt__rnafold__historical_legacy121_v1,9G7C_224_4wj_cryoEM_A,rnafold,missing_pair,53,193,true,1,1,"[[180,193]]",224
legacy121_v1__9g7c_224_4wj_cryoem_a__legacy_gt__rnafold__historical_legacy121_v1,9G7C_224_4wj_cryoEM_A,rnafold,missing_pair,64,68,false,0,0,[],224
legacy121_v1__9g7c_224_4wj_cryoem_a__legacy_gt__rnafold__historical_legacy121_v1,9G7C_224_4wj_cryoEM_A,rnafold,missing_pair,95,190,false,0,0,[],224
legacy121_v1__9g7c_224_4wj_cryoem_a__legacy_gt__rnafold__historical_legacy121_v1,9G7C_224_4wj_cryoEM_A,rnafold,missing_pair,103,186,true,1,1,"[[103,140]]",224
legacy121_v1__9g7c_224_4wj_cryoem_a__legacy_gt__rnafold__historical_legacy121_v1,9G7C_224_4wj_cryoEM_A,rnafold,missing_pair,104,185,true,1,1,"[[104,139]]",224
legacy121_v1__9g7c_224_4wj_cryoem_a__legacy_gt__rnafold__historical_legacy121_v1,9G7C_224_4wj_cryoEM_A,rnafold,missing_pair,105,184,false,0,0,[],224
legacy121_v1__9g7c_224_4wj_cryoem_a__legacy_gt__rnafold__historical_legacy121_v1,9G7C_224_4wj_cryoEM_A,rnafold,missing_pair,140,180,true,2,2,"[[103,140],[180,193]]",224
legacy121_v1__9g7c_224_4wj_cryoem_a__legacy_gt__rnafold__historical_legacy121_v1,9G7C_224_4wj_cryoEM_A,rnafold,missing_pair,141,179,true,1,1,"[[179,194]]",224
legacy121_v1__9g7c_224_4wj_cryoem_a__legacy_gt__rnafold__historical_legacy121_v1,9G7C_224_4wj_cryoEM_A,rnafold,missing_pair,142,178,true,1,1,"[[178,195]]",224
legacy121_v1__9g7c_224_4wj_cryoem_a__legacy_gt__rnafold__historical_legacy121_v1,9G7C_224_4wj_cryoEM_A,rnafold,missing_pair,143,177,true,2,2,"[[143,172],[177,196]]",224
legacy121_v1__9g7c_224_4wj_cryoem_a__legacy_gt__rnafold__historical_legacy121_v1,9G7C_224_4wj_cryoEM_A,rnafold,missing_pair,149,172,true,1,1,"[[143,172]]",224
legacy121_v1__9g7c_224_4wj_cryoem_a__legacy_gt__rnafold__historical_legacy121_v1,9G7C_224_4wj_cryoEM_A,rnafold,missing_pair,150,171,true,2,2,"[[144,171],[150,167]]",224
legacy121_v1__9g7c_224_4wj_cryoem_a__legacy_gt__rnafold__historical_legacy121_v1,9G7C_224_4wj_cryoEM_A,rnafold,missing_pair,155,165,true,1,1,"[[152,165]]",224
legacy121_v1__9g7c_224_4wj_cryoem_a__legacy_gt__rnafold__historical_legacy121_v1,9G7C_224_4wj_cryoEM_A,rnafold,missing_pair,156,164,true,1,1,"[[153,164]]",224
legacy121_v1__9g7c_224_4wj_cryoem_a__legacy_gt__rnafold__historical_legacy121_v1,9G7C_224_4wj_cryoEM_A,rnafold,missing_pair,157,163,true,1,1,"[[154,163]]",224
legacy121_v1__9g7c_224_4wj_cryoem_a__legacy_gt__rnafold__historical_legacy121_v1,9G7C_224_4wj_cryoEM_A,rnafold,false_positive_pair,9,41,true,1,1,"[[29,41]]",224
legacy121_v1__9g7c_224_4wj_cryoem_a__legacy_gt__rnafold__historical_legacy121_v1,9G7C_224_4wj_cryoEM_A,rnafold,false_positive_pair,10,40,true,1,1,"[[30,40]]",224
legacy121_v1__9g7c_224_4wj_cryoem_a__legacy_gt__rnafold__historical_legacy121_v1,9G7C_224_4wj_cryoEM_A,rnafold,false_positive_pair,11,39,true,2,2,"[[11,214],[31,39]]",224
legacy121_v1__9g7c_224_4wj_cryoem_a__legacy_gt__rnafold__historical_legacy121_v1,9G7C_224_4wj_cryoEM_A,rnafold,false_positive_pair,12,38,true,2,2,"[[12,213],[38,84]]",224
legacy121_v1__9g7c_224_4wj_cryoem_a__legacy_gt__rnafold__historical_legacy121_v1,9G7C_224_4wj_cryoEM_A,rnafold,false_positive_pair,13,37,true,2,2,"[[13,212],[37,85]]",224
legacy121_v1__9g7c_224_4wj_cryoem_a__legacy_gt__rnafold__historical_legacy121_v1,9G7C_224_4wj_cryoEM_A,rnafold,false_positive_pair,14,36,true,1,1,"[[36,86]]",224
legacy121_v1__9g7c_224_4wj_cryoem_a__legacy_gt__rnafold__historical_legacy121_v1,9G7C_224_4wj_cryoEM_A,rnafold,false_positive_pair,15,35,true,2,2,"[[15,207],[35,87]]",224
legacy121_v1__9g7c_224_4wj_cryoem_a__legacy_gt__rnafold__historical_legacy121_v1,9G7C_224_4wj_cryoEM_A,rnafold,false_positive_pair,16,34,true,2,2,"[[16,206],[34,88]]",224
legacy121_v1__9g7c_224_4wj_cryoem_a__legacy_gt__rnafold__historical_legacy121_v1,9G7C_224_4wj_cryoEM_A,rnafold,false_positive_pair,17,33,true,2,2,"[[17,205],[33,89]]",224
legacy121_v1__9g7c_224_4wj_cryoem_a__legacy_gt__rnafold__historical_legacy121_v1,9G7C_224_4wj_cryoEM_A,rnafold,false_positive_pair,18,32,false,0,0,[],224
legacy121_v1__9g7c_224_4wj_cryoem_a__legacy_gt__rnafold__historical_legacy121_v1,9G7C_224_4wj_cryoEM_A,rnafold,false_positive_pair,19,31,true,1,1,"[[31,39]]",224
legacy121_v1__9g7c_224_4wj_cryoem_a__legacy_gt__rnafold__historical_legacy121_v1,9G7C_224_4wj_cryoEM_A,rnafold,false_positive_pair,46,87,true,2,2,"[[26,46],[35,87]]",224
legacy121_v1__9g7c_224_4wj_cryoem_a__legacy_gt__rnafold__historical_legacy121_v1,9G7C_224_4wj_cryoEM_A,rnafold,false_positive_pair,47,86,true,2,2,"[[25,47],[36,86]]",224
legacy121_v1__9g7c_224_4wj_cryoem_a__legacy_gt__rnafold__historical_legacy121_v1,9G7C_224_4wj_cryoEM_A,rnafold,false_positive_pair,50,83,false,0,0,[],224
legacy121_v1__9g7c_224_4wj_cryoem_a__legacy_gt__rnafold__historical_legacy121_v1,9G7C_224_4wj_cryoEM_A,rnafold,false_positive_pair,51,82,true,1,1,"[[51,195]]",224
legacy121_v1__9g7c_224_4wj_cryoem_a__legacy_gt__rnafold__historical_legacy121_v1,9G7C_224_4wj_cryoEM_A,rnafold,false_positive_pair,52,81,true,1,1,"[[52,194]]",224
legacy121_v1__9g7c_224_4wj_cryoem_a__legacy_gt__rnafold__historical_legacy121_v1,9G7C_224_4wj_cryoEM_A,rnafold,false_positive_pair,58,75,false,0,0,[],224
legacy121_v1__9g7c_224_4wj_cryoem_a__legacy_gt__rnafold__historical_legacy121_v1,9G7C_224_4wj_cryoEM_A,rnafold,false_positive_pair,88,101,true,1,1,"[[34,88]]",224
legacy121_v1__9g7c_224_4wj_cryoem_a__legacy_gt__rnafold__historical_legacy121_v1,9G7C_224_4wj_cryoEM_A,rnafold,false_positive_pair,89,100,true,1,1,"[[33,89]]",224
legacy121_v1__9g7c_224_4wj_cryoem_a__legacy_gt__rnafold__historical_legacy121_v1,9G7C_224_4wj_cryoEM_A,rnafold,false_positive_pair,90,99,false,0,0,[],224
legacy121_v1__9g7c_224_4wj_cryoem_a__legacy_gt__rnafold__historical_legacy121_v1,9G7C_224_4wj_cryoEM_A,rnafold,false_positive_pair,91,98,false,0,0,[],224
legacy121_v1__9g7c_224_4wj_cryoem_a__legacy_gt__rnafold__historical_legacy121_v1,9G7C_224_4wj_cryoEM_A,rnafold,false_positive_pair,92,97,false,0,0,[],224
legacy121_v1__9g7c_224_4wj_cryoem_a__legacy_gt__rnafold__historical_legacy121_v1,9G7C_224_4wj_cryoEM_A,rnafold,false_positive_pair,103,140,true,2,2,"[[103,186],[140,180]]",224
legacy121_v1__9g7c_224_4wj_cryoem_a__legacy_gt__rnafold__historical_legacy121_v1,9G7C_224_4wj_cryoEM_A,rnafold,false_positive_pair,104,139,true,1,1,"[[104,185]]",224
legacy121_v1__9g7c_224_4wj_cryoem_a__legacy_gt__rnafold__historical_legacy121_v1,9G7C_224_4wj_cryoEM_A,rnafold,false_positive_pair,106,137,false,0,0,[],224
legacy121_v1__9g7c_224_4wj_cryoem_a__legacy_gt__rnafold__historical_legacy121_v1,9G7C_224_4wj_cryoEM_A,rnafold,false_positive_pair,143,172,true,2,2,"[[143,177],[149,172]]",224
legacy121_v1__9g7c_224_4wj_cryoem_a__legacy_gt__rnafold__historical_legacy121_v1,9G7C_224_4wj_cryoEM_A,rnafold,false_positive_pair,144,171,true,1,1,"[[150,171]]",224
legacy121_v1__9g7c_224_4wj_cryoem_a__legacy_gt__rnafold__historical_legacy121_v1,9G7C_224_4wj_cryoEM_A,rnafold,false_positive_pair,147,170,false,0,0,[],224
legacy121_v1__9g7c_224_4wj_cryoem_a__legacy_gt__rnafold__historical_legacy121_v1,9G7C_224_4wj_cryoEM_A,rnafold,false_positive_pair,148,169,false,0,0,[],224
legacy121_v1__9g7c_224_4wj_cryoem_a__legacy_gt__rnafold__historical_legacy121_v1,9G7C_224_4wj_cryoEM_A,rnafold,false_positive_pair,150,167,true,1,1,"[[150,171]]",224
legacy121_v1__9g7c_224_4wj_cryoem_a__legacy_gt__rnafold__historical_legacy121_v1,9G7C_224_4wj_cryoEM_A,rnafold,false_positive_pair,151,166,false,0,0,[],224
legacy121_v1__9g7c_224_4wj_cryoem_a__legacy_gt__rnafold__historical_legacy121_v1,9G7C_224_4wj_cryoEM_A,rnafold,false_positive_pair,152,165,true,1,1,"[[155,165]]",224
legacy121_v1__9g7c_224_4wj_cryoem_a__legacy_gt__rnafold__historical_legacy121_v1,9G7C_224_4wj_cryoEM_A,rnafold,false_positive_pair,153,164,true,1,1,"[[156,164]]",224
legacy121_v1__9g7c_224_4wj_cryoem_a__legacy_gt__rnafold__historical_legacy121_v1,9G7C_224_4wj_cryoEM_A,rnafold,false_positive_pair,154,163,true,1,1,"[[157,163]]",224
legacy121_v1__9g7c_224_4wj_cryoem_a__legacy_gt__rnafold__historical_legacy121_v1,9G7C_224_4wj_cryoEM_A,rnafold,false_positive_pair,173,200,false,0,0,[],224
legacy121_v1__9g7c_224_4wj_cryoem_a__legacy_gt__rnafold__historical_legacy121_v1,9G7C_224_4wj_cryoEM_A,rnafold,false_positive_pair,176,197,false,0,0,[],224
legacy121_v1__9g7c_224_4wj_cryoem_a__legacy_gt__rnafold__historical_legacy121_v1,9G7C_224_4wj_cryoEM_A,rnafold,false_positive_pair,177,196,true,1,1,"[[143,177]]",224
legacy121_v1__9g7c_224_4wj_cryoem_a__legacy_gt__rnafold__historical_legacy121_v1,9G7C_224_4wj_cryoEM_A,rnafold,false_positive_pair,178,195,true,2,2,"[[51,195],[142,178]]",224
legacy121_v1__9g7c_224_4wj_cryoem_a__legacy_gt__rnafold__historical_legacy121_v1,9G7C_224_4wj_cryoEM_A,rnafold,false_positive_pair,179,194,true,2,2,"[[52,194],[141,179]]",224
legacy121_v1__9g7c_224_4wj_cryoem_a__legacy_gt__rnafold__historical_legacy121_v1,9G7C_224_4wj_cryoEM_A,rnafold,false_positive_pair,180,193,true,2,2,"[[53,193],[140,180]]",224
legacy121_v1__9g7c_224_4wj_cryoem_a__legacy_gt__rnafold__historical_legacy121_v1,9G7C_224_4wj_cryoEM_A,rnafold,false_positive_pair,181,191,false,0,0,[],224
legacy121_v1__9g7c_224_4wj_cryoem_a__legacy_gt__trrosettarna2_native_ss__historical_legacy121_v1,9G7C_224_4wj_cryoEM_A,trrosettarna2_native_ss,missing_pair,11,214,false,0,0,[],224
legacy121_v1__9g7c_224_4wj_cryoem_a__legacy_gt__trrosettarna2_native_ss__historical_legacy121_v1,9G7C_224_4wj_cryoEM_A,trrosettarna2_native_ss,missing_pair,12,213,false,0,0,[],224
legacy121_v1__9g7c_224_4wj_cryoem_a__legacy_gt__trrosettarna2_native_ss__historical_legacy121_v1,9G7C_224_4wj_cryoEM_A,trrosettarna2_native_ss,missing_pair,13,212,false,0,0,[],224
legacy121_v1__9g7c_224_4wj_cryoem_a__legacy_gt__trrosettarna2_native_ss__historical_legacy121_v1,9G7C_224_4wj_cryoEM_A,trrosettarna2_native_ss,missing_pair,23,49,false,0,0,[],224
legacy121_v1__9g7c_224_4wj_cryoem_a__legacy_gt__trrosettarna2_native_ss__historical_legacy121_v1,9G7C_224_4wj_cryoEM_A,trrosettarna2_native_ss,missing_pair,24,48,false,0,0,[],224
legacy121_v1__9g7c_224_4wj_cryoem_a__legacy_gt__trrosettarna2_native_ss__historical_legacy121_v1,9G7C_224_4wj_cryoEM_A,trrosettarna2_native_ss,missing_pair,25,47,false,0,0,[],224
legacy121_v1__9g7c_224_4wj_cryoem_a__legacy_gt__trrosettarna2_native_ss__historical_legacy121_v1,9G7C_224_4wj_cryoEM_A,trrosettarna2_native_ss,missing_pair,26,46,false,0,0,[],224
legacy121_v1__9g7c_224_4wj_cryoem_a__legacy_gt__trrosettarna2_native_ss__historical_legacy121_v1,9G7C_224_4wj_cryoEM_A,trrosettarna2_native_ss,missing_pair,29,41,false,0,0,[],224
legacy121_v1__9g7c_224_4wj_cryoem_a__legacy_gt__trrosettarna2_native_ss__historical_legacy121_v1,9G7C_224_4wj_cryoEM_A,trrosettarna2_native_ss,missing_pair,30,40,false,0,0,[],224
legacy121_v1__9g7c_224_4wj_cryoem_a__legacy_gt__trrosettarna2_native_ss__historical_legacy121_v1,9G7C_224_4wj_cryoEM_A,trrosettarna2_native_ss,missing_pair,31,39,false,0,0,[],224
legacy121_v1__9g7c_224_4wj_cryoem_a__legacy_gt__trrosettarna2_native_ss__historical_legacy121_v1,9G7C_224_4wj_cryoEM_A,trrosettarna2_native_ss,missing_pair,33,89,false,0,0,[],224
legacy121_v1__9g7c_224_4wj_cryoem_a__legacy_gt__trrosettarna2_native_ss__historical_legacy121_v1,9G7C_224_4wj_cryoEM_A,trrosettarna2_native_ss,missing_pair,34,88,false,0,0,[],224
legacy121_v1__9g7c_224_4wj_cryoem_a__legacy_gt__trrosettarna2_native_ss__historical_legacy121_v1,9G7C_224_4wj_cryoEM_A,trrosettarna2_native_ss,missing_pair,35,87,false,0,0,[],224
legacy121_v1__9g7c_224_4wj_cryoem_a__legacy_gt__trrosettarna2_native_ss__historical_legacy121_v1,9G7C_224_4wj_cryoEM_A,trrosettarna2_native_ss,missing_pair,36,86,false,0,0,[],224
legacy121_v1__9g7c_224_4wj_cryoem_a__legacy_gt__trrosettarna2_native_ss__historical_legacy121_v1,9G7C_224_4wj_cryoEM_A,trrosettarna2_native_ss,missing_pair,37,85,false,0,0,[],224
legacy121_v1__9g7c_224_4wj_cryoem_a__legacy_gt__trrosettarna2_native_ss__historical_legacy121_v1,9G7C_224_4wj_cryoEM_A,trrosettarna2_native_ss,missing_pair,38,84,false,0,0,[],224
legacy121_v1__9g7c_224_4wj_cryoem_a__legacy_gt__trrosettarna2_native_ss__historical_legacy121_v1,9G7C_224_4wj_cryoEM_A,trrosettarna2_native_ss,missing_pair,51,195,false,0,0,[],224
legacy121_v1__9g7c_224_4wj_cryoem_a__legacy_gt__trrosettarna2_native_ss__historical_legacy121_v1,9G7C_224_4wj_cryoEM_A,trrosettarna2_native_ss,missing_pair,52,194,false,0,0,[],224
legacy121_v1__9g7c_224_4wj_cryoem_a__legacy_gt__trrosettarna2_native_ss__historical_legacy121_v1,9G7C_224_4wj_cryoEM_A,trrosettarna2_native_ss,missing_pair,53,193,false,0,0,[],224
legacy121_v1__9g7c_224_4wj_cryoem_a__legacy_gt__trrosettarna2_native_ss__historical_legacy121_v1,9G7C_224_4wj_cryoEM_A,trrosettarna2_native_ss,missing_pair,63,70,false,0,0,[],224
legacy121_v1__9g7c_224_4wj_cryoem_a__legacy_gt__trrosettarna2_native_ss__historical_legacy121_v1,9G7C_224_4wj_cryoEM_A,trrosettarna2_native_ss,missing_pair,64,68,false,0,0,[],224
legacy121_v1__9g7c_224_4wj_cryoem_a__legacy_gt__trrosettarna2_native_ss__historical_legacy121_v1,9G7C_224_4wj_cryoEM_A,trrosettarna2_native_ss,missing_pair,95,190,false,0,0,[],224
legacy121_v1__9g7c_224_4wj_cryoem_a__legacy_gt__trrosettarna2_native_ss__historical_legacy121_v1,9G7C_224_4wj_cryoEM_A,trrosettarna2_native_ss,missing_pair,107,136,false,0,0,[],224
legacy121_v1__9g7c_224_4wj_cryoem_a__legacy_gt__trrosettarna2_native_ss__historical_legacy121_v1,9G7C_224_4wj_cryoEM_A,trrosettarna2_native_ss,missing_pair,108,135,false,0,0,[],224
legacy121_v1__9g7c_224_4wj_cryoem_a__legacy_gt__trrosettarna2_native_ss__historical_legacy121_v1,9G7C_224_4wj_cryoEM_A,trrosettarna2_native_ss,missing_pair,109,134,false,0,0,[],224
legacy121_v1__9g7c_224_4wj_cryoem_a__legacy_gt__trrosettarna2_native_ss__historical_legacy121_v1,9G7C_224_4wj_cryoEM_A,trrosettarna2_native_ss,missing_pair,110,133,false,0,0,[],224
legacy121_v1__9g7c_224_4wj_cryoem_a__legacy_gt__trrosettarna2_native_ss__historical_legacy121_v1,9G7C_224_4wj_cryoEM_A,trrosettarna2_native_ss,missing_pair,111,132,false,0,0,[],224
legacy121_v1__9g7c_224_4wj_cryoem_a__legacy_gt__trrosettarna2_native_ss__historical_legacy121_v1,9G7C_224_4wj_cryoEM_A,trrosettarna2_native_ss,missing_pair,140,180,false,0,0,[],224
legacy121_v1__9g7c_224_4wj_cryoem_a__legacy_gt__trrosettarna2_native_ss__historical_legacy121_v1,9G7C_224_4wj_cryoEM_A,trrosettarna2_native_ss,missing_pair,141,179,false,0,0,[],224
legacy121_v1__9g7c_224_4wj_cryoem_a__legacy_gt__trrosettarna2_native_ss__historical_legacy121_v1,9G7C_224_4wj_cryoEM_A,trrosettarna2_native_ss,missing_pair,142,178,false,0,0,[],224
legacy121_v1__9g7c_224_4wj_cryoem_a__legacy_gt__trrosettarna2_native_ss__historical_legacy121_v1,9G7C_224_4wj_cryoEM_A,trrosettarna2_native_ss,missing_pair,143,177,false,0,0,[],224
legacy121_v1__9g7c_224_4wj_cryoem_a__legacy_gt__trrosettarna2_native_ss__historical_legacy121_v1,9G7C_224_4wj_cryoEM_A,trrosettarna2_native_ss,missing_pair,149,172,false,0,0,[],224
legacy121_v1__9g7c_224_4wj_cryoem_a__legacy_gt__trrosettarna2_native_ss__historical_legacy121_v1,9G7C_224_4wj_cryoEM_A,trrosettarna2_native_ss,missing_pair,150,171,false,0,0,[],224
legacy121_v1__9g7c_224_4wj_cryoem_a__legacy_gt__trrosettarna2_native_ss__historical_legacy121_v1,9G7C_224_4wj_cryoEM_A,trrosettarna2_native_ss,missing_pair,155,165,false,0,0,[],224
legacy121_v1__9g7c_224_4wj_cryoem_a__legacy_gt__trrosettarna2_native_ss__historical_legacy121_v1,9G7C_224_4wj_cryoEM_A,trrosettarna2_native_ss,missing_pair,156,164,false,0,0,[],224
legacy121_v1__9g7c_224_4wj_cryoem_a__legacy_gt__trrosettarna2_native_ss__historical_legacy121_v1,9G7C_224_4wj_cryoEM_A,trrosettarna2_native_ss,missing_pair,157,163,false,0,0,[],224
legacy121_v1__9g7c_224_4wj_cryoem_a__legacy_gt__trrosettarna2_native_ss__historical_legacy121_v1,9G7C_224_4wj_cryoEM_A,trrosettarna2_native_ss,false_positive_pair,18,204,false,0,0,[],224
legacy121_v1__9g7c_224_4wj_cryoem_a__legacy_gt__trrosettarna2_native_ss__historical_legacy121_v1,9G7C_224_4wj_cryoEM_A,trrosettarna2_native_ss,false_positive_pair,19,203,false,0,0,[],224
legacy121_v1__9g7c_224_4wj_cryoem_a__legacy_gt__trrosettarna2_native_ss__historical_legacy121_v1,9G7C_224_4wj_cryoEM_A,trrosettarna2_native_ss,false_positive_pair,57,76,false,0,0,[],224
legacy121_v1__9g7c_224_4wj_cryoem_a__legacy_gt__trrosettarna2_native_ss__historical_legacy121_v1,9G7C_224_4wj_cryoEM_A,trrosettarna2_native_ss,false_positive_pair,58,75,false,0,0,[],224
legacy121_v1__9g7c_224_4wj_cryoem_a__legacy_gt__trrosettarna2_native_ss__historical_legacy121_v1,9G7C_224_4wj_cryoEM_A,trrosettarna2_native_ss,false_positive_pair,102,187,false,0,0,[],224
legacy121_v1__9g7c_224_4wj_cryoem_a__legacy_gt__trrosettarna2_native_ss__historical_legacy121_v1,9G7C_224_4wj_cryoEM_A,trrosettarna2_native_ss,false_positive_pair,106,183,false,0,0,[],224
legacy121_v1__9obm_73_hp_nmr_a__legacy_gt__petfold__historical_legacy121_v1,9OBM_73_hp_nmr_A,petfold,missing_pair,27,45,true,1,1,"[[26,45]]",73
legacy121_v1__9obm_73_hp_nmr_a__legacy_gt__petfold__historical_legacy121_v1,9OBM_73_hp_nmr_A,petfold,false_positive_pair,5,67,false,0,0,[],73
legacy121_v1__9obm_73_hp_nmr_a__legacy_gt__petfold__historical_legacy121_v1,9OBM_73_hp_nmr_A,petfold,false_positive_pair,26,45,true,1,1,"[[27,45]]",73
legacy121_v1__9obm_73_hp_nmr_a__legacy_gt__rnafold__historical_legacy121_v1,9OBM_73_hp_nmr_A,rnafold,missing_pair,27,45,true,1,1,"[[26,45]]",73
legacy121_v1__9obm_73_hp_nmr_a__legacy_gt__rnafold__historical_legacy121_v1,9OBM_73_hp_nmr_A,rnafold,false_positive_pair,26,45,true,1,1,"[[27,45]]",73
legacy121_v1__9obm_73_hp_nmr_a__legacy_gt__trrosettarna2_native_ss__historical_legacy121_v1,9OBM_73_hp_nmr_A,trrosettarna2_native_ss,missing_pair,27,45,true,1,1,"[[26,45]]",73
legacy121_v1__9obm_73_hp_nmr_a__legacy_gt__trrosettarna2_native_ss__historical_legacy121_v1,9OBM_73_hp_nmr_A,trrosettarna2_native_ss,false_positive_pair,5,67,false,0,0,[],73
legacy121_v1__9obm_73_hp_nmr_a__legacy_gt__trrosettarna2_native_ss__historical_legacy121_v1,9OBM_73_hp_nmr_A,trrosettarna2_native_ss,false_positive_pair,26,45,true,1,1,"[[27,45]]",73
legacy121_v1__9obm_73_hp_nmr_a__legacy_gt__trrosettarna2_native_ss__historical_legacy121_v1,9OBM_73_hp_nmr_A,trrosettarna2_native_ss,false_positive_pair,32,41,false,0,0,[],73
legacy121_v1__9od4_23_hp_nmr_a__legacy_gt__petfold__historical_legacy121_v1,9OD4_23_hp_nmr_A,petfold,false_positive_pair,9,13,false,0,0,[],23
legacy121_v1__9od4_23_hp_nmr_a__legacy_gt__rnafold__historical_legacy121_v1,9OD4_23_hp_nmr_A,rnafold,false_positive_pair,9,13,false,0,0,[],23
legacy121_v1__9od4_23_hp_nmr_a__legacy_gt__trrosettarna2_native_ss__historical_legacy121_v1,9OD4_23_hp_nmr_A,trrosettarna2_native_ss,false_positive_pair,6,16,false,0,0,[],23
