record_id,rna_id,source_model,structure_role,pair_count,strict_stem_count,stem_pair_count,singleton_pair_count,mean_stem_length,median_stem_length,max_stem_length,stem_lengths,source_record_ids
legacy121_v1__17ra-21-hp-nmr-a__legacy_gt__shared_inventory_v1,17RA_21_hp_nmr_A,ground_truth,ground_truth,7,2,7,0,3.5,3.5,5,"[5,2]","[""legacy121_v1__17ra_21_hp_nmr_a__legacy_gt__petfold__historical_legacy121_v1"",""legacy121_v1__17ra_21_hp_nmr_a__legacy_gt__rnafold__historical_legacy121_v1"",""legacy121_v1__17ra_21_hp_nmr_a__legacy_gt__trrosettarna2_native_ss__historical_legacy121_v1""]"
legacy121_v1__17ra_21_hp_nmr_a__legacy_gt__petfold__historical_legacy121_v1,17RA_21_hp_nmr_A,petfold,prediction,8,2,8,0,4.0,4.0,6,"[6,2]","[""legacy121_v1__17ra_21_hp_nmr_a__legacy_gt__petfold__historical_legacy121_v1""]"
legacy121_v1__17ra_21_hp_nmr_a__legacy_gt__rnafold__historical_legacy121_v1,17RA_21_hp_nmr_A,rnafold,prediction,8,2,8,0,4.0,4.0,6,"[6,2]","[""legacy121_v1__17ra_21_hp_nmr_a__legacy_gt__rnafold__historical_legacy121_v1""]"
legacy121_v1__17ra_21_hp_nmr_a__legacy_gt__trrosettarna2_native_ss__historical_legacy121_v1,17RA_21_hp_nmr_A,trrosettarna2_native_ss,prediction,8,2,8,0,4.0,4.0,5,"[5,3]","[""legacy121_v1__17ra_21_hp_nmr_a__legacy_gt__trrosettarna2_native_ss__historical_legacy121_v1""]"
legacy121_v1__1a60-44-pseudknot-nmr-a__legacy_gt__shared_inventory_v1,1A60_44_pseudknot_nmr_A,ground_truth,ground_truth,14,3,14,0,4.666666666666667,5.0,6,"[5,3,6]","[""legacy121_v1__1a60_44_pseudknot_nmr_a__legacy_gt__petfold__historical_legacy121_v1"",""legacy121_v1__1a60_44_pseudknot_nmr_a__legacy_gt__rnafold__historical_legacy121_v1"",""legacy121_v1__1a60_44_pseudknot_nmr_a__legacy_gt__trrosettarna2_native_ss__historical_legacy121_v1""]"
legacy121_v1__1a60_44_pseudknot_nmr_a__legacy_gt__petfold__historical_legacy121_v1,1A60_44_pseudknot_nmr_A,petfold,prediction,11,2,11,0,5.5,5.5,6,"[5,6]","[""legacy121_v1__1a60_44_pseudknot_nmr_a__legacy_gt__petfold__historical_legacy121_v1""]"
legacy121_v1__1a60_44_pseudknot_nmr_a__legacy_gt__rnafold__historical_legacy121_v1,1A60_44_pseudknot_nmr_A,rnafold,prediction,11,2,11,0,5.5,5.5,6,"[5,6]","[""legacy121_v1__1a60_44_pseudknot_nmr_a__legacy_gt__rnafold__historical_legacy121_v1""]"
legacy121_v1__1a60_44_pseudknot_nmr_a__legacy_gt__trrosettarna2_native_ss__historical_legacy121_v1,1A60_44_pseudknot_nmr_A,trrosettarna2_native_ss,prediction,15,4,14,1,3.5,3.0,5,"[5,3,3,3]","[""legacy121_v1__1a60_44_pseudknot_nmr_a__legacy_gt__trrosettarna2_native_ss__historical_legacy121_v1""]"
legacy121_v1__1a9l-38-hpbulge-nmr-a__legacy_gt__shared_inventory_v1,1A9L_38_hpbulge_nmr_A,ground_truth,ground_truth,14,3,14,0,4.666666666666667,4.0,6,"[6,4,4]","[""legacy121_v1__1a9l_38_hpbulge_nmr_a__legacy_gt__petfold__historical_legacy121_v1"",""legacy121_v1__1a9l_38_hpbulge_nmr_a__legacy_gt__rnafold__historical_legacy121_v1"",""legacy121_v1__1a9l_38_hpbulge_nmr_a__legacy_gt__trrosettarna2_native_ss__historical_legacy121_v1""]"
legacy121_v1__1a9l_38_hpbulge_nmr_a__legacy_gt__petfold__historical_legacy121_v1,1A9L_38_hpbulge_nmr_A,petfold,prediction,14,3,14,0,4.666666666666667,4.0,6,"[6,4,4]","[""legacy121_v1__1a9l_38_hpbulge_nmr_a__legacy_gt__petfold__historical_legacy121_v1""]"
legacy121_v1__1a9l_38_hpbulge_nmr_a__legacy_gt__rnafold__historical_legacy121_v1,1A9L_38_hpbulge_nmr_A,rnafold,prediction,14,3,14,0,4.666666666666667,4.0,6,"[6,4,4]","[""legacy121_v1__1a9l_38_hpbulge_nmr_a__legacy_gt__rnafold__historical_legacy121_v1""]"
legacy121_v1__1a9l_38_hpbulge_nmr_a__legacy_gt__trrosettarna2_native_ss__historical_legacy121_v1,1A9L_38_hpbulge_nmr_A,trrosettarna2_native_ss,prediction,15,3,15,0,5.0,5.0,6,"[6,4,5]","[""legacy121_v1__1a9l_38_hpbulge_nmr_a__legacy_gt__trrosettarna2_native_ss__historical_legacy121_v1""]"
legacy121_v1__1b36-38-hp-nmr-a__legacy_gt__shared_inventory_v1,1B36_38_hp_nmr_A,ground_truth,ground_truth,9,2,9,0,4.5,4.5,5,"[5,4]","[""legacy121_v1__1b36_38_hp_nmr_a__legacy_gt__petfold__historical_legacy121_v1"",""legacy121_v1__1b36_38_hp_nmr_a__legacy_gt__rnafold__historical_legacy121_v1"",""legacy121_v1__1b36_38_hp_nmr_a__legacy_gt__trrosettarna2_native_ss__historical_legacy121_v1""]"
legacy121_v1__1b36_38_hp_nmr_a__legacy_gt__petfold__historical_legacy121_v1,1B36_38_hp_nmr_A,petfold,prediction,11,3,11,0,3.6666666666666665,4.0,5,"[5,4,2]","[""legacy121_v1__1b36_38_hp_nmr_a__legacy_gt__petfold__historical_legacy121_v1""]"
legacy121_v1__1b36_38_hp_nmr_a__legacy_gt__rnafold__historical_legacy121_v1,1B36_38_hp_nmr_A,rnafold,prediction,9,2,9,0,4.5,4.5,5,"[5,4]","[""legacy121_v1__1b36_38_hp_nmr_a__legacy_gt__rnafold__historical_legacy121_v1""]"
legacy121_v1__1b36_38_hp_nmr_a__legacy_gt__trrosettarna2_native_ss__historical_legacy121_v1,1B36_38_hp_nmr_A,trrosettarna2_native_ss,prediction,16,2,15,1,7.5,7.5,8,"[7,8]","[""legacy121_v1__1b36_38_hp_nmr_a__legacy_gt__trrosettarna2_native_ss__historical_legacy121_v1""]"
legacy121_v1__1bgz-23-hp-nmr-a__legacy_gt__shared_inventory_v1,1BGZ_23_hp_nmr_A,ground_truth,ground_truth,8,3,8,0,2.6666666666666665,2.0,4,"[4,2,2]","[""legacy121_v1__1bgz_23_hp_nmr_a__legacy_gt__petfold__historical_legacy121_v1"",""legacy121_v1__1bgz_23_hp_nmr_a__legacy_gt__rnafold__historical_legacy121_v1"",""legacy121_v1__1bgz_23_hp_nmr_a__legacy_gt__trrosettarna2_native_ss__historical_legacy121_v1""]"
legacy121_v1__1bgz_23_hp_nmr_a__legacy_gt__petfold__historical_legacy121_v1,1BGZ_23_hp_nmr_A,petfold,prediction,9,2,9,0,4.5,4.5,5,"[5,4]","[""legacy121_v1__1bgz_23_hp_nmr_a__legacy_gt__petfold__historical_legacy121_v1""]"
legacy121_v1__1bgz_23_hp_nmr_a__legacy_gt__rnafold__historical_legacy121_v1,1BGZ_23_hp_nmr_A,rnafold,prediction,9,2,9,0,4.5,4.5,5,"[5,4]","[""legacy121_v1__1bgz_23_hp_nmr_a__legacy_gt__rnafold__historical_legacy121_v1""]"
legacy121_v1__1bgz_23_hp_nmr_a__legacy_gt__trrosettarna2_native_ss__historical_legacy121_v1,1BGZ_23_hp_nmr_A,trrosettarna2_native_ss,prediction,8,3,8,0,2.6666666666666665,2.0,4,"[4,2,2]","[""legacy121_v1__1bgz_23_hp_nmr_a__legacy_gt__trrosettarna2_native_ss__historical_legacy121_v1""]"
legacy121_v1__1bvj-23-hp-nmr-a__legacy_gt__shared_inventory_v1,1BVJ_23_hp_nmr_A,ground_truth,ground_truth,8,2,8,0,4.0,4.0,5,"[5,3]","[""legacy121_v1__1bvj_23_hp_nmr_a__legacy_gt__petfold__historical_legacy121_v1"",""legacy121_v1__1bvj_23_hp_nmr_a__legacy_gt__rnafold__historical_legacy121_v1"",""legacy121_v1__1bvj_23_hp_nmr_a__legacy_gt__trrosettarna2_native_ss__historical_legacy121_v1""]"
legacy121_v1__1bvj_23_hp_nmr_a__legacy_gt__petfold__historical_legacy121_v1,1BVJ_23_hp_nmr_A,petfold,prediction,8,2,8,0,4.0,4.0,5,"[5,3]","[""legacy121_v1__1bvj_23_hp_nmr_a__legacy_gt__petfold__historical_legacy121_v1""]"
legacy121_v1__1bvj_23_hp_nmr_a__legacy_gt__rnafold__historical_legacy121_v1,1BVJ_23_hp_nmr_A,rnafold,prediction,8,2,8,0,4.0,4.0,5,"[5,3]","[""legacy121_v1__1bvj_23_hp_nmr_a__legacy_gt__rnafold__historical_legacy121_v1""]"
legacy121_v1__1bvj_23_hp_nmr_a__legacy_gt__trrosettarna2_native_ss__historical_legacy121_v1,1BVJ_23_hp_nmr_A,trrosettarna2_native_ss,prediction,10,2,10,0,5.0,5.0,5,"[5,5]","[""legacy121_v1__1bvj_23_hp_nmr_a__legacy_gt__trrosettarna2_native_ss__historical_legacy121_v1""]"
legacy121_v1__1e4p-24-hpbulge-nmr-a__legacy_gt__shared_inventory_v1,1E4P_24_hpbulge_nmr_A,ground_truth,ground_truth,7,2,7,0,3.5,3.5,4,"[4,3]","[""legacy121_v1__1e4p_24_hpbulge_nmr_a__legacy_gt__petfold__historical_legacy121_v1"",""legacy121_v1__1e4p_24_hpbulge_nmr_a__legacy_gt__rnafold__historical_legacy121_v1"",""legacy121_v1__1e4p_24_hpbulge_nmr_a__legacy_gt__trrosettarna2_native_ss__historical_legacy121_v1""]"
legacy121_v1__1e4p_24_hpbulge_nmr_a__legacy_gt__petfold__historical_legacy121_v1,1E4P_24_hpbulge_nmr_A,petfold,prediction,7,2,7,0,3.5,3.5,4,"[4,3]","[""legacy121_v1__1e4p_24_hpbulge_nmr_a__legacy_gt__petfold__historical_legacy121_v1""]"
legacy121_v1__1e4p_24_hpbulge_nmr_a__legacy_gt__rnafold__historical_legacy121_v1,1E4P_24_hpbulge_nmr_A,rnafold,prediction,7,2,7,0,3.5,3.5,4,"[4,3]","[""legacy121_v1__1e4p_24_hpbulge_nmr_a__legacy_gt__rnafold__historical_legacy121_v1""]"
legacy121_v1__1e4p_24_hpbulge_nmr_a__legacy_gt__trrosettarna2_native_ss__historical_legacy121_v1,1E4P_24_hpbulge_nmr_A,trrosettarna2_native_ss,prediction,11,1,11,0,11.0,11.0,11,[11],"[""legacy121_v1__1e4p_24_hpbulge_nmr_a__legacy_gt__trrosettarna2_native_ss__historical_legacy121_v1""]"
legacy121_v1__1e95-36-pseudoknot-nmr-a__legacy_gt__shared_inventory_v1,1E95_36_pseudoknot_nmr_A,ground_truth,ground_truth,12,2,12,0,6.0,6.0,6,"[6,6]","[""legacy121_v1__1e95_36_pseudoknot_nmr_a__legacy_gt__petfold__historical_legacy121_v1"",""legacy121_v1__1e95_36_pseudoknot_nmr_a__legacy_gt__rnafold__historical_legacy121_v1"",""legacy121_v1__1e95_36_pseudoknot_nmr_a__legacy_gt__trrosettarna2_native_ss__historical_legacy121_v1""]"
legacy121_v1__1e95_36_pseudoknot_nmr_a__legacy_gt__petfold__historical_legacy121_v1,1E95_36_pseudoknot_nmr_A,petfold,prediction,6,1,6,0,6.0,6.0,6,[6],"[""legacy121_v1__1e95_36_pseudoknot_nmr_a__legacy_gt__petfold__historical_legacy121_v1""]"
legacy121_v1__1e95_36_pseudoknot_nmr_a__legacy_gt__rnafold__historical_legacy121_v1,1E95_36_pseudoknot_nmr_A,rnafold,prediction,6,1,6,0,6.0,6.0,6,[6],"[""legacy121_v1__1e95_36_pseudoknot_nmr_a__legacy_gt__rnafold__historical_legacy121_v1""]"
legacy121_v1__1e95_36_pseudoknot_nmr_a__legacy_gt__trrosettarna2_native_ss__historical_legacy121_v1,1E95_36_pseudoknot_nmr_A,trrosettarna2_native_ss,prediction,12,2,12,0,6.0,6.0,6,"[6,6]","[""legacy121_v1__1e95_36_pseudoknot_nmr_a__legacy_gt__trrosettarna2_native_ss__historical_legacy121_v1""]"
legacy121_v1__1f9l-22-hp-nmr-a__legacy_gt__shared_inventory_v1,1F9L_22_hp_nmr_A,ground_truth,ground_truth,7,2,7,0,3.5,3.5,4,"[4,3]","[""legacy121_v1__1f9l_22_hp_nmr_a__legacy_gt__petfold__historical_legacy121_v1"",""legacy121_v1__1f9l_22_hp_nmr_a__legacy_gt__rnafold__historical_legacy121_v1"",""legacy121_v1__1f9l_22_hp_nmr_a__legacy_gt__trrosettarna2_native_ss__historical_legacy121_v1""]"
legacy121_v1__1f9l_22_hp_nmr_a__legacy_gt__petfold__historical_legacy121_v1,1F9L_22_hp_nmr_A,petfold,prediction,7,2,7,0,3.5,3.5,4,"[4,3]","[""legacy121_v1__1f9l_22_hp_nmr_a__legacy_gt__petfold__historical_legacy121_v1""]"
legacy121_v1__1f9l_22_hp_nmr_a__legacy_gt__rnafold__historical_legacy121_v1,1F9L_22_hp_nmr_A,rnafold,prediction,7,2,7,0,3.5,3.5,4,"[4,3]","[""legacy121_v1__1f9l_22_hp_nmr_a__legacy_gt__rnafold__historical_legacy121_v1""]"
legacy121_v1__1f9l_22_hp_nmr_a__legacy_gt__trrosettarna2_native_ss__historical_legacy121_v1,1F9L_22_hp_nmr_A,trrosettarna2_native_ss,prediction,10,1,10,0,10.0,10.0,10,[10],"[""legacy121_v1__1f9l_22_hp_nmr_a__legacy_gt__trrosettarna2_native_ss__historical_legacy121_v1""]"
legacy121_v1__1hlx-20-hp-nmr-a__legacy_gt__shared_inventory_v1,1HLX_20_hp_nmr_A,ground_truth,ground_truth,7,1,7,0,7.0,7.0,7,[7],"[""legacy121_v1__1hlx_20_hp_nmr_a__legacy_gt__petfold__historical_legacy121_v1"",""legacy121_v1__1hlx_20_hp_nmr_a__legacy_gt__rnafold__historical_legacy121_v1"",""legacy121_v1__1hlx_20_hp_nmr_a__legacy_gt__trrosettarna2_native_ss__historical_legacy121_v1""]"
legacy121_v1__1hlx_20_hp_nmr_a__legacy_gt__petfold__historical_legacy121_v1,1HLX_20_hp_nmr_A,petfold,prediction,8,1,8,0,8.0,8.0,8,[8],"[""legacy121_v1__1hlx_20_hp_nmr_a__legacy_gt__petfold__historical_legacy121_v1""]"
legacy121_v1__1hlx_20_hp_nmr_a__legacy_gt__rnafold__historical_legacy121_v1,1HLX_20_hp_nmr_A,rnafold,prediction,8,1,8,0,8.0,8.0,8,[8],"[""legacy121_v1__1hlx_20_hp_nmr_a__legacy_gt__rnafold__historical_legacy121_v1""]"
legacy121_v1__1hlx_20_hp_nmr_a__legacy_gt__trrosettarna2_native_ss__historical_legacy121_v1,1HLX_20_hp_nmr_A,trrosettarna2_native_ss,prediction,9,1,9,0,9.0,9.0,9,[9],"[""legacy121_v1__1hlx_20_hp_nmr_a__legacy_gt__trrosettarna2_native_ss__historical_legacy121_v1""]"
legacy121_v1__1ikd-22-hp-nmr-a__legacy_gt__shared_inventory_v1,1IKD_22_hp_nmr_A,ground_truth,ground_truth,7,1,7,0,7.0,7.0,7,[7],"[""legacy121_v1__1ikd_22_hp_nmr_a__legacy_gt__petfold__historical_legacy121_v1"",""legacy121_v1__1ikd_22_hp_nmr_a__legacy_gt__rnafold__historical_legacy121_v1"",""legacy121_v1__1ikd_22_hp_nmr_a__legacy_gt__trrosettarna2_native_ss__historical_legacy121_v1""]"
legacy121_v1__1ikd_22_hp_nmr_a__legacy_gt__petfold__historical_legacy121_v1,1IKD_22_hp_nmr_A,petfold,prediction,7,1,7,0,7.0,7.0,7,[7],"[""legacy121_v1__1ikd_22_hp_nmr_a__legacy_gt__petfold__historical_legacy121_v1""]"
legacy121_v1__1ikd_22_hp_nmr_a__legacy_gt__rnafold__historical_legacy121_v1,1IKD_22_hp_nmr_A,rnafold,prediction,7,1,7,0,7.0,7.0,7,[7],"[""legacy121_v1__1ikd_22_hp_nmr_a__legacy_gt__rnafold__historical_legacy121_v1""]"
legacy121_v1__1ikd_22_hp_nmr_a__legacy_gt__trrosettarna2_native_ss__historical_legacy121_v1,1IKD_22_hp_nmr_A,trrosettarna2_native_ss,prediction,8,1,8,0,8.0,8.0,8,[8],"[""legacy121_v1__1ikd_22_hp_nmr_a__legacy_gt__trrosettarna2_native_ss__historical_legacy121_v1""]"
legacy121_v1__1jur-22-hp-nmr-a__legacy_gt__shared_inventory_v1,1JUR_22_hp_nmr_A,ground_truth,ground_truth,8,2,8,0,4.0,4.0,5,"[3,5]","[""legacy121_v1__1jur_22_hp_nmr_a__legacy_gt__petfold__historical_legacy121_v1"",""legacy121_v1__1jur_22_hp_nmr_a__legacy_gt__rnafold__historical_legacy121_v1"",""legacy121_v1__1jur_22_hp_nmr_a__legacy_gt__trrosettarna2_native_ss__historical_legacy121_v1""]"
legacy121_v1__1jur_22_hp_nmr_a__legacy_gt__petfold__historical_legacy121_v1,1JUR_22_hp_nmr_A,petfold,prediction,8,2,8,0,4.0,4.0,5,"[3,5]","[""legacy121_v1__1jur_22_hp_nmr_a__legacy_gt__petfold__historical_legacy121_v1""]"
legacy121_v1__1jur_22_hp_nmr_a__legacy_gt__rnafold__historical_legacy121_v1,1JUR_22_hp_nmr_A,rnafold,prediction,8,2,8,0,4.0,4.0,5,"[3,5]","[""legacy121_v1__1jur_22_hp_nmr_a__legacy_gt__rnafold__historical_legacy121_v1""]"
legacy121_v1__1jur_22_hp_nmr_a__legacy_gt__trrosettarna2_native_ss__historical_legacy121_v1,1JUR_22_hp_nmr_A,trrosettarna2_native_ss,prediction,9,2,9,0,4.5,4.5,5,"[4,5]","[""legacy121_v1__1jur_22_hp_nmr_a__legacy_gt__trrosettarna2_native_ss__historical_legacy121_v1""]"
legacy121_v1__1k2g-22-dumbbell-nmr-a__legacy_gt__shared_inventory_v1,1K2G_22_dumbbell_nmr_A,ground_truth,ground_truth,6,2,5,1,2.5,2.5,3,"[3,2]","[""legacy121_v1__1k2g_22_dumbbell_nmr_a__legacy_gt__petfold__historical_legacy121_v1"",""legacy121_v1__1k2g_22_dumbbell_nmr_a__legacy_gt__rnafold__historical_legacy121_v1"",""legacy121_v1__1k2g_22_dumbbell_nmr_a__legacy_gt__trrosettarna2_native_ss__historical_legacy121_v1""]"
legacy121_v1__1k2g_22_dumbbell_nmr_a__legacy_gt__petfold__historical_legacy121_v1,1K2G_22_dumbbell_nmr_A,petfold,prediction,3,1,3,0,3.0,3.0,3,[3],"[""legacy121_v1__1k2g_22_dumbbell_nmr_a__legacy_gt__petfold__historical_legacy121_v1""]"
legacy121_v1__1k2g_22_dumbbell_nmr_a__legacy_gt__rnafold__historical_legacy121_v1,1K2G_22_dumbbell_nmr_A,rnafold,prediction,3,1,3,0,3.0,3.0,3,[3],"[""legacy121_v1__1k2g_22_dumbbell_nmr_a__legacy_gt__rnafold__historical_legacy121_v1""]"
legacy121_v1__1k2g_22_dumbbell_nmr_a__legacy_gt__trrosettarna2_native_ss__historical_legacy121_v1,1K2G_22_dumbbell_nmr_A,trrosettarna2_native_ss,prediction,8,2,7,1,3.5,3.5,4,"[4,3]","[""legacy121_v1__1k2g_22_dumbbell_nmr_a__legacy_gt__trrosettarna2_native_ss__historical_legacy121_v1""]"
legacy121_v1__1k6h-22-hp-nmr-a__legacy_gt__shared_inventory_v1,1K6H_22_hp_nmr_A,ground_truth,ground_truth,9,1,9,0,9.0,9.0,9,[9],"[""legacy121_v1__1k6h_22_hp_nmr_a__legacy_gt__petfold__historical_legacy121_v1"",""legacy121_v1__1k6h_22_hp_nmr_a__legacy_gt__rnafold__historical_legacy121_v1"",""legacy121_v1__1k6h_22_hp_nmr_a__legacy_gt__trrosettarna2_native_ss__historical_legacy121_v1""]"
legacy121_v1__1k6h_22_hp_nmr_a__legacy_gt__petfold__historical_legacy121_v1,1K6H_22_hp_nmr_A,petfold,prediction,9,1,9,0,9.0,9.0,9,[9],"[""legacy121_v1__1k6h_22_hp_nmr_a__legacy_gt__petfold__historical_legacy121_v1""]"
legacy121_v1__1k6h_22_hp_nmr_a__legacy_gt__rnafold__historical_legacy121_v1,1K6H_22_hp_nmr_A,rnafold,prediction,9,1,9,0,9.0,9.0,9,[9],"[""legacy121_v1__1k6h_22_hp_nmr_a__legacy_gt__rnafold__historical_legacy121_v1""]"
legacy121_v1__1k6h_22_hp_nmr_a__legacy_gt__trrosettarna2_native_ss__historical_legacy121_v1,1K6H_22_hp_nmr_A,trrosettarna2_native_ss,prediction,10,1,10,0,10.0,10.0,10,[10],"[""legacy121_v1__1k6h_22_hp_nmr_a__legacy_gt__trrosettarna2_native_ss__historical_legacy121_v1""]"
legacy121_v1__1ldz-30-hpbulge-nmr-a__legacy_gt__shared_inventory_v1,1LDZ_30_hpbulge_nmr_A,ground_truth,ground_truth,10,2,10,0,5.0,5.0,5,"[5,5]","[""legacy121_v1__1ldz_30_hpbulge_nmr_a__legacy_gt__petfold__historical_legacy121_v1"",""legacy121_v1__1ldz_30_hpbulge_nmr_a__legacy_gt__rnafold__historical_legacy121_v1"",""legacy121_v1__1ldz_30_hpbulge_nmr_a__legacy_gt__trrosettarna2_native_ss__historical_legacy121_v1""]"
legacy121_v1__1ldz_30_hpbulge_nmr_a__legacy_gt__petfold__historical_legacy121_v1,1LDZ_30_hpbulge_nmr_A,petfold,prediction,10,2,10,0,5.0,5.0,5,"[5,5]","[""legacy121_v1__1ldz_30_hpbulge_nmr_a__legacy_gt__petfold__historical_legacy121_v1""]"
legacy121_v1__1ldz_30_hpbulge_nmr_a__legacy_gt__rnafold__historical_legacy121_v1,1LDZ_30_hpbulge_nmr_A,rnafold,prediction,10,2,10,0,5.0,5.0,5,"[5,5]","[""legacy121_v1__1ldz_30_hpbulge_nmr_a__legacy_gt__rnafold__historical_legacy121_v1""]"
legacy121_v1__1ldz_30_hpbulge_nmr_a__legacy_gt__trrosettarna2_native_ss__historical_legacy121_v1,1LDZ_30_hpbulge_nmr_A,trrosettarna2_native_ss,prediction,12,2,12,0,6.0,6.0,6,"[6,6]","[""legacy121_v1__1ldz_30_hpbulge_nmr_a__legacy_gt__trrosettarna2_native_ss__historical_legacy121_v1""]"
legacy121_v1__1m82-25-hp-nmr-a__legacy_gt__shared_inventory_v1,1M82_25_hp_nmr_A,ground_truth,ground_truth,9,2,9,0,4.5,4.5,6,"[6,3]","[""legacy121_v1__1m82_25_hp_nmr_a__legacy_gt__petfold__historical_legacy121_v1"",""legacy121_v1__1m82_25_hp_nmr_a__legacy_gt__rnafold__historical_legacy121_v1"",""legacy121_v1__1m82_25_hp_nmr_a__legacy_gt__trrosettarna2_native_ss__historical_legacy121_v1""]"
legacy121_v1__1m82_25_hp_nmr_a__legacy_gt__petfold__historical_legacy121_v1,1M82_25_hp_nmr_A,petfold,prediction,10,2,10,0,5.0,5.0,7,"[7,3]","[""legacy121_v1__1m82_25_hp_nmr_a__legacy_gt__petfold__historical_legacy121_v1""]"
legacy121_v1__1m82_25_hp_nmr_a__legacy_gt__rnafold__historical_legacy121_v1,1M82_25_hp_nmr_A,rnafold,prediction,10,2,10,0,5.0,5.0,7,"[7,3]","[""legacy121_v1__1m82_25_hp_nmr_a__legacy_gt__rnafold__historical_legacy121_v1""]"
legacy121_v1__1m82_25_hp_nmr_a__legacy_gt__trrosettarna2_native_ss__historical_legacy121_v1,1M82_25_hp_nmr_A,trrosettarna2_native_ss,prediction,11,2,11,0,5.5,5.5,7,"[7,4]","[""legacy121_v1__1m82_25_hp_nmr_a__legacy_gt__trrosettarna2_native_ss__historical_legacy121_v1""]"
legacy121_v1__1mt4-24-hp-nmr-a__legacy_gt__shared_inventory_v1,1MT4_24_hp_nmr_A,ground_truth,ground_truth,8,1,8,0,8.0,8.0,8,[8],"[""legacy121_v1__1mt4_24_hp_nmr_a__legacy_gt__petfold__historical_legacy121_v1"",""legacy121_v1__1mt4_24_hp_nmr_a__legacy_gt__rnafold__historical_legacy121_v1"",""legacy121_v1__1mt4_24_hp_nmr_a__legacy_gt__trrosettarna2_native_ss__historical_legacy121_v1""]"
legacy121_v1__1mt4_24_hp_nmr_a__legacy_gt__petfold__historical_legacy121_v1,1MT4_24_hp_nmr_A,petfold,prediction,8,1,8,0,8.0,8.0,8,[8],"[""legacy121_v1__1mt4_24_hp_nmr_a__legacy_gt__petfold__historical_legacy121_v1""]"
legacy121_v1__1mt4_24_hp_nmr_a__legacy_gt__rnafold__historical_legacy121_v1,1MT4_24_hp_nmr_A,rnafold,prediction,8,1,8,0,8.0,8.0,8,[8],"[""legacy121_v1__1mt4_24_hp_nmr_a__legacy_gt__rnafold__historical_legacy121_v1""]"
legacy121_v1__1mt4_24_hp_nmr_a__legacy_gt__trrosettarna2_native_ss__historical_legacy121_v1,1MT4_24_hp_nmr_A,trrosettarna2_native_ss,prediction,10,1,9,1,9.0,9.0,9,[9],"[""legacy121_v1__1mt4_24_hp_nmr_a__legacy_gt__trrosettarna2_native_ss__historical_legacy121_v1""]"
legacy121_v1__1p5m-55-hpbulge-nmr-a__legacy_gt__shared_inventory_v1,1P5M_55_hpbulge_nmr_A,ground_truth,ground_truth,19,5,18,1,3.6,4.0,5,"[5,4,4,3,2]","[""legacy121_v1__1p5m_55_hpbulge_nmr_a__legacy_gt__petfold__historical_legacy121_v1"",""legacy121_v1__1p5m_55_hpbulge_nmr_a__legacy_gt__rnafold__historical_legacy121_v1"",""legacy121_v1__1p5m_55_hpbulge_nmr_a__legacy_gt__trrosettarna2_native_ss__historical_legacy121_v1""]"
legacy121_v1__1p5m_55_hpbulge_nmr_a__legacy_gt__petfold__historical_legacy121_v1,1P5M_55_hpbulge_nmr_A,petfold,prediction,18,5,18,0,3.6,4.0,5,"[5,4,4,3,2]","[""legacy121_v1__1p5m_55_hpbulge_nmr_a__legacy_gt__petfold__historical_legacy121_v1""]"
legacy121_v1__1p5m_55_hpbulge_nmr_a__legacy_gt__rnafold__historical_legacy121_v1,1P5M_55_hpbulge_nmr_A,rnafold,prediction,19,5,18,1,3.6,4.0,5,"[5,4,4,3,2]","[""legacy121_v1__1p5m_55_hpbulge_nmr_a__legacy_gt__rnafold__historical_legacy121_v1""]"
legacy121_v1__1p5m_55_hpbulge_nmr_a__legacy_gt__trrosettarna2_native_ss__historical_legacy121_v1,1P5M_55_hpbulge_nmr_A,trrosettarna2_native_ss,prediction,24,3,23,1,7.666666666666667,5.0,14,"[5,4,14]","[""legacy121_v1__1p5m_55_hpbulge_nmr_a__legacy_gt__trrosettarna2_native_ss__historical_legacy121_v1""]"
legacy121_v1__1p5o-77-hpbulge-nmr-a__legacy_gt__shared_inventory_v1,1P5O_77_hpbulge_nmr_A,ground_truth,ground_truth,23,7,22,1,3.142857142857143,3.0,5,"[5,4,4,3,2,2,2]","[""legacy121_v1__1p5o_77_hpbulge_nmr_a__legacy_gt__petfold__historical_legacy121_v1"",""legacy121_v1__1p5o_77_hpbulge_nmr_a__legacy_gt__rnafold__historical_legacy121_v1"",""legacy121_v1__1p5o_77_hpbulge_nmr_a__legacy_gt__trrosettarna2_native_ss__historical_legacy121_v1""]"
legacy121_v1__1p5o_77_hpbulge_nmr_a__legacy_gt__petfold__historical_legacy121_v1,1P5O_77_hpbulge_nmr_A,petfold,prediction,24,6,24,0,4.0,4.0,6,"[5,4,4,3,2,6]","[""legacy121_v1__1p5o_77_hpbulge_nmr_a__legacy_gt__petfold__historical_legacy121_v1""]"
legacy121_v1__1p5o_77_hpbulge_nmr_a__legacy_gt__rnafold__historical_legacy121_v1,1P5O_77_hpbulge_nmr_A,rnafold,prediction,25,6,24,1,4.0,4.0,6,"[5,4,4,3,2,6]","[""legacy121_v1__1p5o_77_hpbulge_nmr_a__legacy_gt__rnafold__historical_legacy121_v1""]"
legacy121_v1__1p5o_77_hpbulge_nmr_a__legacy_gt__trrosettarna2_native_ss__historical_legacy121_v1,1P5O_77_hpbulge_nmr_A,trrosettarna2_native_ss,prediction,31,5,31,0,6.2,5.0,11,"[5,4,4,11,7]","[""legacy121_v1__1p5o_77_hpbulge_nmr_a__legacy_gt__trrosettarna2_native_ss__historical_legacy121_v1""]"
legacy121_v1__1qwa-21-hp-nmr-a__legacy_gt__shared_inventory_v1,1QWA_21_hp_nmr_A,ground_truth,ground_truth,8,2,8,0,4.0,4.0,6,"[6,2]","[""legacy121_v1__1qwa_21_hp_nmr_a__legacy_gt__petfold__historical_legacy121_v1"",""legacy121_v1__1qwa_21_hp_nmr_a__legacy_gt__rnafold__historical_legacy121_v1"",""legacy121_v1__1qwa_21_hp_nmr_a__legacy_gt__trrosettarna2_native_ss__historical_legacy121_v1""]"
legacy121_v1__1qwa_21_hp_nmr_a__legacy_gt__petfold__historical_legacy121_v1,1QWA_21_hp_nmr_A,petfold,prediction,8,2,8,0,4.0,4.0,6,"[6,2]","[""legacy121_v1__1qwa_21_hp_nmr_a__legacy_gt__petfold__historical_legacy121_v1""]"
legacy121_v1__1qwa_21_hp_nmr_a__legacy_gt__rnafold__historical_legacy121_v1,1QWA_21_hp_nmr_A,rnafold,prediction,8,2,8,0,4.0,4.0,6,"[6,2]","[""legacy121_v1__1qwa_21_hp_nmr_a__legacy_gt__rnafold__historical_legacy121_v1""]"
legacy121_v1__1qwa_21_hp_nmr_a__legacy_gt__trrosettarna2_native_ss__historical_legacy121_v1,1QWA_21_hp_nmr_A,trrosettarna2_native_ss,prediction,8,1,6,2,6.0,6.0,6,[6],"[""legacy121_v1__1qwa_21_hp_nmr_a__legacy_gt__trrosettarna2_native_ss__historical_legacy121_v1""]"
legacy121_v1__1qwb-26-hp-nmr-a__legacy_gt__shared_inventory_v1,1QWB_26_hp_nmr_A,ground_truth,ground_truth,6,1,6,0,6.0,6.0,6,[6],"[""legacy121_v1__1qwb_26_hp_nmr_a__legacy_gt__petfold__historical_legacy121_v1"",""legacy121_v1__1qwb_26_hp_nmr_a__legacy_gt__rnafold__historical_legacy121_v1"",""legacy121_v1__1qwb_26_hp_nmr_a__legacy_gt__trrosettarna2_native_ss__historical_legacy121_v1""]"
legacy121_v1__1qwb_26_hp_nmr_a__legacy_gt__petfold__historical_legacy121_v1,1QWB_26_hp_nmr_A,petfold,prediction,6,1,6,0,6.0,6.0,6,[6],"[""legacy121_v1__1qwb_26_hp_nmr_a__legacy_gt__petfold__historical_legacy121_v1""]"
legacy121_v1__1qwb_26_hp_nmr_a__legacy_gt__rnafold__historical_legacy121_v1,1QWB_26_hp_nmr_A,rnafold,prediction,6,1,6,0,6.0,6.0,6,[6],"[""legacy121_v1__1qwb_26_hp_nmr_a__legacy_gt__rnafold__historical_legacy121_v1""]"
legacy121_v1__1qwb_26_hp_nmr_a__legacy_gt__trrosettarna2_native_ss__historical_legacy121_v1,1QWB_26_hp_nmr_A,trrosettarna2_native_ss,prediction,10,2,10,0,5.0,5.0,8,"[8,2]","[""legacy121_v1__1qwb_26_hp_nmr_a__legacy_gt__trrosettarna2_native_ss__historical_legacy121_v1""]"
legacy121_v1__1r7w-34-hpbulge-nmr-a__legacy_gt__shared_inventory_v1,1R7W_34_hpbulge_nmr_A,ground_truth,ground_truth,12,2,12,0,6.0,6.0,7,"[7,5]","[""legacy121_v1__1r7w_34_hpbulge_nmr_a__legacy_gt__petfold__historical_legacy121_v1"",""legacy121_v1__1r7w_34_hpbulge_nmr_a__legacy_gt__rnafold__historical_legacy121_v1"",""legacy121_v1__1r7w_34_hpbulge_nmr_a__legacy_gt__trrosettarna2_native_ss__historical_legacy121_v1""]"
legacy121_v1__1r7w_34_hpbulge_nmr_a__legacy_gt__petfold__historical_legacy121_v1,1R7W_34_hpbulge_nmr_A,petfold,prediction,12,2,12,0,6.0,6.0,7,"[7,5]","[""legacy121_v1__1r7w_34_hpbulge_nmr_a__legacy_gt__petfold__historical_legacy121_v1""]"
legacy121_v1__1r7w_34_hpbulge_nmr_a__legacy_gt__rnafold__historical_legacy121_v1,1R7W_34_hpbulge_nmr_A,rnafold,prediction,12,2,12,0,6.0,6.0,7,"[7,5]","[""legacy121_v1__1r7w_34_hpbulge_nmr_a__legacy_gt__rnafold__historical_legacy121_v1""]"
legacy121_v1__1r7w_34_hpbulge_nmr_a__legacy_gt__trrosettarna2_native_ss__historical_legacy121_v1,1R7W_34_hpbulge_nmr_A,trrosettarna2_native_ss,prediction,13,2,13,0,6.5,6.5,7,"[7,6]","[""legacy121_v1__1r7w_34_hpbulge_nmr_a__legacy_gt__trrosettarna2_native_ss__historical_legacy121_v1""]"
legacy121_v1__1rht-24-hp-nmr-a__legacy_gt__shared_inventory_v1,1RHT_24_hp_nmr_A,ground_truth,ground_truth,6,1,5,1,5.0,5.0,5,[5],"[""legacy121_v1__1rht_24_hp_nmr_a__legacy_gt__petfold__historical_legacy121_v1"",""legacy121_v1__1rht_24_hp_nmr_a__legacy_gt__rnafold__historical_legacy121_v1"",""legacy121_v1__1rht_24_hp_nmr_a__legacy_gt__trrosettarna2_native_ss__historical_legacy121_v1""]"
legacy121_v1__1rht_24_hp_nmr_a__legacy_gt__petfold__historical_legacy121_v1,1RHT_24_hp_nmr_A,petfold,prediction,8,2,8,0,4.0,4.0,6,"[6,2]","[""legacy121_v1__1rht_24_hp_nmr_a__legacy_gt__petfold__historical_legacy121_v1""]"
legacy121_v1__1rht_24_hp_nmr_a__legacy_gt__rnafold__historical_legacy121_v1,1RHT_24_hp_nmr_A,rnafold,prediction,8,2,8,0,4.0,4.0,6,"[6,2]","[""legacy121_v1__1rht_24_hp_nmr_a__legacy_gt__rnafold__historical_legacy121_v1""]"
legacy121_v1__1rht_24_hp_nmr_a__legacy_gt__trrosettarna2_native_ss__historical_legacy121_v1,1RHT_24_hp_nmr_A,trrosettarna2_native_ss,prediction,8,2,8,0,4.0,4.0,6,"[6,2]","[""legacy121_v1__1rht_24_hp_nmr_a__legacy_gt__trrosettarna2_native_ss__historical_legacy121_v1""]"
legacy121_v1__1rnk-36-pseudoknot-nmr-a__legacy_gt__shared_inventory_v1,1RNK_36_pseudoknot_nmr_A,ground_truth,ground_truth,11,2,11,0,5.5,5.5,6,"[5,6]","[""legacy121_v1__1rnk_36_pseudoknot_nmr_a__legacy_gt__petfold__historical_legacy121_v1"",""legacy121_v1__1rnk_36_pseudoknot_nmr_a__legacy_gt__rnafold__historical_legacy121_v1"",""legacy121_v1__1rnk_36_pseudoknot_nmr_a__legacy_gt__trrosettarna2_native_ss__historical_legacy121_v1""]"
legacy121_v1__1rnk_36_pseudoknot_nmr_a__legacy_gt__petfold__historical_legacy121_v1,1RNK_36_pseudoknot_nmr_A,petfold,prediction,7,2,7,0,3.5,3.5,5,"[5,2]","[""legacy121_v1__1rnk_36_pseudoknot_nmr_a__legacy_gt__petfold__historical_legacy121_v1""]"
legacy121_v1__1rnk_36_pseudoknot_nmr_a__legacy_gt__rnafold__historical_legacy121_v1,1RNK_36_pseudoknot_nmr_A,rnafold,prediction,7,2,7,0,3.5,3.5,5,"[5,2]","[""legacy121_v1__1rnk_36_pseudoknot_nmr_a__legacy_gt__rnafold__historical_legacy121_v1""]"
legacy121_v1__1rnk_36_pseudoknot_nmr_a__legacy_gt__trrosettarna2_native_ss__historical_legacy121_v1,1RNK_36_pseudoknot_nmr_A,trrosettarna2_native_ss,prediction,11,2,10,1,5.0,5.0,5,"[5,5]","[""legacy121_v1__1rnk_36_pseudoknot_nmr_a__legacy_gt__trrosettarna2_native_ss__historical_legacy121_v1""]"
legacy121_v1__1s2f-23-hp-nmr-a__legacy_gt__shared_inventory_v1,1S2F_23_hp_nmr_A,ground_truth,ground_truth,9,2,9,0,4.5,4.5,6,"[6,3]","[""legacy121_v1__1s2f_23_hp_nmr_a__legacy_gt__petfold__historical_legacy121_v1"",""legacy121_v1__1s2f_23_hp_nmr_a__legacy_gt__rnafold__historical_legacy121_v1"",""legacy121_v1__1s2f_23_hp_nmr_a__legacy_gt__trrosettarna2_native_ss__historical_legacy121_v1""]"
legacy121_v1__1s2f_23_hp_nmr_a__legacy_gt__petfold__historical_legacy121_v1,1S2F_23_hp_nmr_A,petfold,prediction,9,2,9,0,4.5,4.5,6,"[6,3]","[""legacy121_v1__1s2f_23_hp_nmr_a__legacy_gt__petfold__historical_legacy121_v1""]"
legacy121_v1__1s2f_23_hp_nmr_a__legacy_gt__rnafold__historical_legacy121_v1,1S2F_23_hp_nmr_A,rnafold,prediction,9,2,9,0,4.5,4.5,6,"[6,3]","[""legacy121_v1__1s2f_23_hp_nmr_a__legacy_gt__rnafold__historical_legacy121_v1""]"
legacy121_v1__1s2f_23_hp_nmr_a__legacy_gt__trrosettarna2_native_ss__historical_legacy121_v1,1S2F_23_hp_nmr_A,trrosettarna2_native_ss,prediction,9,2,9,0,4.5,4.5,6,"[6,3]","[""legacy121_v1__1s2f_23_hp_nmr_a__legacy_gt__trrosettarna2_native_ss__historical_legacy121_v1""]"
legacy121_v1__1s9s-101-3wj-nmr-a__legacy_gt__shared_inventory_v1,1S9S_101_3wj_nmr_A,ground_truth,ground_truth,36,7,36,0,5.142857142857143,4.0,10,"[4,6,4,3,4,5,10]","[""legacy121_v1__1s9s_101_3wj_nmr_a__legacy_gt__petfold__historical_legacy121_v1"",""legacy121_v1__1s9s_101_3wj_nmr_a__legacy_gt__rnafold__historical_legacy121_v1"",""legacy121_v1__1s9s_101_3wj_nmr_a__legacy_gt__trrosettarna2_native_ss__historical_legacy121_v1""]"
legacy121_v1__1s9s_101_3wj_nmr_a__legacy_gt__petfold__historical_legacy121_v1,1S9S_101_3wj_nmr_A,petfold,prediction,36,7,36,0,5.142857142857143,4.0,10,"[4,6,4,3,4,5,10]","[""legacy121_v1__1s9s_101_3wj_nmr_a__legacy_gt__petfold__historical_legacy121_v1""]"
legacy121_v1__1s9s_101_3wj_nmr_a__legacy_gt__rnafold__historical_legacy121_v1,1S9S_101_3wj_nmr_A,rnafold,prediction,36,7,36,0,5.142857142857143,4.0,10,"[4,6,4,3,4,5,10]","[""legacy121_v1__1s9s_101_3wj_nmr_a__legacy_gt__rnafold__historical_legacy121_v1""]"
legacy121_v1__1s9s_101_3wj_nmr_a__legacy_gt__trrosettarna2_native_ss__historical_legacy121_v1,1S9S_101_3wj_nmr_A,trrosettarna2_native_ss,prediction,41,6,41,0,6.833333333333333,5.0,14,"[14,4,3,4,6,10]","[""legacy121_v1__1s9s_101_3wj_nmr_a__legacy_gt__trrosettarna2_native_ss__historical_legacy121_v1""]"
legacy121_v1__1t28-34-hpbulge-nmr-a__legacy_gt__shared_inventory_v1,1T28_34_hpbulge_nmr_A,ground_truth,ground_truth,7,2,5,2,2.5,2.5,3,"[2,3]","[""legacy121_v1__1t28_34_hpbulge_nmr_a__legacy_gt__petfold__historical_legacy121_v1"",""legacy121_v1__1t28_34_hpbulge_nmr_a__legacy_gt__rnafold__historical_legacy121_v1"",""legacy121_v1__1t28_34_hpbulge_nmr_a__legacy_gt__trrosettarna2_native_ss__historical_legacy121_v1""]"
legacy121_v1__1t28_34_hpbulge_nmr_a__legacy_gt__petfold__historical_legacy121_v1,1T28_34_hpbulge_nmr_A,petfold,prediction,10,1,10,0,10.0,10.0,10,[10],"[""legacy121_v1__1t28_34_hpbulge_nmr_a__legacy_gt__petfold__historical_legacy121_v1""]"
legacy121_v1__1t28_34_hpbulge_nmr_a__legacy_gt__rnafold__historical_legacy121_v1,1T28_34_hpbulge_nmr_A,rnafold,prediction,10,1,10,0,10.0,10.0,10,[10],"[""legacy121_v1__1t28_34_hpbulge_nmr_a__legacy_gt__rnafold__historical_legacy121_v1""]"
legacy121_v1__1t28_34_hpbulge_nmr_a__legacy_gt__trrosettarna2_native_ss__historical_legacy121_v1,1T28_34_hpbulge_nmr_A,trrosettarna2_native_ss,prediction,9,1,9,0,9.0,9.0,9,[9],"[""legacy121_v1__1t28_34_hpbulge_nmr_a__legacy_gt__trrosettarna2_native_ss__historical_legacy121_v1""]"
legacy121_v1__1tbk-17-hp-nmr-a__legacy_gt__shared_inventory_v1,1TBK_17_hp_nmr_A,ground_truth,ground_truth,6,1,6,0,6.0,6.0,6,[6],"[""legacy121_v1__1tbk_17_hp_nmr_a__legacy_gt__petfold__historical_legacy121_v1"",""legacy121_v1__1tbk_17_hp_nmr_a__legacy_gt__rnafold__historical_legacy121_v1"",""legacy121_v1__1tbk_17_hp_nmr_a__legacy_gt__trrosettarna2_native_ss__historical_legacy121_v1""]"
legacy121_v1__1tbk_17_hp_nmr_a__legacy_gt__petfold__historical_legacy121_v1,1TBK_17_hp_nmr_A,petfold,prediction,6,1,6,0,6.0,6.0,6,[6],"[""legacy121_v1__1tbk_17_hp_nmr_a__legacy_gt__petfold__historical_legacy121_v1""]"
legacy121_v1__1tbk_17_hp_nmr_a__legacy_gt__rnafold__historical_legacy121_v1,1TBK_17_hp_nmr_A,rnafold,prediction,6,1,6,0,6.0,6.0,6,[6],"[""legacy121_v1__1tbk_17_hp_nmr_a__legacy_gt__rnafold__historical_legacy121_v1""]"
legacy121_v1__1tbk_17_hp_nmr_a__legacy_gt__trrosettarna2_native_ss__historical_legacy121_v1,1TBK_17_hp_nmr_A,trrosettarna2_native_ss,prediction,6,1,6,0,6.0,6.0,6,[6],"[""legacy121_v1__1tbk_17_hp_nmr_a__legacy_gt__trrosettarna2_native_ss__historical_legacy121_v1""]"
legacy121_v1__1tjz-26-hp-nmr-a__legacy_gt__shared_inventory_v1,1TJZ_26_hp_nmr_A,ground_truth,ground_truth,7,2,7,0,3.5,3.5,4,"[3,4]","[""legacy121_v1__1tjz_26_hp_nmr_a__legacy_gt__petfold__historical_legacy121_v1"",""legacy121_v1__1tjz_26_hp_nmr_a__legacy_gt__rnafold__historical_legacy121_v1"",""legacy121_v1__1tjz_26_hp_nmr_a__legacy_gt__trrosettarna2_native_ss__historical_legacy121_v1""]"
legacy121_v1__1tjz_26_hp_nmr_a__legacy_gt__petfold__historical_legacy121_v1,1TJZ_26_hp_nmr_A,petfold,prediction,7,2,7,0,3.5,3.5,4,"[3,4]","[""legacy121_v1__1tjz_26_hp_nmr_a__legacy_gt__petfold__historical_legacy121_v1""]"
legacy121_v1__1tjz_26_hp_nmr_a__legacy_gt__rnafold__historical_legacy121_v1,1TJZ_26_hp_nmr_A,rnafold,prediction,7,2,7,0,3.5,3.5,4,"[3,4]","[""legacy121_v1__1tjz_26_hp_nmr_a__legacy_gt__rnafold__historical_legacy121_v1""]"
legacy121_v1__1tjz_26_hp_nmr_a__legacy_gt__trrosettarna2_native_ss__historical_legacy121_v1,1TJZ_26_hp_nmr_A,trrosettarna2_native_ss,prediction,10,1,10,0,10.0,10.0,10,[10],"[""legacy121_v1__1tjz_26_hp_nmr_a__legacy_gt__trrosettarna2_native_ss__historical_legacy121_v1""]"
legacy121_v1__1tlr-23-hp-nmr-a__legacy_gt__shared_inventory_v1,1TLR_23_hp_nmr_A,ground_truth,ground_truth,7,2,7,0,3.5,3.5,4,"[4,3]","[""legacy121_v1__1tlr_23_hp_nmr_a__legacy_gt__petfold__historical_legacy121_v1"",""legacy121_v1__1tlr_23_hp_nmr_a__legacy_gt__rnafold__historical_legacy121_v1"",""legacy121_v1__1tlr_23_hp_nmr_a__legacy_gt__trrosettarna2_native_ss__historical_legacy121_v1""]"
legacy121_v1__1tlr_23_hp_nmr_a__legacy_gt__petfold__historical_legacy121_v1,1TLR_23_hp_nmr_A,petfold,prediction,7,2,7,0,3.5,3.5,4,"[4,3]","[""legacy121_v1__1tlr_23_hp_nmr_a__legacy_gt__petfold__historical_legacy121_v1""]"
legacy121_v1__1tlr_23_hp_nmr_a__legacy_gt__rnafold__historical_legacy121_v1,1TLR_23_hp_nmr_A,rnafold,prediction,7,2,7,0,3.5,3.5,4,"[4,3]","[""legacy121_v1__1tlr_23_hp_nmr_a__legacy_gt__rnafold__historical_legacy121_v1""]"
legacy121_v1__1tlr_23_hp_nmr_a__legacy_gt__trrosettarna2_native_ss__historical_legacy121_v1,1TLR_23_hp_nmr_A,trrosettarna2_native_ss,prediction,9,2,9,0,4.5,4.5,5,"[5,4]","[""legacy121_v1__1tlr_23_hp_nmr_a__legacy_gt__trrosettarna2_native_ss__historical_legacy121_v1""]"
legacy121_v1__1uuu-19-hp-nmr-a__legacy_gt__shared_inventory_v1,1UUU_19_hp_nmr_A,ground_truth,ground_truth,6,1,6,0,6.0,6.0,6,[6],"[""legacy121_v1__1uuu_19_hp_nmr_a__legacy_gt__petfold__historical_legacy121_v1"",""legacy121_v1__1uuu_19_hp_nmr_a__legacy_gt__rnafold__historical_legacy121_v1"",""legacy121_v1__1uuu_19_hp_nmr_a__legacy_gt__trrosettarna2_native_ss__historical_legacy121_v1""]"
legacy121_v1__1uuu_19_hp_nmr_a__legacy_gt__petfold__historical_legacy121_v1,1UUU_19_hp_nmr_A,petfold,prediction,8,1,8,0,8.0,8.0,8,[8],"[""legacy121_v1__1uuu_19_hp_nmr_a__legacy_gt__petfold__historical_legacy121_v1""]"
legacy121_v1__1uuu_19_hp_nmr_a__legacy_gt__rnafold__historical_legacy121_v1,1UUU_19_hp_nmr_A,rnafold,prediction,8,1,8,0,8.0,8.0,8,[8],"[""legacy121_v1__1uuu_19_hp_nmr_a__legacy_gt__rnafold__historical_legacy121_v1""]"
legacy121_v1__1uuu_19_hp_nmr_a__legacy_gt__trrosettarna2_native_ss__historical_legacy121_v1,1UUU_19_hp_nmr_A,trrosettarna2_native_ss,prediction,7,1,6,1,6.0,6.0,6,[6],"[""legacy121_v1__1uuu_19_hp_nmr_a__legacy_gt__trrosettarna2_native_ss__historical_legacy121_v1""]"
legacy121_v1__1xwu-16-hp-nmr-a__legacy_gt__shared_inventory_v1,1XWU_16_hp_nmr_A,ground_truth,ground_truth,5,1,4,1,4.0,4.0,4,[4],"[""legacy121_v1__1xwu_16_hp_nmr_a__legacy_gt__petfold__historical_legacy121_v1"",""legacy121_v1__1xwu_16_hp_nmr_a__legacy_gt__rnafold__historical_legacy121_v1"",""legacy121_v1__1xwu_16_hp_nmr_a__legacy_gt__trrosettarna2_native_ss__historical_legacy121_v1""]"
legacy121_v1__1xwu_16_hp_nmr_a__legacy_gt__petfold__historical_legacy121_v1,1XWU_16_hp_nmr_A,petfold,prediction,4,1,4,0,4.0,4.0,4,[4],"[""legacy121_v1__1xwu_16_hp_nmr_a__legacy_gt__petfold__historical_legacy121_v1""]"
legacy121_v1__1xwu_16_hp_nmr_a__legacy_gt__rnafold__historical_legacy121_v1,1XWU_16_hp_nmr_A,rnafold,prediction,4,1,4,0,4.0,4.0,4,[4],"[""legacy121_v1__1xwu_16_hp_nmr_a__legacy_gt__rnafold__historical_legacy121_v1""]"
legacy121_v1__1xwu_16_hp_nmr_a__legacy_gt__trrosettarna2_native_ss__historical_legacy121_v1,1XWU_16_hp_nmr_A,trrosettarna2_native_ss,prediction,7,1,7,0,7.0,7.0,7,[7],"[""legacy121_v1__1xwu_16_hp_nmr_a__legacy_gt__trrosettarna2_native_ss__historical_legacy121_v1""]"
legacy121_v1__1ylg-31-hp-nmr-a__legacy_gt__shared_inventory_v1,1YLG_31_hp_nmr_A,ground_truth,ground_truth,10,2,10,0,5.0,5.0,6,"[6,4]","[""legacy121_v1__1ylg_31_hp_nmr_a__legacy_gt__petfold__historical_legacy121_v1"",""legacy121_v1__1ylg_31_hp_nmr_a__legacy_gt__rnafold__historical_legacy121_v1"",""legacy121_v1__1ylg_31_hp_nmr_a__legacy_gt__trrosettarna2_native_ss__historical_legacy121_v1""]"
legacy121_v1__1ylg_31_hp_nmr_a__legacy_gt__petfold__historical_legacy121_v1,1YLG_31_hp_nmr_A,petfold,prediction,12,2,11,1,5.5,5.5,7,"[7,4]","[""legacy121_v1__1ylg_31_hp_nmr_a__legacy_gt__petfold__historical_legacy121_v1""]"
legacy121_v1__1ylg_31_hp_nmr_a__legacy_gt__rnafold__historical_legacy121_v1,1YLG_31_hp_nmr_A,rnafold,prediction,11,2,11,0,5.5,5.5,7,"[7,4]","[""legacy121_v1__1ylg_31_hp_nmr_a__legacy_gt__rnafold__historical_legacy121_v1""]"
legacy121_v1__1ylg_31_hp_nmr_a__legacy_gt__trrosettarna2_native_ss__historical_legacy121_v1,1YLG_31_hp_nmr_A,trrosettarna2_native_ss,prediction,13,2,12,1,6.0,6.0,6,"[6,6]","[""legacy121_v1__1ylg_31_hp_nmr_a__legacy_gt__trrosettarna2_native_ss__historical_legacy121_v1""]"
legacy121_v1__1z31-32-hpbulge-nmr-a__legacy_gt__shared_inventory_v1,1Z31_32_hpbulge_nmr_A,ground_truth,ground_truth,11,3,11,0,3.6666666666666665,3.0,5,"[5,3,3]","[""legacy121_v1__1z31_32_hpbulge_nmr_a__legacy_gt__petfold__historical_legacy121_v1"",""legacy121_v1__1z31_32_hpbulge_nmr_a__legacy_gt__rnafold__historical_legacy121_v1"",""legacy121_v1__1z31_32_hpbulge_nmr_a__legacy_gt__trrosettarna2_native_ss__historical_legacy121_v1""]"
legacy121_v1__1z31_32_hpbulge_nmr_a__legacy_gt__petfold__historical_legacy121_v1,1Z31_32_hpbulge_nmr_A,petfold,prediction,11,3,11,0,3.6666666666666665,3.0,5,"[5,3,3]","[""legacy121_v1__1z31_32_hpbulge_nmr_a__legacy_gt__petfold__historical_legacy121_v1""]"
legacy121_v1__1z31_32_hpbulge_nmr_a__legacy_gt__rnafold__historical_legacy121_v1,1Z31_32_hpbulge_nmr_A,rnafold,prediction,11,3,11,0,3.6666666666666665,3.0,5,"[5,3,3]","[""legacy121_v1__1z31_32_hpbulge_nmr_a__legacy_gt__rnafold__historical_legacy121_v1""]"
legacy121_v1__1z31_32_hpbulge_nmr_a__legacy_gt__trrosettarna2_native_ss__historical_legacy121_v1,1Z31_32_hpbulge_nmr_A,trrosettarna2_native_ss,prediction,12,3,12,0,4.0,4.0,5,"[5,3,4]","[""legacy121_v1__1z31_32_hpbulge_nmr_a__legacy_gt__trrosettarna2_native_ss__historical_legacy121_v1""]"
legacy121_v1__2aht-27-hp-nmr-a__legacy_gt__shared_inventory_v1,2AHT_27_hp_nmr_A,ground_truth,ground_truth,10,2,10,0,5.0,5.0,6,"[6,4]","[""legacy121_v1__2aht_27_hp_nmr_a__legacy_gt__petfold__historical_legacy121_v1"",""legacy121_v1__2aht_27_hp_nmr_a__legacy_gt__rnafold__historical_legacy121_v1"",""legacy121_v1__2aht_27_hp_nmr_a__legacy_gt__trrosettarna2_native_ss__historical_legacy121_v1""]"
legacy121_v1__2aht_27_hp_nmr_a__legacy_gt__petfold__historical_legacy121_v1,2AHT_27_hp_nmr_A,petfold,prediction,11,2,11,0,5.5,5.5,7,"[7,4]","[""legacy121_v1__2aht_27_hp_nmr_a__legacy_gt__petfold__historical_legacy121_v1""]"
legacy121_v1__2aht_27_hp_nmr_a__legacy_gt__rnafold__historical_legacy121_v1,2AHT_27_hp_nmr_A,rnafold,prediction,11,2,11,0,5.5,5.5,7,"[7,4]","[""legacy121_v1__2aht_27_hp_nmr_a__legacy_gt__rnafold__historical_legacy121_v1""]"
legacy121_v1__2aht_27_hp_nmr_a__legacy_gt__trrosettarna2_native_ss__historical_legacy121_v1,2AHT_27_hp_nmr_A,trrosettarna2_native_ss,prediction,12,2,12,0,6.0,6.0,6,"[6,6]","[""legacy121_v1__2aht_27_hp_nmr_a__legacy_gt__trrosettarna2_native_ss__historical_legacy121_v1""]"
legacy121_v1__2es5-23-hp-nmr-a__legacy_gt__shared_inventory_v1,2ES5_23_hp_nmr_A,ground_truth,ground_truth,10,1,9,1,9.0,9.0,9,[9],"[""legacy121_v1__2es5_23_hp_nmr_a__legacy_gt__petfold__historical_legacy121_v1"",""legacy121_v1__2es5_23_hp_nmr_a__legacy_gt__rnafold__historical_legacy121_v1"",""legacy121_v1__2es5_23_hp_nmr_a__legacy_gt__trrosettarna2_native_ss__historical_legacy121_v1""]"
legacy121_v1__2es5_23_hp_nmr_a__legacy_gt__petfold__historical_legacy121_v1,2ES5_23_hp_nmr_A,petfold,prediction,9,1,9,0,9.0,9.0,9,[9],"[""legacy121_v1__2es5_23_hp_nmr_a__legacy_gt__petfold__historical_legacy121_v1""]"
legacy121_v1__2es5_23_hp_nmr_a__legacy_gt__rnafold__historical_legacy121_v1,2ES5_23_hp_nmr_A,rnafold,prediction,9,1,9,0,9.0,9.0,9,[9],"[""legacy121_v1__2es5_23_hp_nmr_a__legacy_gt__rnafold__historical_legacy121_v1""]"
legacy121_v1__2es5_23_hp_nmr_a__legacy_gt__trrosettarna2_native_ss__historical_legacy121_v1,2ES5_23_hp_nmr_A,trrosettarna2_native_ss,prediction,10,1,9,1,9.0,9.0,9,[9],"[""legacy121_v1__2es5_23_hp_nmr_a__legacy_gt__trrosettarna2_native_ss__historical_legacy121_v1""]"
legacy121_v1__2euy-34-hp-nmr-a__legacy_gt__shared_inventory_v1,2EUY_34_hp_nmr_A,ground_truth,ground_truth,11,2,10,1,5.0,5.0,6,"[6,4]","[""legacy121_v1__2euy_34_hp_nmr_a__legacy_gt__petfold__historical_legacy121_v1"",""legacy121_v1__2euy_34_hp_nmr_a__legacy_gt__rnafold__historical_legacy121_v1"",""legacy121_v1__2euy_34_hp_nmr_a__legacy_gt__trrosettarna2_native_ss__historical_legacy121_v1""]"
legacy121_v1__2euy_34_hp_nmr_a__legacy_gt__petfold__historical_legacy121_v1,2EUY_34_hp_nmr_A,petfold,prediction,12,3,12,0,4.0,4.0,6,"[6,2,4]","[""legacy121_v1__2euy_34_hp_nmr_a__legacy_gt__petfold__historical_legacy121_v1""]"
legacy121_v1__2euy_34_hp_nmr_a__legacy_gt__rnafold__historical_legacy121_v1,2EUY_34_hp_nmr_A,rnafold,prediction,12,3,12,0,4.0,4.0,6,"[6,2,4]","[""legacy121_v1__2euy_34_hp_nmr_a__legacy_gt__rnafold__historical_legacy121_v1""]"
legacy121_v1__2euy_34_hp_nmr_a__legacy_gt__trrosettarna2_native_ss__historical_legacy121_v1,2EUY_34_hp_nmr_A,trrosettarna2_native_ss,prediction,14,2,14,0,7.0,7.0,8,"[6,8]","[""legacy121_v1__2euy_34_hp_nmr_a__legacy_gt__trrosettarna2_native_ss__historical_legacy121_v1""]"
legacy121_v1__2fdt-35-hp-nmr-a__legacy_gt__shared_inventory_v1,2FDT_35_hp_nmr_A,ground_truth,ground_truth,14,2,13,1,6.5,6.5,7,"[7,6]","[""legacy121_v1__2fdt_35_hp_nmr_a__legacy_gt__petfold__historical_legacy121_v1"",""legacy121_v1__2fdt_35_hp_nmr_a__legacy_gt__rnafold__historical_legacy121_v1"",""legacy121_v1__2fdt_35_hp_nmr_a__legacy_gt__trrosettarna2_native_ss__historical_legacy121_v1""]"
legacy121_v1__2fdt_35_hp_nmr_a__legacy_gt__petfold__historical_legacy121_v1,2FDT_35_hp_nmr_A,petfold,prediction,13,2,13,0,6.5,6.5,7,"[7,6]","[""legacy121_v1__2fdt_35_hp_nmr_a__legacy_gt__petfold__historical_legacy121_v1""]"
legacy121_v1__2fdt_35_hp_nmr_a__legacy_gt__rnafold__historical_legacy121_v1,2FDT_35_hp_nmr_A,rnafold,prediction,14,2,13,1,6.5,6.5,7,"[7,6]","[""legacy121_v1__2fdt_35_hp_nmr_a__legacy_gt__rnafold__historical_legacy121_v1""]"
legacy121_v1__2fdt_35_hp_nmr_a__legacy_gt__trrosettarna2_native_ss__historical_legacy121_v1,2FDT_35_hp_nmr_A,trrosettarna2_native_ss,prediction,15,2,14,1,7.0,7.0,7,"[7,7]","[""legacy121_v1__2fdt_35_hp_nmr_a__legacy_gt__trrosettarna2_native_ss__historical_legacy121_v1""]"
legacy121_v1__2gio-29-hp-nmr-a__legacy_gt__shared_inventory_v1,2GIO_29_hp_nmr_A,ground_truth,ground_truth,9,2,8,1,4.0,4.0,5,"[5,3]","[""legacy121_v1__2gio_29_hp_nmr_a__legacy_gt__petfold__historical_legacy121_v1"",""legacy121_v1__2gio_29_hp_nmr_a__legacy_gt__rnafold__historical_legacy121_v1"",""legacy121_v1__2gio_29_hp_nmr_a__legacy_gt__trrosettarna2_native_ss__historical_legacy121_v1""]"
legacy121_v1__2gio_29_hp_nmr_a__legacy_gt__petfold__historical_legacy121_v1,2GIO_29_hp_nmr_A,petfold,prediction,8,2,8,0,4.0,4.0,5,"[5,3]","[""legacy121_v1__2gio_29_hp_nmr_a__legacy_gt__petfold__historical_legacy121_v1""]"
legacy121_v1__2gio_29_hp_nmr_a__legacy_gt__rnafold__historical_legacy121_v1,2GIO_29_hp_nmr_A,rnafold,prediction,9,2,8,1,4.0,4.0,5,"[5,3]","[""legacy121_v1__2gio_29_hp_nmr_a__legacy_gt__rnafold__historical_legacy121_v1""]"
legacy121_v1__2gio_29_hp_nmr_a__legacy_gt__trrosettarna2_native_ss__historical_legacy121_v1,2GIO_29_hp_nmr_A,trrosettarna2_native_ss,prediction,13,2,13,0,6.5,6.5,7,"[7,6]","[""legacy121_v1__2gio_29_hp_nmr_a__legacy_gt__trrosettarna2_native_ss__historical_legacy121_v1""]"
legacy121_v1__2gv3-22-hp-nmr-a__legacy_gt__shared_inventory_v1,2GV3_22_hp_nmr_A,ground_truth,ground_truth,8,1,7,1,7.0,7.0,7,[7],"[""legacy121_v1__2gv3_22_hp_nmr_a__legacy_gt__petfold__historical_legacy121_v1"",""legacy121_v1__2gv3_22_hp_nmr_a__legacy_gt__rnafold__historical_legacy121_v1"",""legacy121_v1__2gv3_22_hp_nmr_a__legacy_gt__trrosettarna2_native_ss__historical_legacy121_v1""]"
legacy121_v1__2gv3_22_hp_nmr_a__legacy_gt__petfold__historical_legacy121_v1,2GV3_22_hp_nmr_A,petfold,prediction,7,1,7,0,7.0,7.0,7,[7],"[""legacy121_v1__2gv3_22_hp_nmr_a__legacy_gt__petfold__historical_legacy121_v1""]"
legacy121_v1__2gv3_22_hp_nmr_a__legacy_gt__rnafold__historical_legacy121_v1,2GV3_22_hp_nmr_A,rnafold,prediction,7,1,7,0,7.0,7.0,7,[7],"[""legacy121_v1__2gv3_22_hp_nmr_a__legacy_gt__rnafold__historical_legacy121_v1""]"
legacy121_v1__2gv3_22_hp_nmr_a__legacy_gt__trrosettarna2_native_ss__historical_legacy121_v1,2GV3_22_hp_nmr_A,trrosettarna2_native_ss,prediction,8,1,7,1,7.0,7.0,7,[7],"[""legacy121_v1__2gv3_22_hp_nmr_a__legacy_gt__trrosettarna2_native_ss__historical_legacy121_v1""]"
legacy121_v1__2hua-40-hpbulge-nmr-a__legacy_gt__shared_inventory_v1,2HUA_40_hpbulge_nmr_A,ground_truth,ground_truth,12,3,11,1,3.6666666666666665,2.0,7,"[7,2,2]","[""legacy121_v1__2hua_40_hpbulge_nmr_a__legacy_gt__petfold__historical_legacy121_v1"",""legacy121_v1__2hua_40_hpbulge_nmr_a__legacy_gt__rnafold__historical_legacy121_v1"",""legacy121_v1__2hua_40_hpbulge_nmr_a__legacy_gt__trrosettarna2_native_ss__historical_legacy121_v1""]"
legacy121_v1__2hua_40_hpbulge_nmr_a__legacy_gt__petfold__historical_legacy121_v1,2HUA_40_hpbulge_nmr_A,petfold,prediction,12,3,11,1,3.6666666666666665,2.0,7,"[7,2,2]","[""legacy121_v1__2hua_40_hpbulge_nmr_a__legacy_gt__petfold__historical_legacy121_v1""]"
legacy121_v1__2hua_40_hpbulge_nmr_a__legacy_gt__rnafold__historical_legacy121_v1,2HUA_40_hpbulge_nmr_A,rnafold,prediction,11,3,11,0,3.6666666666666665,2.0,7,"[7,2,2]","[""legacy121_v1__2hua_40_hpbulge_nmr_a__legacy_gt__rnafold__historical_legacy121_v1""]"
legacy121_v1__2hua_40_hpbulge_nmr_a__legacy_gt__trrosettarna2_native_ss__historical_legacy121_v1,2HUA_40_hpbulge_nmr_A,trrosettarna2_native_ss,prediction,15,3,14,1,4.666666666666667,3.0,8,"[8,3,3]","[""legacy121_v1__2hua_40_hpbulge_nmr_a__legacy_gt__trrosettarna2_native_ss__historical_legacy121_v1""]"
legacy121_v1__2jtp-34-hp-nmr-a__legacy_gt__shared_inventory_v1,2JTP_34_hp_nmr_A,ground_truth,ground_truth,13,2,13,0,6.5,6.5,11,"[11,2]","[""legacy121_v1__2jtp_34_hp_nmr_a__legacy_gt__petfold__historical_legacy121_v1"",""legacy121_v1__2jtp_34_hp_nmr_a__legacy_gt__rnafold__historical_legacy121_v1"",""legacy121_v1__2jtp_34_hp_nmr_a__legacy_gt__trrosettarna2_native_ss__historical_legacy121_v1""]"
legacy121_v1__2jtp_34_hp_nmr_a__legacy_gt__petfold__historical_legacy121_v1,2JTP_34_hp_nmr_A,petfold,prediction,13,2,13,0,6.5,6.5,11,"[11,2]","[""legacy121_v1__2jtp_34_hp_nmr_a__legacy_gt__petfold__historical_legacy121_v1""]"
legacy121_v1__2jtp_34_hp_nmr_a__legacy_gt__rnafold__historical_legacy121_v1,2JTP_34_hp_nmr_A,rnafold,prediction,13,2,13,0,6.5,6.5,11,"[11,2]","[""legacy121_v1__2jtp_34_hp_nmr_a__legacy_gt__rnafold__historical_legacy121_v1""]"
legacy121_v1__2jtp_34_hp_nmr_a__legacy_gt__trrosettarna2_native_ss__historical_legacy121_v1,2JTP_34_hp_nmr_A,trrosettarna2_native_ss,prediction,14,2,14,0,7.0,7.0,12,"[12,2]","[""legacy121_v1__2jtp_34_hp_nmr_a__legacy_gt__trrosettarna2_native_ss__historical_legacy121_v1""]"
legacy121_v1__2k5z-29-hp-nmr-a__legacy_gt__shared_inventory_v1,2K5Z_29_hp_nmr_A,ground_truth,ground_truth,11,3,11,0,3.6666666666666665,4.0,5,"[4,5,2]","[""legacy121_v1__2k5z_29_hp_nmr_a__legacy_gt__petfold__historical_legacy121_v1"",""legacy121_v1__2k5z_29_hp_nmr_a__legacy_gt__rnafold__historical_legacy121_v1"",""legacy121_v1__2k5z_29_hp_nmr_a__legacy_gt__trrosettarna2_native_ss__historical_legacy121_v1""]"
legacy121_v1__2k5z_29_hp_nmr_a__legacy_gt__petfold__historical_legacy121_v1,2K5Z_29_hp_nmr_A,petfold,prediction,11,3,11,0,3.6666666666666665,4.0,5,"[4,5,2]","[""legacy121_v1__2k5z_29_hp_nmr_a__legacy_gt__petfold__historical_legacy121_v1""]"
legacy121_v1__2k5z_29_hp_nmr_a__legacy_gt__rnafold__historical_legacy121_v1,2K5Z_29_hp_nmr_A,rnafold,prediction,11,3,11,0,3.6666666666666665,4.0,5,"[4,5,2]","[""legacy121_v1__2k5z_29_hp_nmr_a__legacy_gt__rnafold__historical_legacy121_v1""]"
legacy121_v1__2k5z_29_hp_nmr_a__legacy_gt__trrosettarna2_native_ss__historical_legacy121_v1,2K5Z_29_hp_nmr_A,trrosettarna2_native_ss,prediction,13,2,13,0,6.5,6.5,9,"[4,9]","[""legacy121_v1__2k5z_29_hp_nmr_a__legacy_gt__trrosettarna2_native_ss__historical_legacy121_v1""]"
legacy121_v1__2k95-48-pseudoknot-nmr-a__legacy_gt__shared_inventory_v1,2K95_48_pseudoknot_nmr_A,ground_truth,ground_truth,15,3,15,0,5.0,6.0,6,"[6,6,3]","[""legacy121_v1__2k95_48_pseudoknot_nmr_a__legacy_gt__petfold__historical_legacy121_v1"",""legacy121_v1__2k95_48_pseudoknot_nmr_a__legacy_gt__rnafold__historical_legacy121_v1"",""legacy121_v1__2k95_48_pseudoknot_nmr_a__legacy_gt__trrosettarna2_native_ss__historical_legacy121_v1""]"
legacy121_v1__2k95_48_pseudoknot_nmr_a__legacy_gt__petfold__historical_legacy121_v1,2K95_48_pseudoknot_nmr_A,petfold,prediction,8,2,8,0,4.0,4.0,6,"[6,2]","[""legacy121_v1__2k95_48_pseudoknot_nmr_a__legacy_gt__petfold__historical_legacy121_v1""]"
legacy121_v1__2k95_48_pseudoknot_nmr_a__legacy_gt__rnafold__historical_legacy121_v1,2K95_48_pseudoknot_nmr_A,rnafold,prediction,8,2,8,0,4.0,4.0,6,"[6,2]","[""legacy121_v1__2k95_48_pseudoknot_nmr_a__legacy_gt__rnafold__historical_legacy121_v1""]"
legacy121_v1__2k95_48_pseudoknot_nmr_a__legacy_gt__trrosettarna2_native_ss__historical_legacy121_v1,2K95_48_pseudoknot_nmr_A,trrosettarna2_native_ss,prediction,16,4,14,2,3.5,3.0,6,"[6,2,4,2]","[""legacy121_v1__2k95_48_pseudoknot_nmr_a__legacy_gt__trrosettarna2_native_ss__historical_legacy121_v1""]"
legacy121_v1__2kd8-22-hp-nmr-a__legacy_gt__shared_inventory_v1,2KD8_22_hp_nmr_A,ground_truth,ground_truth,9,1,9,0,9.0,9.0,9,[9],"[""legacy121_v1__2kd8_22_hp_nmr_a__legacy_gt__petfold__historical_legacy121_v1"",""legacy121_v1__2kd8_22_hp_nmr_a__legacy_gt__rnafold__historical_legacy121_v1"",""legacy121_v1__2kd8_22_hp_nmr_a__legacy_gt__trrosettarna2_native_ss__historical_legacy121_v1""]"
legacy121_v1__2kd8_22_hp_nmr_a__legacy_gt__petfold__historical_legacy121_v1,2KD8_22_hp_nmr_A,petfold,prediction,9,1,9,0,9.0,9.0,9,[9],"[""legacy121_v1__2kd8_22_hp_nmr_a__legacy_gt__petfold__historical_legacy121_v1""]"
legacy121_v1__2kd8_22_hp_nmr_a__legacy_gt__rnafold__historical_legacy121_v1,2KD8_22_hp_nmr_A,rnafold,prediction,9,1,9,0,9.0,9.0,9,[9],"[""legacy121_v1__2kd8_22_hp_nmr_a__legacy_gt__rnafold__historical_legacy121_v1""]"
legacy121_v1__2kd8_22_hp_nmr_a__legacy_gt__trrosettarna2_native_ss__historical_legacy121_v1,2KD8_22_hp_nmr_A,trrosettarna2_native_ss,prediction,9,1,9,0,9.0,9.0,9,[9],"[""legacy121_v1__2kd8_22_hp_nmr_a__legacy_gt__trrosettarna2_native_ss__historical_legacy121_v1""]"
legacy121_v1__2ke6-49-hp-nmr-a__legacy_gt__shared_inventory_v1,2KE6_49_hp_nmr_A,ground_truth,ground_truth,18,4,18,0,4.5,4.0,7,"[5,3,3,7]","[""legacy121_v1__2ke6_49_hp_nmr_a__legacy_gt__petfold__historical_legacy121_v1"",""legacy121_v1__2ke6_49_hp_nmr_a__legacy_gt__rnafold__historical_legacy121_v1"",""legacy121_v1__2ke6_49_hp_nmr_a__legacy_gt__trrosettarna2_native_ss__historical_legacy121_v1""]"
legacy121_v1__2ke6_49_hp_nmr_a__legacy_gt__petfold__historical_legacy121_v1,2KE6_49_hp_nmr_A,petfold,prediction,19,3,19,0,6.333333333333333,7.0,8,"[8,4,7]","[""legacy121_v1__2ke6_49_hp_nmr_a__legacy_gt__petfold__historical_legacy121_v1""]"
legacy121_v1__2ke6_49_hp_nmr_a__legacy_gt__rnafold__historical_legacy121_v1,2KE6_49_hp_nmr_A,rnafold,prediction,19,3,19,0,6.333333333333333,7.0,9,"[9,3,7]","[""legacy121_v1__2ke6_49_hp_nmr_a__legacy_gt__rnafold__historical_legacy121_v1""]"
legacy121_v1__2ke6_49_hp_nmr_a__legacy_gt__trrosettarna2_native_ss__historical_legacy121_v1,2KE6_49_hp_nmr_A,trrosettarna2_native_ss,prediction,19,4,18,1,4.5,4.0,7,"[5,3,3,7]","[""legacy121_v1__2ke6_49_hp_nmr_a__legacy_gt__trrosettarna2_native_ss__historical_legacy121_v1""]"
legacy121_v1__2khy-38-hpbulge-nmr-a__legacy_gt__shared_inventory_v1,2KHY_38_hpbulge_nmr_A,ground_truth,ground_truth,9,2,9,0,4.5,4.5,5,"[5,4]","[""legacy121_v1__2khy_38_hpbulge_nmr_a__legacy_gt__petfold__historical_legacy121_v1"",""legacy121_v1__2khy_38_hpbulge_nmr_a__legacy_gt__rnafold__historical_legacy121_v1"",""legacy121_v1__2khy_38_hpbulge_nmr_a__legacy_gt__trrosettarna2_native_ss__historical_legacy121_v1""]"
legacy121_v1__2khy_38_hpbulge_nmr_a__legacy_gt__petfold__historical_legacy121_v1,2KHY_38_hpbulge_nmr_A,petfold,prediction,10,2,10,0,5.0,5.0,6,"[6,4]","[""legacy121_v1__2khy_38_hpbulge_nmr_a__legacy_gt__petfold__historical_legacy121_v1""]"
legacy121_v1__2khy_38_hpbulge_nmr_a__legacy_gt__rnafold__historical_legacy121_v1,2KHY_38_hpbulge_nmr_A,rnafold,prediction,10,2,10,0,5.0,5.0,6,"[6,4]","[""legacy121_v1__2khy_38_hpbulge_nmr_a__legacy_gt__rnafold__historical_legacy121_v1""]"
legacy121_v1__2khy_38_hpbulge_nmr_a__legacy_gt__trrosettarna2_native_ss__historical_legacy121_v1,2KHY_38_hpbulge_nmr_A,trrosettarna2_native_ss,prediction,15,2,13,2,6.5,6.5,7,"[6,7]","[""legacy121_v1__2khy_38_hpbulge_nmr_a__legacy_gt__trrosettarna2_native_ss__historical_legacy121_v1""]"
legacy121_v1__2kpv-34-hpbulge-nmr-a__legacy_gt__shared_inventory_v1,2KPV_34_hpbulge_nmr_A,ground_truth,ground_truth,13,3,12,1,4.0,4.0,4,"[4,4,4]","[""legacy121_v1__2kpv_34_hpbulge_nmr_a__legacy_gt__petfold__historical_legacy121_v1"",""legacy121_v1__2kpv_34_hpbulge_nmr_a__legacy_gt__rnafold__historical_legacy121_v1"",""legacy121_v1__2kpv_34_hpbulge_nmr_a__legacy_gt__trrosettarna2_native_ss__historical_legacy121_v1""]"
legacy121_v1__2kpv_34_hpbulge_nmr_a__legacy_gt__petfold__historical_legacy121_v1,2KPV_34_hpbulge_nmr_A,petfold,prediction,12,3,12,0,4.0,4.0,4,"[4,4,4]","[""legacy121_v1__2kpv_34_hpbulge_nmr_a__legacy_gt__petfold__historical_legacy121_v1""]"
legacy121_v1__2kpv_34_hpbulge_nmr_a__legacy_gt__rnafold__historical_legacy121_v1,2KPV_34_hpbulge_nmr_A,rnafold,prediction,12,3,12,0,4.0,4.0,4,"[4,4,4]","[""legacy121_v1__2kpv_34_hpbulge_nmr_a__legacy_gt__rnafold__historical_legacy121_v1""]"
legacy121_v1__2kpv_34_hpbulge_nmr_a__legacy_gt__trrosettarna2_native_ss__historical_legacy121_v1,2KPV_34_hpbulge_nmr_A,trrosettarna2_native_ss,prediction,14,3,13,1,4.333333333333333,4.0,5,"[4,4,5]","[""legacy121_v1__2kpv_34_hpbulge_nmr_a__legacy_gt__trrosettarna2_native_ss__historical_legacy121_v1""]"
legacy121_v1__2krl-102-3wj-nmr-a__legacy_gt__shared_inventory_v1,2KRL_102_3wj_nmr_A,ground_truth,ground_truth,28,5,27,1,5.4,5.0,9,"[7,9,2,4,5]","[""legacy121_v1__2krl_102_3wj_nmr_a__legacy_gt__petfold__historical_legacy121_v1"",""legacy121_v1__2krl_102_3wj_nmr_a__legacy_gt__rnafold__historical_legacy121_v1"",""legacy121_v1__2krl_102_3wj_nmr_a__legacy_gt__trrosettarna2_native_ss__historical_legacy121_v1""]"
legacy121_v1__2krl_102_3wj_nmr_a__legacy_gt__petfold__historical_legacy121_v1,2KRL_102_3wj_nmr_A,petfold,prediction,30,4,30,0,7.5,8.5,10,"[8,9,10,3]","[""legacy121_v1__2krl_102_3wj_nmr_a__legacy_gt__petfold__historical_legacy121_v1""]"
legacy121_v1__2krl_102_3wj_nmr_a__legacy_gt__rnafold__historical_legacy121_v1,2KRL_102_3wj_nmr_A,rnafold,prediction,29,5,29,0,5.8,5.0,9,"[8,9,4,5,3]","[""legacy121_v1__2krl_102_3wj_nmr_a__legacy_gt__rnafold__historical_legacy121_v1""]"
legacy121_v1__2krl_102_3wj_nmr_a__legacy_gt__trrosettarna2_native_ss__historical_legacy121_v1,2KRL_102_3wj_nmr_A,trrosettarna2_native_ss,prediction,36,6,35,1,5.833333333333333,5.5,10,"[8,3,7,3,10,4]","[""legacy121_v1__2krl_102_3wj_nmr_a__legacy_gt__trrosettarna2_native_ss__historical_legacy121_v1""]"
legacy121_v1__2kvn-17-hp-nmr-a__legacy_gt__shared_inventory_v1,2KVN_17_hp_nmr_A,ground_truth,ground_truth,5,1,5,0,5.0,5.0,5,[5],"[""legacy121_v1__2kvn_17_hp_nmr_a__legacy_gt__petfold__historical_legacy121_v1"",""legacy121_v1__2kvn_17_hp_nmr_a__legacy_gt__rnafold__historical_legacy121_v1"",""legacy121_v1__2kvn_17_hp_nmr_a__legacy_gt__trrosettarna2_native_ss__historical_legacy121_v1""]"
legacy121_v1__2kvn_17_hp_nmr_a__legacy_gt__petfold__historical_legacy121_v1,2KVN_17_hp_nmr_A,petfold,prediction,5,1,5,0,5.0,5.0,5,[5],"[""legacy121_v1__2kvn_17_hp_nmr_a__legacy_gt__petfold__historical_legacy121_v1""]"
legacy121_v1__2kvn_17_hp_nmr_a__legacy_gt__rnafold__historical_legacy121_v1,2KVN_17_hp_nmr_A,rnafold,prediction,5,1,5,0,5.0,5.0,5,[5],"[""legacy121_v1__2kvn_17_hp_nmr_a__legacy_gt__rnafold__historical_legacy121_v1""]"
legacy121_v1__2kvn_17_hp_nmr_a__legacy_gt__trrosettarna2_native_ss__historical_legacy121_v1,2KVN_17_hp_nmr_A,trrosettarna2_native_ss,prediction,6,1,6,0,6.0,6.0,6,[6],"[""legacy121_v1__2kvn_17_hp_nmr_a__legacy_gt__trrosettarna2_native_ss__historical_legacy121_v1""]"
legacy121_v1__2kzl-55-hpbulge-nmr-a__legacy_gt__shared_inventory_v1,2KZL_55_hpbulge_nmr_A,ground_truth,ground_truth,13,3,13,0,4.333333333333333,4.0,5,"[5,4,4]","[""legacy121_v1__2kzl_55_hpbulge_nmr_a__legacy_gt__petfold__historical_legacy121_v1"",""legacy121_v1__2kzl_55_hpbulge_nmr_a__legacy_gt__rnafold__historical_legacy121_v1"",""legacy121_v1__2kzl_55_hpbulge_nmr_a__legacy_gt__trrosettarna2_native_ss__historical_legacy121_v1""]"
legacy121_v1__2kzl_55_hpbulge_nmr_a__legacy_gt__petfold__historical_legacy121_v1,2KZL_55_hpbulge_nmr_A,petfold,prediction,14,3,14,0,4.666666666666667,4.0,6,"[6,4,4]","[""legacy121_v1__2kzl_55_hpbulge_nmr_a__legacy_gt__petfold__historical_legacy121_v1""]"
legacy121_v1__2kzl_55_hpbulge_nmr_a__legacy_gt__rnafold__historical_legacy121_v1,2KZL_55_hpbulge_nmr_A,rnafold,prediction,14,3,14,0,4.666666666666667,4.0,6,"[6,4,4]","[""legacy121_v1__2kzl_55_hpbulge_nmr_a__legacy_gt__rnafold__historical_legacy121_v1""]"
legacy121_v1__2kzl_55_hpbulge_nmr_a__legacy_gt__trrosettarna2_native_ss__historical_legacy121_v1,2KZL_55_hpbulge_nmr_A,trrosettarna2_native_ss,prediction,21,3,20,1,6.666666666666667,7.0,7,"[6,7,7]","[""legacy121_v1__2kzl_55_hpbulge_nmr_a__legacy_gt__trrosettarna2_native_ss__historical_legacy121_v1""]"
legacy121_v1__2l2j-42-hp-nmr-a__legacy_gt__shared_inventory_v1,2L2J_42_hp_nmr_A,ground_truth,ground_truth,17,3,17,0,5.666666666666667,4.0,9,"[4,9,4]","[""legacy121_v1__2l2j_42_hp_nmr_a__legacy_gt__petfold__historical_legacy121_v1"",""legacy121_v1__2l2j_42_hp_nmr_a__legacy_gt__rnafold__historical_legacy121_v1"",""legacy121_v1__2l2j_42_hp_nmr_a__legacy_gt__trrosettarna2_native_ss__historical_legacy121_v1""]"
legacy121_v1__2l2j_42_hp_nmr_a__legacy_gt__petfold__historical_legacy121_v1,2L2J_42_hp_nmr_A,petfold,prediction,19,1,19,0,19.0,19.0,19,[19],"[""legacy121_v1__2l2j_42_hp_nmr_a__legacy_gt__petfold__historical_legacy121_v1""]"
legacy121_v1__2l2j_42_hp_nmr_a__legacy_gt__rnafold__historical_legacy121_v1,2L2J_42_hp_nmr_A,rnafold,prediction,17,3,17,0,5.666666666666667,4.0,9,"[4,9,4]","[""legacy121_v1__2l2j_42_hp_nmr_a__legacy_gt__rnafold__historical_legacy121_v1""]"
legacy121_v1__2l2j_42_hp_nmr_a__legacy_gt__trrosettarna2_native_ss__historical_legacy121_v1,2L2J_42_hp_nmr_A,trrosettarna2_native_ss,prediction,20,1,20,0,20.0,20.0,20,[20],"[""legacy121_v1__2l2j_42_hp_nmr_a__legacy_gt__trrosettarna2_native_ss__historical_legacy121_v1""]"
legacy121_v1__2l3e-35-hpbulge-nmr-a__legacy_gt__shared_inventory_v1,2L3E_35_hpbulge_nmr_A,ground_truth,ground_truth,13,2,13,0,6.5,6.5,7,"[7,6]","[""legacy121_v1__2l3e_35_hpbulge_nmr_a__legacy_gt__petfold__historical_legacy121_v1"",""legacy121_v1__2l3e_35_hpbulge_nmr_a__legacy_gt__rnafold__historical_legacy121_v1"",""legacy121_v1__2l3e_35_hpbulge_nmr_a__legacy_gt__trrosettarna2_native_ss__historical_legacy121_v1""]"
legacy121_v1__2l3e_35_hpbulge_nmr_a__legacy_gt__petfold__historical_legacy121_v1,2L3E_35_hpbulge_nmr_A,petfold,prediction,13,2,13,0,6.5,6.5,7,"[7,6]","[""legacy121_v1__2l3e_35_hpbulge_nmr_a__legacy_gt__petfold__historical_legacy121_v1""]"
legacy121_v1__2l3e_35_hpbulge_nmr_a__legacy_gt__rnafold__historical_legacy121_v1,2L3E_35_hpbulge_nmr_A,rnafold,prediction,13,2,13,0,6.5,6.5,7,"[7,6]","[""legacy121_v1__2l3e_35_hpbulge_nmr_a__legacy_gt__rnafold__historical_legacy121_v1""]"
legacy121_v1__2l3e_35_hpbulge_nmr_a__legacy_gt__trrosettarna2_native_ss__historical_legacy121_v1,2L3E_35_hpbulge_nmr_A,trrosettarna2_native_ss,prediction,14,2,14,0,7.0,7.0,7,"[7,7]","[""legacy121_v1__2l3e_35_hpbulge_nmr_a__legacy_gt__trrosettarna2_native_ss__historical_legacy121_v1""]"
legacy121_v1__2l5z-26-hpbulge-nmr-a__legacy_gt__shared_inventory_v1,2L5Z_26_hpbulge_nmr_A,ground_truth,ground_truth,9,2,9,0,4.5,4.5,6,"[6,3]","[""legacy121_v1__2l5z_26_hpbulge_nmr_a__legacy_gt__petfold__historical_legacy121_v1"",""legacy121_v1__2l5z_26_hpbulge_nmr_a__legacy_gt__rnafold__historical_legacy121_v1"",""legacy121_v1__2l5z_26_hpbulge_nmr_a__legacy_gt__trrosettarna2_native_ss__historical_legacy121_v1""]"
legacy121_v1__2l5z_26_hpbulge_nmr_a__legacy_gt__petfold__historical_legacy121_v1,2L5Z_26_hpbulge_nmr_A,petfold,prediction,9,2,9,0,4.5,4.5,6,"[6,3]","[""legacy121_v1__2l5z_26_hpbulge_nmr_a__legacy_gt__petfold__historical_legacy121_v1""]"
legacy121_v1__2l5z_26_hpbulge_nmr_a__legacy_gt__rnafold__historical_legacy121_v1,2L5Z_26_hpbulge_nmr_A,rnafold,prediction,9,2,9,0,4.5,4.5,6,"[6,3]","[""legacy121_v1__2l5z_26_hpbulge_nmr_a__legacy_gt__rnafold__historical_legacy121_v1""]"
legacy121_v1__2l5z_26_hpbulge_nmr_a__legacy_gt__trrosettarna2_native_ss__historical_legacy121_v1,2L5Z_26_hpbulge_nmr_A,trrosettarna2_native_ss,prediction,11,2,11,0,5.5,5.5,6,"[6,5]","[""legacy121_v1__2l5z_26_hpbulge_nmr_a__legacy_gt__trrosettarna2_native_ss__historical_legacy121_v1""]"
legacy121_v1__2lbl-17-hp-nmr-a__legacy_gt__shared_inventory_v1,2LBL_17_hp_nmr_A,ground_truth,ground_truth,5,1,5,0,5.0,5.0,5,[5],"[""legacy121_v1__2lbl_17_hp_nmr_a__legacy_gt__petfold__historical_legacy121_v1"",""legacy121_v1__2lbl_17_hp_nmr_a__legacy_gt__rnafold__historical_legacy121_v1"",""legacy121_v1__2lbl_17_hp_nmr_a__legacy_gt__trrosettarna2_native_ss__historical_legacy121_v1""]"
legacy121_v1__2lbl_17_hp_nmr_a__legacy_gt__petfold__historical_legacy121_v1,2LBL_17_hp_nmr_A,petfold,prediction,5,1,5,0,5.0,5.0,5,[5],"[""legacy121_v1__2lbl_17_hp_nmr_a__legacy_gt__petfold__historical_legacy121_v1""]"
legacy121_v1__2lbl_17_hp_nmr_a__legacy_gt__rnafold__historical_legacy121_v1,2LBL_17_hp_nmr_A,rnafold,prediction,5,1,5,0,5.0,5.0,5,[5],"[""legacy121_v1__2lbl_17_hp_nmr_a__legacy_gt__rnafold__historical_legacy121_v1""]"
legacy121_v1__2lbl_17_hp_nmr_a__legacy_gt__trrosettarna2_native_ss__historical_legacy121_v1,2LBL_17_hp_nmr_A,trrosettarna2_native_ss,prediction,5,1,5,0,5.0,5.0,5,[5],"[""legacy121_v1__2lbl_17_hp_nmr_a__legacy_gt__trrosettarna2_native_ss__historical_legacy121_v1""]"
legacy121_v1__2ldl-27-hp-nmr-a__legacy_gt__shared_inventory_v1,2LDL_27_hp_nmr_A,ground_truth,ground_truth,9,2,9,0,4.5,4.5,6,"[6,3]","[""legacy121_v1__2ldl_27_hp_nmr_a__legacy_gt__petfold__historical_legacy121_v1"",""legacy121_v1__2ldl_27_hp_nmr_a__legacy_gt__rnafold__historical_legacy121_v1"",""legacy121_v1__2ldl_27_hp_nmr_a__legacy_gt__trrosettarna2_native_ss__historical_legacy121_v1""]"
legacy121_v1__2ldl_27_hp_nmr_a__legacy_gt__petfold__historical_legacy121_v1,2LDL_27_hp_nmr_A,petfold,prediction,11,1,11,0,11.0,11.0,11,[11],"[""legacy121_v1__2ldl_27_hp_nmr_a__legacy_gt__petfold__historical_legacy121_v1""]"
legacy121_v1__2ldl_27_hp_nmr_a__legacy_gt__rnafold__historical_legacy121_v1,2LDL_27_hp_nmr_A,rnafold,prediction,10,2,10,0,5.0,5.0,6,"[6,4]","[""legacy121_v1__2ldl_27_hp_nmr_a__legacy_gt__rnafold__historical_legacy121_v1""]"
legacy121_v1__2ldl_27_hp_nmr_a__legacy_gt__trrosettarna2_native_ss__historical_legacy121_v1,2LDL_27_hp_nmr_A,trrosettarna2_native_ss,prediction,10,1,10,0,10.0,10.0,10,[10],"[""legacy121_v1__2ldl_27_hp_nmr_a__legacy_gt__trrosettarna2_native_ss__historical_legacy121_v1""]"
legacy121_v1__2ldt-31-hp-nmr-a__legacy_gt__shared_inventory_v1,2LDT_31_hp_nmr_A,ground_truth,ground_truth,11,2,11,0,5.5,5.5,7,"[7,4]","[""legacy121_v1__2ldt_31_hp_nmr_a__legacy_gt__petfold__historical_legacy121_v1"",""legacy121_v1__2ldt_31_hp_nmr_a__legacy_gt__rnafold__historical_legacy121_v1"",""legacy121_v1__2ldt_31_hp_nmr_a__legacy_gt__trrosettarna2_native_ss__historical_legacy121_v1""]"
legacy121_v1__2ldt_31_hp_nmr_a__legacy_gt__petfold__historical_legacy121_v1,2LDT_31_hp_nmr_A,petfold,prediction,11,2,11,0,5.5,5.5,7,"[7,4]","[""legacy121_v1__2ldt_31_hp_nmr_a__legacy_gt__petfold__historical_legacy121_v1""]"
legacy121_v1__2ldt_31_hp_nmr_a__legacy_gt__rnafold__historical_legacy121_v1,2LDT_31_hp_nmr_A,rnafold,prediction,11,2,11,0,5.5,5.5,7,"[7,4]","[""legacy121_v1__2ldt_31_hp_nmr_a__legacy_gt__rnafold__historical_legacy121_v1""]"
legacy121_v1__2ldt_31_hp_nmr_a__legacy_gt__trrosettarna2_native_ss__historical_legacy121_v1,2LDT_31_hp_nmr_A,trrosettarna2_native_ss,prediction,13,2,12,1,6.0,6.0,7,"[7,5]","[""legacy121_v1__2ldt_31_hp_nmr_a__legacy_gt__trrosettarna2_native_ss__historical_legacy121_v1""]"
legacy121_v1__2lhp-37-hp-nmr-a__legacy_gt__shared_inventory_v1,2LHP_37_hp_nmr_A,ground_truth,ground_truth,15,2,15,0,7.5,7.5,9,"[9,6]","[""legacy121_v1__2lhp_37_hp_nmr_a__legacy_gt__petfold__historical_legacy121_v1"",""legacy121_v1__2lhp_37_hp_nmr_a__legacy_gt__rnafold__historical_legacy121_v1"",""legacy121_v1__2lhp_37_hp_nmr_a__legacy_gt__trrosettarna2_native_ss__historical_legacy121_v1""]"
legacy121_v1__2lhp_37_hp_nmr_a__legacy_gt__petfold__historical_legacy121_v1,2LHP_37_hp_nmr_A,petfold,prediction,15,2,15,0,7.5,7.5,9,"[9,6]","[""legacy121_v1__2lhp_37_hp_nmr_a__legacy_gt__petfold__historical_legacy121_v1""]"
legacy121_v1__2lhp_37_hp_nmr_a__legacy_gt__rnafold__historical_legacy121_v1,2LHP_37_hp_nmr_A,rnafold,prediction,15,2,15,0,7.5,7.5,9,"[9,6]","[""legacy121_v1__2lhp_37_hp_nmr_a__legacy_gt__rnafold__historical_legacy121_v1""]"
legacy121_v1__2lhp_37_hp_nmr_a__legacy_gt__trrosettarna2_native_ss__historical_legacy121_v1,2LHP_37_hp_nmr_A,trrosettarna2_native_ss,prediction,17,2,17,0,8.5,8.5,10,"[10,7]","[""legacy121_v1__2lhp_37_hp_nmr_a__legacy_gt__trrosettarna2_native_ss__historical_legacy121_v1""]"
legacy121_v1__2li4-32-hp-nmr-a__legacy_gt__shared_inventory_v1,2LI4_32_hp_nmr_A,ground_truth,ground_truth,14,1,14,0,14.0,14.0,14,[14],"[""legacy121_v1__2li4_32_hp_nmr_a__legacy_gt__petfold__historical_legacy121_v1"",""legacy121_v1__2li4_32_hp_nmr_a__legacy_gt__rnafold__historical_legacy121_v1"",""legacy121_v1__2li4_32_hp_nmr_a__legacy_gt__trrosettarna2_native_ss__historical_legacy121_v1""]"
legacy121_v1__2li4_32_hp_nmr_a__legacy_gt__petfold__historical_legacy121_v1,2LI4_32_hp_nmr_A,petfold,prediction,14,1,14,0,14.0,14.0,14,[14],"[""legacy121_v1__2li4_32_hp_nmr_a__legacy_gt__petfold__historical_legacy121_v1""]"
legacy121_v1__2li4_32_hp_nmr_a__legacy_gt__rnafold__historical_legacy121_v1,2LI4_32_hp_nmr_A,rnafold,prediction,14,1,14,0,14.0,14.0,14,[14],"[""legacy121_v1__2li4_32_hp_nmr_a__legacy_gt__rnafold__historical_legacy121_v1""]"
legacy121_v1__2li4_32_hp_nmr_a__legacy_gt__trrosettarna2_native_ss__historical_legacy121_v1,2LI4_32_hp_nmr_A,trrosettarna2_native_ss,prediction,15,1,15,0,15.0,15.0,15,[15],"[""legacy121_v1__2li4_32_hp_nmr_a__legacy_gt__trrosettarna2_native_ss__historical_legacy121_v1""]"
legacy121_v1__2ljj-27-hpbulge-nmr-a__legacy_gt__shared_inventory_v1,2LJJ_27_hpbulge_nmr_A,ground_truth,ground_truth,9,2,9,0,4.5,4.5,5,"[4,5]","[""legacy121_v1__2ljj_27_hpbulge_nmr_a__legacy_gt__petfold__historical_legacy121_v1"",""legacy121_v1__2ljj_27_hpbulge_nmr_a__legacy_gt__rnafold__historical_legacy121_v1"",""legacy121_v1__2ljj_27_hpbulge_nmr_a__legacy_gt__trrosettarna2_native_ss__historical_legacy121_v1""]"
legacy121_v1__2ljj_27_hpbulge_nmr_a__legacy_gt__petfold__historical_legacy121_v1,2LJJ_27_hpbulge_nmr_A,petfold,prediction,10,2,10,0,5.0,5.0,5,"[5,5]","[""legacy121_v1__2ljj_27_hpbulge_nmr_a__legacy_gt__petfold__historical_legacy121_v1""]"
legacy121_v1__2ljj_27_hpbulge_nmr_a__legacy_gt__rnafold__historical_legacy121_v1,2LJJ_27_hpbulge_nmr_A,rnafold,prediction,10,2,10,0,5.0,5.0,5,"[5,5]","[""legacy121_v1__2ljj_27_hpbulge_nmr_a__legacy_gt__rnafold__historical_legacy121_v1""]"
legacy121_v1__2ljj_27_hpbulge_nmr_a__legacy_gt__trrosettarna2_native_ss__historical_legacy121_v1,2LJJ_27_hpbulge_nmr_A,trrosettarna2_native_ss,prediction,9,2,9,0,4.5,4.5,5,"[4,5]","[""legacy121_v1__2ljj_27_hpbulge_nmr_a__legacy_gt__trrosettarna2_native_ss__historical_legacy121_v1""]"
legacy121_v1__2lk3-24-hpbulge-nmr-a__legacy_gt__shared_inventory_v1,2LK3_24_hpbulge_nmr_A,ground_truth,ground_truth,9,2,9,0,4.5,4.5,5,"[4,5]","[""legacy121_v1__2lk3_24_hpbulge_nmr_a__legacy_gt__petfold__historical_legacy121_v1"",""legacy121_v1__2lk3_24_hpbulge_nmr_a__legacy_gt__rnafold__historical_legacy121_v1"",""legacy121_v1__2lk3_24_hpbulge_nmr_a__legacy_gt__trrosettarna2_native_ss__historical_legacy121_v1""]"
legacy121_v1__2lk3_24_hpbulge_nmr_a__legacy_gt__petfold__historical_legacy121_v1,2LK3_24_hpbulge_nmr_A,petfold,prediction,9,2,9,0,4.5,4.5,5,"[4,5]","[""legacy121_v1__2lk3_24_hpbulge_nmr_a__legacy_gt__petfold__historical_legacy121_v1""]"
legacy121_v1__2lk3_24_hpbulge_nmr_a__legacy_gt__rnafold__historical_legacy121_v1,2LK3_24_hpbulge_nmr_A,rnafold,prediction,9,2,9,0,4.5,4.5,5,"[4,5]","[""legacy121_v1__2lk3_24_hpbulge_nmr_a__legacy_gt__rnafold__historical_legacy121_v1""]"
legacy121_v1__2lk3_24_hpbulge_nmr_a__legacy_gt__trrosettarna2_native_ss__historical_legacy121_v1,2LK3_24_hpbulge_nmr_A,trrosettarna2_native_ss,prediction,10,2,10,0,5.0,5.0,6,"[4,6]","[""legacy121_v1__2lk3_24_hpbulge_nmr_a__legacy_gt__trrosettarna2_native_ss__historical_legacy121_v1""]"
legacy121_v1__2lkr-110-3wj-nmr-a__legacy_gt__shared_inventory_v1,2LKR_110_3wj_nmr_A,ground_truth,ground_truth,33,7,33,0,4.714285714285714,3.0,12,"[3,3,5,3,4,3,12]","[""legacy121_v1__2lkr_110_3wj_nmr_a__legacy_gt__petfold__historical_legacy121_v1"",""legacy121_v1__2lkr_110_3wj_nmr_a__legacy_gt__rnafold__historical_legacy121_v1"",""legacy121_v1__2lkr_110_3wj_nmr_a__legacy_gt__trrosettarna2_native_ss__historical_legacy121_v1""]"
legacy121_v1__2lkr_110_3wj_nmr_a__legacy_gt__petfold__historical_legacy121_v1,2LKR_110_3wj_nmr_A,petfold,prediction,37,8,37,0,4.625,4.0,12,"[4,4,5,3,4,3,12,2]","[""legacy121_v1__2lkr_110_3wj_nmr_a__legacy_gt__petfold__historical_legacy121_v1""]"
legacy121_v1__2lkr_110_3wj_nmr_a__legacy_gt__rnafold__historical_legacy121_v1,2LKR_110_3wj_nmr_A,rnafold,prediction,39,8,37,2,4.625,4.0,11,"[4,4,5,3,4,3,11,3]","[""legacy121_v1__2lkr_110_3wj_nmr_a__legacy_gt__rnafold__historical_legacy121_v1""]"
legacy121_v1__2lkr_110_3wj_nmr_a__legacy_gt__trrosettarna2_native_ss__historical_legacy121_v1,2LKR_110_3wj_nmr_A,trrosettarna2_native_ss,prediction,37,7,37,0,5.285714285714286,4.0,13,"[4,4,5,3,4,4,13]","[""legacy121_v1__2lkr_110_3wj_nmr_a__legacy_gt__trrosettarna2_native_ss__historical_legacy121_v1""]"
legacy121_v1__2lqz-27-hpbulge-nmr-a__legacy_gt__shared_inventory_v1,2LQZ_27_hpbulge_nmr_A,ground_truth,ground_truth,8,2,8,0,4.0,4.0,5,"[5,3]","[""legacy121_v1__2lqz_27_hpbulge_nmr_a__legacy_gt__petfold__historical_legacy121_v1"",""legacy121_v1__2lqz_27_hpbulge_nmr_a__legacy_gt__rnafold__historical_legacy121_v1"",""legacy121_v1__2lqz_27_hpbulge_nmr_a__legacy_gt__trrosettarna2_native_ss__historical_legacy121_v1""]"
legacy121_v1__2lqz_27_hpbulge_nmr_a__legacy_gt__petfold__historical_legacy121_v1,2LQZ_27_hpbulge_nmr_A,petfold,prediction,10,2,10,0,5.0,5.0,6,"[6,4]","[""legacy121_v1__2lqz_27_hpbulge_nmr_a__legacy_gt__petfold__historical_legacy121_v1""]"
legacy121_v1__2lqz_27_hpbulge_nmr_a__legacy_gt__rnafold__historical_legacy121_v1,2LQZ_27_hpbulge_nmr_A,rnafold,prediction,10,2,10,0,5.0,5.0,6,"[6,4]","[""legacy121_v1__2lqz_27_hpbulge_nmr_a__legacy_gt__rnafold__historical_legacy121_v1""]"
legacy121_v1__2lqz_27_hpbulge_nmr_a__legacy_gt__trrosettarna2_native_ss__historical_legacy121_v1,2LQZ_27_hpbulge_nmr_A,trrosettarna2_native_ss,prediction,10,2,10,0,5.0,5.0,5,"[5,5]","[""legacy121_v1__2lqz_27_hpbulge_nmr_a__legacy_gt__trrosettarna2_native_ss__historical_legacy121_v1""]"
legacy121_v1__2lu0-49-3wj-nmr-a__legacy_gt__shared_inventory_v1,2LU0_49_3wj_nmr_A,ground_truth,ground_truth,16,4,16,0,4.0,4.5,5,"[5,4,2,5]","[""legacy121_v1__2lu0_49_3wj_nmr_a__legacy_gt__petfold__historical_legacy121_v1"",""legacy121_v1__2lu0_49_3wj_nmr_a__legacy_gt__rnafold__historical_legacy121_v1"",""legacy121_v1__2lu0_49_3wj_nmr_a__legacy_gt__trrosettarna2_native_ss__historical_legacy121_v1""]"
legacy121_v1__2lu0_49_3wj_nmr_a__legacy_gt__petfold__historical_legacy121_v1,2LU0_49_3wj_nmr_A,petfold,prediction,16,4,16,0,4.0,4.5,5,"[5,4,2,5]","[""legacy121_v1__2lu0_49_3wj_nmr_a__legacy_gt__petfold__historical_legacy121_v1""]"
legacy121_v1__2lu0_49_3wj_nmr_a__legacy_gt__rnafold__historical_legacy121_v1,2LU0_49_3wj_nmr_A,rnafold,prediction,16,4,16,0,4.0,4.5,5,"[5,4,2,5]","[""legacy121_v1__2lu0_49_3wj_nmr_a__legacy_gt__rnafold__historical_legacy121_v1""]"
legacy121_v1__2lu0_49_3wj_nmr_a__legacy_gt__trrosettarna2_native_ss__historical_legacy121_v1,2LU0_49_3wj_nmr_A,trrosettarna2_native_ss,prediction,20,4,18,2,4.5,4.5,6,"[5,4,3,6]","[""legacy121_v1__2lu0_49_3wj_nmr_a__legacy_gt__trrosettarna2_native_ss__historical_legacy121_v1""]"
legacy121_v1__2lun-28-hp-nmr-a__legacy_gt__shared_inventory_v1,2LUN_28_hp_nmr_A,ground_truth,ground_truth,9,2,8,1,4.0,4.0,4,"[4,4]","[""legacy121_v1__2lun_28_hp_nmr_a__legacy_gt__petfold__historical_legacy121_v1"",""legacy121_v1__2lun_28_hp_nmr_a__legacy_gt__rnafold__historical_legacy121_v1"",""legacy121_v1__2lun_28_hp_nmr_a__legacy_gt__trrosettarna2_native_ss__historical_legacy121_v1""]"
legacy121_v1__2lun_28_hp_nmr_a__legacy_gt__petfold__historical_legacy121_v1,2LUN_28_hp_nmr_A,petfold,prediction,8,2,8,0,4.0,4.0,4,"[4,4]","[""legacy121_v1__2lun_28_hp_nmr_a__legacy_gt__petfold__historical_legacy121_v1""]"
legacy121_v1__2lun_28_hp_nmr_a__legacy_gt__rnafold__historical_legacy121_v1,2LUN_28_hp_nmr_A,rnafold,prediction,9,2,8,1,4.0,4.0,4,"[4,4]","[""legacy121_v1__2lun_28_hp_nmr_a__legacy_gt__rnafold__historical_legacy121_v1""]"
legacy121_v1__2lun_28_hp_nmr_a__legacy_gt__trrosettarna2_native_ss__historical_legacy121_v1,2LUN_28_hp_nmr_A,trrosettarna2_native_ss,prediction,12,1,12,0,12.0,12.0,12,[12],"[""legacy121_v1__2lun_28_hp_nmr_a__legacy_gt__trrosettarna2_native_ss__historical_legacy121_v1""]"
legacy121_v1__2m12-23-hp-nmr-a__legacy_gt__shared_inventory_v1,2M12_23_hp_nmr_A,ground_truth,ground_truth,6,1,6,0,6.0,6.0,6,[6],"[""legacy121_v1__2m12_23_hp_nmr_a__legacy_gt__petfold__historical_legacy121_v1"",""legacy121_v1__2m12_23_hp_nmr_a__legacy_gt__rnafold__historical_legacy121_v1"",""legacy121_v1__2m12_23_hp_nmr_a__legacy_gt__trrosettarna2_native_ss__historical_legacy121_v1""]"
legacy121_v1__2m12_23_hp_nmr_a__legacy_gt__petfold__historical_legacy121_v1,2M12_23_hp_nmr_A,petfold,prediction,6,1,6,0,6.0,6.0,6,[6],"[""legacy121_v1__2m12_23_hp_nmr_a__legacy_gt__petfold__historical_legacy121_v1""]"
legacy121_v1__2m12_23_hp_nmr_a__legacy_gt__rnafold__historical_legacy121_v1,2M12_23_hp_nmr_A,rnafold,prediction,6,1,6,0,6.0,6.0,6,[6],"[""legacy121_v1__2m12_23_hp_nmr_a__legacy_gt__rnafold__historical_legacy121_v1""]"
legacy121_v1__2m12_23_hp_nmr_a__legacy_gt__trrosettarna2_native_ss__historical_legacy121_v1,2M12_23_hp_nmr_A,trrosettarna2_native_ss,prediction,7,1,6,1,6.0,6.0,6,[6],"[""legacy121_v1__2m12_23_hp_nmr_a__legacy_gt__trrosettarna2_native_ss__historical_legacy121_v1""]"
legacy121_v1__2m21-21-hp-nmr-a__legacy_gt__shared_inventory_v1,2M21_21_hp_nmr_A,ground_truth,ground_truth,7,1,7,0,7.0,7.0,7,[7],"[""legacy121_v1__2m21_21_hp_nmr_a__legacy_gt__petfold__historical_legacy121_v1"",""legacy121_v1__2m21_21_hp_nmr_a__legacy_gt__rnafold__historical_legacy121_v1"",""legacy121_v1__2m21_21_hp_nmr_a__legacy_gt__trrosettarna2_native_ss__historical_legacy121_v1""]"
legacy121_v1__2m21_21_hp_nmr_a__legacy_gt__petfold__historical_legacy121_v1,2M21_21_hp_nmr_A,petfold,prediction,7,1,7,0,7.0,7.0,7,[7],"[""legacy121_v1__2m21_21_hp_nmr_a__legacy_gt__petfold__historical_legacy121_v1""]"
legacy121_v1__2m21_21_hp_nmr_a__legacy_gt__rnafold__historical_legacy121_v1,2M21_21_hp_nmr_A,rnafold,prediction,7,1,7,0,7.0,7.0,7,[7],"[""legacy121_v1__2m21_21_hp_nmr_a__legacy_gt__rnafold__historical_legacy121_v1""]"
legacy121_v1__2m21_21_hp_nmr_a__legacy_gt__trrosettarna2_native_ss__historical_legacy121_v1,2M21_21_hp_nmr_A,trrosettarna2_native_ss,prediction,8,1,8,0,8.0,8.0,8,[8],"[""legacy121_v1__2m21_21_hp_nmr_a__legacy_gt__trrosettarna2_native_ss__historical_legacy121_v1""]"
legacy121_v1__2m8k-48-pseudoknot-nmr-a__legacy_gt__shared_inventory_v1,2M8K_48_pseudoknot_nmr_A,ground_truth,ground_truth,17,2,15,2,7.5,7.5,10,"[5,10]","[""legacy121_v1__2m8k_48_pseudoknot_nmr_a__legacy_gt__petfold__historical_legacy121_v1"",""legacy121_v1__2m8k_48_pseudoknot_nmr_a__legacy_gt__rnafold__historical_legacy121_v1"",""legacy121_v1__2m8k_48_pseudoknot_nmr_a__legacy_gt__trrosettarna2_native_ss__historical_legacy121_v1""]"
legacy121_v1__2m8k_48_pseudoknot_nmr_a__legacy_gt__petfold__historical_legacy121_v1,2M8K_48_pseudoknot_nmr_A,petfold,prediction,16,2,16,0,8.0,8.0,12,"[12,4]","[""legacy121_v1__2m8k_48_pseudoknot_nmr_a__legacy_gt__petfold__historical_legacy121_v1""]"
legacy121_v1__2m8k_48_pseudoknot_nmr_a__legacy_gt__rnafold__historical_legacy121_v1,2M8K_48_pseudoknot_nmr_A,rnafold,prediction,16,2,15,1,7.5,7.5,11,"[11,4]","[""legacy121_v1__2m8k_48_pseudoknot_nmr_a__legacy_gt__rnafold__historical_legacy121_v1""]"
legacy121_v1__2m8k_48_pseudoknot_nmr_a__legacy_gt__trrosettarna2_native_ss__historical_legacy121_v1,2M8K_48_pseudoknot_nmr_A,trrosettarna2_native_ss,prediction,17,3,15,2,5.0,5.0,5,"[5,5,5]","[""legacy121_v1__2m8k_48_pseudoknot_nmr_a__legacy_gt__trrosettarna2_native_ss__historical_legacy121_v1""]"
legacy121_v1__2meq-19-hp-nmr-a__legacy_gt__shared_inventory_v1,2MEQ_19_hp_nmr_A,ground_truth,ground_truth,5,1,5,0,5.0,5.0,5,[5],"[""legacy121_v1__2meq_19_hp_nmr_a__legacy_gt__petfold__historical_legacy121_v1"",""legacy121_v1__2meq_19_hp_nmr_a__legacy_gt__rnafold__historical_legacy121_v1"",""legacy121_v1__2meq_19_hp_nmr_a__legacy_gt__trrosettarna2_native_ss__historical_legacy121_v1""]"
legacy121_v1__2meq_19_hp_nmr_a__legacy_gt__petfold__historical_legacy121_v1,2MEQ_19_hp_nmr_A,petfold,prediction,6,1,6,0,6.0,6.0,6,[6],"[""legacy121_v1__2meq_19_hp_nmr_a__legacy_gt__petfold__historical_legacy121_v1""]"
legacy121_v1__2meq_19_hp_nmr_a__legacy_gt__rnafold__historical_legacy121_v1,2MEQ_19_hp_nmr_A,rnafold,prediction,6,1,6,0,6.0,6.0,6,[6],"[""legacy121_v1__2meq_19_hp_nmr_a__legacy_gt__rnafold__historical_legacy121_v1""]"
legacy121_v1__2meq_19_hp_nmr_a__legacy_gt__trrosettarna2_native_ss__historical_legacy121_v1,2MEQ_19_hp_nmr_A,trrosettarna2_native_ss,prediction,6,1,6,0,6.0,6.0,6,[6],"[""legacy121_v1__2meq_19_hp_nmr_a__legacy_gt__trrosettarna2_native_ss__historical_legacy121_v1""]"
legacy121_v1__2mhi-53-3wj-nmr-a__legacy_gt__shared_inventory_v1,2MHI_53_3wj_nmr_A,ground_truth,ground_truth,20,4,18,2,4.5,4.0,7,"[7,4,4,3]","[""legacy121_v1__2mhi_53_3wj_nmr_a__legacy_gt__petfold__historical_legacy121_v1"",""legacy121_v1__2mhi_53_3wj_nmr_a__legacy_gt__rnafold__historical_legacy121_v1"",""legacy121_v1__2mhi_53_3wj_nmr_a__legacy_gt__trrosettarna2_native_ss__historical_legacy121_v1""]"
legacy121_v1__2mhi_53_3wj_nmr_a__legacy_gt__petfold__historical_legacy121_v1,2MHI_53_3wj_nmr_A,petfold,prediction,20,4,20,0,5.0,4.5,7,"[7,5,4,4]","[""legacy121_v1__2mhi_53_3wj_nmr_a__legacy_gt__petfold__historical_legacy121_v1""]"
legacy121_v1__2mhi_53_3wj_nmr_a__legacy_gt__rnafold__historical_legacy121_v1,2MHI_53_3wj_nmr_A,rnafold,prediction,20,4,20,0,5.0,4.5,7,"[7,5,4,4]","[""legacy121_v1__2mhi_53_3wj_nmr_a__legacy_gt__rnafold__historical_legacy121_v1""]"
legacy121_v1__2mhi_53_3wj_nmr_a__legacy_gt__trrosettarna2_native_ss__historical_legacy121_v1,2MHI_53_3wj_nmr_A,trrosettarna2_native_ss,prediction,22,4,21,1,5.25,5.0,7,"[7,5,4,5]","[""legacy121_v1__2mhi_53_3wj_nmr_a__legacy_gt__trrosettarna2_native_ss__historical_legacy121_v1""]"
legacy121_v1__2mqt-68-hpbulge-nmr-a__legacy_gt__shared_inventory_v1,2MQT_68_hpbulge_nmr_A,ground_truth,ground_truth,25,5,25,0,5.0,4.0,8,"[5,8,4,4,4]","[""legacy121_v1__2mqt_68_hpbulge_nmr_a__legacy_gt__petfold__historical_legacy121_v1"",""legacy121_v1__2mqt_68_hpbulge_nmr_a__legacy_gt__rnafold__historical_legacy121_v1"",""legacy121_v1__2mqt_68_hpbulge_nmr_a__legacy_gt__trrosettarna2_native_ss__historical_legacy121_v1""]"
legacy121_v1__2mqt_68_hpbulge_nmr_a__legacy_gt__petfold__historical_legacy121_v1,2MQT_68_hpbulge_nmr_A,petfold,prediction,28,4,28,0,7.0,5.0,14,"[14,6,4,4]","[""legacy121_v1__2mqt_68_hpbulge_nmr_a__legacy_gt__petfold__historical_legacy121_v1""]"
legacy121_v1__2mqt_68_hpbulge_nmr_a__legacy_gt__rnafold__historical_legacy121_v1,2MQT_68_hpbulge_nmr_A,rnafold,prediction,27,5,27,0,5.4,5.0,8,"[5,8,6,4,4]","[""legacy121_v1__2mqt_68_hpbulge_nmr_a__legacy_gt__rnafold__historical_legacy121_v1""]"
legacy121_v1__2mqt_68_hpbulge_nmr_a__legacy_gt__trrosettarna2_native_ss__historical_legacy121_v1,2MQT_68_hpbulge_nmr_A,trrosettarna2_native_ss,prediction,29,3,29,0,9.666666666666666,10.0,14,"[14,10,5]","[""legacy121_v1__2mqt_68_hpbulge_nmr_a__legacy_gt__trrosettarna2_native_ss__historical_legacy121_v1""]"
legacy121_v1__2mtj-47-3wj-nmr-a__legacy_gt__shared_inventory_v1,2MTJ_47_3wj_nmr_A,ground_truth,ground_truth,15,3,15,0,5.0,5.0,6,"[5,6,4]","[""legacy121_v1__2mtj_47_3wj_nmr_a__legacy_gt__petfold__historical_legacy121_v1"",""legacy121_v1__2mtj_47_3wj_nmr_a__legacy_gt__rnafold__historical_legacy121_v1"",""legacy121_v1__2mtj_47_3wj_nmr_a__legacy_gt__trrosettarna2_native_ss__historical_legacy121_v1""]"
legacy121_v1__2mtj_47_3wj_nmr_a__legacy_gt__petfold__historical_legacy121_v1,2MTJ_47_3wj_nmr_A,petfold,prediction,15,3,15,0,5.0,5.0,5,"[5,5,5]","[""legacy121_v1__2mtj_47_3wj_nmr_a__legacy_gt__petfold__historical_legacy121_v1""]"
legacy121_v1__2mtj_47_3wj_nmr_a__legacy_gt__rnafold__historical_legacy121_v1,2MTJ_47_3wj_nmr_A,rnafold,prediction,15,3,15,0,5.0,5.0,5,"[5,5,5]","[""legacy121_v1__2mtj_47_3wj_nmr_a__legacy_gt__rnafold__historical_legacy121_v1""]"
legacy121_v1__2mtj_47_3wj_nmr_a__legacy_gt__trrosettarna2_native_ss__historical_legacy121_v1,2MTJ_47_3wj_nmr_A,trrosettarna2_native_ss,prediction,18,3,17,1,5.666666666666667,6.0,6,"[6,6,5]","[""legacy121_v1__2mtj_47_3wj_nmr_a__legacy_gt__trrosettarna2_native_ss__historical_legacy121_v1""]"
legacy121_v1__2mxl-39-hp-nmr-a__legacy_gt__shared_inventory_v1,2MXL_39_hp_nmr_A,ground_truth,ground_truth,13,3,13,0,4.333333333333333,4.0,7,"[7,4,2]","[""legacy121_v1__2mxl_39_hp_nmr_a__legacy_gt__petfold__historical_legacy121_v1"",""legacy121_v1__2mxl_39_hp_nmr_a__legacy_gt__rnafold__historical_legacy121_v1"",""legacy121_v1__2mxl_39_hp_nmr_a__legacy_gt__trrosettarna2_native_ss__historical_legacy121_v1""]"
legacy121_v1__2mxl_39_hp_nmr_a__legacy_gt__petfold__historical_legacy121_v1,2MXL_39_hp_nmr_A,petfold,prediction,13,3,13,0,4.333333333333333,4.0,7,"[7,4,2]","[""legacy121_v1__2mxl_39_hp_nmr_a__legacy_gt__petfold__historical_legacy121_v1""]"
legacy121_v1__2mxl_39_hp_nmr_a__legacy_gt__rnafold__historical_legacy121_v1,2MXL_39_hp_nmr_A,rnafold,prediction,13,3,13,0,4.333333333333333,4.0,7,"[7,4,2]","[""legacy121_v1__2mxl_39_hp_nmr_a__legacy_gt__rnafold__historical_legacy121_v1""]"
legacy121_v1__2mxl_39_hp_nmr_a__legacy_gt__trrosettarna2_native_ss__historical_legacy121_v1,2MXL_39_hp_nmr_A,trrosettarna2_native_ss,prediction,17,2,17,0,8.5,8.5,13,"[13,4]","[""legacy121_v1__2mxl_39_hp_nmr_a__legacy_gt__trrosettarna2_native_ss__historical_legacy121_v1""]"
legacy121_v1__2n1q-155-4wj-nmr-a__legacy_gt__shared_inventory_v1,2N1Q_155_4wj_nmr_A,ground_truth,ground_truth,53,10,51,2,5.1,4.5,11,"[11,5,7,3,3,3,4,7,3,5]","[""legacy121_v1__2n1q_155_4wj_nmr_a__legacy_gt__petfold__historical_legacy121_v1"",""legacy121_v1__2n1q_155_4wj_nmr_a__legacy_gt__rnafold__historical_legacy121_v1"",""legacy121_v1__2n1q_155_4wj_nmr_a__legacy_gt__trrosettarna2_native_ss__historical_legacy121_v1""]"
legacy121_v1__2n1q_155_4wj_nmr_a__legacy_gt__petfold__historical_legacy121_v1,2N1Q_155_4wj_nmr_A,petfold,prediction,48,9,46,2,5.111111111111111,4.0,11,"[11,7,3,2,4,7,4,3,5]","[""legacy121_v1__2n1q_155_4wj_nmr_a__legacy_gt__petfold__historical_legacy121_v1""]"
legacy121_v1__2n1q_155_4wj_nmr_a__legacy_gt__rnafold__historical_legacy121_v1,2N1Q_155_4wj_nmr_A,rnafold,prediction,51,11,51,0,4.636363636363637,4.0,11,"[11,2,7,3,2,4,7,4,3,3,5]","[""legacy121_v1__2n1q_155_4wj_nmr_a__legacy_gt__rnafold__historical_legacy121_v1""]"
legacy121_v1__2n1q_155_4wj_nmr_a__legacy_gt__trrosettarna2_native_ss__historical_legacy121_v1,2N1Q_155_4wj_nmr_A,trrosettarna2_native_ss,prediction,55,6,52,3,8.666666666666666,9.0,11,"[11,9,7,5,9,11]","[""legacy121_v1__2n1q_155_4wj_nmr_a__legacy_gt__trrosettarna2_native_ss__historical_legacy121_v1""]"
legacy121_v1__2n2p-23-hpbulge-nmr-a__legacy_gt__shared_inventory_v1,2N2P_23_hpbulge_nmr_A,ground_truth,ground_truth,6,1,6,0,6.0,6.0,6,[6],"[""legacy121_v1__2n2p_23_hpbulge_nmr_a__legacy_gt__petfold__historical_legacy121_v1"",""legacy121_v1__2n2p_23_hpbulge_nmr_a__legacy_gt__rnafold__historical_legacy121_v1"",""legacy121_v1__2n2p_23_hpbulge_nmr_a__legacy_gt__trrosettarna2_native_ss__historical_legacy121_v1""]"
legacy121_v1__2n2p_23_hpbulge_nmr_a__legacy_gt__petfold__historical_legacy121_v1,2N2P_23_hpbulge_nmr_A,petfold,prediction,8,1,7,1,7.0,7.0,7,[7],"[""legacy121_v1__2n2p_23_hpbulge_nmr_a__legacy_gt__petfold__historical_legacy121_v1""]"
legacy121_v1__2n2p_23_hpbulge_nmr_a__legacy_gt__rnafold__historical_legacy121_v1,2N2P_23_hpbulge_nmr_A,rnafold,prediction,9,2,9,0,4.5,4.5,7,"[2,7]","[""legacy121_v1__2n2p_23_hpbulge_nmr_a__legacy_gt__rnafold__historical_legacy121_v1""]"
legacy121_v1__2n2p_23_hpbulge_nmr_a__legacy_gt__trrosettarna2_native_ss__historical_legacy121_v1,2N2P_23_hpbulge_nmr_A,trrosettarna2_native_ss,prediction,6,1,6,0,6.0,6.0,6,[6],"[""legacy121_v1__2n2p_23_hpbulge_nmr_a__legacy_gt__trrosettarna2_native_ss__historical_legacy121_v1""]"
legacy121_v1__2n3q-62-3wj-nmr-a__legacy_gt__shared_inventory_v1,2N3Q_62_3wj_nmr_A,ground_truth,ground_truth,21,6,21,0,3.5,3.0,5,"[5,3,3,3,3,4]","[""legacy121_v1__2n3q_62_3wj_nmr_a__legacy_gt__petfold__historical_legacy121_v1"",""legacy121_v1__2n3q_62_3wj_nmr_a__legacy_gt__rnafold__historical_legacy121_v1"",""legacy121_v1__2n3q_62_3wj_nmr_a__legacy_gt__trrosettarna2_native_ss__historical_legacy121_v1""]"
legacy121_v1__2n3q_62_3wj_nmr_a__legacy_gt__petfold__historical_legacy121_v1,2N3Q_62_3wj_nmr_A,petfold,prediction,19,5,18,1,3.6,3.0,5,"[5,3,3,2,5]","[""legacy121_v1__2n3q_62_3wj_nmr_a__legacy_gt__petfold__historical_legacy121_v1""]"
legacy121_v1__2n3q_62_3wj_nmr_a__legacy_gt__rnafold__historical_legacy121_v1,2N3Q_62_3wj_nmr_A,rnafold,prediction,19,5,19,0,3.8,3.0,5,"[5,3,3,3,5]","[""legacy121_v1__2n3q_62_3wj_nmr_a__legacy_gt__rnafold__historical_legacy121_v1""]"
legacy121_v1__2n3q_62_3wj_nmr_a__legacy_gt__trrosettarna2_native_ss__historical_legacy121_v1,2N3Q_62_3wj_nmr_A,trrosettarna2_native_ss,prediction,23,6,23,0,3.8333333333333335,3.5,5,"[5,4,3,3,3,5]","[""legacy121_v1__2n3q_62_3wj_nmr_a__legacy_gt__trrosettarna2_native_ss__historical_legacy121_v1""]"
legacy121_v1__2n4l-53-hpbulge-nmr-a__legacy_gt__shared_inventory_v1,2N4L_53_hpbulge_nmr_A,ground_truth,ground_truth,21,3,21,0,7.0,4.0,14,"[14,3,4]","[""legacy121_v1__2n4l_53_hpbulge_nmr_a__legacy_gt__petfold__historical_legacy121_v1"",""legacy121_v1__2n4l_53_hpbulge_nmr_a__legacy_gt__rnafold__historical_legacy121_v1"",""legacy121_v1__2n4l_53_hpbulge_nmr_a__legacy_gt__trrosettarna2_native_ss__historical_legacy121_v1""]"
legacy121_v1__2n4l_53_hpbulge_nmr_a__legacy_gt__petfold__historical_legacy121_v1,2N4L_53_hpbulge_nmr_A,petfold,prediction,21,3,21,0,7.0,4.0,14,"[14,3,4]","[""legacy121_v1__2n4l_53_hpbulge_nmr_a__legacy_gt__petfold__historical_legacy121_v1""]"
legacy121_v1__2n4l_53_hpbulge_nmr_a__legacy_gt__rnafold__historical_legacy121_v1,2N4L_53_hpbulge_nmr_A,rnafold,prediction,21,3,21,0,7.0,5.0,14,"[14,2,5]","[""legacy121_v1__2n4l_53_hpbulge_nmr_a__legacy_gt__rnafold__historical_legacy121_v1""]"
legacy121_v1__2n4l_53_hpbulge_nmr_a__legacy_gt__trrosettarna2_native_ss__historical_legacy121_v1,2N4L_53_hpbulge_nmr_A,trrosettarna2_native_ss,prediction,24,2,24,0,12.0,12.0,19,"[19,5]","[""legacy121_v1__2n4l_53_hpbulge_nmr_a__legacy_gt__trrosettarna2_native_ss__historical_legacy121_v1""]"
legacy121_v1__2n6w-68-hpbulge-nmr-a__legacy_gt__shared_inventory_v1,2N6W_68_hpbulge_nmr_A,ground_truth,ground_truth,25,4,25,0,6.25,4.5,14,"[14,2,5,4]","[""legacy121_v1__2n6w_68_hpbulge_nmr_a__legacy_gt__petfold__historical_legacy121_v1"",""legacy121_v1__2n6w_68_hpbulge_nmr_a__legacy_gt__rnafold__historical_legacy121_v1"",""legacy121_v1__2n6w_68_hpbulge_nmr_a__legacy_gt__trrosettarna2_native_ss__historical_legacy121_v1""]"
legacy121_v1__2n6w_68_hpbulge_nmr_a__legacy_gt__petfold__historical_legacy121_v1,2N6W_68_hpbulge_nmr_A,petfold,prediction,28,4,28,0,7.0,6.0,14,"[14,2,8,4]","[""legacy121_v1__2n6w_68_hpbulge_nmr_a__legacy_gt__petfold__historical_legacy121_v1""]"
legacy121_v1__2n6w_68_hpbulge_nmr_a__legacy_gt__rnafold__historical_legacy121_v1,2N6W_68_hpbulge_nmr_A,rnafold,prediction,28,4,28,0,7.0,6.0,14,"[14,2,8,4]","[""legacy121_v1__2n6w_68_hpbulge_nmr_a__legacy_gt__rnafold__historical_legacy121_v1""]"
legacy121_v1__2n6w_68_hpbulge_nmr_a__legacy_gt__trrosettarna2_native_ss__historical_legacy121_v1,2N6W_68_hpbulge_nmr_A,trrosettarna2_native_ss,prediction,26,3,26,0,8.666666666666666,7.0,14,"[14,5,7]","[""legacy121_v1__2n6w_68_hpbulge_nmr_a__legacy_gt__trrosettarna2_native_ss__historical_legacy121_v1""]"
legacy121_v1__2nc1-67-3wj-nmr-a__legacy_gt__shared_inventory_v1,2NC1_67_3wj_nmr_A,ground_truth,ground_truth,25,4,24,1,6.0,6.0,7,"[6,5,6,7]","[""legacy121_v1__2nc1_67_3wj_nmr_a__legacy_gt__petfold__historical_legacy121_v1"",""legacy121_v1__2nc1_67_3wj_nmr_a__legacy_gt__rnafold__historical_legacy121_v1"",""legacy121_v1__2nc1_67_3wj_nmr_a__legacy_gt__trrosettarna2_native_ss__historical_legacy121_v1""]"
legacy121_v1__2nc1_67_3wj_nmr_a__legacy_gt__petfold__historical_legacy121_v1,2NC1_67_3wj_nmr_A,petfold,prediction,24,4,24,0,6.0,6.0,7,"[6,5,6,7]","[""legacy121_v1__2nc1_67_3wj_nmr_a__legacy_gt__petfold__historical_legacy121_v1""]"
legacy121_v1__2nc1_67_3wj_nmr_a__legacy_gt__rnafold__historical_legacy121_v1,2NC1_67_3wj_nmr_A,rnafold,prediction,24,4,24,0,6.0,6.0,7,"[6,5,6,7]","[""legacy121_v1__2nc1_67_3wj_nmr_a__legacy_gt__rnafold__historical_legacy121_v1""]"
legacy121_v1__2nc1_67_3wj_nmr_a__legacy_gt__trrosettarna2_native_ss__historical_legacy121_v1,2NC1_67_3wj_nmr_A,trrosettarna2_native_ss,prediction,29,5,29,0,5.8,6.0,8,"[6,6,7,8,2]","[""legacy121_v1__2nc1_67_3wj_nmr_a__legacy_gt__trrosettarna2_native_ss__historical_legacy121_v1""]"
legacy121_v1__2nci-28-hpbulge-nmr-a__legacy_gt__shared_inventory_v1,2NCI_28_hpbulge_nmr_A,ground_truth,ground_truth,8,2,8,0,4.0,4.0,5,"[5,3]","[""legacy121_v1__2nci_28_hpbulge_nmr_a__legacy_gt__petfold__historical_legacy121_v1"",""legacy121_v1__2nci_28_hpbulge_nmr_a__legacy_gt__rnafold__historical_legacy121_v1"",""legacy121_v1__2nci_28_hpbulge_nmr_a__legacy_gt__trrosettarna2_native_ss__historical_legacy121_v1""]"
legacy121_v1__2nci_28_hpbulge_nmr_a__legacy_gt__petfold__historical_legacy121_v1,2NCI_28_hpbulge_nmr_A,petfold,prediction,10,2,10,0,5.0,5.0,6,"[6,4]","[""legacy121_v1__2nci_28_hpbulge_nmr_a__legacy_gt__petfold__historical_legacy121_v1""]"
legacy121_v1__2nci_28_hpbulge_nmr_a__legacy_gt__rnafold__historical_legacy121_v1,2NCI_28_hpbulge_nmr_A,rnafold,prediction,10,2,10,0,5.0,5.0,6,"[6,4]","[""legacy121_v1__2nci_28_hpbulge_nmr_a__legacy_gt__rnafold__historical_legacy121_v1""]"
legacy121_v1__2nci_28_hpbulge_nmr_a__legacy_gt__trrosettarna2_native_ss__historical_legacy121_v1,2NCI_28_hpbulge_nmr_A,trrosettarna2_native_ss,prediction,10,2,9,1,4.5,4.5,5,"[5,4]","[""legacy121_v1__2nci_28_hpbulge_nmr_a__legacy_gt__trrosettarna2_native_ss__historical_legacy121_v1""]"
legacy121_v1__2pcv-35-hpbulge-nmr-a__legacy_gt__shared_inventory_v1,2PCV_35_hpbulge_nmr_A,ground_truth,ground_truth,9,2,9,0,4.5,4.5,5,"[5,4]","[""legacy121_v1__2pcv_35_hpbulge_nmr_a__legacy_gt__petfold__historical_legacy121_v1"",""legacy121_v1__2pcv_35_hpbulge_nmr_a__legacy_gt__rnafold__historical_legacy121_v1"",""legacy121_v1__2pcv_35_hpbulge_nmr_a__legacy_gt__trrosettarna2_native_ss__historical_legacy121_v1""]"
legacy121_v1__2pcv_35_hpbulge_nmr_a__legacy_gt__petfold__historical_legacy121_v1,2PCV_35_hpbulge_nmr_A,petfold,prediction,11,3,11,0,3.6666666666666665,4.0,5,"[5,2,4]","[""legacy121_v1__2pcv_35_hpbulge_nmr_a__legacy_gt__petfold__historical_legacy121_v1""]"
legacy121_v1__2pcv_35_hpbulge_nmr_a__legacy_gt__rnafold__historical_legacy121_v1,2PCV_35_hpbulge_nmr_A,rnafold,prediction,10,2,9,1,4.5,4.5,5,"[5,4]","[""legacy121_v1__2pcv_35_hpbulge_nmr_a__legacy_gt__rnafold__historical_legacy121_v1""]"
legacy121_v1__2pcv_35_hpbulge_nmr_a__legacy_gt__trrosettarna2_native_ss__historical_legacy121_v1,2PCV_35_hpbulge_nmr_A,trrosettarna2_native_ss,prediction,10,2,10,0,5.0,5.0,5,"[5,5]","[""legacy121_v1__2pcv_35_hpbulge_nmr_a__legacy_gt__trrosettarna2_native_ss__historical_legacy121_v1""]"
legacy121_v1__2qh2-24-hp-nmr-a__legacy_gt__shared_inventory_v1,2QH2_24_hp_nmr_A,ground_truth,ground_truth,9,1,8,1,8.0,8.0,8,[8],"[""legacy121_v1__2qh2_24_hp_nmr_a__legacy_gt__petfold__historical_legacy121_v1"",""legacy121_v1__2qh2_24_hp_nmr_a__legacy_gt__rnafold__historical_legacy121_v1"",""legacy121_v1__2qh2_24_hp_nmr_a__legacy_gt__trrosettarna2_native_ss__historical_legacy121_v1""]"
legacy121_v1__2qh2_24_hp_nmr_a__legacy_gt__petfold__historical_legacy121_v1,2QH2_24_hp_nmr_A,petfold,prediction,8,1,8,0,8.0,8.0,8,[8],"[""legacy121_v1__2qh2_24_hp_nmr_a__legacy_gt__petfold__historical_legacy121_v1""]"
legacy121_v1__2qh2_24_hp_nmr_a__legacy_gt__rnafold__historical_legacy121_v1,2QH2_24_hp_nmr_A,rnafold,prediction,8,1,8,0,8.0,8.0,8,[8],"[""legacy121_v1__2qh2_24_hp_nmr_a__legacy_gt__rnafold__historical_legacy121_v1""]"
legacy121_v1__2qh2_24_hp_nmr_a__legacy_gt__trrosettarna2_native_ss__historical_legacy121_v1,2QH2_24_hp_nmr_A,trrosettarna2_native_ss,prediction,9,1,8,1,8.0,8.0,8,[8],"[""legacy121_v1__2qh2_24_hp_nmr_a__legacy_gt__trrosettarna2_native_ss__historical_legacy121_v1""]"
legacy121_v1__2ro2-23-hp-nmr-a__legacy_gt__shared_inventory_v1,2RO2_23_hp_nmr_A,ground_truth,ground_truth,9,1,9,0,9.0,9.0,9,[9],"[""legacy121_v1__2ro2_23_hp_nmr_a__legacy_gt__petfold__historical_legacy121_v1"",""legacy121_v1__2ro2_23_hp_nmr_a__legacy_gt__rnafold__historical_legacy121_v1"",""legacy121_v1__2ro2_23_hp_nmr_a__legacy_gt__trrosettarna2_native_ss__historical_legacy121_v1""]"
legacy121_v1__2ro2_23_hp_nmr_a__legacy_gt__petfold__historical_legacy121_v1,2RO2_23_hp_nmr_A,petfold,prediction,9,1,9,0,9.0,9.0,9,[9],"[""legacy121_v1__2ro2_23_hp_nmr_a__legacy_gt__petfold__historical_legacy121_v1""]"
legacy121_v1__2ro2_23_hp_nmr_a__legacy_gt__rnafold__historical_legacy121_v1,2RO2_23_hp_nmr_A,rnafold,prediction,9,1,9,0,9.0,9.0,9,[9],"[""legacy121_v1__2ro2_23_hp_nmr_a__legacy_gt__rnafold__historical_legacy121_v1""]"
legacy121_v1__2ro2_23_hp_nmr_a__legacy_gt__trrosettarna2_native_ss__historical_legacy121_v1,2RO2_23_hp_nmr_A,trrosettarna2_native_ss,prediction,10,1,9,1,9.0,9.0,9,[9],"[""legacy121_v1__2ro2_23_hp_nmr_a__legacy_gt__trrosettarna2_native_ss__historical_legacy121_v1""]"
legacy121_v1__2rvo-34-hp-nmr-a__legacy_gt__shared_inventory_v1,2RVO_34_hp_nmr_A,ground_truth,ground_truth,13,2,13,0,6.5,6.5,8,"[8,5]","[""legacy121_v1__2rvo_34_hp_nmr_a__legacy_gt__petfold__historical_legacy121_v1"",""legacy121_v1__2rvo_34_hp_nmr_a__legacy_gt__rnafold__historical_legacy121_v1"",""legacy121_v1__2rvo_34_hp_nmr_a__legacy_gt__trrosettarna2_native_ss__historical_legacy121_v1""]"
legacy121_v1__2rvo_34_hp_nmr_a__legacy_gt__petfold__historical_legacy121_v1,2RVO_34_hp_nmr_A,petfold,prediction,13,2,13,0,6.5,6.5,8,"[8,5]","[""legacy121_v1__2rvo_34_hp_nmr_a__legacy_gt__petfold__historical_legacy121_v1""]"
legacy121_v1__2rvo_34_hp_nmr_a__legacy_gt__rnafold__historical_legacy121_v1,2RVO_34_hp_nmr_A,rnafold,prediction,13,2,13,0,6.5,6.5,8,"[8,5]","[""legacy121_v1__2rvo_34_hp_nmr_a__legacy_gt__rnafold__historical_legacy121_v1""]"
legacy121_v1__2rvo_34_hp_nmr_a__legacy_gt__trrosettarna2_native_ss__historical_legacy121_v1,2RVO_34_hp_nmr_A,trrosettarna2_native_ss,prediction,14,2,14,0,7.0,7.0,9,"[9,5]","[""legacy121_v1__2rvo_34_hp_nmr_a__legacy_gt__trrosettarna2_native_ss__historical_legacy121_v1""]"
legacy121_v1__2tpk-35-pseudoknot-nmr-a__legacy_gt__shared_inventory_v1,2TPK_35_pseudoknot_nmr_A,ground_truth,ground_truth,12,2,12,0,6.0,6.0,7,"[5,7]","[""legacy121_v1__2tpk_35_pseudoknot_nmr_a__legacy_gt__petfold__historical_legacy121_v1"",""legacy121_v1__2tpk_35_pseudoknot_nmr_a__legacy_gt__rnafold__historical_legacy121_v1"",""legacy121_v1__2tpk_35_pseudoknot_nmr_a__legacy_gt__trrosettarna2_native_ss__historical_legacy121_v1""]"
legacy121_v1__2tpk_35_pseudoknot_nmr_a__legacy_gt__petfold__historical_legacy121_v1,2TPK_35_pseudoknot_nmr_A,petfold,prediction,10,2,10,0,5.0,5.0,7,"[7,3]","[""legacy121_v1__2tpk_35_pseudoknot_nmr_a__legacy_gt__petfold__historical_legacy121_v1""]"
legacy121_v1__2tpk_35_pseudoknot_nmr_a__legacy_gt__rnafold__historical_legacy121_v1,2TPK_35_pseudoknot_nmr_A,rnafold,prediction,8,1,7,1,7.0,7.0,7,[7],"[""legacy121_v1__2tpk_35_pseudoknot_nmr_a__legacy_gt__rnafold__historical_legacy121_v1""]"
legacy121_v1__2tpk_35_pseudoknot_nmr_a__legacy_gt__trrosettarna2_native_ss__historical_legacy121_v1,2TPK_35_pseudoknot_nmr_A,trrosettarna2_native_ss,prediction,12,3,12,0,4.0,5.0,5,"[5,2,5]","[""legacy121_v1__2tpk_35_pseudoknot_nmr_a__legacy_gt__trrosettarna2_native_ss__historical_legacy121_v1""]"
legacy121_v1__387d-26-hpbulge-xray-a__legacy_gt__shared_inventory_v1,387D_26_hpbulge_xray_A,ground_truth,ground_truth,4,1,3,1,3.0,3.0,3,[3],"[""legacy121_v1__387d_26_hpbulge_xray_a__legacy_gt__petfold__historical_legacy121_v1"",""legacy121_v1__387d_26_hpbulge_xray_a__legacy_gt__rnafold__historical_legacy121_v1"",""legacy121_v1__387d_26_hpbulge_xray_a__legacy_gt__trrosettarna2_native_ss__historical_legacy121_v1""]"
legacy121_v1__387d_26_hpbulge_xray_a__legacy_gt__petfold__historical_legacy121_v1,387D_26_hpbulge_xray_A,petfold,prediction,6,1,6,0,6.0,6.0,6,[6],"[""legacy121_v1__387d_26_hpbulge_xray_a__legacy_gt__petfold__historical_legacy121_v1""]"
legacy121_v1__387d_26_hpbulge_xray_a__legacy_gt__rnafold__historical_legacy121_v1,387D_26_hpbulge_xray_A,rnafold,prediction,6,1,6,0,6.0,6.0,6,[6],"[""legacy121_v1__387d_26_hpbulge_xray_a__legacy_gt__rnafold__historical_legacy121_v1""]"
legacy121_v1__387d_26_hpbulge_xray_a__legacy_gt__trrosettarna2_native_ss__historical_legacy121_v1,387D_26_hpbulge_xray_A,trrosettarna2_native_ss,prediction,5,1,4,1,4.0,4.0,4,[4],"[""legacy121_v1__387d_26_hpbulge_xray_a__legacy_gt__trrosettarna2_native_ss__historical_legacy121_v1""]"
legacy121_v1__5a17-32-hp-nmr-a__legacy_gt__shared_inventory_v1,5A17_32_hp_nmr_A,ground_truth,ground_truth,11,2,10,1,5.0,5.0,8,"[8,2]","[""legacy121_v1__5a17_32_hp_nmr_a__legacy_gt__petfold__historical_legacy121_v1"",""legacy121_v1__5a17_32_hp_nmr_a__legacy_gt__rnafold__historical_legacy121_v1"",""legacy121_v1__5a17_32_hp_nmr_a__legacy_gt__trrosettarna2_native_ss__historical_legacy121_v1""]"
legacy121_v1__5a17_32_hp_nmr_a__legacy_gt__petfold__historical_legacy121_v1,5A17_32_hp_nmr_A,petfold,prediction,10,2,10,0,5.0,5.0,8,"[8,2]","[""legacy121_v1__5a17_32_hp_nmr_a__legacy_gt__petfold__historical_legacy121_v1""]"
legacy121_v1__5a17_32_hp_nmr_a__legacy_gt__rnafold__historical_legacy121_v1,5A17_32_hp_nmr_A,rnafold,prediction,11,2,10,1,5.0,5.0,8,"[8,2]","[""legacy121_v1__5a17_32_hp_nmr_a__legacy_gt__rnafold__historical_legacy121_v1""]"
legacy121_v1__5a17_32_hp_nmr_a__legacy_gt__trrosettarna2_native_ss__historical_legacy121_v1,5A17_32_hp_nmr_A,trrosettarna2_native_ss,prediction,13,2,13,0,6.5,6.5,8,"[8,5]","[""legacy121_v1__5a17_32_hp_nmr_a__legacy_gt__trrosettarna2_native_ss__historical_legacy121_v1""]"
legacy121_v1__5kh8-47-3wj-nmr-a__legacy_gt__shared_inventory_v1,5KH8_47_3wj_nmr_A,ground_truth,ground_truth,14,3,14,0,4.666666666666667,4.0,6,"[4,6,4]","[""legacy121_v1__5kh8_47_3wj_nmr_a__legacy_gt__petfold__historical_legacy121_v1"",""legacy121_v1__5kh8_47_3wj_nmr_a__legacy_gt__rnafold__historical_legacy121_v1"",""legacy121_v1__5kh8_47_3wj_nmr_a__legacy_gt__trrosettarna2_native_ss__historical_legacy121_v1""]"
legacy121_v1__5kh8_47_3wj_nmr_a__legacy_gt__petfold__historical_legacy121_v1,5KH8_47_3wj_nmr_A,petfold,prediction,9,2,9,0,4.5,4.5,5,"[5,4]","[""legacy121_v1__5kh8_47_3wj_nmr_a__legacy_gt__petfold__historical_legacy121_v1""]"
legacy121_v1__5kh8_47_3wj_nmr_a__legacy_gt__rnafold__historical_legacy121_v1,5KH8_47_3wj_nmr_A,rnafold,prediction,9,2,9,0,4.5,4.5,5,"[5,4]","[""legacy121_v1__5kh8_47_3wj_nmr_a__legacy_gt__rnafold__historical_legacy121_v1""]"
legacy121_v1__5kh8_47_3wj_nmr_a__legacy_gt__trrosettarna2_native_ss__historical_legacy121_v1,5KH8_47_3wj_nmr_A,trrosettarna2_native_ss,prediction,17,3,14,3,4.666666666666667,5.0,5,"[5,4,5]","[""legacy121_v1__5kh8_47_3wj_nmr_a__legacy_gt__trrosettarna2_native_ss__historical_legacy121_v1""]"
legacy121_v1__5kqe-35-hpbulge-nmr-a__legacy_gt__shared_inventory_v1,5KQE_35_hpbulge_nmr_A,ground_truth,ground_truth,13,2,12,1,6.0,6.0,6,"[6,6]","[""legacy121_v1__5kqe_35_hpbulge_nmr_a__legacy_gt__petfold__historical_legacy121_v1"",""legacy121_v1__5kqe_35_hpbulge_nmr_a__legacy_gt__rnafold__historical_legacy121_v1"",""legacy121_v1__5kqe_35_hpbulge_nmr_a__legacy_gt__trrosettarna2_native_ss__historical_legacy121_v1""]"
legacy121_v1__5kqe_35_hpbulge_nmr_a__legacy_gt__petfold__historical_legacy121_v1,5KQE_35_hpbulge_nmr_A,petfold,prediction,13,2,13,0,6.5,6.5,7,"[7,6]","[""legacy121_v1__5kqe_35_hpbulge_nmr_a__legacy_gt__petfold__historical_legacy121_v1""]"
legacy121_v1__5kqe_35_hpbulge_nmr_a__legacy_gt__rnafold__historical_legacy121_v1,5KQE_35_hpbulge_nmr_A,rnafold,prediction,13,2,13,0,6.5,6.5,7,"[7,6]","[""legacy121_v1__5kqe_35_hpbulge_nmr_a__legacy_gt__rnafold__historical_legacy121_v1""]"
legacy121_v1__5kqe_35_hpbulge_nmr_a__legacy_gt__trrosettarna2_native_ss__historical_legacy121_v1,5KQE_35_hpbulge_nmr_A,trrosettarna2_native_ss,prediction,14,2,13,1,6.5,6.5,7,"[6,7]","[""legacy121_v1__5kqe_35_hpbulge_nmr_a__legacy_gt__trrosettarna2_native_ss__historical_legacy121_v1""]"
legacy121_v1__5lsn-28-hp-nmr-a__legacy_gt__shared_inventory_v1,5LSN_28_hp_nmr_A,ground_truth,ground_truth,12,2,12,0,6.0,6.0,10,"[2,10]","[""legacy121_v1__5lsn_28_hp_nmr_a__legacy_gt__petfold__historical_legacy121_v1"",""legacy121_v1__5lsn_28_hp_nmr_a__legacy_gt__rnafold__historical_legacy121_v1"",""legacy121_v1__5lsn_28_hp_nmr_a__legacy_gt__trrosettarna2_native_ss__historical_legacy121_v1""]"
legacy121_v1__5lsn_28_hp_nmr_a__legacy_gt__petfold__historical_legacy121_v1,5LSN_28_hp_nmr_A,petfold,prediction,13,1,13,0,13.0,13.0,13,[13],"[""legacy121_v1__5lsn_28_hp_nmr_a__legacy_gt__petfold__historical_legacy121_v1""]"
legacy121_v1__5lsn_28_hp_nmr_a__legacy_gt__rnafold__historical_legacy121_v1,5LSN_28_hp_nmr_A,rnafold,prediction,12,2,12,0,6.0,6.0,10,"[2,10]","[""legacy121_v1__5lsn_28_hp_nmr_a__legacy_gt__rnafold__historical_legacy121_v1""]"
legacy121_v1__5lsn_28_hp_nmr_a__legacy_gt__trrosettarna2_native_ss__historical_legacy121_v1,5LSN_28_hp_nmr_A,trrosettarna2_native_ss,prediction,14,1,14,0,14.0,14.0,14,[14],"[""legacy121_v1__5lsn_28_hp_nmr_a__legacy_gt__trrosettarna2_native_ss__historical_legacy121_v1""]"
legacy121_v1__5uf3-23-hp-nmr-a__legacy_gt__shared_inventory_v1,5UF3_23_hp_nmr_A,ground_truth,ground_truth,9,2,9,0,4.5,4.5,7,"[7,2]","[""legacy121_v1__5uf3_23_hp_nmr_a__legacy_gt__petfold__historical_legacy121_v1"",""legacy121_v1__5uf3_23_hp_nmr_a__legacy_gt__rnafold__historical_legacy121_v1"",""legacy121_v1__5uf3_23_hp_nmr_a__legacy_gt__trrosettarna2_native_ss__historical_legacy121_v1""]"
legacy121_v1__5uf3_23_hp_nmr_a__legacy_gt__petfold__historical_legacy121_v1,5UF3_23_hp_nmr_A,petfold,prediction,9,2,9,0,4.5,4.5,7,"[7,2]","[""legacy121_v1__5uf3_23_hp_nmr_a__legacy_gt__petfold__historical_legacy121_v1""]"
legacy121_v1__5uf3_23_hp_nmr_a__legacy_gt__rnafold__historical_legacy121_v1,5UF3_23_hp_nmr_A,rnafold,prediction,9,2,9,0,4.5,4.5,7,"[7,2]","[""legacy121_v1__5uf3_23_hp_nmr_a__legacy_gt__rnafold__historical_legacy121_v1""]"
legacy121_v1__5uf3_23_hp_nmr_a__legacy_gt__trrosettarna2_native_ss__historical_legacy121_v1,5UF3_23_hp_nmr_A,trrosettarna2_native_ss,prediction,9,2,9,0,4.5,4.5,7,"[7,2]","[""legacy121_v1__5uf3_23_hp_nmr_a__legacy_gt__trrosettarna2_native_ss__historical_legacy121_v1""]"
legacy121_v1__5uzt-31-hp-nmr-a__legacy_gt__shared_inventory_v1,5UZT_31_hp_nmr_A,ground_truth,ground_truth,10,2,10,0,5.0,5.0,7,"[7,3]","[""legacy121_v1__5uzt_31_hp_nmr_a__legacy_gt__petfold__historical_legacy121_v1"",""legacy121_v1__5uzt_31_hp_nmr_a__legacy_gt__rnafold__historical_legacy121_v1"",""legacy121_v1__5uzt_31_hp_nmr_a__legacy_gt__trrosettarna2_native_ss__historical_legacy121_v1""]"
legacy121_v1__5uzt_31_hp_nmr_a__legacy_gt__petfold__historical_legacy121_v1,5UZT_31_hp_nmr_A,petfold,prediction,13,3,13,0,4.333333333333333,3.0,7,"[7,3,3]","[""legacy121_v1__5uzt_31_hp_nmr_a__legacy_gt__petfold__historical_legacy121_v1""]"
legacy121_v1__5uzt_31_hp_nmr_a__legacy_gt__rnafold__historical_legacy121_v1,5UZT_31_hp_nmr_A,rnafold,prediction,13,3,13,0,4.333333333333333,4.0,7,"[7,4,2]","[""legacy121_v1__5uzt_31_hp_nmr_a__legacy_gt__rnafold__historical_legacy121_v1""]"
legacy121_v1__5uzt_31_hp_nmr_a__legacy_gt__trrosettarna2_native_ss__historical_legacy121_v1,5UZT_31_hp_nmr_A,trrosettarna2_native_ss,prediction,10,2,9,1,4.5,4.5,7,"[7,2]","[""legacy121_v1__5uzt_31_hp_nmr_a__legacy_gt__trrosettarna2_native_ss__historical_legacy121_v1""]"
legacy121_v1__5v16-41-hpbulge-nmr-a__legacy_gt__shared_inventory_v1,5V16_41_hpbulge_nmr_A,ground_truth,ground_truth,15,2,15,0,7.5,7.5,9,"[6,9]","[""legacy121_v1__5v16_41_hpbulge_nmr_a__legacy_gt__petfold__historical_legacy121_v1"",""legacy121_v1__5v16_41_hpbulge_nmr_a__legacy_gt__rnafold__historical_legacy121_v1"",""legacy121_v1__5v16_41_hpbulge_nmr_a__legacy_gt__trrosettarna2_native_ss__historical_legacy121_v1""]"
legacy121_v1__5v16_41_hpbulge_nmr_a__legacy_gt__petfold__historical_legacy121_v1,5V16_41_hpbulge_nmr_A,petfold,prediction,15,2,15,0,7.5,7.5,9,"[6,9]","[""legacy121_v1__5v16_41_hpbulge_nmr_a__legacy_gt__petfold__historical_legacy121_v1""]"
legacy121_v1__5v16_41_hpbulge_nmr_a__legacy_gt__rnafold__historical_legacy121_v1,5V16_41_hpbulge_nmr_A,rnafold,prediction,15,2,15,0,7.5,7.5,9,"[6,9]","[""legacy121_v1__5v16_41_hpbulge_nmr_a__legacy_gt__rnafold__historical_legacy121_v1""]"
legacy121_v1__5v16_41_hpbulge_nmr_a__legacy_gt__trrosettarna2_native_ss__historical_legacy121_v1,5V16_41_hpbulge_nmr_A,trrosettarna2_native_ss,prediction,16,2,15,1,7.5,7.5,9,"[6,9]","[""legacy121_v1__5v16_41_hpbulge_nmr_a__legacy_gt__trrosettarna2_native_ss__historical_legacy121_v1""]"
legacy121_v1__5wq1-23-hp-nmr-a__legacy_gt__shared_inventory_v1,5WQ1_23_hp_nmr_A,ground_truth,ground_truth,9,1,9,0,9.0,9.0,9,[9],"[""legacy121_v1__5wq1_23_hp_nmr_a__legacy_gt__petfold__historical_legacy121_v1"",""legacy121_v1__5wq1_23_hp_nmr_a__legacy_gt__rnafold__historical_legacy121_v1"",""legacy121_v1__5wq1_23_hp_nmr_a__legacy_gt__trrosettarna2_native_ss__historical_legacy121_v1""]"
legacy121_v1__5wq1_23_hp_nmr_a__legacy_gt__petfold__historical_legacy121_v1,5WQ1_23_hp_nmr_A,petfold,prediction,9,1,9,0,9.0,9.0,9,[9],"[""legacy121_v1__5wq1_23_hp_nmr_a__legacy_gt__petfold__historical_legacy121_v1""]"
legacy121_v1__5wq1_23_hp_nmr_a__legacy_gt__rnafold__historical_legacy121_v1,5WQ1_23_hp_nmr_A,rnafold,prediction,9,1,9,0,9.0,9.0,9,[9],"[""legacy121_v1__5wq1_23_hp_nmr_a__legacy_gt__rnafold__historical_legacy121_v1""]"
legacy121_v1__5wq1_23_hp_nmr_a__legacy_gt__trrosettarna2_native_ss__historical_legacy121_v1,5WQ1_23_hp_nmr_A,trrosettarna2_native_ss,prediction,9,1,9,0,9.0,9.0,9,[9],"[""legacy121_v1__5wq1_23_hp_nmr_a__legacy_gt__trrosettarna2_native_ss__historical_legacy121_v1""]"
legacy121_v1__6hyk-31-hpbulge-nmr-a__legacy_gt__shared_inventory_v1,6HYK_31_hpbulge_nmr_A,ground_truth,ground_truth,9,2,9,0,4.5,4.5,5,"[5,4]","[""legacy121_v1__6hyk_31_hpbulge_nmr_a__legacy_gt__petfold__historical_legacy121_v1"",""legacy121_v1__6hyk_31_hpbulge_nmr_a__legacy_gt__rnafold__historical_legacy121_v1"",""legacy121_v1__6hyk_31_hpbulge_nmr_a__legacy_gt__trrosettarna2_native_ss__historical_legacy121_v1""]"
legacy121_v1__6hyk_31_hpbulge_nmr_a__legacy_gt__petfold__historical_legacy121_v1,6HYK_31_hpbulge_nmr_A,petfold,prediction,9,2,9,0,4.5,4.5,5,"[5,4]","[""legacy121_v1__6hyk_31_hpbulge_nmr_a__legacy_gt__petfold__historical_legacy121_v1""]"
legacy121_v1__6hyk_31_hpbulge_nmr_a__legacy_gt__rnafold__historical_legacy121_v1,6HYK_31_hpbulge_nmr_A,rnafold,prediction,9,2,9,0,4.5,4.5,5,"[5,4]","[""legacy121_v1__6hyk_31_hpbulge_nmr_a__legacy_gt__rnafold__historical_legacy121_v1""]"
legacy121_v1__6hyk_31_hpbulge_nmr_a__legacy_gt__trrosettarna2_native_ss__historical_legacy121_v1,6HYK_31_hpbulge_nmr_A,trrosettarna2_native_ss,prediction,13,2,13,0,6.5,6.5,8,"[5,8]","[""legacy121_v1__6hyk_31_hpbulge_nmr_a__legacy_gt__trrosettarna2_native_ss__historical_legacy121_v1""]"
legacy121_v1__6noa-56-hp-nmr-a__legacy_gt__shared_inventory_v1,6NOA_56_hp_nmr_A,ground_truth,ground_truth,17,5,17,0,3.4,3.0,6,"[6,3,3,2,3]","[""legacy121_v1__6noa_56_hp_nmr_a__legacy_gt__petfold__historical_legacy121_v1"",""legacy121_v1__6noa_56_hp_nmr_a__legacy_gt__rnafold__historical_legacy121_v1"",""legacy121_v1__6noa_56_hp_nmr_a__legacy_gt__trrosettarna2_native_ss__historical_legacy121_v1""]"
legacy121_v1__6noa_56_hp_nmr_a__legacy_gt__petfold__historical_legacy121_v1,6NOA_56_hp_nmr_A,petfold,prediction,17,5,17,0,3.4,3.0,6,"[6,3,3,2,3]","[""legacy121_v1__6noa_56_hp_nmr_a__legacy_gt__petfold__historical_legacy121_v1""]"
legacy121_v1__6noa_56_hp_nmr_a__legacy_gt__rnafold__historical_legacy121_v1,6NOA_56_hp_nmr_A,rnafold,prediction,17,5,17,0,3.4,3.0,6,"[6,3,3,2,3]","[""legacy121_v1__6noa_56_hp_nmr_a__legacy_gt__rnafold__historical_legacy121_v1""]"
legacy121_v1__6noa_56_hp_nmr_a__legacy_gt__trrosettarna2_native_ss__historical_legacy121_v1,6NOA_56_hp_nmr_A,trrosettarna2_native_ss,prediction,19,4,17,2,4.25,4.5,6,"[6,5,4,2]","[""legacy121_v1__6noa_56_hp_nmr_a__legacy_gt__trrosettarna2_native_ss__historical_legacy121_v1""]"
legacy121_v1__6pk9-20-hp-nmr-a__legacy_gt__shared_inventory_v1,6PK9_20_hp_nmr_A,ground_truth,ground_truth,7,1,7,0,7.0,7.0,7,[7],"[""legacy121_v1__6pk9_20_hp_nmr_a__legacy_gt__petfold__historical_legacy121_v1"",""legacy121_v1__6pk9_20_hp_nmr_a__legacy_gt__rnafold__historical_legacy121_v1"",""legacy121_v1__6pk9_20_hp_nmr_a__legacy_gt__trrosettarna2_native_ss__historical_legacy121_v1""]"
legacy121_v1__6pk9_20_hp_nmr_a__legacy_gt__petfold__historical_legacy121_v1,6PK9_20_hp_nmr_A,petfold,prediction,7,1,7,0,7.0,7.0,7,[7],"[""legacy121_v1__6pk9_20_hp_nmr_a__legacy_gt__petfold__historical_legacy121_v1""]"
legacy121_v1__6pk9_20_hp_nmr_a__legacy_gt__rnafold__historical_legacy121_v1,6PK9_20_hp_nmr_A,rnafold,prediction,7,1,7,0,7.0,7.0,7,[7],"[""legacy121_v1__6pk9_20_hp_nmr_a__legacy_gt__rnafold__historical_legacy121_v1""]"
legacy121_v1__6pk9_20_hp_nmr_a__legacy_gt__trrosettarna2_native_ss__historical_legacy121_v1,6PK9_20_hp_nmr_A,trrosettarna2_native_ss,prediction,7,1,7,0,7.0,7.0,7,[7],"[""legacy121_v1__6pk9_20_hp_nmr_a__legacy_gt__trrosettarna2_native_ss__historical_legacy121_v1""]"
legacy121_v1__6u79-37-hp-nmr-a__legacy_gt__shared_inventory_v1,6U79_37_hp_nmr_A,ground_truth,ground_truth,15,3,15,0,5.0,3.0,10,"[10,2,3]","[""legacy121_v1__6u79_37_hp_nmr_a__legacy_gt__petfold__historical_legacy121_v1"",""legacy121_v1__6u79_37_hp_nmr_a__legacy_gt__rnafold__historical_legacy121_v1"",""legacy121_v1__6u79_37_hp_nmr_a__legacy_gt__trrosettarna2_native_ss__historical_legacy121_v1""]"
legacy121_v1__6u79_37_hp_nmr_a__legacy_gt__petfold__historical_legacy121_v1,6U79_37_hp_nmr_A,petfold,prediction,15,3,15,0,5.0,3.0,10,"[10,2,3]","[""legacy121_v1__6u79_37_hp_nmr_a__legacy_gt__petfold__historical_legacy121_v1""]"
legacy121_v1__6u79_37_hp_nmr_a__legacy_gt__rnafold__historical_legacy121_v1,6U79_37_hp_nmr_A,rnafold,prediction,15,3,15,0,5.0,3.0,10,"[10,2,3]","[""legacy121_v1__6u79_37_hp_nmr_a__legacy_gt__rnafold__historical_legacy121_v1""]"
legacy121_v1__6u79_37_hp_nmr_a__legacy_gt__trrosettarna2_native_ss__historical_legacy121_v1,6U79_37_hp_nmr_A,trrosettarna2_native_ss,prediction,15,3,15,0,5.0,3.0,10,"[10,2,3]","[""legacy121_v1__6u79_37_hp_nmr_a__legacy_gt__trrosettarna2_native_ss__historical_legacy121_v1""]"
legacy121_v1__6ues-119-4wjpseudoknot-cryoem-a__legacy_gt__shared_inventory_v1,6UES_119_4wjpseudoknot_cryoEM_A,ground_truth,ground_truth,43,10,40,3,4.0,4.0,6,"[4,6,2,5,3,4,2,4,4,6]","[""legacy121_v1__6ues_119_4wjpseudoknot_cryoem_a__legacy_gt__petfold__historical_legacy121_v1"",""legacy121_v1__6ues_119_4wjpseudoknot_cryoem_a__legacy_gt__rnafold__historical_legacy121_v1"",""legacy121_v1__6ues_119_4wjpseudoknot_cryoem_a__legacy_gt__trrosettarna2_native_ss__historical_legacy121_v1""]"
legacy121_v1__6ues_119_4wjpseudoknot_cryoem_a__legacy_gt__petfold__historical_legacy121_v1,6UES_119_4wjpseudoknot_cryoEM_A,petfold,prediction,39,10,38,1,3.8,3.0,8,"[3,2,4,8,4,3,2,2,3,7]","[""legacy121_v1__6ues_119_4wjpseudoknot_cryoem_a__legacy_gt__petfold__historical_legacy121_v1""]"
legacy121_v1__6ues_119_4wjpseudoknot_cryoem_a__legacy_gt__rnafold__historical_legacy121_v1,6UES_119_4wjpseudoknot_cryoEM_A,rnafold,prediction,38,10,38,0,3.8,3.0,8,"[3,2,4,8,4,3,2,2,3,7]","[""legacy121_v1__6ues_119_4wjpseudoknot_cryoem_a__legacy_gt__rnafold__historical_legacy121_v1""]"
legacy121_v1__6ues_119_4wjpseudoknot_cryoem_a__legacy_gt__trrosettarna2_native_ss__historical_legacy121_v1,6UES_119_4wjpseudoknot_cryoEM_A,trrosettarna2_native_ss,prediction,47,10,41,6,4.1,3.5,13,"[4,4,2,2,3,2,2,5,4,13]","[""legacy121_v1__6ues_119_4wjpseudoknot_cryoem_a__legacy_gt__trrosettarna2_native_ss__historical_legacy121_v1""]"
legacy121_v1__6var-61-hpbulge-nmr-a__legacy_gt__shared_inventory_v1,6VAR_61_hpbulge_nmr_A,ground_truth,ground_truth,22,3,21,1,7.0,6.0,12,"[12,3,6]","[""legacy121_v1__6var_61_hpbulge_nmr_a__legacy_gt__petfold__historical_legacy121_v1"",""legacy121_v1__6var_61_hpbulge_nmr_a__legacy_gt__rnafold__historical_legacy121_v1"",""legacy121_v1__6var_61_hpbulge_nmr_a__legacy_gt__trrosettarna2_native_ss__historical_legacy121_v1""]"
legacy121_v1__6var_61_hpbulge_nmr_a__legacy_gt__petfold__historical_legacy121_v1,6VAR_61_hpbulge_nmr_A,petfold,prediction,24,3,24,0,8.0,6.0,13,"[13,5,6]","[""legacy121_v1__6var_61_hpbulge_nmr_a__legacy_gt__petfold__historical_legacy121_v1""]"
legacy121_v1__6var_61_hpbulge_nmr_a__legacy_gt__rnafold__historical_legacy121_v1,6VAR_61_hpbulge_nmr_A,rnafold,prediction,24,3,24,0,8.0,6.0,13,"[13,5,6]","[""legacy121_v1__6var_61_hpbulge_nmr_a__legacy_gt__rnafold__historical_legacy121_v1""]"
legacy121_v1__6var_61_hpbulge_nmr_a__legacy_gt__trrosettarna2_native_ss__historical_legacy121_v1,6VAR_61_hpbulge_nmr_A,trrosettarna2_native_ss,prediction,23,3,22,1,7.333333333333333,6.0,12,"[12,4,6]","[""legacy121_v1__6var_61_hpbulge_nmr_a__legacy_gt__trrosettarna2_native_ss__historical_legacy121_v1""]"
legacy121_v1__6w3m-41-hp-nmr-a__legacy_gt__shared_inventory_v1,6W3M_41_hp_nmr_A,ground_truth,ground_truth,15,2,15,0,7.5,7.5,9,"[9,6]","[""legacy121_v1__6w3m_41_hp_nmr_a__legacy_gt__petfold__historical_legacy121_v1"",""legacy121_v1__6w3m_41_hp_nmr_a__legacy_gt__rnafold__historical_legacy121_v1"",""legacy121_v1__6w3m_41_hp_nmr_a__legacy_gt__trrosettarna2_native_ss__historical_legacy121_v1""]"
legacy121_v1__6w3m_41_hp_nmr_a__legacy_gt__petfold__historical_legacy121_v1,6W3M_41_hp_nmr_A,petfold,prediction,15,2,15,0,7.5,7.5,9,"[9,6]","[""legacy121_v1__6w3m_41_hp_nmr_a__legacy_gt__petfold__historical_legacy121_v1""]"
legacy121_v1__6w3m_41_hp_nmr_a__legacy_gt__rnafold__historical_legacy121_v1,6W3M_41_hp_nmr_A,rnafold,prediction,15,2,15,0,7.5,7.5,9,"[9,6]","[""legacy121_v1__6w3m_41_hp_nmr_a__legacy_gt__rnafold__historical_legacy121_v1""]"
legacy121_v1__6w3m_41_hp_nmr_a__legacy_gt__trrosettarna2_native_ss__historical_legacy121_v1,6W3M_41_hp_nmr_A,trrosettarna2_native_ss,prediction,16,2,16,0,8.0,8.0,10,"[10,6]","[""legacy121_v1__6w3m_41_hp_nmr_a__legacy_gt__trrosettarna2_native_ss__historical_legacy121_v1""]"
legacy121_v1__7dd4-35-dumbbell-nmr-a__legacy_gt__shared_inventory_v1,7DD4_35_dumbbell_nmr_A,ground_truth,ground_truth,13,3,13,0,4.333333333333333,4.0,6,"[3,4,6]","[""legacy121_v1__7dd4_35_dumbbell_nmr_a__legacy_gt__petfold__historical_legacy121_v1"",""legacy121_v1__7dd4_35_dumbbell_nmr_a__legacy_gt__rnafold__historical_legacy121_v1"",""legacy121_v1__7dd4_35_dumbbell_nmr_a__legacy_gt__trrosettarna2_native_ss__historical_legacy121_v1""]"
legacy121_v1__7dd4_35_dumbbell_nmr_a__legacy_gt__petfold__historical_legacy121_v1,7DD4_35_dumbbell_nmr_A,petfold,prediction,13,3,13,0,4.333333333333333,4.0,6,"[3,4,6]","[""legacy121_v1__7dd4_35_dumbbell_nmr_a__legacy_gt__petfold__historical_legacy121_v1""]"
legacy121_v1__7dd4_35_dumbbell_nmr_a__legacy_gt__rnafold__historical_legacy121_v1,7DD4_35_dumbbell_nmr_A,rnafold,prediction,13,3,13,0,4.333333333333333,4.0,6,"[3,4,6]","[""legacy121_v1__7dd4_35_dumbbell_nmr_a__legacy_gt__rnafold__historical_legacy121_v1""]"
legacy121_v1__7dd4_35_dumbbell_nmr_a__legacy_gt__trrosettarna2_native_ss__historical_legacy121_v1,7DD4_35_dumbbell_nmr_A,trrosettarna2_native_ss,prediction,15,3,15,0,5.0,5.0,7,"[3,5,7]","[""legacy121_v1__7dd4_35_dumbbell_nmr_a__legacy_gt__trrosettarna2_native_ss__historical_legacy121_v1""]"
legacy121_v1__7k4l-36-hp-nmr-a__legacy_gt__shared_inventory_v1,7K4L_36_hp_nmr_A,ground_truth,ground_truth,12,2,12,0,6.0,6.0,6,"[6,6]","[""legacy121_v1__7k4l_36_hp_nmr_a__legacy_gt__petfold__historical_legacy121_v1"",""legacy121_v1__7k4l_36_hp_nmr_a__legacy_gt__rnafold__historical_legacy121_v1"",""legacy121_v1__7k4l_36_hp_nmr_a__legacy_gt__trrosettarna2_native_ss__historical_legacy121_v1""]"
legacy121_v1__7k4l_36_hp_nmr_a__legacy_gt__petfold__historical_legacy121_v1,7K4L_36_hp_nmr_A,petfold,prediction,12,2,12,0,6.0,6.0,6,"[6,6]","[""legacy121_v1__7k4l_36_hp_nmr_a__legacy_gt__petfold__historical_legacy121_v1""]"
legacy121_v1__7k4l_36_hp_nmr_a__legacy_gt__rnafold__historical_legacy121_v1,7K4L_36_hp_nmr_A,rnafold,prediction,12,2,12,0,6.0,6.0,6,"[6,6]","[""legacy121_v1__7k4l_36_hp_nmr_a__legacy_gt__rnafold__historical_legacy121_v1""]"
legacy121_v1__7k4l_36_hp_nmr_a__legacy_gt__trrosettarna2_native_ss__historical_legacy121_v1,7K4L_36_hp_nmr_A,trrosettarna2_native_ss,prediction,13,2,13,0,6.5,6.5,7,"[6,7]","[""legacy121_v1__7k4l_36_hp_nmr_a__legacy_gt__trrosettarna2_native_ss__historical_legacy121_v1""]"
legacy121_v1__7kub-60-hp-nmr-a__legacy_gt__shared_inventory_v1,7KUB_60_hp_nmr_A,ground_truth,ground_truth,23,4,23,0,5.75,5.5,7,"[7,5,5,6]","[""legacy121_v1__7kub_60_hp_nmr_a__legacy_gt__petfold__historical_legacy121_v1"",""legacy121_v1__7kub_60_hp_nmr_a__legacy_gt__rnafold__historical_legacy121_v1"",""legacy121_v1__7kub_60_hp_nmr_a__legacy_gt__trrosettarna2_native_ss__historical_legacy121_v1""]"
legacy121_v1__7kub_60_hp_nmr_a__legacy_gt__petfold__historical_legacy121_v1,7KUB_60_hp_nmr_A,petfold,prediction,23,4,23,0,5.75,5.5,7,"[7,5,5,6]","[""legacy121_v1__7kub_60_hp_nmr_a__legacy_gt__petfold__historical_legacy121_v1""]"
legacy121_v1__7kub_60_hp_nmr_a__legacy_gt__rnafold__historical_legacy121_v1,7KUB_60_hp_nmr_A,rnafold,prediction,23,4,23,0,5.75,5.5,7,"[7,5,5,6]","[""legacy121_v1__7kub_60_hp_nmr_a__legacy_gt__rnafold__historical_legacy121_v1""]"
legacy121_v1__7kub_60_hp_nmr_a__legacy_gt__trrosettarna2_native_ss__historical_legacy121_v1,7KUB_60_hp_nmr_A,trrosettarna2_native_ss,prediction,23,4,23,0,5.75,5.5,7,"[7,5,5,6]","[""legacy121_v1__7kub_60_hp_nmr_a__legacy_gt__trrosettarna2_native_ss__historical_legacy121_v1""]"
legacy121_v1__7lva-103-3wj-nmr-a__legacy_gt__shared_inventory_v1,7LVA_103_3wj_nmr_A,ground_truth,ground_truth,32,7,29,3,4.142857142857143,3.0,9,"[9,8,2,3,2,3,2]","[""legacy121_v1__7lva_103_3wj_nmr_a__legacy_gt__petfold__historical_legacy121_v1"",""legacy121_v1__7lva_103_3wj_nmr_a__legacy_gt__rnafold__historical_legacy121_v1"",""legacy121_v1__7lva_103_3wj_nmr_a__legacy_gt__trrosettarna2_native_ss__historical_legacy121_v1""]"
legacy121_v1__7lva_103_3wj_nmr_a__legacy_gt__petfold__historical_legacy121_v1,7LVA_103_3wj_nmr_A,petfold,prediction,31,7,31,0,4.428571428571429,3.0,9,"[9,8,2,2,3,3,4]","[""legacy121_v1__7lva_103_3wj_nmr_a__legacy_gt__petfold__historical_legacy121_v1""]"
legacy121_v1__7lva_103_3wj_nmr_a__legacy_gt__rnafold__historical_legacy121_v1,7LVA_103_3wj_nmr_A,rnafold,prediction,31,7,31,0,4.428571428571429,3.0,9,"[9,8,2,2,3,3,4]","[""legacy121_v1__7lva_103_3wj_nmr_a__legacy_gt__rnafold__historical_legacy121_v1""]"
legacy121_v1__7lva_103_3wj_nmr_a__legacy_gt__trrosettarna2_native_ss__historical_legacy121_v1,7LVA_103_3wj_nmr_A,trrosettarna2_native_ss,prediction,35,5,35,0,7.0,8.0,9,"[9,8,2,7,9]","[""legacy121_v1__7lva_103_3wj_nmr_a__legacy_gt__trrosettarna2_native_ss__historical_legacy121_v1""]"
legacy121_v1__7lyg-142-4wj-xray-a__legacy_gt__shared_inventory_v1,7LYG_142_4wj_xray_A,ground_truth,ground_truth,46,10,45,1,4.5,4.0,9,"[7,4,5,9,4,2,3,3,3,5]","[""legacy121_v1__7lyg_142_4wj_xray_a__legacy_gt__petfold__historical_legacy121_v1"",""legacy121_v1__7lyg_142_4wj_xray_a__legacy_gt__rnafold__historical_legacy121_v1"",""legacy121_v1__7lyg_142_4wj_xray_a__legacy_gt__trrosettarna2_native_ss__historical_legacy121_v1""]"
legacy121_v1__7lyg_142_4wj_xray_a__legacy_gt__petfold__historical_legacy121_v1,7LYG_142_4wj_xray_A,petfold,prediction,50,9,50,0,5.555555555555555,4.0,15,"[7,4,15,4,2,7,3,3,5]","[""legacy121_v1__7lyg_142_4wj_xray_a__legacy_gt__petfold__historical_legacy121_v1""]"
legacy121_v1__7lyg_142_4wj_xray_a__legacy_gt__rnafold__historical_legacy121_v1,7LYG_142_4wj_xray_A,rnafold,prediction,50,9,50,0,5.555555555555555,4.0,15,"[7,4,15,4,2,7,3,3,5]","[""legacy121_v1__7lyg_142_4wj_xray_a__legacy_gt__rnafold__historical_legacy121_v1""]"
legacy121_v1__7lyg_142_4wj_xray_a__legacy_gt__trrosettarna2_native_ss__historical_legacy121_v1,7LYG_142_4wj_xray_A,trrosettarna2_native_ss,prediction,54,9,48,6,5.333333333333333,3.0,16,"[8,2,16,4,7,3,3,3,2]","[""legacy121_v1__7lyg_142_4wj_xray_a__legacy_gt__trrosettarna2_native_ss__historical_legacy121_v1""]"
legacy121_v1__7shx-94-4wj-nmr-a__legacy_gt__shared_inventory_v1,7SHX_94_4wj_nmr_A,ground_truth,ground_truth,28,7,27,1,3.857142857142857,3.0,6,"[6,3,6,3,3,3,3]","[""legacy121_v1__7shx_94_4wj_nmr_a__legacy_gt__petfold__historical_legacy121_v1"",""legacy121_v1__7shx_94_4wj_nmr_a__legacy_gt__rnafold__historical_legacy121_v1"",""legacy121_v1__7shx_94_4wj_nmr_a__legacy_gt__trrosettarna2_native_ss__historical_legacy121_v1""]"
legacy121_v1__7shx_94_4wj_nmr_a__legacy_gt__petfold__historical_legacy121_v1,7SHX_94_4wj_nmr_A,petfold,prediction,33,7,33,0,4.714285714285714,4.0,9,"[6,4,2,5,4,3,9]","[""legacy121_v1__7shx_94_4wj_nmr_a__legacy_gt__petfold__historical_legacy121_v1""]"
legacy121_v1__7shx_94_4wj_nmr_a__legacy_gt__rnafold__historical_legacy121_v1,7SHX_94_4wj_nmr_A,rnafold,prediction,31,6,31,0,5.166666666666667,5.0,9,"[6,4,6,3,3,9]","[""legacy121_v1__7shx_94_4wj_nmr_a__legacy_gt__rnafold__historical_legacy121_v1""]"
legacy121_v1__7shx_94_4wj_nmr_a__legacy_gt__trrosettarna2_native_ss__historical_legacy121_v1,7SHX_94_4wj_nmr_A,trrosettarna2_native_ss,prediction,36,7,36,0,5.142857142857143,4.0,8,"[6,4,4,6,4,4,8]","[""legacy121_v1__7shx_94_4wj_nmr_a__legacy_gt__trrosettarna2_native_ss__historical_legacy121_v1""]"
legacy121_v1__7uga-43-hpbulge-nmr-a__legacy_gt__shared_inventory_v1,7UGA_43_hpbulge_nmr_A,ground_truth,ground_truth,14,2,14,0,7.0,7.0,10,"[10,4]","[""legacy121_v1__7uga_43_hpbulge_nmr_a__legacy_gt__petfold__historical_legacy121_v1"",""legacy121_v1__7uga_43_hpbulge_nmr_a__legacy_gt__rnafold__historical_legacy121_v1"",""legacy121_v1__7uga_43_hpbulge_nmr_a__legacy_gt__trrosettarna2_native_ss__historical_legacy121_v1""]"
legacy121_v1__7uga_43_hpbulge_nmr_a__legacy_gt__petfold__historical_legacy121_v1,7UGA_43_hpbulge_nmr_A,petfold,prediction,14,2,14,0,7.0,7.0,10,"[10,4]","[""legacy121_v1__7uga_43_hpbulge_nmr_a__legacy_gt__petfold__historical_legacy121_v1""]"
legacy121_v1__7uga_43_hpbulge_nmr_a__legacy_gt__rnafold__historical_legacy121_v1,7UGA_43_hpbulge_nmr_A,rnafold,prediction,14,2,14,0,7.0,7.0,10,"[10,4]","[""legacy121_v1__7uga_43_hpbulge_nmr_a__legacy_gt__rnafold__historical_legacy121_v1""]"
legacy121_v1__7uga_43_hpbulge_nmr_a__legacy_gt__trrosettarna2_native_ss__historical_legacy121_v1,7UGA_43_hpbulge_nmr_A,trrosettarna2_native_ss,prediction,16,2,16,0,8.0,8.0,10,"[10,6]","[""legacy121_v1__7uga_43_hpbulge_nmr_a__legacy_gt__trrosettarna2_native_ss__historical_legacy121_v1""]"
legacy121_v1__7umc-70-hpbulge-nmr-a__legacy_gt__shared_inventory_v1,7UMC_70_hpbulge_nmr_A,ground_truth,ground_truth,21,5,21,0,4.2,4.0,6,"[6,6,4,3,2]","[""legacy121_v1__7umc_70_hpbulge_nmr_a__legacy_gt__petfold__historical_legacy121_v1"",""legacy121_v1__7umc_70_hpbulge_nmr_a__legacy_gt__rnafold__historical_legacy121_v1"",""legacy121_v1__7umc_70_hpbulge_nmr_a__legacy_gt__trrosettarna2_native_ss__historical_legacy121_v1""]"
legacy121_v1__7umc_70_hpbulge_nmr_a__legacy_gt__petfold__historical_legacy121_v1,7UMC_70_hpbulge_nmr_A,petfold,prediction,21,4,21,0,5.25,6.0,6,"[6,6,6,3]","[""legacy121_v1__7umc_70_hpbulge_nmr_a__legacy_gt__petfold__historical_legacy121_v1""]"
legacy121_v1__7umc_70_hpbulge_nmr_a__legacy_gt__rnafold__historical_legacy121_v1,7UMC_70_hpbulge_nmr_A,rnafold,prediction,21,4,21,0,5.25,6.0,6,"[6,6,6,3]","[""legacy121_v1__7umc_70_hpbulge_nmr_a__legacy_gt__rnafold__historical_legacy121_v1""]"
legacy121_v1__7umc_70_hpbulge_nmr_a__legacy_gt__trrosettarna2_native_ss__historical_legacy121_v1,7UMC_70_hpbulge_nmr_A,trrosettarna2_native_ss,prediction,27,4,27,0,6.75,6.0,11,"[6,6,11,4]","[""legacy121_v1__7umc_70_hpbulge_nmr_a__legacy_gt__trrosettarna2_native_ss__historical_legacy121_v1""]"
legacy121_v1__7ume-28-hp-nmr-a__legacy_gt__shared_inventory_v1,7UME_28_hp_nmr_A,ground_truth,ground_truth,9,2,9,0,4.5,4.5,6,"[6,3]","[""legacy121_v1__7ume_28_hp_nmr_a__legacy_gt__petfold__historical_legacy121_v1"",""legacy121_v1__7ume_28_hp_nmr_a__legacy_gt__rnafold__historical_legacy121_v1"",""legacy121_v1__7ume_28_hp_nmr_a__legacy_gt__trrosettarna2_native_ss__historical_legacy121_v1""]"
legacy121_v1__7ume_28_hp_nmr_a__legacy_gt__petfold__historical_legacy121_v1,7UME_28_hp_nmr_A,petfold,prediction,9,2,9,0,4.5,4.5,6,"[6,3]","[""legacy121_v1__7ume_28_hp_nmr_a__legacy_gt__petfold__historical_legacy121_v1""]"
legacy121_v1__7ume_28_hp_nmr_a__legacy_gt__rnafold__historical_legacy121_v1,7UME_28_hp_nmr_A,rnafold,prediction,9,2,9,0,4.5,4.5,6,"[6,3]","[""legacy121_v1__7ume_28_hp_nmr_a__legacy_gt__rnafold__historical_legacy121_v1""]"
legacy121_v1__7ume_28_hp_nmr_a__legacy_gt__trrosettarna2_native_ss__historical_legacy121_v1,7UME_28_hp_nmr_A,trrosettarna2_native_ss,prediction,12,1,12,0,12.0,12.0,12,[12],"[""legacy121_v1__7ume_28_hp_nmr_a__legacy_gt__trrosettarna2_native_ss__historical_legacy121_v1""]"
legacy121_v1__7v06-43-hpbulge-nmr-a__legacy_gt__shared_inventory_v1,7V06_43_hpbulge_nmr_A,ground_truth,ground_truth,15,2,14,1,7.0,7.0,8,"[8,6]","[""legacy121_v1__7v06_43_hpbulge_nmr_a__legacy_gt__petfold__historical_legacy121_v1"",""legacy121_v1__7v06_43_hpbulge_nmr_a__legacy_gt__rnafold__historical_legacy121_v1"",""legacy121_v1__7v06_43_hpbulge_nmr_a__legacy_gt__trrosettarna2_native_ss__historical_legacy121_v1""]"
legacy121_v1__7v06_43_hpbulge_nmr_a__legacy_gt__petfold__historical_legacy121_v1,7V06_43_hpbulge_nmr_A,petfold,prediction,15,2,14,1,7.0,7.0,8,"[8,6]","[""legacy121_v1__7v06_43_hpbulge_nmr_a__legacy_gt__petfold__historical_legacy121_v1""]"
legacy121_v1__7v06_43_hpbulge_nmr_a__legacy_gt__rnafold__historical_legacy121_v1,7V06_43_hpbulge_nmr_A,rnafold,prediction,14,2,14,0,7.0,7.0,8,"[8,6]","[""legacy121_v1__7v06_43_hpbulge_nmr_a__legacy_gt__rnafold__historical_legacy121_v1""]"
legacy121_v1__7v06_43_hpbulge_nmr_a__legacy_gt__trrosettarna2_native_ss__historical_legacy121_v1,7V06_43_hpbulge_nmr_A,trrosettarna2_native_ss,prediction,18,3,18,0,6.0,8.0,8,"[8,2,8]","[""legacy121_v1__7v06_43_hpbulge_nmr_a__legacy_gt__trrosettarna2_native_ss__historical_legacy121_v1""]"
legacy121_v1__8bwt-26-hp-nmr-a__legacy_gt__shared_inventory_v1,8BWT_26_hp_nmr_A,ground_truth,ground_truth,8,2,8,0,4.0,4.0,5,"[5,3]","[""legacy121_v1__8bwt_26_hp_nmr_a__legacy_gt__petfold__historical_legacy121_v1"",""legacy121_v1__8bwt_26_hp_nmr_a__legacy_gt__rnafold__historical_legacy121_v1"",""legacy121_v1__8bwt_26_hp_nmr_a__legacy_gt__trrosettarna2_native_ss__historical_legacy121_v1""]"
legacy121_v1__8bwt_26_hp_nmr_a__legacy_gt__petfold__historical_legacy121_v1,8BWT_26_hp_nmr_A,petfold,prediction,8,2,8,0,4.0,4.0,5,"[5,3]","[""legacy121_v1__8bwt_26_hp_nmr_a__legacy_gt__petfold__historical_legacy121_v1""]"
legacy121_v1__8bwt_26_hp_nmr_a__legacy_gt__rnafold__historical_legacy121_v1,8BWT_26_hp_nmr_A,rnafold,prediction,8,2,8,0,4.0,4.0,5,"[5,3]","[""legacy121_v1__8bwt_26_hp_nmr_a__legacy_gt__rnafold__historical_legacy121_v1""]"
legacy121_v1__8bwt_26_hp_nmr_a__legacy_gt__trrosettarna2_native_ss__historical_legacy121_v1,8BWT_26_hp_nmr_A,trrosettarna2_native_ss,prediction,12,1,12,0,12.0,12.0,12,[12],"[""legacy121_v1__8bwt_26_hp_nmr_a__legacy_gt__trrosettarna2_native_ss__historical_legacy121_v1""]"
legacy121_v1__8cq1-43-hp-nmr-a__legacy_gt__shared_inventory_v1,8CQ1_43_hp_nmr_A,ground_truth,ground_truth,17,4,17,0,4.25,3.5,8,"[8,2,4,3]","[""legacy121_v1__8cq1_43_hp_nmr_a__legacy_gt__petfold__historical_legacy121_v1"",""legacy121_v1__8cq1_43_hp_nmr_a__legacy_gt__rnafold__historical_legacy121_v1"",""legacy121_v1__8cq1_43_hp_nmr_a__legacy_gt__trrosettarna2_native_ss__historical_legacy121_v1""]"
legacy121_v1__8cq1_43_hp_nmr_a__legacy_gt__petfold__historical_legacy121_v1,8CQ1_43_hp_nmr_A,petfold,prediction,19,2,19,0,9.5,9.5,11,"[11,8]","[""legacy121_v1__8cq1_43_hp_nmr_a__legacy_gt__petfold__historical_legacy121_v1""]"
legacy121_v1__8cq1_43_hp_nmr_a__legacy_gt__rnafold__historical_legacy121_v1,8CQ1_43_hp_nmr_A,rnafold,prediction,17,4,17,0,4.25,3.5,8,"[8,2,4,3]","[""legacy121_v1__8cq1_43_hp_nmr_a__legacy_gt__rnafold__historical_legacy121_v1""]"
legacy121_v1__8cq1_43_hp_nmr_a__legacy_gt__trrosettarna2_native_ss__historical_legacy121_v1,8CQ1_43_hp_nmr_A,trrosettarna2_native_ss,prediction,18,3,18,0,6.0,8.0,8,"[8,2,8]","[""legacy121_v1__8cq1_43_hp_nmr_a__legacy_gt__trrosettarna2_native_ss__historical_legacy121_v1""]"
legacy121_v1__8fcs-71-hp-nmr-a__legacy_gt__shared_inventory_v1,8FCS_71_hp_nmr_A,ground_truth,ground_truth,27,5,27,0,5.4,5.0,9,"[7,5,3,9,3]","[""legacy121_v1__8fcs_71_hp_nmr_a__legacy_gt__petfold__historical_legacy121_v1"",""legacy121_v1__8fcs_71_hp_nmr_a__legacy_gt__rnafold__historical_legacy121_v1"",""legacy121_v1__8fcs_71_hp_nmr_a__legacy_gt__trrosettarna2_native_ss__historical_legacy121_v1""]"
legacy121_v1__8fcs_71_hp_nmr_a__legacy_gt__petfold__historical_legacy121_v1,8FCS_71_hp_nmr_A,petfold,prediction,30,2,30,0,15.0,15.0,27,"[27,3]","[""legacy121_v1__8fcs_71_hp_nmr_a__legacy_gt__petfold__historical_legacy121_v1""]"
legacy121_v1__8fcs_71_hp_nmr_a__legacy_gt__rnafold__historical_legacy121_v1,8FCS_71_hp_nmr_A,rnafold,prediction,27,5,27,0,5.4,5.0,9,"[7,5,3,9,3]","[""legacy121_v1__8fcs_71_hp_nmr_a__legacy_gt__rnafold__historical_legacy121_v1""]"
legacy121_v1__8fcs_71_hp_nmr_a__legacy_gt__trrosettarna2_native_ss__historical_legacy121_v1,8FCS_71_hp_nmr_A,trrosettarna2_native_ss,prediction,31,2,31,0,15.5,15.5,28,"[28,3]","[""legacy121_v1__8fcs_71_hp_nmr_a__legacy_gt__trrosettarna2_native_ss__historical_legacy121_v1""]"
legacy121_v1__8jhp-27-hpbulge-nmr-a__legacy_gt__shared_inventory_v1,8JHP_27_hpbulge_nmr_A,ground_truth,ground_truth,8,2,7,1,3.5,3.5,4,"[4,3]","[""legacy121_v1__8jhp_27_hpbulge_nmr_a__legacy_gt__petfold__historical_legacy121_v1"",""legacy121_v1__8jhp_27_hpbulge_nmr_a__legacy_gt__rnafold__historical_legacy121_v1"",""legacy121_v1__8jhp_27_hpbulge_nmr_a__legacy_gt__trrosettarna2_native_ss__historical_legacy121_v1""]"
legacy121_v1__8jhp_27_hpbulge_nmr_a__legacy_gt__petfold__historical_legacy121_v1,8JHP_27_hpbulge_nmr_A,petfold,prediction,9,2,9,0,4.5,4.5,5,"[4,5]","[""legacy121_v1__8jhp_27_hpbulge_nmr_a__legacy_gt__petfold__historical_legacy121_v1""]"
legacy121_v1__8jhp_27_hpbulge_nmr_a__legacy_gt__rnafold__historical_legacy121_v1,8JHP_27_hpbulge_nmr_A,rnafold,prediction,9,2,9,0,4.5,4.5,5,"[4,5]","[""legacy121_v1__8jhp_27_hpbulge_nmr_a__legacy_gt__rnafold__historical_legacy121_v1""]"
legacy121_v1__8jhp_27_hpbulge_nmr_a__legacy_gt__trrosettarna2_native_ss__historical_legacy121_v1,8JHP_27_hpbulge_nmr_A,trrosettarna2_native_ss,prediction,6,1,5,1,5.0,5.0,5,[5],"[""legacy121_v1__8jhp_27_hpbulge_nmr_a__legacy_gt__trrosettarna2_native_ss__historical_legacy121_v1""]"
legacy121_v1__8k8b-20-hp-nmr-a__legacy_gt__shared_inventory_v1,8K8B_20_hp_nmr_A,ground_truth,ground_truth,7,1,7,0,7.0,7.0,7,[7],"[""legacy121_v1__8k8b_20_hp_nmr_a__legacy_gt__petfold__historical_legacy121_v1"",""legacy121_v1__8k8b_20_hp_nmr_a__legacy_gt__rnafold__historical_legacy121_v1"",""legacy121_v1__8k8b_20_hp_nmr_a__legacy_gt__trrosettarna2_native_ss__historical_legacy121_v1""]"
legacy121_v1__8k8b_20_hp_nmr_a__legacy_gt__petfold__historical_legacy121_v1,8K8B_20_hp_nmr_A,petfold,prediction,8,1,8,0,8.0,8.0,8,[8],"[""legacy121_v1__8k8b_20_hp_nmr_a__legacy_gt__petfold__historical_legacy121_v1""]"
legacy121_v1__8k8b_20_hp_nmr_a__legacy_gt__rnafold__historical_legacy121_v1,8K8B_20_hp_nmr_A,rnafold,prediction,8,1,8,0,8.0,8.0,8,[8],"[""legacy121_v1__8k8b_20_hp_nmr_a__legacy_gt__rnafold__historical_legacy121_v1""]"
legacy121_v1__8k8b_20_hp_nmr_a__legacy_gt__trrosettarna2_native_ss__historical_legacy121_v1,8K8B_20_hp_nmr_A,trrosettarna2_native_ss,prediction,8,1,7,1,7.0,7.0,7,[7],"[""legacy121_v1__8k8b_20_hp_nmr_a__legacy_gt__trrosettarna2_native_ss__historical_legacy121_v1""]"
legacy121_v1__8sch-68-hpbulge-nmr-a__legacy_gt__shared_inventory_v1,8SCH_68_hpbulge_nmr_A,ground_truth,ground_truth,21,4,21,0,5.25,5.0,8,"[8,3,4,6]","[""legacy121_v1__8sch_68_hpbulge_nmr_a__legacy_gt__petfold__historical_legacy121_v1"",""legacy121_v1__8sch_68_hpbulge_nmr_a__legacy_gt__rnafold__historical_legacy121_v1"",""legacy121_v1__8sch_68_hpbulge_nmr_a__legacy_gt__trrosettarna2_native_ss__historical_legacy121_v1""]"
legacy121_v1__8sch_68_hpbulge_nmr_a__legacy_gt__petfold__historical_legacy121_v1,8SCH_68_hpbulge_nmr_A,petfold,prediction,25,3,25,0,8.333333333333334,9.0,11,"[9,5,11]","[""legacy121_v1__8sch_68_hpbulge_nmr_a__legacy_gt__petfold__historical_legacy121_v1""]"
legacy121_v1__8sch_68_hpbulge_nmr_a__legacy_gt__rnafold__historical_legacy121_v1,8SCH_68_hpbulge_nmr_A,rnafold,prediction,24,4,24,0,6.0,5.5,9,"[9,5,4,6]","[""legacy121_v1__8sch_68_hpbulge_nmr_a__legacy_gt__rnafold__historical_legacy121_v1""]"
legacy121_v1__8sch_68_hpbulge_nmr_a__legacy_gt__trrosettarna2_native_ss__historical_legacy121_v1,8SCH_68_hpbulge_nmr_A,trrosettarna2_native_ss,prediction,24,3,23,1,7.666666666666667,9.0,11,"[9,3,11]","[""legacy121_v1__8sch_68_hpbulge_nmr_a__legacy_gt__trrosettarna2_native_ss__historical_legacy121_v1""]"
legacy121_v1__9fo9-33-hp-nmr-a__legacy_gt__shared_inventory_v1,9FO9_33_hp_nmr_A,ground_truth,ground_truth,11,2,11,0,5.5,5.5,7,"[7,4]","[""legacy121_v1__9fo9_33_hp_nmr_a__legacy_gt__petfold__historical_legacy121_v1"",""legacy121_v1__9fo9_33_hp_nmr_a__legacy_gt__rnafold__historical_legacy121_v1"",""legacy121_v1__9fo9_33_hp_nmr_a__legacy_gt__trrosettarna2_native_ss__historical_legacy121_v1""]"
legacy121_v1__9fo9_33_hp_nmr_a__legacy_gt__petfold__historical_legacy121_v1,9FO9_33_hp_nmr_A,petfold,prediction,12,2,12,0,6.0,6.0,7,"[7,5]","[""legacy121_v1__9fo9_33_hp_nmr_a__legacy_gt__petfold__historical_legacy121_v1""]"
legacy121_v1__9fo9_33_hp_nmr_a__legacy_gt__rnafold__historical_legacy121_v1,9FO9_33_hp_nmr_A,rnafold,prediction,12,2,12,0,6.0,6.0,7,"[7,5]","[""legacy121_v1__9fo9_33_hp_nmr_a__legacy_gt__rnafold__historical_legacy121_v1""]"
legacy121_v1__9fo9_33_hp_nmr_a__legacy_gt__trrosettarna2_native_ss__historical_legacy121_v1,9FO9_33_hp_nmr_A,trrosettarna2_native_ss,prediction,14,2,13,1,6.5,6.5,8,"[8,5]","[""legacy121_v1__9fo9_33_hp_nmr_a__legacy_gt__trrosettarna2_native_ss__historical_legacy121_v1""]"
legacy121_v1__9g7c-224-4wj-cryoem-a__legacy_gt__shared_inventory_v1,9G7C_224_4wj_cryoEM_A,ground_truth,ground_truth,60,14,58,2,4.142857142857143,3.5,8,"[8,3,3,4,3,6,3,5,3,5,6,4,2,3]","[""legacy121_v1__9g7c_224_4wj_cryoem_a__legacy_gt__petfold__historical_legacy121_v1"",""legacy121_v1__9g7c_224_4wj_cryoem_a__legacy_gt__rnafold__historical_legacy121_v1"",""legacy121_v1__9g7c_224_4wj_cryoem_a__legacy_gt__trrosettarna2_native_ss__historical_legacy121_v1""]"
legacy121_v1__9g7c_224_4wj_cryoem_a__legacy_gt__petfold__historical_legacy121_v1,9G7C_224_4wj_cryoEM_A,petfold,prediction,64,11,62,2,5.636363636363637,5.0,13,"[8,11,2,3,6,5,2,13,2,5,5]","[""legacy121_v1__9g7c_224_4wj_cryoem_a__legacy_gt__petfold__historical_legacy121_v1""]"
legacy121_v1__9g7c_224_4wj_cryoem_a__legacy_gt__rnafold__historical_legacy121_v1,9G7C_224_4wj_cryoEM_A,rnafold,prediction,65,13,63,2,4.846153846153846,5.0,11,"[8,11,2,3,6,5,2,6,6,2,2,5,5]","[""legacy121_v1__9g7c_224_4wj_cryoem_a__legacy_gt__rnafold__historical_legacy121_v1""]"
legacy121_v1__9g7c_224_4wj_cryoem_a__legacy_gt__trrosettarna2_native_ss__historical_legacy121_v1,9G7C_224_4wj_cryoEM_A,trrosettarna2_native_ss,prediction,30,5,30,0,6.0,6.0,8,"[8,5,6,5,6]","[""legacy121_v1__9g7c_224_4wj_cryoem_a__legacy_gt__trrosettarna2_native_ss__historical_legacy121_v1""]"
legacy121_v1__9obm-73-hp-nmr-a__legacy_gt__shared_inventory_v1,9OBM_73_hp_nmr_A,ground_truth,ground_truth,28,4,28,0,7.0,4.5,16,"[5,3,16,4]","[""legacy121_v1__9obm_73_hp_nmr_a__legacy_gt__petfold__historical_legacy121_v1"",""legacy121_v1__9obm_73_hp_nmr_a__legacy_gt__rnafold__historical_legacy121_v1"",""legacy121_v1__9obm_73_hp_nmr_a__legacy_gt__trrosettarna2_native_ss__historical_legacy121_v1""]"
legacy121_v1__9obm_73_hp_nmr_a__legacy_gt__petfold__historical_legacy121_v1,9OBM_73_hp_nmr_A,petfold,prediction,29,3,29,0,9.666666666666666,9.0,17,"[9,17,3]","[""legacy121_v1__9obm_73_hp_nmr_a__legacy_gt__petfold__historical_legacy121_v1""]"
legacy121_v1__9obm_73_hp_nmr_a__legacy_gt__rnafold__historical_legacy121_v1,9OBM_73_hp_nmr_A,rnafold,prediction,28,4,28,0,7.0,4.0,17,"[5,3,17,3]","[""legacy121_v1__9obm_73_hp_nmr_a__legacy_gt__rnafold__historical_legacy121_v1""]"
legacy121_v1__9obm_73_hp_nmr_a__legacy_gt__trrosettarna2_native_ss__historical_legacy121_v1,9OBM_73_hp_nmr_A,trrosettarna2_native_ss,prediction,30,3,29,1,9.666666666666666,9.0,17,"[9,17,3]","[""legacy121_v1__9obm_73_hp_nmr_a__legacy_gt__trrosettarna2_native_ss__historical_legacy121_v1""]"
legacy121_v1__9od4-23-hp-nmr-a__legacy_gt__shared_inventory_v1,9OD4_23_hp_nmr_A,ground_truth,ground_truth,8,2,8,0,4.0,4.0,6,"[6,2]","[""legacy121_v1__9od4_23_hp_nmr_a__legacy_gt__petfold__historical_legacy121_v1"",""legacy121_v1__9od4_23_hp_nmr_a__legacy_gt__rnafold__historical_legacy121_v1"",""legacy121_v1__9od4_23_hp_nmr_a__legacy_gt__trrosettarna2_native_ss__historical_legacy121_v1""]"
legacy121_v1__9od4_23_hp_nmr_a__legacy_gt__petfold__historical_legacy121_v1,9OD4_23_hp_nmr_A,petfold,prediction,9,2,9,0,4.5,4.5,6,"[6,3]","[""legacy121_v1__9od4_23_hp_nmr_a__legacy_gt__petfold__historical_legacy121_v1""]"
legacy121_v1__9od4_23_hp_nmr_a__legacy_gt__rnafold__historical_legacy121_v1,9OD4_23_hp_nmr_A,rnafold,prediction,9,2,9,0,4.5,4.5,6,"[6,3]","[""legacy121_v1__9od4_23_hp_nmr_a__legacy_gt__rnafold__historical_legacy121_v1""]"
legacy121_v1__9od4_23_hp_nmr_a__legacy_gt__trrosettarna2_native_ss__historical_legacy121_v1,9OD4_23_hp_nmr_A,trrosettarna2_native_ss,prediction,9,1,9,0,9.0,9.0,9,[9],"[""legacy121_v1__9od4_23_hp_nmr_a__legacy_gt__trrosettarna2_native_ss__historical_legacy121_v1""]"
