record_id,rna_id,source_model,event_type,gt_outer_pair,pred_outer_pair,gt_n_pairs,pred_n_pairs,exact_pair_overlap,left_arm_overlap,right_arm_overlap,register_displacement,boundary_subtype,ambiguous_component_id
legacy121_v1__17ra_21_hp_nmr_a__legacy_gt__petfold__historical_legacy121_v1,17RA_21_hp_nmr_A,petfold,stem_extension,"[0,20]","[0,20]",5,6,5,5,5,0,inner,
legacy121_v1__17ra_21_hp_nmr_a__legacy_gt__petfold__historical_legacy121_v1,17RA_21_hp_nmr_A,petfold,exact,"[7,14]","[7,14]",2,2,2,2,2,0,none,
legacy121_v1__17ra_21_hp_nmr_a__legacy_gt__rnafold__historical_legacy121_v1,17RA_21_hp_nmr_A,rnafold,stem_extension,"[0,20]","[0,20]",5,6,5,5,5,0,inner,
legacy121_v1__17ra_21_hp_nmr_a__legacy_gt__rnafold__historical_legacy121_v1,17RA_21_hp_nmr_A,rnafold,exact,"[7,14]","[7,14]",2,2,2,2,2,0,none,
legacy121_v1__17ra_21_hp_nmr_a__legacy_gt__trrosettarna2_native_ss__historical_legacy121_v1,17RA_21_hp_nmr_A,trrosettarna2_native_ss,exact,"[0,20]","[0,20]",5,5,5,5,5,0,none,
legacy121_v1__17ra_21_hp_nmr_a__legacy_gt__trrosettarna2_native_ss__historical_legacy121_v1,17RA_21_hp_nmr_A,trrosettarna2_native_ss,stem_extension,"[7,14]","[6,15]",2,3,2,2,2,0,outer,
legacy121_v1__1a60_44_pseudknot_nmr_a__legacy_gt__petfold__historical_legacy121_v1,1A60_44_pseudknot_nmr_A,petfold,exact,"[0,16]","[0,16]",5,5,5,5,5,0,none,
legacy121_v1__1a60_44_pseudknot_nmr_a__legacy_gt__petfold__historical_legacy121_v1,1A60_44_pseudknot_nmr_A,petfold,exact,"[23,40]","[23,40]",6,6,6,6,6,0,none,
legacy121_v1__1a60_44_pseudknot_nmr_a__legacy_gt__petfold__historical_legacy121_v1,1A60_44_pseudknot_nmr_A,petfold,stem_missing,"[17,31]",,3,,,,,,none,
legacy121_v1__1a60_44_pseudknot_nmr_a__legacy_gt__rnafold__historical_legacy121_v1,1A60_44_pseudknot_nmr_A,rnafold,exact,"[0,16]","[0,16]",5,5,5,5,5,0,none,
legacy121_v1__1a60_44_pseudknot_nmr_a__legacy_gt__rnafold__historical_legacy121_v1,1A60_44_pseudknot_nmr_A,rnafold,exact,"[23,40]","[23,40]",6,6,6,6,6,0,none,
legacy121_v1__1a60_44_pseudknot_nmr_a__legacy_gt__rnafold__historical_legacy121_v1,1A60_44_pseudknot_nmr_A,rnafold,stem_missing,"[17,31]",,3,,,,,,none,
legacy121_v1__1a60_44_pseudknot_nmr_a__legacy_gt__trrosettarna2_native_ss__historical_legacy121_v1,1A60_44_pseudknot_nmr_A,trrosettarna2_native_ss,exact,"[0,16]","[0,16]",5,5,5,5,5,0,none,
legacy121_v1__1a60_44_pseudknot_nmr_a__legacy_gt__trrosettarna2_native_ss__historical_legacy121_v1,1A60_44_pseudknot_nmr_A,trrosettarna2_native_ss,stem_shift,"[23,40]","[23,37]",6,3,0,3,3,-3,none,
legacy121_v1__1a60_44_pseudknot_nmr_a__legacy_gt__trrosettarna2_native_ss__historical_legacy121_v1,1A60_44_pseudknot_nmr_A,trrosettarna2_native_ss,stem_missing,"[17,31]",,3,,,,,,none,
legacy121_v1__1a60_44_pseudknot_nmr_a__legacy_gt__trrosettarna2_native_ss__historical_legacy121_v1,1A60_44_pseudknot_nmr_A,trrosettarna2_native_ss,unmatched_predicted_stem,,"[17,40]",,3,,,,,none,
legacy121_v1__1a60_44_pseudknot_nmr_a__legacy_gt__trrosettarna2_native_ss__historical_legacy121_v1,1A60_44_pseudknot_nmr_A,trrosettarna2_native_ss,unmatched_predicted_stem,,"[26,31]",,3,,,,,none,
legacy121_v1__1a9l_38_hpbulge_nmr_a__legacy_gt__petfold__historical_legacy121_v1,1A9L_38_hpbulge_nmr_A,petfold,exact,"[0,37]","[0,37]",6,6,6,6,6,0,none,
legacy121_v1__1a9l_38_hpbulge_nmr_a__legacy_gt__petfold__historical_legacy121_v1,1A9L_38_hpbulge_nmr_A,petfold,exact,"[6,28]","[6,28]",4,4,4,4,4,0,none,
legacy121_v1__1a9l_38_hpbulge_nmr_a__legacy_gt__petfold__historical_legacy121_v1,1A9L_38_hpbulge_nmr_A,petfold,exact,"[13,24]","[13,24]",4,4,4,4,4,0,none,
legacy121_v1__1a9l_38_hpbulge_nmr_a__legacy_gt__rnafold__historical_legacy121_v1,1A9L_38_hpbulge_nmr_A,rnafold,exact,"[0,37]","[0,37]",6,6,6,6,6,0,none,
legacy121_v1__1a9l_38_hpbulge_nmr_a__legacy_gt__rnafold__historical_legacy121_v1,1A9L_38_hpbulge_nmr_A,rnafold,exact,"[6,28]","[6,28]",4,4,4,4,4,0,none,
legacy121_v1__1a9l_38_hpbulge_nmr_a__legacy_gt__rnafold__historical_legacy121_v1,1A9L_38_hpbulge_nmr_A,rnafold,exact,"[13,24]","[13,24]",4,4,4,4,4,0,none,
legacy121_v1__1a9l_38_hpbulge_nmr_a__legacy_gt__trrosettarna2_native_ss__historical_legacy121_v1,1A9L_38_hpbulge_nmr_A,trrosettarna2_native_ss,exact,"[0,37]","[0,37]",6,6,6,6,6,0,none,
legacy121_v1__1a9l_38_hpbulge_nmr_a__legacy_gt__trrosettarna2_native_ss__historical_legacy121_v1,1A9L_38_hpbulge_nmr_A,trrosettarna2_native_ss,exact,"[6,28]","[6,28]",4,4,4,4,4,0,none,
legacy121_v1__1a9l_38_hpbulge_nmr_a__legacy_gt__trrosettarna2_native_ss__historical_legacy121_v1,1A9L_38_hpbulge_nmr_A,trrosettarna2_native_ss,stem_extension,"[13,24]","[13,24]",4,5,4,4,4,0,inner,
legacy121_v1__1b36_38_hp_nmr_a__legacy_gt__petfold__historical_legacy121_v1,1B36_38_hp_nmr_A,petfold,exact,"[0,37]","[0,37]",5,5,5,5,5,0,none,
legacy121_v1__1b36_38_hp_nmr_a__legacy_gt__petfold__historical_legacy121_v1,1B36_38_hp_nmr_A,petfold,exact,"[12,23]","[12,23]",4,4,4,4,4,0,none,
legacy121_v1__1b36_38_hp_nmr_a__legacy_gt__petfold__historical_legacy121_v1,1B36_38_hp_nmr_A,petfold,unmatched_predicted_stem,,"[24,32]",,2,,,,,none,
legacy121_v1__1b36_38_hp_nmr_a__legacy_gt__rnafold__historical_legacy121_v1,1B36_38_hp_nmr_A,rnafold,exact,"[0,37]","[0,37]",5,5,5,5,5,0,none,
legacy121_v1__1b36_38_hp_nmr_a__legacy_gt__rnafold__historical_legacy121_v1,1B36_38_hp_nmr_A,rnafold,exact,"[12,23]","[12,23]",4,4,4,4,4,0,none,
legacy121_v1__1b36_38_hp_nmr_a__legacy_gt__trrosettarna2_native_ss__historical_legacy121_v1,1B36_38_hp_nmr_A,trrosettarna2_native_ss,stem_extension,"[0,37]","[0,37]",5,7,5,5,5,0,inner,
legacy121_v1__1b36_38_hp_nmr_a__legacy_gt__trrosettarna2_native_ss__historical_legacy121_v1,1B36_38_hp_nmr_A,trrosettarna2_native_ss,stem_extension,"[12,23]","[9,26]",4,8,4,4,4,0,both,
legacy121_v1__1bgz_23_hp_nmr_a__legacy_gt__petfold__historical_legacy121_v1,1BGZ_23_hp_nmr_A,petfold,stem_extension,"[0,22]","[0,22]",4,5,4,4,4,0,inner,
legacy121_v1__1bgz_23_hp_nmr_a__legacy_gt__petfold__historical_legacy121_v1,1BGZ_23_hp_nmr_A,petfold,stem_missing,"[6,18]",,2,,,,,,none,
legacy121_v1__1bgz_23_hp_nmr_a__legacy_gt__petfold__historical_legacy121_v1,1BGZ_23_hp_nmr_A,petfold,stem_missing,"[8,15]",,2,,,,,,none,
legacy121_v1__1bgz_23_hp_nmr_a__legacy_gt__petfold__historical_legacy121_v1,1BGZ_23_hp_nmr_A,petfold,unmatched_predicted_stem,,"[5,15]",,4,,,,,none,
legacy121_v1__1bgz_23_hp_nmr_a__legacy_gt__rnafold__historical_legacy121_v1,1BGZ_23_hp_nmr_A,rnafold,stem_extension,"[0,22]","[0,22]",4,5,4,4,4,0,inner,
legacy121_v1__1bgz_23_hp_nmr_a__legacy_gt__rnafold__historical_legacy121_v1,1BGZ_23_hp_nmr_A,rnafold,stem_missing,"[6,18]",,2,,,,,,none,
legacy121_v1__1bgz_23_hp_nmr_a__legacy_gt__rnafold__historical_legacy121_v1,1BGZ_23_hp_nmr_A,rnafold,stem_missing,"[8,15]",,2,,,,,,none,
legacy121_v1__1bgz_23_hp_nmr_a__legacy_gt__rnafold__historical_legacy121_v1,1BGZ_23_hp_nmr_A,rnafold,unmatched_predicted_stem,,"[5,15]",,4,,,,,none,
legacy121_v1__1bgz_23_hp_nmr_a__legacy_gt__trrosettarna2_native_ss__historical_legacy121_v1,1BGZ_23_hp_nmr_A,trrosettarna2_native_ss,exact,"[0,22]","[0,22]",4,4,4,4,4,0,none,
legacy121_v1__1bgz_23_hp_nmr_a__legacy_gt__trrosettarna2_native_ss__historical_legacy121_v1,1BGZ_23_hp_nmr_A,trrosettarna2_native_ss,exact,"[6,18]","[6,18]",2,2,2,2,2,0,none,
legacy121_v1__1bgz_23_hp_nmr_a__legacy_gt__trrosettarna2_native_ss__historical_legacy121_v1,1BGZ_23_hp_nmr_A,trrosettarna2_native_ss,exact,"[8,15]","[8,15]",2,2,2,2,2,0,none,
legacy121_v1__1bvj_23_hp_nmr_a__legacy_gt__petfold__historical_legacy121_v1,1BVJ_23_hp_nmr_A,petfold,exact,"[0,22]","[0,22]",5,5,5,5,5,0,none,
legacy121_v1__1bvj_23_hp_nmr_a__legacy_gt__petfold__historical_legacy121_v1,1BVJ_23_hp_nmr_A,petfold,exact,"[6,17]","[6,17]",3,3,3,3,3,0,none,
legacy121_v1__1bvj_23_hp_nmr_a__legacy_gt__rnafold__historical_legacy121_v1,1BVJ_23_hp_nmr_A,rnafold,exact,"[0,22]","[0,22]",5,5,5,5,5,0,none,
legacy121_v1__1bvj_23_hp_nmr_a__legacy_gt__rnafold__historical_legacy121_v1,1BVJ_23_hp_nmr_A,rnafold,exact,"[6,17]","[6,17]",3,3,3,3,3,0,none,
legacy121_v1__1bvj_23_hp_nmr_a__legacy_gt__trrosettarna2_native_ss__historical_legacy121_v1,1BVJ_23_hp_nmr_A,trrosettarna2_native_ss,exact,"[0,22]","[0,22]",5,5,5,5,5,0,none,
legacy121_v1__1bvj_23_hp_nmr_a__legacy_gt__trrosettarna2_native_ss__historical_legacy121_v1,1BVJ_23_hp_nmr_A,trrosettarna2_native_ss,stem_extension,"[6,17]","[6,17]",3,5,3,3,3,0,inner,
legacy121_v1__1e4p_24_hpbulge_nmr_a__legacy_gt__petfold__historical_legacy121_v1,1E4P_24_hpbulge_nmr_A,petfold,exact,"[0,23]","[0,23]",4,4,4,4,4,0,none,
legacy121_v1__1e4p_24_hpbulge_nmr_a__legacy_gt__petfold__historical_legacy121_v1,1E4P_24_hpbulge_nmr_A,petfold,exact,"[7,16]","[7,16]",3,3,3,3,3,0,none,
legacy121_v1__1e4p_24_hpbulge_nmr_a__legacy_gt__rnafold__historical_legacy121_v1,1E4P_24_hpbulge_nmr_A,rnafold,exact,"[0,23]","[0,23]",4,4,4,4,4,0,none,
legacy121_v1__1e4p_24_hpbulge_nmr_a__legacy_gt__rnafold__historical_legacy121_v1,1E4P_24_hpbulge_nmr_A,rnafold,exact,"[7,16]","[7,16]",3,3,3,3,3,0,none,
legacy121_v1__1e4p_24_hpbulge_nmr_a__legacy_gt__trrosettarna2_native_ss__historical_legacy121_v1,1E4P_24_hpbulge_nmr_A,trrosettarna2_native_ss,complex_mismatch,"[0,23]",,4,,,,,,none,ambiguous_001
legacy121_v1__1e4p_24_hpbulge_nmr_a__legacy_gt__trrosettarna2_native_ss__historical_legacy121_v1,1E4P_24_hpbulge_nmr_A,trrosettarna2_native_ss,complex_mismatch,"[7,16]",,3,,,,,,none,ambiguous_001
legacy121_v1__1e4p_24_hpbulge_nmr_a__legacy_gt__trrosettarna2_native_ss__historical_legacy121_v1,1E4P_24_hpbulge_nmr_A,trrosettarna2_native_ss,complex_mismatch,,"[0,23]",,11,,,,,none,ambiguous_001
legacy121_v1__1e95_36_pseudoknot_nmr_a__legacy_gt__petfold__historical_legacy121_v1,1E95_36_pseudoknot_nmr_A,petfold,exact,"[0,18]","[0,18]",6,6,6,6,6,0,none,
legacy121_v1__1e95_36_pseudoknot_nmr_a__legacy_gt__petfold__historical_legacy121_v1,1E95_36_pseudoknot_nmr_A,petfold,stem_missing,"[7,33]",,6,,,,,,none,
legacy121_v1__1e95_36_pseudoknot_nmr_a__legacy_gt__rnafold__historical_legacy121_v1,1E95_36_pseudoknot_nmr_A,rnafold,exact,"[0,18]","[0,18]",6,6,6,6,6,0,none,
legacy121_v1__1e95_36_pseudoknot_nmr_a__legacy_gt__rnafold__historical_legacy121_v1,1E95_36_pseudoknot_nmr_A,rnafold,stem_missing,"[7,33]",,6,,,,,,none,
legacy121_v1__1e95_36_pseudoknot_nmr_a__legacy_gt__trrosettarna2_native_ss__historical_legacy121_v1,1E95_36_pseudoknot_nmr_A,trrosettarna2_native_ss,stem_missing,"[0,18]",,6,,,,,,none,
legacy121_v1__1e95_36_pseudoknot_nmr_a__legacy_gt__trrosettarna2_native_ss__historical_legacy121_v1,1E95_36_pseudoknot_nmr_A,trrosettarna2_native_ss,stem_missing,"[7,33]",,6,,,,,,none,
legacy121_v1__1e95_36_pseudoknot_nmr_a__legacy_gt__trrosettarna2_native_ss__historical_legacy121_v1,1E95_36_pseudoknot_nmr_A,trrosettarna2_native_ss,unmatched_predicted_stem,,"[0,33]",,6,,,,,none,
legacy121_v1__1e95_36_pseudoknot_nmr_a__legacy_gt__trrosettarna2_native_ss__historical_legacy121_v1,1E95_36_pseudoknot_nmr_A,trrosettarna2_native_ss,unmatched_predicted_stem,,"[7,18]",,6,,,,,none,
legacy121_v1__1f9l_22_hp_nmr_a__legacy_gt__petfold__historical_legacy121_v1,1F9L_22_hp_nmr_A,petfold,exact,"[0,21]","[0,21]",4,4,4,4,4,0,none,
legacy121_v1__1f9l_22_hp_nmr_a__legacy_gt__petfold__historical_legacy121_v1,1F9L_22_hp_nmr_A,petfold,exact,"[6,15]","[6,15]",3,3,3,3,3,0,none,
legacy121_v1__1f9l_22_hp_nmr_a__legacy_gt__rnafold__historical_legacy121_v1,1F9L_22_hp_nmr_A,rnafold,exact,"[0,21]","[0,21]",4,4,4,4,4,0,none,
legacy121_v1__1f9l_22_hp_nmr_a__legacy_gt__rnafold__historical_legacy121_v1,1F9L_22_hp_nmr_A,rnafold,exact,"[6,15]","[6,15]",3,3,3,3,3,0,none,
legacy121_v1__1f9l_22_hp_nmr_a__legacy_gt__trrosettarna2_native_ss__historical_legacy121_v1,1F9L_22_hp_nmr_A,trrosettarna2_native_ss,complex_mismatch,"[0,21]",,4,,,,,,none,ambiguous_001
legacy121_v1__1f9l_22_hp_nmr_a__legacy_gt__trrosettarna2_native_ss__historical_legacy121_v1,1F9L_22_hp_nmr_A,trrosettarna2_native_ss,complex_mismatch,"[6,15]",,3,,,,,,none,ambiguous_001
legacy121_v1__1f9l_22_hp_nmr_a__legacy_gt__trrosettarna2_native_ss__historical_legacy121_v1,1F9L_22_hp_nmr_A,trrosettarna2_native_ss,complex_mismatch,,"[0,21]",,10,,,,,none,ambiguous_001
legacy121_v1__1hlx_20_hp_nmr_a__legacy_gt__petfold__historical_legacy121_v1,1HLX_20_hp_nmr_A,petfold,stem_extension,"[0,19]","[0,19]",7,8,7,7,7,0,inner,
legacy121_v1__1hlx_20_hp_nmr_a__legacy_gt__rnafold__historical_legacy121_v1,1HLX_20_hp_nmr_A,rnafold,stem_extension,"[0,19]","[0,19]",7,8,7,7,7,0,inner,
legacy121_v1__1hlx_20_hp_nmr_a__legacy_gt__trrosettarna2_native_ss__historical_legacy121_v1,1HLX_20_hp_nmr_A,trrosettarna2_native_ss,stem_extension,"[0,19]","[0,19]",7,9,7,7,7,0,inner,
legacy121_v1__1ikd_22_hp_nmr_a__legacy_gt__petfold__historical_legacy121_v1,1IKD_22_hp_nmr_A,petfold,exact,"[0,17]","[0,17]",7,7,7,7,7,0,none,
legacy121_v1__1ikd_22_hp_nmr_a__legacy_gt__rnafold__historical_legacy121_v1,1IKD_22_hp_nmr_A,rnafold,exact,"[0,17]","[0,17]",7,7,7,7,7,0,none,
legacy121_v1__1ikd_22_hp_nmr_a__legacy_gt__trrosettarna2_native_ss__historical_legacy121_v1,1IKD_22_hp_nmr_A,trrosettarna2_native_ss,stem_extension,"[0,17]","[0,17]",7,8,7,7,7,0,inner,
legacy121_v1__1jur_22_hp_nmr_a__legacy_gt__petfold__historical_legacy121_v1,1JUR_22_hp_nmr_A,petfold,exact,"[0,21]","[0,21]",3,3,3,3,3,0,none,
legacy121_v1__1jur_22_hp_nmr_a__legacy_gt__petfold__historical_legacy121_v1,1JUR_22_hp_nmr_A,petfold,exact,"[3,16]","[3,16]",5,5,5,5,5,0,none,
legacy121_v1__1jur_22_hp_nmr_a__legacy_gt__rnafold__historical_legacy121_v1,1JUR_22_hp_nmr_A,rnafold,exact,"[0,21]","[0,21]",3,3,3,3,3,0,none,
legacy121_v1__1jur_22_hp_nmr_a__legacy_gt__rnafold__historical_legacy121_v1,1JUR_22_hp_nmr_A,rnafold,exact,"[3,16]","[3,16]",5,5,5,5,5,0,none,
legacy121_v1__1jur_22_hp_nmr_a__legacy_gt__trrosettarna2_native_ss__historical_legacy121_v1,1JUR_22_hp_nmr_A,trrosettarna2_native_ss,stem_extension,"[0,21]","[0,21]",3,4,3,3,3,0,inner,
legacy121_v1__1jur_22_hp_nmr_a__legacy_gt__trrosettarna2_native_ss__historical_legacy121_v1,1JUR_22_hp_nmr_A,trrosettarna2_native_ss,complex_mismatch,"[3,16]","[4,15]",5,5,4,4,4,0,none,
legacy121_v1__1k2g_22_dumbbell_nmr_a__legacy_gt__petfold__historical_legacy121_v1,1K2G_22_dumbbell_nmr_A,petfold,exact,"[2,11]","[2,11]",3,3,3,3,3,0,none,
legacy121_v1__1k2g_22_dumbbell_nmr_a__legacy_gt__petfold__historical_legacy121_v1,1K2G_22_dumbbell_nmr_A,petfold,stem_missing,"[13,20]",,2,,,,,,none,
legacy121_v1__1k2g_22_dumbbell_nmr_a__legacy_gt__rnafold__historical_legacy121_v1,1K2G_22_dumbbell_nmr_A,rnafold,exact,"[2,11]","[2,11]",3,3,3,3,3,0,none,
legacy121_v1__1k2g_22_dumbbell_nmr_a__legacy_gt__rnafold__historical_legacy121_v1,1K2G_22_dumbbell_nmr_A,rnafold,stem_missing,"[13,20]",,2,,,,,,none,
legacy121_v1__1k2g_22_dumbbell_nmr_a__legacy_gt__trrosettarna2_native_ss__historical_legacy121_v1,1K2G_22_dumbbell_nmr_A,trrosettarna2_native_ss,stem_extension,"[2,11]","[2,11]",3,4,3,3,3,0,inner,
legacy121_v1__1k2g_22_dumbbell_nmr_a__legacy_gt__trrosettarna2_native_ss__historical_legacy121_v1,1K2G_22_dumbbell_nmr_A,trrosettarna2_native_ss,stem_extension,"[13,20]","[13,20]",2,3,2,2,2,0,inner,
legacy121_v1__1k6h_22_hp_nmr_a__legacy_gt__petfold__historical_legacy121_v1,1K6H_22_hp_nmr_A,petfold,exact,"[0,21]","[0,21]",9,9,9,9,9,0,none,
legacy121_v1__1k6h_22_hp_nmr_a__legacy_gt__rnafold__historical_legacy121_v1,1K6H_22_hp_nmr_A,rnafold,exact,"[0,21]","[0,21]",9,9,9,9,9,0,none,
legacy121_v1__1k6h_22_hp_nmr_a__legacy_gt__trrosettarna2_native_ss__historical_legacy121_v1,1K6H_22_hp_nmr_A,trrosettarna2_native_ss,stem_extension,"[0,21]","[0,21]",9,10,9,9,9,0,inner,
legacy121_v1__1ldz_30_hpbulge_nmr_a__legacy_gt__petfold__historical_legacy121_v1,1LDZ_30_hpbulge_nmr_A,petfold,exact,"[0,29]","[0,29]",5,5,5,5,5,0,none,
legacy121_v1__1ldz_30_hpbulge_nmr_a__legacy_gt__petfold__historical_legacy121_v1,1LDZ_30_hpbulge_nmr_A,petfold,exact,"[9,22]","[9,22]",5,5,5,5,5,0,none,
legacy121_v1__1ldz_30_hpbulge_nmr_a__legacy_gt__rnafold__historical_legacy121_v1,1LDZ_30_hpbulge_nmr_A,rnafold,exact,"[0,29]","[0,29]",5,5,5,5,5,0,none,
legacy121_v1__1ldz_30_hpbulge_nmr_a__legacy_gt__rnafold__historical_legacy121_v1,1LDZ_30_hpbulge_nmr_A,rnafold,exact,"[9,22]","[9,22]",5,5,5,5,5,0,none,
legacy121_v1__1ldz_30_hpbulge_nmr_a__legacy_gt__trrosettarna2_native_ss__historical_legacy121_v1,1LDZ_30_hpbulge_nmr_A,trrosettarna2_native_ss,stem_extension,"[0,29]","[0,29]",5,6,5,5,5,0,inner,
legacy121_v1__1ldz_30_hpbulge_nmr_a__legacy_gt__trrosettarna2_native_ss__historical_legacy121_v1,1LDZ_30_hpbulge_nmr_A,trrosettarna2_native_ss,stem_extension,"[9,22]","[9,22]",5,6,5,5,5,0,inner,
legacy121_v1__1m82_25_hp_nmr_a__legacy_gt__petfold__historical_legacy121_v1,1M82_25_hp_nmr_A,petfold,stem_extension,"[0,24]","[0,24]",6,7,6,6,6,0,inner,
legacy121_v1__1m82_25_hp_nmr_a__legacy_gt__petfold__historical_legacy121_v1,1M82_25_hp_nmr_A,petfold,exact,"[7,16]","[7,16]",3,3,3,3,3,0,none,
legacy121_v1__1m82_25_hp_nmr_a__legacy_gt__rnafold__historical_legacy121_v1,1M82_25_hp_nmr_A,rnafold,stem_extension,"[0,24]","[0,24]",6,7,6,6,6,0,inner,
legacy121_v1__1m82_25_hp_nmr_a__legacy_gt__rnafold__historical_legacy121_v1,1M82_25_hp_nmr_A,rnafold,exact,"[7,16]","[7,16]",3,3,3,3,3,0,none,
legacy121_v1__1m82_25_hp_nmr_a__legacy_gt__trrosettarna2_native_ss__historical_legacy121_v1,1M82_25_hp_nmr_A,trrosettarna2_native_ss,stem_extension,"[0,24]","[0,24]",6,7,6,6,6,0,inner,
legacy121_v1__1m82_25_hp_nmr_a__legacy_gt__trrosettarna2_native_ss__historical_legacy121_v1,1M82_25_hp_nmr_A,trrosettarna2_native_ss,stem_extension,"[7,16]","[7,16]",3,4,3,3,3,0,inner,
legacy121_v1__1mt4_24_hp_nmr_a__legacy_gt__petfold__historical_legacy121_v1,1MT4_24_hp_nmr_A,petfold,exact,"[0,23]","[0,23]",8,8,8,8,8,0,none,
legacy121_v1__1mt4_24_hp_nmr_a__legacy_gt__rnafold__historical_legacy121_v1,1MT4_24_hp_nmr_A,rnafold,exact,"[0,23]","[0,23]",8,8,8,8,8,0,none,
legacy121_v1__1mt4_24_hp_nmr_a__legacy_gt__trrosettarna2_native_ss__historical_legacy121_v1,1MT4_24_hp_nmr_A,trrosettarna2_native_ss,stem_extension,"[0,23]","[0,23]",8,9,8,8,8,0,inner,
legacy121_v1__1p5m_55_hpbulge_nmr_a__legacy_gt__petfold__historical_legacy121_v1,1P5M_55_hpbulge_nmr_A,petfold,exact,"[0,54]","[0,54]",5,5,5,5,5,0,none,
legacy121_v1__1p5m_55_hpbulge_nmr_a__legacy_gt__petfold__historical_legacy121_v1,1P5M_55_hpbulge_nmr_A,petfold,exact,"[6,49]","[6,49]",4,4,4,4,4,0,none,
legacy121_v1__1p5m_55_hpbulge_nmr_a__legacy_gt__petfold__historical_legacy121_v1,1P5M_55_hpbulge_nmr_A,petfold,exact,"[15,45]","[15,45]",4,4,4,4,4,0,none,
legacy121_v1__1p5m_55_hpbulge_nmr_a__legacy_gt__petfold__historical_legacy121_v1,1P5M_55_hpbulge_nmr_A,petfold,exact,"[22,37]","[22,37]",3,3,3,3,3,0,none,
legacy121_v1__1p5m_55_hpbulge_nmr_a__legacy_gt__petfold__historical_legacy121_v1,1P5M_55_hpbulge_nmr_A,petfold,exact,"[26,33]","[26,33]",2,2,2,2,2,0,none,
legacy121_v1__1p5m_55_hpbulge_nmr_a__legacy_gt__rnafold__historical_legacy121_v1,1P5M_55_hpbulge_nmr_A,rnafold,exact,"[0,54]","[0,54]",5,5,5,5,5,0,none,
legacy121_v1__1p5m_55_hpbulge_nmr_a__legacy_gt__rnafold__historical_legacy121_v1,1P5M_55_hpbulge_nmr_A,rnafold,exact,"[6,49]","[6,49]",4,4,4,4,4,0,none,
legacy121_v1__1p5m_55_hpbulge_nmr_a__legacy_gt__rnafold__historical_legacy121_v1,1P5M_55_hpbulge_nmr_A,rnafold,exact,"[15,45]","[15,45]",4,4,4,4,4,0,none,
legacy121_v1__1p5m_55_hpbulge_nmr_a__legacy_gt__rnafold__historical_legacy121_v1,1P5M_55_hpbulge_nmr_A,rnafold,exact,"[22,37]","[22,37]",3,3,3,3,3,0,none,
legacy121_v1__1p5m_55_hpbulge_nmr_a__legacy_gt__rnafold__historical_legacy121_v1,1P5M_55_hpbulge_nmr_A,rnafold,exact,"[26,33]","[26,33]",2,2,2,2,2,0,none,
legacy121_v1__1p5m_55_hpbulge_nmr_a__legacy_gt__trrosettarna2_native_ss__historical_legacy121_v1,1P5M_55_hpbulge_nmr_A,trrosettarna2_native_ss,exact,"[0,54]","[0,54]",5,5,5,5,5,0,none,
legacy121_v1__1p5m_55_hpbulge_nmr_a__legacy_gt__trrosettarna2_native_ss__historical_legacy121_v1,1P5M_55_hpbulge_nmr_A,trrosettarna2_native_ss,exact,"[6,49]","[6,49]",4,4,4,4,4,0,none,
legacy121_v1__1p5m_55_hpbulge_nmr_a__legacy_gt__trrosettarna2_native_ss__historical_legacy121_v1,1P5M_55_hpbulge_nmr_A,trrosettarna2_native_ss,complex_mismatch,"[15,45]",,4,,,,,,none,ambiguous_001
legacy121_v1__1p5m_55_hpbulge_nmr_a__legacy_gt__trrosettarna2_native_ss__historical_legacy121_v1,1P5M_55_hpbulge_nmr_A,trrosettarna2_native_ss,complex_mismatch,"[22,37]",,3,,,,,,none,ambiguous_001
legacy121_v1__1p5m_55_hpbulge_nmr_a__legacy_gt__trrosettarna2_native_ss__historical_legacy121_v1,1P5M_55_hpbulge_nmr_A,trrosettarna2_native_ss,complex_mismatch,"[26,33]",,2,,,,,,none,ambiguous_001
legacy121_v1__1p5m_55_hpbulge_nmr_a__legacy_gt__trrosettarna2_native_ss__historical_legacy121_v1,1P5M_55_hpbulge_nmr_A,trrosettarna2_native_ss,complex_mismatch,,"[15,44]",,14,,,,,none,ambiguous_001
legacy121_v1__1p5o_77_hpbulge_nmr_a__legacy_gt__petfold__historical_legacy121_v1,1P5O_77_hpbulge_nmr_A,petfold,exact,"[0,76]","[0,76]",5,5,5,5,5,0,none,
legacy121_v1__1p5o_77_hpbulge_nmr_a__legacy_gt__petfold__historical_legacy121_v1,1P5O_77_hpbulge_nmr_A,petfold,exact,"[6,71]","[6,71]",4,4,4,4,4,0,none,
legacy121_v1__1p5o_77_hpbulge_nmr_a__legacy_gt__petfold__historical_legacy121_v1,1P5O_77_hpbulge_nmr_A,petfold,exact,"[15,67]","[15,67]",4,4,4,4,4,0,none,
legacy121_v1__1p5o_77_hpbulge_nmr_a__legacy_gt__petfold__historical_legacy121_v1,1P5O_77_hpbulge_nmr_A,petfold,exact,"[22,59]","[22,59]",3,3,3,3,3,0,none,
legacy121_v1__1p5o_77_hpbulge_nmr_a__legacy_gt__petfold__historical_legacy121_v1,1P5O_77_hpbulge_nmr_A,petfold,exact,"[26,55]","[26,55]",2,2,2,2,2,0,none,
legacy121_v1__1p5o_77_hpbulge_nmr_a__legacy_gt__petfold__historical_legacy121_v1,1P5O_77_hpbulge_nmr_A,petfold,complex_mismatch,"[32,48]",,2,,,,,,none,ambiguous_001
legacy121_v1__1p5o_77_hpbulge_nmr_a__legacy_gt__petfold__historical_legacy121_v1,1P5O_77_hpbulge_nmr_A,petfold,complex_mismatch,"[35,45]",,2,,,,,,none,ambiguous_001
legacy121_v1__1p5o_77_hpbulge_nmr_a__legacy_gt__petfold__historical_legacy121_v1,1P5O_77_hpbulge_nmr_A,petfold,complex_mismatch,,"[31,49]",,6,,,,,none,ambiguous_001
legacy121_v1__1p5o_77_hpbulge_nmr_a__legacy_gt__rnafold__historical_legacy121_v1,1P5O_77_hpbulge_nmr_A,rnafold,exact,"[0,76]","[0,76]",5,5,5,5,5,0,none,
legacy121_v1__1p5o_77_hpbulge_nmr_a__legacy_gt__rnafold__historical_legacy121_v1,1P5O_77_hpbulge_nmr_A,rnafold,exact,"[6,71]","[6,71]",4,4,4,4,4,0,none,
legacy121_v1__1p5o_77_hpbulge_nmr_a__legacy_gt__rnafold__historical_legacy121_v1,1P5O_77_hpbulge_nmr_A,rnafold,exact,"[15,67]","[15,67]",4,4,4,4,4,0,none,
legacy121_v1__1p5o_77_hpbulge_nmr_a__legacy_gt__rnafold__historical_legacy121_v1,1P5O_77_hpbulge_nmr_A,rnafold,exact,"[22,59]","[22,59]",3,3,3,3,3,0,none,
legacy121_v1__1p5o_77_hpbulge_nmr_a__legacy_gt__rnafold__historical_legacy121_v1,1P5O_77_hpbulge_nmr_A,rnafold,exact,"[26,55]","[26,55]",2,2,2,2,2,0,none,
legacy121_v1__1p5o_77_hpbulge_nmr_a__legacy_gt__rnafold__historical_legacy121_v1,1P5O_77_hpbulge_nmr_A,rnafold,complex_mismatch,"[32,48]",,2,,,,,,none,ambiguous_001
legacy121_v1__1p5o_77_hpbulge_nmr_a__legacy_gt__rnafold__historical_legacy121_v1,1P5O_77_hpbulge_nmr_A,rnafold,complex_mismatch,"[35,45]",,2,,,,,,none,ambiguous_001
legacy121_v1__1p5o_77_hpbulge_nmr_a__legacy_gt__rnafold__historical_legacy121_v1,1P5O_77_hpbulge_nmr_A,rnafold,complex_mismatch,,"[31,49]",,6,,,,,none,ambiguous_001
legacy121_v1__1p5o_77_hpbulge_nmr_a__legacy_gt__trrosettarna2_native_ss__historical_legacy121_v1,1P5O_77_hpbulge_nmr_A,trrosettarna2_native_ss,exact,"[0,76]","[0,76]",5,5,5,5,5,0,none,
legacy121_v1__1p5o_77_hpbulge_nmr_a__legacy_gt__trrosettarna2_native_ss__historical_legacy121_v1,1P5O_77_hpbulge_nmr_A,trrosettarna2_native_ss,exact,"[6,71]","[6,71]",4,4,4,4,4,0,none,
legacy121_v1__1p5o_77_hpbulge_nmr_a__legacy_gt__trrosettarna2_native_ss__historical_legacy121_v1,1P5O_77_hpbulge_nmr_A,trrosettarna2_native_ss,exact,"[15,67]","[15,67]",4,4,4,4,4,0,none,
legacy121_v1__1p5o_77_hpbulge_nmr_a__legacy_gt__trrosettarna2_native_ss__historical_legacy121_v1,1P5O_77_hpbulge_nmr_A,trrosettarna2_native_ss,complex_mismatch,"[22,59]",,3,,,,,,none,ambiguous_001
legacy121_v1__1p5o_77_hpbulge_nmr_a__legacy_gt__trrosettarna2_native_ss__historical_legacy121_v1,1P5O_77_hpbulge_nmr_A,trrosettarna2_native_ss,complex_mismatch,"[26,55]",,2,,,,,,none,ambiguous_001
legacy121_v1__1p5o_77_hpbulge_nmr_a__legacy_gt__trrosettarna2_native_ss__historical_legacy121_v1,1P5O_77_hpbulge_nmr_A,trrosettarna2_native_ss,complex_mismatch,,"[19,62]",,11,,,,,none,ambiguous_001
legacy121_v1__1p5o_77_hpbulge_nmr_a__legacy_gt__trrosettarna2_native_ss__historical_legacy121_v1,1P5O_77_hpbulge_nmr_A,trrosettarna2_native_ss,complex_mismatch,"[32,48]",,2,,,,,,none,ambiguous_002
legacy121_v1__1p5o_77_hpbulge_nmr_a__legacy_gt__trrosettarna2_native_ss__historical_legacy121_v1,1P5O_77_hpbulge_nmr_A,trrosettarna2_native_ss,complex_mismatch,"[35,45]",,2,,,,,,none,ambiguous_002
legacy121_v1__1p5o_77_hpbulge_nmr_a__legacy_gt__trrosettarna2_native_ss__historical_legacy121_v1,1P5O_77_hpbulge_nmr_A,trrosettarna2_native_ss,complex_mismatch,,"[30,50]",,7,,,,,none,ambiguous_002
legacy121_v1__1qwa_21_hp_nmr_a__legacy_gt__petfold__historical_legacy121_v1,1QWA_21_hp_nmr_A,petfold,exact,"[0,20]","[0,20]",6,6,6,6,6,0,none,
legacy121_v1__1qwa_21_hp_nmr_a__legacy_gt__petfold__historical_legacy121_v1,1QWA_21_hp_nmr_A,petfold,exact,"[6,13]","[6,13]",2,2,2,2,2,0,none,
legacy121_v1__1qwa_21_hp_nmr_a__legacy_gt__rnafold__historical_legacy121_v1,1QWA_21_hp_nmr_A,rnafold,exact,"[0,20]","[0,20]",6,6,6,6,6,0,none,
legacy121_v1__1qwa_21_hp_nmr_a__legacy_gt__rnafold__historical_legacy121_v1,1QWA_21_hp_nmr_A,rnafold,exact,"[6,13]","[6,13]",2,2,2,2,2,0,none,
legacy121_v1__1qwa_21_hp_nmr_a__legacy_gt__trrosettarna2_native_ss__historical_legacy121_v1,1QWA_21_hp_nmr_A,trrosettarna2_native_ss,exact,"[0,20]","[0,20]",6,6,6,6,6,0,none,
legacy121_v1__1qwa_21_hp_nmr_a__legacy_gt__trrosettarna2_native_ss__historical_legacy121_v1,1QWA_21_hp_nmr_A,trrosettarna2_native_ss,stem_missing,"[6,13]",,2,,,,,,none,
legacy121_v1__1qwb_26_hp_nmr_a__legacy_gt__petfold__historical_legacy121_v1,1QWB_26_hp_nmr_A,petfold,exact,"[0,25]","[0,25]",6,6,6,6,6,0,none,
legacy121_v1__1qwb_26_hp_nmr_a__legacy_gt__rnafold__historical_legacy121_v1,1QWB_26_hp_nmr_A,rnafold,exact,"[0,25]","[0,25]",6,6,6,6,6,0,none,
legacy121_v1__1qwb_26_hp_nmr_a__legacy_gt__trrosettarna2_native_ss__historical_legacy121_v1,1QWB_26_hp_nmr_A,trrosettarna2_native_ss,stem_extension,"[0,25]","[0,25]",6,8,6,6,6,0,inner,
legacy121_v1__1qwb_26_hp_nmr_a__legacy_gt__trrosettarna2_native_ss__historical_legacy121_v1,1QWB_26_hp_nmr_A,trrosettarna2_native_ss,unmatched_predicted_stem,,"[8,16]",,2,,,,,none,
legacy121_v1__1r7w_34_hpbulge_nmr_a__legacy_gt__petfold__historical_legacy121_v1,1R7W_34_hpbulge_nmr_A,petfold,exact,"[0,33]","[0,33]",7,7,7,7,7,0,none,
legacy121_v1__1r7w_34_hpbulge_nmr_a__legacy_gt__petfold__historical_legacy121_v1,1R7W_34_hpbulge_nmr_A,petfold,exact,"[13,26]","[13,26]",5,5,5,5,5,0,none,
legacy121_v1__1r7w_34_hpbulge_nmr_a__legacy_gt__rnafold__historical_legacy121_v1,1R7W_34_hpbulge_nmr_A,rnafold,exact,"[0,33]","[0,33]",7,7,7,7,7,0,none,
legacy121_v1__1r7w_34_hpbulge_nmr_a__legacy_gt__rnafold__historical_legacy121_v1,1R7W_34_hpbulge_nmr_A,rnafold,exact,"[13,26]","[13,26]",5,5,5,5,5,0,none,
legacy121_v1__1r7w_34_hpbulge_nmr_a__legacy_gt__trrosettarna2_native_ss__historical_legacy121_v1,1R7W_34_hpbulge_nmr_A,trrosettarna2_native_ss,exact,"[0,33]","[0,33]",7,7,7,7,7,0,none,
legacy121_v1__1r7w_34_hpbulge_nmr_a__legacy_gt__trrosettarna2_native_ss__historical_legacy121_v1,1R7W_34_hpbulge_nmr_A,trrosettarna2_native_ss,stem_extension,"[13,26]","[13,26]",5,6,5,5,5,0,inner,
legacy121_v1__1rht_24_hp_nmr_a__legacy_gt__petfold__historical_legacy121_v1,1RHT_24_hp_nmr_A,petfold,stem_extension,"[2,20]","[1,21]",5,6,5,5,5,0,outer,
legacy121_v1__1rht_24_hp_nmr_a__legacy_gt__petfold__historical_legacy121_v1,1RHT_24_hp_nmr_A,petfold,unmatched_predicted_stem,,"[8,15]",,2,,,,,none,
legacy121_v1__1rht_24_hp_nmr_a__legacy_gt__rnafold__historical_legacy121_v1,1RHT_24_hp_nmr_A,rnafold,stem_extension,"[2,20]","[1,21]",5,6,5,5,5,0,outer,
legacy121_v1__1rht_24_hp_nmr_a__legacy_gt__rnafold__historical_legacy121_v1,1RHT_24_hp_nmr_A,rnafold,unmatched_predicted_stem,,"[8,15]",,2,,,,,none,
legacy121_v1__1rht_24_hp_nmr_a__legacy_gt__trrosettarna2_native_ss__historical_legacy121_v1,1RHT_24_hp_nmr_A,trrosettarna2_native_ss,stem_extension,"[2,20]","[1,21]",5,6,5,5,5,0,outer,
legacy121_v1__1rht_24_hp_nmr_a__legacy_gt__trrosettarna2_native_ss__historical_legacy121_v1,1RHT_24_hp_nmr_A,trrosettarna2_native_ss,unmatched_predicted_stem,,"[8,15]",,2,,,,,none,
legacy121_v1__1rnk_36_pseudoknot_nmr_a__legacy_gt__petfold__historical_legacy121_v1,1RNK_36_pseudoknot_nmr_A,petfold,exact,"[0,18]","[0,18]",5,5,5,5,5,0,none,
legacy121_v1__1rnk_36_pseudoknot_nmr_a__legacy_gt__petfold__historical_legacy121_v1,1RNK_36_pseudoknot_nmr_A,petfold,stem_missing,"[7,32]",,6,,,,,,none,
legacy121_v1__1rnk_36_pseudoknot_nmr_a__legacy_gt__petfold__historical_legacy121_v1,1RNK_36_pseudoknot_nmr_A,petfold,unmatched_predicted_stem,,"[5,12]",,2,,,,,none,
legacy121_v1__1rnk_36_pseudoknot_nmr_a__legacy_gt__rnafold__historical_legacy121_v1,1RNK_36_pseudoknot_nmr_A,rnafold,exact,"[0,18]","[0,18]",5,5,5,5,5,0,none,
legacy121_v1__1rnk_36_pseudoknot_nmr_a__legacy_gt__rnafold__historical_legacy121_v1,1RNK_36_pseudoknot_nmr_A,rnafold,stem_missing,"[7,32]",,6,,,,,,none,
legacy121_v1__1rnk_36_pseudoknot_nmr_a__legacy_gt__rnafold__historical_legacy121_v1,1RNK_36_pseudoknot_nmr_A,rnafold,unmatched_predicted_stem,,"[5,12]",,2,,,,,none,
legacy121_v1__1rnk_36_pseudoknot_nmr_a__legacy_gt__trrosettarna2_native_ss__historical_legacy121_v1,1RNK_36_pseudoknot_nmr_A,trrosettarna2_native_ss,stem_missing,"[0,18]",,5,,,,,,none,
legacy121_v1__1rnk_36_pseudoknot_nmr_a__legacy_gt__trrosettarna2_native_ss__historical_legacy121_v1,1RNK_36_pseudoknot_nmr_A,trrosettarna2_native_ss,stem_missing,"[7,32]",,6,,,,,,none,
legacy121_v1__1rnk_36_pseudoknot_nmr_a__legacy_gt__trrosettarna2_native_ss__historical_legacy121_v1,1RNK_36_pseudoknot_nmr_A,trrosettarna2_native_ss,unmatched_predicted_stem,,"[0,32]",,5,,,,,none,
legacy121_v1__1rnk_36_pseudoknot_nmr_a__legacy_gt__trrosettarna2_native_ss__historical_legacy121_v1,1RNK_36_pseudoknot_nmr_A,trrosettarna2_native_ss,unmatched_predicted_stem,,"[8,18]",,5,,,,,none,
legacy121_v1__1s2f_23_hp_nmr_a__legacy_gt__petfold__historical_legacy121_v1,1S2F_23_hp_nmr_A,petfold,exact,"[0,22]","[0,22]",6,6,6,6,6,0,none,
legacy121_v1__1s2f_23_hp_nmr_a__legacy_gt__petfold__historical_legacy121_v1,1S2F_23_hp_nmr_A,petfold,exact,"[7,16]","[7,16]",3,3,3,3,3,0,none,
legacy121_v1__1s2f_23_hp_nmr_a__legacy_gt__rnafold__historical_legacy121_v1,1S2F_23_hp_nmr_A,rnafold,exact,"[0,22]","[0,22]",6,6,6,6,6,0,none,
legacy121_v1__1s2f_23_hp_nmr_a__legacy_gt__rnafold__historical_legacy121_v1,1S2F_23_hp_nmr_A,rnafold,exact,"[7,16]","[7,16]",3,3,3,3,3,0,none,
legacy121_v1__1s2f_23_hp_nmr_a__legacy_gt__trrosettarna2_native_ss__historical_legacy121_v1,1S2F_23_hp_nmr_A,trrosettarna2_native_ss,exact,"[0,22]","[0,22]",6,6,6,6,6,0,none,
legacy121_v1__1s2f_23_hp_nmr_a__legacy_gt__trrosettarna2_native_ss__historical_legacy121_v1,1S2F_23_hp_nmr_A,trrosettarna2_native_ss,exact,"[7,16]","[7,16]",3,3,3,3,3,0,none,
legacy121_v1__1s9s_101_3wj_nmr_a__legacy_gt__petfold__historical_legacy121_v1,1S9S_101_3wj_nmr_A,petfold,exact,"[1,28]","[1,28]",4,4,4,4,4,0,none,
legacy121_v1__1s9s_101_3wj_nmr_a__legacy_gt__petfold__historical_legacy121_v1,1S9S_101_3wj_nmr_A,petfold,exact,"[7,22]","[7,22]",6,6,6,6,6,0,none,
legacy121_v1__1s9s_101_3wj_nmr_a__legacy_gt__petfold__historical_legacy121_v1,1S9S_101_3wj_nmr_A,petfold,exact,"[34,76]","[34,76]",4,4,4,4,4,0,none,
legacy121_v1__1s9s_101_3wj_nmr_a__legacy_gt__petfold__historical_legacy121_v1,1S9S_101_3wj_nmr_A,petfold,exact,"[40,72]","[40,72]",3,3,3,3,3,0,none,
legacy121_v1__1s9s_101_3wj_nmr_a__legacy_gt__petfold__historical_legacy121_v1,1S9S_101_3wj_nmr_A,petfold,exact,"[44,69]","[44,69]",4,4,4,4,4,0,none,
legacy121_v1__1s9s_101_3wj_nmr_a__legacy_gt__petfold__historical_legacy121_v1,1S9S_101_3wj_nmr_A,petfold,exact,"[48,61]","[48,61]",5,5,5,5,5,0,none,
legacy121_v1__1s9s_101_3wj_nmr_a__legacy_gt__petfold__historical_legacy121_v1,1S9S_101_3wj_nmr_A,petfold,exact,"[77,100]","[77,100]",10,10,10,10,10,0,none,
legacy121_v1__1s9s_101_3wj_nmr_a__legacy_gt__rnafold__historical_legacy121_v1,1S9S_101_3wj_nmr_A,rnafold,exact,"[1,28]","[1,28]",4,4,4,4,4,0,none,
legacy121_v1__1s9s_101_3wj_nmr_a__legacy_gt__rnafold__historical_legacy121_v1,1S9S_101_3wj_nmr_A,rnafold,exact,"[7,22]","[7,22]",6,6,6,6,6,0,none,
legacy121_v1__1s9s_101_3wj_nmr_a__legacy_gt__rnafold__historical_legacy121_v1,1S9S_101_3wj_nmr_A,rnafold,exact,"[34,76]","[34,76]",4,4,4,4,4,0,none,
legacy121_v1__1s9s_101_3wj_nmr_a__legacy_gt__rnafold__historical_legacy121_v1,1S9S_101_3wj_nmr_A,rnafold,exact,"[40,72]","[40,72]",3,3,3,3,3,0,none,
legacy121_v1__1s9s_101_3wj_nmr_a__legacy_gt__rnafold__historical_legacy121_v1,1S9S_101_3wj_nmr_A,rnafold,exact,"[44,69]","[44,69]",4,4,4,4,4,0,none,
legacy121_v1__1s9s_101_3wj_nmr_a__legacy_gt__rnafold__historical_legacy121_v1,1S9S_101_3wj_nmr_A,rnafold,exact,"[48,61]","[48,61]",5,5,5,5,5,0,none,
legacy121_v1__1s9s_101_3wj_nmr_a__legacy_gt__rnafold__historical_legacy121_v1,1S9S_101_3wj_nmr_A,rnafold,exact,"[77,100]","[77,100]",10,10,10,10,10,0,none,
legacy121_v1__1s9s_101_3wj_nmr_a__legacy_gt__trrosettarna2_native_ss__historical_legacy121_v1,1S9S_101_3wj_nmr_A,trrosettarna2_native_ss,exact,"[34,76]","[34,76]",4,4,4,4,4,0,none,
legacy121_v1__1s9s_101_3wj_nmr_a__legacy_gt__trrosettarna2_native_ss__historical_legacy121_v1,1S9S_101_3wj_nmr_A,trrosettarna2_native_ss,exact,"[40,72]","[40,72]",3,3,3,3,3,0,none,
legacy121_v1__1s9s_101_3wj_nmr_a__legacy_gt__trrosettarna2_native_ss__historical_legacy121_v1,1S9S_101_3wj_nmr_A,trrosettarna2_native_ss,exact,"[44,69]","[44,69]",4,4,4,4,4,0,none,
legacy121_v1__1s9s_101_3wj_nmr_a__legacy_gt__trrosettarna2_native_ss__historical_legacy121_v1,1S9S_101_3wj_nmr_A,trrosettarna2_native_ss,stem_extension,"[48,61]","[48,61]",5,6,5,5,5,0,inner,
legacy121_v1__1s9s_101_3wj_nmr_a__legacy_gt__trrosettarna2_native_ss__historical_legacy121_v1,1S9S_101_3wj_nmr_A,trrosettarna2_native_ss,exact,"[77,100]","[77,100]",10,10,10,10,10,0,none,
legacy121_v1__1s9s_101_3wj_nmr_a__legacy_gt__trrosettarna2_native_ss__historical_legacy121_v1,1S9S_101_3wj_nmr_A,trrosettarna2_native_ss,complex_mismatch,"[1,28]",,4,,,,,,none,ambiguous_001
legacy121_v1__1s9s_101_3wj_nmr_a__legacy_gt__trrosettarna2_native_ss__historical_legacy121_v1,1S9S_101_3wj_nmr_A,trrosettarna2_native_ss,complex_mismatch,"[7,22]",,6,,,,,,none,ambiguous_001
legacy121_v1__1s9s_101_3wj_nmr_a__legacy_gt__trrosettarna2_native_ss__historical_legacy121_v1,1S9S_101_3wj_nmr_A,trrosettarna2_native_ss,complex_mismatch,,"[0,29]",,14,,,,,none,ambiguous_001
legacy121_v1__1t28_34_hpbulge_nmr_a__legacy_gt__petfold__historical_legacy121_v1,1T28_34_hpbulge_nmr_A,petfold,complex_mismatch,"[0,33]",,2,,,,,,none,ambiguous_001
legacy121_v1__1t28_34_hpbulge_nmr_a__legacy_gt__petfold__historical_legacy121_v1,1T28_34_hpbulge_nmr_A,petfold,complex_mismatch,"[6,27]",,3,,,,,,none,ambiguous_001
legacy121_v1__1t28_34_hpbulge_nmr_a__legacy_gt__petfold__historical_legacy121_v1,1T28_34_hpbulge_nmr_A,petfold,complex_mismatch,,"[0,33]",,10,,,,,none,ambiguous_001
legacy121_v1__1t28_34_hpbulge_nmr_a__legacy_gt__rnafold__historical_legacy121_v1,1T28_34_hpbulge_nmr_A,rnafold,complex_mismatch,"[0,33]",,2,,,,,,none,ambiguous_001
legacy121_v1__1t28_34_hpbulge_nmr_a__legacy_gt__rnafold__historical_legacy121_v1,1T28_34_hpbulge_nmr_A,rnafold,complex_mismatch,"[6,27]",,3,,,,,,none,ambiguous_001
legacy121_v1__1t28_34_hpbulge_nmr_a__legacy_gt__rnafold__historical_legacy121_v1,1T28_34_hpbulge_nmr_A,rnafold,complex_mismatch,,"[0,33]",,10,,,,,none,ambiguous_001
legacy121_v1__1t28_34_hpbulge_nmr_a__legacy_gt__trrosettarna2_native_ss__historical_legacy121_v1,1T28_34_hpbulge_nmr_A,trrosettarna2_native_ss,complex_mismatch,"[0,33]",,2,,,,,,none,ambiguous_001
legacy121_v1__1t28_34_hpbulge_nmr_a__legacy_gt__trrosettarna2_native_ss__historical_legacy121_v1,1T28_34_hpbulge_nmr_A,trrosettarna2_native_ss,complex_mismatch,"[6,27]",,3,,,,,,none,ambiguous_001
legacy121_v1__1t28_34_hpbulge_nmr_a__legacy_gt__trrosettarna2_native_ss__historical_legacy121_v1,1T28_34_hpbulge_nmr_A,trrosettarna2_native_ss,complex_mismatch,,"[0,33]",,9,,,,,none,ambiguous_001
legacy121_v1__1tbk_17_hp_nmr_a__legacy_gt__petfold__historical_legacy121_v1,1TBK_17_hp_nmr_A,petfold,exact,"[0,16]","[0,16]",6,6,6,6,6,0,none,
legacy121_v1__1tbk_17_hp_nmr_a__legacy_gt__rnafold__historical_legacy121_v1,1TBK_17_hp_nmr_A,rnafold,exact,"[0,16]","[0,16]",6,6,6,6,6,0,none,
legacy121_v1__1tbk_17_hp_nmr_a__legacy_gt__trrosettarna2_native_ss__historical_legacy121_v1,1TBK_17_hp_nmr_A,trrosettarna2_native_ss,exact,"[0,16]","[0,16]",6,6,6,6,6,0,none,
legacy121_v1__1tjz_26_hp_nmr_a__legacy_gt__petfold__historical_legacy121_v1,1TJZ_26_hp_nmr_A,petfold,exact,"[0,21]","[0,21]",3,3,3,3,3,0,none,
legacy121_v1__1tjz_26_hp_nmr_a__legacy_gt__petfold__historical_legacy121_v1,1TJZ_26_hp_nmr_A,petfold,exact,"[5,16]","[5,16]",4,4,4,4,4,0,none,
legacy121_v1__1tjz_26_hp_nmr_a__legacy_gt__rnafold__historical_legacy121_v1,1TJZ_26_hp_nmr_A,rnafold,exact,"[0,21]","[0,21]",3,3,3,3,3,0,none,
legacy121_v1__1tjz_26_hp_nmr_a__legacy_gt__rnafold__historical_legacy121_v1,1TJZ_26_hp_nmr_A,rnafold,exact,"[5,16]","[5,16]",4,4,4,4,4,0,none,
legacy121_v1__1tjz_26_hp_nmr_a__legacy_gt__trrosettarna2_native_ss__historical_legacy121_v1,1TJZ_26_hp_nmr_A,trrosettarna2_native_ss,complex_mismatch,"[0,21]",,3,,,,,,none,ambiguous_001
legacy121_v1__1tjz_26_hp_nmr_a__legacy_gt__trrosettarna2_native_ss__historical_legacy121_v1,1TJZ_26_hp_nmr_A,trrosettarna2_native_ss,complex_mismatch,"[5,16]",,4,,,,,,none,ambiguous_001
legacy121_v1__1tjz_26_hp_nmr_a__legacy_gt__trrosettarna2_native_ss__historical_legacy121_v1,1TJZ_26_hp_nmr_A,trrosettarna2_native_ss,complex_mismatch,,"[0,21]",,10,,,,,none,ambiguous_001
legacy121_v1__1tlr_23_hp_nmr_a__legacy_gt__petfold__historical_legacy121_v1,1TLR_23_hp_nmr_A,petfold,exact,"[0,22]","[0,22]",4,4,4,4,4,0,none,
legacy121_v1__1tlr_23_hp_nmr_a__legacy_gt__petfold__historical_legacy121_v1,1TLR_23_hp_nmr_A,petfold,exact,"[7,16]","[7,16]",3,3,3,3,3,0,none,
legacy121_v1__1tlr_23_hp_nmr_a__legacy_gt__rnafold__historical_legacy121_v1,1TLR_23_hp_nmr_A,rnafold,exact,"[0,22]","[0,22]",4,4,4,4,4,0,none,
legacy121_v1__1tlr_23_hp_nmr_a__legacy_gt__rnafold__historical_legacy121_v1,1TLR_23_hp_nmr_A,rnafold,exact,"[7,16]","[7,16]",3,3,3,3,3,0,none,
legacy121_v1__1tlr_23_hp_nmr_a__legacy_gt__trrosettarna2_native_ss__historical_legacy121_v1,1TLR_23_hp_nmr_A,trrosettarna2_native_ss,stem_extension,"[0,22]","[0,22]",4,5,4,4,4,0,inner,
legacy121_v1__1tlr_23_hp_nmr_a__legacy_gt__trrosettarna2_native_ss__historical_legacy121_v1,1TLR_23_hp_nmr_A,trrosettarna2_native_ss,stem_extension,"[7,16]","[7,16]",3,4,3,3,3,0,inner,
legacy121_v1__1uuu_19_hp_nmr_a__legacy_gt__petfold__historical_legacy121_v1,1UUU_19_hp_nmr_A,petfold,stem_extension,"[1,17]","[0,18]",6,8,6,6,6,0,both,
legacy121_v1__1uuu_19_hp_nmr_a__legacy_gt__rnafold__historical_legacy121_v1,1UUU_19_hp_nmr_A,rnafold,stem_extension,"[1,17]","[0,18]",6,8,6,6,6,0,both,
legacy121_v1__1uuu_19_hp_nmr_a__legacy_gt__trrosettarna2_native_ss__historical_legacy121_v1,1UUU_19_hp_nmr_A,trrosettarna2_native_ss,complex_mismatch,"[1,17]","[0,18]",6,6,5,5,5,0,none,
legacy121_v1__1xwu_16_hp_nmr_a__legacy_gt__petfold__historical_legacy121_v1,1XWU_16_hp_nmr_A,petfold,exact,"[0,14]","[0,14]",4,4,4,4,4,0,none,
legacy121_v1__1xwu_16_hp_nmr_a__legacy_gt__rnafold__historical_legacy121_v1,1XWU_16_hp_nmr_A,rnafold,exact,"[0,14]","[0,14]",4,4,4,4,4,0,none,
legacy121_v1__1xwu_16_hp_nmr_a__legacy_gt__trrosettarna2_native_ss__historical_legacy121_v1,1XWU_16_hp_nmr_A,trrosettarna2_native_ss,stem_extension,"[0,14]","[0,14]",4,7,4,4,4,0,inner,
legacy121_v1__1ylg_31_hp_nmr_a__legacy_gt__petfold__historical_legacy121_v1,1YLG_31_hp_nmr_A,petfold,stem_extension,"[0,30]","[0,30]",6,7,6,6,6,0,inner,
legacy121_v1__1ylg_31_hp_nmr_a__legacy_gt__petfold__historical_legacy121_v1,1YLG_31_hp_nmr_A,petfold,exact,"[7,22]","[7,22]",4,4,4,4,4,0,none,
legacy121_v1__1ylg_31_hp_nmr_a__legacy_gt__rnafold__historical_legacy121_v1,1YLG_31_hp_nmr_A,rnafold,stem_extension,"[0,30]","[0,30]",6,7,6,6,6,0,inner,
legacy121_v1__1ylg_31_hp_nmr_a__legacy_gt__rnafold__historical_legacy121_v1,1YLG_31_hp_nmr_A,rnafold,exact,"[7,22]","[7,22]",4,4,4,4,4,0,none,
legacy121_v1__1ylg_31_hp_nmr_a__legacy_gt__trrosettarna2_native_ss__historical_legacy121_v1,1YLG_31_hp_nmr_A,trrosettarna2_native_ss,exact,"[0,30]","[0,30]",6,6,6,6,6,0,none,
legacy121_v1__1ylg_31_hp_nmr_a__legacy_gt__trrosettarna2_native_ss__historical_legacy121_v1,1YLG_31_hp_nmr_A,trrosettarna2_native_ss,stem_extension,"[7,22]","[6,23]",4,6,4,4,4,0,both,
legacy121_v1__1z31_32_hpbulge_nmr_a__legacy_gt__petfold__historical_legacy121_v1,1Z31_32_hpbulge_nmr_A,petfold,exact,"[0,31]","[0,31]",5,5,5,5,5,0,none,
legacy121_v1__1z31_32_hpbulge_nmr_a__legacy_gt__petfold__historical_legacy121_v1,1Z31_32_hpbulge_nmr_A,petfold,exact,"[6,26]","[6,26]",3,3,3,3,3,0,none,
legacy121_v1__1z31_32_hpbulge_nmr_a__legacy_gt__petfold__historical_legacy121_v1,1Z31_32_hpbulge_nmr_A,petfold,exact,"[11,20]","[11,20]",3,3,3,3,3,0,none,
legacy121_v1__1z31_32_hpbulge_nmr_a__legacy_gt__rnafold__historical_legacy121_v1,1Z31_32_hpbulge_nmr_A,rnafold,exact,"[0,31]","[0,31]",5,5,5,5,5,0,none,
legacy121_v1__1z31_32_hpbulge_nmr_a__legacy_gt__rnafold__historical_legacy121_v1,1Z31_32_hpbulge_nmr_A,rnafold,exact,"[6,26]","[6,26]",3,3,3,3,3,0,none,
legacy121_v1__1z31_32_hpbulge_nmr_a__legacy_gt__rnafold__historical_legacy121_v1,1Z31_32_hpbulge_nmr_A,rnafold,exact,"[11,20]","[11,20]",3,3,3,3,3,0,none,
legacy121_v1__1z31_32_hpbulge_nmr_a__legacy_gt__trrosettarna2_native_ss__historical_legacy121_v1,1Z31_32_hpbulge_nmr_A,trrosettarna2_native_ss,exact,"[0,31]","[0,31]",5,5,5,5,5,0,none,
legacy121_v1__1z31_32_hpbulge_nmr_a__legacy_gt__trrosettarna2_native_ss__historical_legacy121_v1,1Z31_32_hpbulge_nmr_A,trrosettarna2_native_ss,exact,"[6,26]","[6,26]",3,3,3,3,3,0,none,
legacy121_v1__1z31_32_hpbulge_nmr_a__legacy_gt__trrosettarna2_native_ss__historical_legacy121_v1,1Z31_32_hpbulge_nmr_A,trrosettarna2_native_ss,stem_extension,"[11,20]","[11,20]",3,4,3,3,3,0,inner,
legacy121_v1__2aht_27_hp_nmr_a__legacy_gt__petfold__historical_legacy121_v1,2AHT_27_hp_nmr_A,petfold,stem_extension,"[0,26]","[0,26]",6,7,6,6,6,0,inner,
legacy121_v1__2aht_27_hp_nmr_a__legacy_gt__petfold__historical_legacy121_v1,2AHT_27_hp_nmr_A,petfold,exact,"[7,18]","[7,18]",4,4,4,4,4,0,none,
legacy121_v1__2aht_27_hp_nmr_a__legacy_gt__rnafold__historical_legacy121_v1,2AHT_27_hp_nmr_A,rnafold,stem_extension,"[0,26]","[0,26]",6,7,6,6,6,0,inner,
legacy121_v1__2aht_27_hp_nmr_a__legacy_gt__rnafold__historical_legacy121_v1,2AHT_27_hp_nmr_A,rnafold,exact,"[7,18]","[7,18]",4,4,4,4,4,0,none,
legacy121_v1__2aht_27_hp_nmr_a__legacy_gt__trrosettarna2_native_ss__historical_legacy121_v1,2AHT_27_hp_nmr_A,trrosettarna2_native_ss,exact,"[0,26]","[0,26]",6,6,6,6,6,0,none,
legacy121_v1__2aht_27_hp_nmr_a__legacy_gt__trrosettarna2_native_ss__historical_legacy121_v1,2AHT_27_hp_nmr_A,trrosettarna2_native_ss,stem_extension,"[7,18]","[6,19]",4,6,4,4,4,0,both,
legacy121_v1__2es5_23_hp_nmr_a__legacy_gt__petfold__historical_legacy121_v1,2ES5_23_hp_nmr_A,petfold,exact,"[0,22]","[0,22]",9,9,9,9,9,0,none,
legacy121_v1__2es5_23_hp_nmr_a__legacy_gt__rnafold__historical_legacy121_v1,2ES5_23_hp_nmr_A,rnafold,exact,"[0,22]","[0,22]",9,9,9,9,9,0,none,
legacy121_v1__2es5_23_hp_nmr_a__legacy_gt__trrosettarna2_native_ss__historical_legacy121_v1,2ES5_23_hp_nmr_A,trrosettarna2_native_ss,exact,"[0,22]","[0,22]",9,9,9,9,9,0,none,
legacy121_v1__2euy_34_hp_nmr_a__legacy_gt__petfold__historical_legacy121_v1,2EUY_34_hp_nmr_A,petfold,exact,"[0,33]","[0,33]",6,6,6,6,6,0,none,
legacy121_v1__2euy_34_hp_nmr_a__legacy_gt__petfold__historical_legacy121_v1,2EUY_34_hp_nmr_A,petfold,exact,"[11,22]","[11,22]",4,4,4,4,4,0,none,
legacy121_v1__2euy_34_hp_nmr_a__legacy_gt__petfold__historical_legacy121_v1,2EUY_34_hp_nmr_A,petfold,unmatched_predicted_stem,,"[7,25]",,2,,,,,none,
legacy121_v1__2euy_34_hp_nmr_a__legacy_gt__rnafold__historical_legacy121_v1,2EUY_34_hp_nmr_A,rnafold,exact,"[0,33]","[0,33]",6,6,6,6,6,0,none,
legacy121_v1__2euy_34_hp_nmr_a__legacy_gt__rnafold__historical_legacy121_v1,2EUY_34_hp_nmr_A,rnafold,exact,"[11,22]","[11,22]",4,4,4,4,4,0,none,
legacy121_v1__2euy_34_hp_nmr_a__legacy_gt__rnafold__historical_legacy121_v1,2EUY_34_hp_nmr_A,rnafold,unmatched_predicted_stem,,"[7,25]",,2,,,,,none,
legacy121_v1__2euy_34_hp_nmr_a__legacy_gt__trrosettarna2_native_ss__historical_legacy121_v1,2EUY_34_hp_nmr_A,trrosettarna2_native_ss,exact,"[0,33]","[0,33]",6,6,6,6,6,0,none,
legacy121_v1__2euy_34_hp_nmr_a__legacy_gt__trrosettarna2_native_ss__historical_legacy121_v1,2EUY_34_hp_nmr_A,trrosettarna2_native_ss,stem_extension,"[11,22]","[8,25]",4,8,4,4,4,0,both,
legacy121_v1__2fdt_35_hp_nmr_a__legacy_gt__petfold__historical_legacy121_v1,2FDT_35_hp_nmr_A,petfold,exact,"[0,35]","[0,35]",7,7,7,7,7,0,none,
legacy121_v1__2fdt_35_hp_nmr_a__legacy_gt__petfold__historical_legacy121_v1,2FDT_35_hp_nmr_A,petfold,exact,"[10,26]","[10,26]",6,6,6,6,6,0,none,
legacy121_v1__2fdt_35_hp_nmr_a__legacy_gt__rnafold__historical_legacy121_v1,2FDT_35_hp_nmr_A,rnafold,exact,"[0,35]","[0,35]",7,7,7,7,7,0,none,
legacy121_v1__2fdt_35_hp_nmr_a__legacy_gt__rnafold__historical_legacy121_v1,2FDT_35_hp_nmr_A,rnafold,exact,"[10,26]","[10,26]",6,6,6,6,6,0,none,
legacy121_v1__2fdt_35_hp_nmr_a__legacy_gt__trrosettarna2_native_ss__historical_legacy121_v1,2FDT_35_hp_nmr_A,trrosettarna2_native_ss,exact,"[0,35]","[0,35]",7,7,7,7,7,0,none,
legacy121_v1__2fdt_35_hp_nmr_a__legacy_gt__trrosettarna2_native_ss__historical_legacy121_v1,2FDT_35_hp_nmr_A,trrosettarna2_native_ss,complex_mismatch,"[10,26]","[8,28]",6,7,5,5,5,0,none,
legacy121_v1__2gio_29_hp_nmr_a__legacy_gt__petfold__historical_legacy121_v1,2GIO_29_hp_nmr_A,petfold,exact,"[0,28]","[0,28]",5,5,5,5,5,0,none,
legacy121_v1__2gio_29_hp_nmr_a__legacy_gt__petfold__historical_legacy121_v1,2GIO_29_hp_nmr_A,petfold,exact,"[10,19]","[10,19]",3,3,3,3,3,0,none,
legacy121_v1__2gio_29_hp_nmr_a__legacy_gt__rnafold__historical_legacy121_v1,2GIO_29_hp_nmr_A,rnafold,exact,"[0,28]","[0,28]",5,5,5,5,5,0,none,
legacy121_v1__2gio_29_hp_nmr_a__legacy_gt__rnafold__historical_legacy121_v1,2GIO_29_hp_nmr_A,rnafold,exact,"[10,19]","[10,19]",3,3,3,3,3,0,none,
legacy121_v1__2gio_29_hp_nmr_a__legacy_gt__trrosettarna2_native_ss__historical_legacy121_v1,2GIO_29_hp_nmr_A,trrosettarna2_native_ss,stem_extension,"[0,28]","[0,28]",5,7,5,5,5,0,inner,
legacy121_v1__2gio_29_hp_nmr_a__legacy_gt__trrosettarna2_native_ss__historical_legacy121_v1,2GIO_29_hp_nmr_A,trrosettarna2_native_ss,stem_extension,"[10,19]","[8,21]",3,6,3,3,3,0,both,
legacy121_v1__2gv3_22_hp_nmr_a__legacy_gt__petfold__historical_legacy121_v1,2GV3_22_hp_nmr_A,petfold,exact,"[0,21]","[0,21]",7,7,7,7,7,0,none,
legacy121_v1__2gv3_22_hp_nmr_a__legacy_gt__rnafold__historical_legacy121_v1,2GV3_22_hp_nmr_A,rnafold,exact,"[0,21]","[0,21]",7,7,7,7,7,0,none,
legacy121_v1__2gv3_22_hp_nmr_a__legacy_gt__trrosettarna2_native_ss__historical_legacy121_v1,2GV3_22_hp_nmr_A,trrosettarna2_native_ss,exact,"[0,21]","[0,21]",7,7,7,7,7,0,none,
legacy121_v1__2hua_40_hpbulge_nmr_a__legacy_gt__petfold__historical_legacy121_v1,2HUA_40_hpbulge_nmr_A,petfold,exact,"[0,39]","[0,39]",7,7,7,7,7,0,none,
legacy121_v1__2hua_40_hpbulge_nmr_a__legacy_gt__petfold__historical_legacy121_v1,2HUA_40_hpbulge_nmr_A,petfold,exact,"[8,28]","[8,28]",2,2,2,2,2,0,none,
legacy121_v1__2hua_40_hpbulge_nmr_a__legacy_gt__petfold__historical_legacy121_v1,2HUA_40_hpbulge_nmr_A,petfold,exact,"[15,22]","[15,22]",2,2,2,2,2,0,none,
legacy121_v1__2hua_40_hpbulge_nmr_a__legacy_gt__rnafold__historical_legacy121_v1,2HUA_40_hpbulge_nmr_A,rnafold,exact,"[0,39]","[0,39]",7,7,7,7,7,0,none,
legacy121_v1__2hua_40_hpbulge_nmr_a__legacy_gt__rnafold__historical_legacy121_v1,2HUA_40_hpbulge_nmr_A,rnafold,exact,"[8,28]","[8,28]",2,2,2,2,2,0,none,
legacy121_v1__2hua_40_hpbulge_nmr_a__legacy_gt__rnafold__historical_legacy121_v1,2HUA_40_hpbulge_nmr_A,rnafold,exact,"[15,22]","[15,22]",2,2,2,2,2,0,none,
legacy121_v1__2hua_40_hpbulge_nmr_a__legacy_gt__trrosettarna2_native_ss__historical_legacy121_v1,2HUA_40_hpbulge_nmr_A,trrosettarna2_native_ss,stem_extension,"[0,39]","[0,39]",7,8,7,7,7,0,inner,
legacy121_v1__2hua_40_hpbulge_nmr_a__legacy_gt__trrosettarna2_native_ss__historical_legacy121_v1,2HUA_40_hpbulge_nmr_A,trrosettarna2_native_ss,stem_extension,"[8,28]","[8,28]",2,3,2,2,2,0,inner,
legacy121_v1__2hua_40_hpbulge_nmr_a__legacy_gt__trrosettarna2_native_ss__historical_legacy121_v1,2HUA_40_hpbulge_nmr_A,trrosettarna2_native_ss,stem_extension,"[15,22]","[15,22]",2,3,2,2,2,0,inner,
legacy121_v1__2jtp_34_hp_nmr_a__legacy_gt__petfold__historical_legacy121_v1,2JTP_34_hp_nmr_A,petfold,exact,"[0,33]","[0,33]",11,11,11,11,11,0,none,
legacy121_v1__2jtp_34_hp_nmr_a__legacy_gt__petfold__historical_legacy121_v1,2JTP_34_hp_nmr_A,petfold,exact,"[14,20]","[14,20]",2,2,2,2,2,0,none,
legacy121_v1__2jtp_34_hp_nmr_a__legacy_gt__rnafold__historical_legacy121_v1,2JTP_34_hp_nmr_A,rnafold,exact,"[0,33]","[0,33]",11,11,11,11,11,0,none,
legacy121_v1__2jtp_34_hp_nmr_a__legacy_gt__rnafold__historical_legacy121_v1,2JTP_34_hp_nmr_A,rnafold,exact,"[14,20]","[14,20]",2,2,2,2,2,0,none,
legacy121_v1__2jtp_34_hp_nmr_a__legacy_gt__trrosettarna2_native_ss__historical_legacy121_v1,2JTP_34_hp_nmr_A,trrosettarna2_native_ss,stem_extension,"[0,33]","[0,33]",11,12,11,11,11,0,inner,
legacy121_v1__2jtp_34_hp_nmr_a__legacy_gt__trrosettarna2_native_ss__historical_legacy121_v1,2JTP_34_hp_nmr_A,trrosettarna2_native_ss,exact,"[14,20]","[14,20]",2,2,2,2,2,0,none,
legacy121_v1__2k5z_29_hp_nmr_a__legacy_gt__petfold__historical_legacy121_v1,2K5Z_29_hp_nmr_A,petfold,exact,"[0,28]","[0,28]",4,4,4,4,4,0,none,
legacy121_v1__2k5z_29_hp_nmr_a__legacy_gt__petfold__historical_legacy121_v1,2K5Z_29_hp_nmr_A,petfold,exact,"[4,23]","[4,23]",5,5,5,5,5,0,none,
legacy121_v1__2k5z_29_hp_nmr_a__legacy_gt__petfold__historical_legacy121_v1,2K5Z_29_hp_nmr_A,petfold,exact,"[10,17]","[10,17]",2,2,2,2,2,0,none,
legacy121_v1__2k5z_29_hp_nmr_a__legacy_gt__rnafold__historical_legacy121_v1,2K5Z_29_hp_nmr_A,rnafold,exact,"[0,28]","[0,28]",4,4,4,4,4,0,none,
legacy121_v1__2k5z_29_hp_nmr_a__legacy_gt__rnafold__historical_legacy121_v1,2K5Z_29_hp_nmr_A,rnafold,exact,"[4,23]","[4,23]",5,5,5,5,5,0,none,
legacy121_v1__2k5z_29_hp_nmr_a__legacy_gt__rnafold__historical_legacy121_v1,2K5Z_29_hp_nmr_A,rnafold,exact,"[10,17]","[10,17]",2,2,2,2,2,0,none,
legacy121_v1__2k5z_29_hp_nmr_a__legacy_gt__trrosettarna2_native_ss__historical_legacy121_v1,2K5Z_29_hp_nmr_A,trrosettarna2_native_ss,exact,"[0,28]","[0,28]",4,4,4,4,4,0,none,
legacy121_v1__2k5z_29_hp_nmr_a__legacy_gt__trrosettarna2_native_ss__historical_legacy121_v1,2K5Z_29_hp_nmr_A,trrosettarna2_native_ss,complex_mismatch,"[4,23]",,5,,,,,,none,ambiguous_001
legacy121_v1__2k5z_29_hp_nmr_a__legacy_gt__trrosettarna2_native_ss__historical_legacy121_v1,2K5Z_29_hp_nmr_A,trrosettarna2_native_ss,complex_mismatch,"[10,17]",,2,,,,,,none,ambiguous_001
legacy121_v1__2k5z_29_hp_nmr_a__legacy_gt__trrosettarna2_native_ss__historical_legacy121_v1,2K5Z_29_hp_nmr_A,trrosettarna2_native_ss,complex_mismatch,,"[4,23]",,9,,,,,none,ambiguous_001
legacy121_v1__2k95_48_pseudoknot_nmr_a__legacy_gt__petfold__historical_legacy121_v1,2K95_48_pseudoknot_nmr_A,petfold,exact,"[0,28]","[0,28]",6,6,6,6,6,0,none,
legacy121_v1__2k95_48_pseudoknot_nmr_a__legacy_gt__petfold__historical_legacy121_v1,2K95_48_pseudoknot_nmr_A,petfold,stem_missing,"[14,46]",,6,,,,,,none,
legacy121_v1__2k95_48_pseudoknot_nmr_a__legacy_gt__petfold__historical_legacy121_v1,2K95_48_pseudoknot_nmr_A,petfold,stem_missing,"[20,39]",,3,,,,,,none,
legacy121_v1__2k95_48_pseudoknot_nmr_a__legacy_gt__petfold__historical_legacy121_v1,2K95_48_pseudoknot_nmr_A,petfold,unmatched_predicted_stem,,"[10,18]",,2,,,,,none,
legacy121_v1__2k95_48_pseudoknot_nmr_a__legacy_gt__rnafold__historical_legacy121_v1,2K95_48_pseudoknot_nmr_A,rnafold,exact,"[0,28]","[0,28]",6,6,6,6,6,0,none,
legacy121_v1__2k95_48_pseudoknot_nmr_a__legacy_gt__rnafold__historical_legacy121_v1,2K95_48_pseudoknot_nmr_A,rnafold,stem_missing,"[14,46]",,6,,,,,,none,
legacy121_v1__2k95_48_pseudoknot_nmr_a__legacy_gt__rnafold__historical_legacy121_v1,2K95_48_pseudoknot_nmr_A,rnafold,stem_missing,"[20,39]",,3,,,,,,none,
legacy121_v1__2k95_48_pseudoknot_nmr_a__legacy_gt__rnafold__historical_legacy121_v1,2K95_48_pseudoknot_nmr_A,rnafold,unmatched_predicted_stem,,"[10,18]",,2,,,,,none,
legacy121_v1__2k95_48_pseudoknot_nmr_a__legacy_gt__trrosettarna2_native_ss__historical_legacy121_v1,2K95_48_pseudoknot_nmr_A,trrosettarna2_native_ss,stem_missing,"[0,28]",,6,,,,,,none,
legacy121_v1__2k95_48_pseudoknot_nmr_a__legacy_gt__trrosettarna2_native_ss__historical_legacy121_v1,2K95_48_pseudoknot_nmr_A,trrosettarna2_native_ss,stem_missing,"[14,46]",,6,,,,,,none,
legacy121_v1__2k95_48_pseudoknot_nmr_a__legacy_gt__trrosettarna2_native_ss__historical_legacy121_v1,2K95_48_pseudoknot_nmr_A,trrosettarna2_native_ss,stem_missing,"[20,39]",,3,,,,,,none,
legacy121_v1__2k95_48_pseudoknot_nmr_a__legacy_gt__trrosettarna2_native_ss__historical_legacy121_v1,2K95_48_pseudoknot_nmr_A,trrosettarna2_native_ss,unmatched_predicted_stem,,"[0,46]",,6,,,,,none,
legacy121_v1__2k95_48_pseudoknot_nmr_a__legacy_gt__trrosettarna2_native_ss__historical_legacy121_v1,2K95_48_pseudoknot_nmr_A,trrosettarna2_native_ss,unmatched_predicted_stem,,"[14,37]",,2,,,,,none,
legacy121_v1__2k95_48_pseudoknot_nmr_a__legacy_gt__trrosettarna2_native_ss__historical_legacy121_v1,2K95_48_pseudoknot_nmr_A,trrosettarna2_native_ss,unmatched_predicted_stem,,"[16,28]",,4,,,,,none,
legacy121_v1__2k95_48_pseudoknot_nmr_a__legacy_gt__trrosettarna2_native_ss__historical_legacy121_v1,2K95_48_pseudoknot_nmr_A,trrosettarna2_native_ss,unmatched_predicted_stem,,"[21,24]",,2,,,,,none,
legacy121_v1__2kd8_22_hp_nmr_a__legacy_gt__petfold__historical_legacy121_v1,2KD8_22_hp_nmr_A,petfold,exact,"[0,21]","[0,21]",9,9,9,9,9,0,none,
legacy121_v1__2kd8_22_hp_nmr_a__legacy_gt__rnafold__historical_legacy121_v1,2KD8_22_hp_nmr_A,rnafold,exact,"[0,21]","[0,21]",9,9,9,9,9,0,none,
legacy121_v1__2kd8_22_hp_nmr_a__legacy_gt__trrosettarna2_native_ss__historical_legacy121_v1,2KD8_22_hp_nmr_A,trrosettarna2_native_ss,exact,"[0,21]","[0,21]",9,9,9,9,9,0,none,
legacy121_v1__2ke6_49_hp_nmr_a__legacy_gt__petfold__historical_legacy121_v1,2KE6_49_hp_nmr_A,petfold,stem_extension,"[9,37]","[8,38]",3,4,3,3,3,0,outer,
legacy121_v1__2ke6_49_hp_nmr_a__legacy_gt__petfold__historical_legacy121_v1,2KE6_49_hp_nmr_A,petfold,exact,"[12,33]","[12,33]",7,7,7,7,7,0,none,
legacy121_v1__2ke6_49_hp_nmr_a__legacy_gt__petfold__historical_legacy121_v1,2KE6_49_hp_nmr_A,petfold,complex_mismatch,"[0,47]",,5,,,,,,none,ambiguous_001
legacy121_v1__2ke6_49_hp_nmr_a__legacy_gt__petfold__historical_legacy121_v1,2KE6_49_hp_nmr_A,petfold,complex_mismatch,"[6,41]",,3,,,,,,none,ambiguous_001
legacy121_v1__2ke6_49_hp_nmr_a__legacy_gt__petfold__historical_legacy121_v1,2KE6_49_hp_nmr_A,petfold,complex_mismatch,,"[0,47]",,8,,,,,none,ambiguous_001
legacy121_v1__2ke6_49_hp_nmr_a__legacy_gt__rnafold__historical_legacy121_v1,2KE6_49_hp_nmr_A,rnafold,exact,"[9,37]","[9,37]",3,3,3,3,3,0,none,
legacy121_v1__2ke6_49_hp_nmr_a__legacy_gt__rnafold__historical_legacy121_v1,2KE6_49_hp_nmr_A,rnafold,exact,"[12,33]","[12,33]",7,7,7,7,7,0,none,
legacy121_v1__2ke6_49_hp_nmr_a__legacy_gt__rnafold__historical_legacy121_v1,2KE6_49_hp_nmr_A,rnafold,complex_mismatch,"[0,47]",,5,,,,,,none,ambiguous_001
legacy121_v1__2ke6_49_hp_nmr_a__legacy_gt__rnafold__historical_legacy121_v1,2KE6_49_hp_nmr_A,rnafold,complex_mismatch,"[6,41]",,3,,,,,,none,ambiguous_001
legacy121_v1__2ke6_49_hp_nmr_a__legacy_gt__rnafold__historical_legacy121_v1,2KE6_49_hp_nmr_A,rnafold,complex_mismatch,,"[0,47]",,9,,,,,none,ambiguous_001
legacy121_v1__2ke6_49_hp_nmr_a__legacy_gt__trrosettarna2_native_ss__historical_legacy121_v1,2KE6_49_hp_nmr_A,trrosettarna2_native_ss,exact,"[0,47]","[0,47]",5,5,5,5,5,0,none,
legacy121_v1__2ke6_49_hp_nmr_a__legacy_gt__trrosettarna2_native_ss__historical_legacy121_v1,2KE6_49_hp_nmr_A,trrosettarna2_native_ss,exact,"[6,41]","[6,41]",3,3,3,3,3,0,none,
legacy121_v1__2ke6_49_hp_nmr_a__legacy_gt__trrosettarna2_native_ss__historical_legacy121_v1,2KE6_49_hp_nmr_A,trrosettarna2_native_ss,exact,"[9,37]","[9,37]",3,3,3,3,3,0,none,
legacy121_v1__2ke6_49_hp_nmr_a__legacy_gt__trrosettarna2_native_ss__historical_legacy121_v1,2KE6_49_hp_nmr_A,trrosettarna2_native_ss,exact,"[12,33]","[12,33]",7,7,7,7,7,0,none,
legacy121_v1__2khy_38_hpbulge_nmr_a__legacy_gt__petfold__historical_legacy121_v1,2KHY_38_hpbulge_nmr_A,petfold,stem_extension,"[1,36]","[0,37]",5,6,5,5,5,0,outer,
legacy121_v1__2khy_38_hpbulge_nmr_a__legacy_gt__petfold__historical_legacy121_v1,2KHY_38_hpbulge_nmr_A,petfold,exact,"[13,24]","[13,24]",4,4,4,4,4,0,none,
legacy121_v1__2khy_38_hpbulge_nmr_a__legacy_gt__rnafold__historical_legacy121_v1,2KHY_38_hpbulge_nmr_A,rnafold,stem_extension,"[1,36]","[0,37]",5,6,5,5,5,0,outer,
legacy121_v1__2khy_38_hpbulge_nmr_a__legacy_gt__rnafold__historical_legacy121_v1,2KHY_38_hpbulge_nmr_A,rnafold,exact,"[13,24]","[13,24]",4,4,4,4,4,0,none,
legacy121_v1__2khy_38_hpbulge_nmr_a__legacy_gt__trrosettarna2_native_ss__historical_legacy121_v1,2KHY_38_hpbulge_nmr_A,trrosettarna2_native_ss,stem_extension,"[1,36]","[0,37]",5,6,5,5,5,0,outer,
legacy121_v1__2khy_38_hpbulge_nmr_a__legacy_gt__trrosettarna2_native_ss__historical_legacy121_v1,2KHY_38_hpbulge_nmr_A,trrosettarna2_native_ss,stem_extension,"[13,24]","[11,26]",4,7,4,4,4,0,both,
legacy121_v1__2kpv_34_hpbulge_nmr_a__legacy_gt__petfold__historical_legacy121_v1,2KPV_34_hpbulge_nmr_A,petfold,exact,"[0,33]","[0,33]",4,4,4,4,4,0,none,
legacy121_v1__2kpv_34_hpbulge_nmr_a__legacy_gt__petfold__historical_legacy121_v1,2KPV_34_hpbulge_nmr_A,petfold,exact,"[4,28]","[4,28]",4,4,4,4,4,0,none,
legacy121_v1__2kpv_34_hpbulge_nmr_a__legacy_gt__petfold__historical_legacy121_v1,2KPV_34_hpbulge_nmr_A,petfold,exact,"[10,21]","[10,21]",4,4,4,4,4,0,none,
legacy121_v1__2kpv_34_hpbulge_nmr_a__legacy_gt__rnafold__historical_legacy121_v1,2KPV_34_hpbulge_nmr_A,rnafold,exact,"[0,33]","[0,33]",4,4,4,4,4,0,none,
legacy121_v1__2kpv_34_hpbulge_nmr_a__legacy_gt__rnafold__historical_legacy121_v1,2KPV_34_hpbulge_nmr_A,rnafold,exact,"[4,28]","[4,28]",4,4,4,4,4,0,none,
legacy121_v1__2kpv_34_hpbulge_nmr_a__legacy_gt__rnafold__historical_legacy121_v1,2KPV_34_hpbulge_nmr_A,rnafold,exact,"[10,21]","[10,21]",4,4,4,4,4,0,none,
legacy121_v1__2kpv_34_hpbulge_nmr_a__legacy_gt__trrosettarna2_native_ss__historical_legacy121_v1,2KPV_34_hpbulge_nmr_A,trrosettarna2_native_ss,exact,"[0,33]","[0,33]",4,4,4,4,4,0,none,
legacy121_v1__2kpv_34_hpbulge_nmr_a__legacy_gt__trrosettarna2_native_ss__historical_legacy121_v1,2KPV_34_hpbulge_nmr_A,trrosettarna2_native_ss,exact,"[4,28]","[4,28]",4,4,4,4,4,0,none,
legacy121_v1__2kpv_34_hpbulge_nmr_a__legacy_gt__trrosettarna2_native_ss__historical_legacy121_v1,2KPV_34_hpbulge_nmr_A,trrosettarna2_native_ss,stem_extension,"[10,21]","[10,21]",4,5,4,4,4,0,inner,
legacy121_v1__2krl_102_3wj_nmr_a__legacy_gt__petfold__historical_legacy121_v1,2KRL_102_3wj_nmr_A,petfold,stem_extension,"[1,18]","[0,19]",7,8,7,7,7,0,outer,
legacy121_v1__2krl_102_3wj_nmr_a__legacy_gt__petfold__historical_legacy121_v1,2KRL_102_3wj_nmr_A,petfold,exact,"[26,52]","[26,52]",9,9,9,9,9,0,none,
legacy121_v1__2krl_102_3wj_nmr_a__legacy_gt__petfold__historical_legacy121_v1,2KRL_102_3wj_nmr_A,petfold,complex_mismatch,"[56,97]",,4,,,,,,none,ambiguous_001
legacy121_v1__2krl_102_3wj_nmr_a__legacy_gt__petfold__historical_legacy121_v1,2KRL_102_3wj_nmr_A,petfold,complex_mismatch,"[61,92]",,5,,,,,,none,ambiguous_001
legacy121_v1__2krl_102_3wj_nmr_a__legacy_gt__petfold__historical_legacy121_v1,2KRL_102_3wj_nmr_A,petfold,complex_mismatch,,"[56,97]",,10,,,,,none,ambiguous_001
legacy121_v1__2krl_102_3wj_nmr_a__legacy_gt__petfold__historical_legacy121_v1,2KRL_102_3wj_nmr_A,petfold,stem_missing,"[39,99]",,2,,,,,,none,
legacy121_v1__2krl_102_3wj_nmr_a__legacy_gt__petfold__historical_legacy121_v1,2KRL_102_3wj_nmr_A,petfold,unmatched_predicted_stem,,"[72,81]",,3,,,,,none,
legacy121_v1__2krl_102_3wj_nmr_a__legacy_gt__rnafold__historical_legacy121_v1,2KRL_102_3wj_nmr_A,rnafold,stem_extension,"[1,18]","[0,19]",7,8,7,7,7,0,outer,
legacy121_v1__2krl_102_3wj_nmr_a__legacy_gt__rnafold__historical_legacy121_v1,2KRL_102_3wj_nmr_A,rnafold,exact,"[26,52]","[26,52]",9,9,9,9,9,0,none,
legacy121_v1__2krl_102_3wj_nmr_a__legacy_gt__rnafold__historical_legacy121_v1,2KRL_102_3wj_nmr_A,rnafold,exact,"[56,97]","[56,97]",4,4,4,4,4,0,none,
legacy121_v1__2krl_102_3wj_nmr_a__legacy_gt__rnafold__historical_legacy121_v1,2KRL_102_3wj_nmr_A,rnafold,exact,"[61,92]","[61,92]",5,5,5,5,5,0,none,
legacy121_v1__2krl_102_3wj_nmr_a__legacy_gt__rnafold__historical_legacy121_v1,2KRL_102_3wj_nmr_A,rnafold,stem_missing,"[39,99]",,2,,,,,,none,
legacy121_v1__2krl_102_3wj_nmr_a__legacy_gt__rnafold__historical_legacy121_v1,2KRL_102_3wj_nmr_A,rnafold,unmatched_predicted_stem,,"[72,81]",,3,,,,,none,
legacy121_v1__2krl_102_3wj_nmr_a__legacy_gt__trrosettarna2_native_ss__historical_legacy121_v1,2KRL_102_3wj_nmr_A,trrosettarna2_native_ss,stem_extension,"[1,18]","[0,19]",7,8,7,7,7,0,outer,
legacy121_v1__2krl_102_3wj_nmr_a__legacy_gt__trrosettarna2_native_ss__historical_legacy121_v1,2KRL_102_3wj_nmr_A,trrosettarna2_native_ss,stem_shift,"[26,52]","[29,52]",9,7,0,6,7,3,none,
legacy121_v1__2krl_102_3wj_nmr_a__legacy_gt__trrosettarna2_native_ss__historical_legacy121_v1,2KRL_102_3wj_nmr_A,trrosettarna2_native_ss,complex_mismatch,"[56,97]",,4,,,,,,none,ambiguous_001
legacy121_v1__2krl_102_3wj_nmr_a__legacy_gt__trrosettarna2_native_ss__historical_legacy121_v1,2KRL_102_3wj_nmr_A,trrosettarna2_native_ss,complex_mismatch,"[61,92]",,5,,,,,,none,ambiguous_001
legacy121_v1__2krl_102_3wj_nmr_a__legacy_gt__trrosettarna2_native_ss__historical_legacy121_v1,2KRL_102_3wj_nmr_A,trrosettarna2_native_ss,complex_mismatch,,"[56,97]",,10,,,,,none,ambiguous_001
legacy121_v1__2krl_102_3wj_nmr_a__legacy_gt__trrosettarna2_native_ss__historical_legacy121_v1,2KRL_102_3wj_nmr_A,trrosettarna2_native_ss,stem_missing,"[39,99]",,2,,,,,,none,
legacy121_v1__2krl_102_3wj_nmr_a__legacy_gt__trrosettarna2_native_ss__historical_legacy121_v1,2KRL_102_3wj_nmr_A,trrosettarna2_native_ss,unmatched_predicted_stem,,"[26,100]",,3,,,,,none,
legacy121_v1__2krl_102_3wj_nmr_a__legacy_gt__trrosettarna2_native_ss__historical_legacy121_v1,2KRL_102_3wj_nmr_A,trrosettarna2_native_ss,unmatched_predicted_stem,,"[38,45]",,3,,,,,none,
legacy121_v1__2krl_102_3wj_nmr_a__legacy_gt__trrosettarna2_native_ss__historical_legacy121_v1,2KRL_102_3wj_nmr_A,trrosettarna2_native_ss,unmatched_predicted_stem,,"[72,81]",,4,,,,,none,
legacy121_v1__2kvn_17_hp_nmr_a__legacy_gt__petfold__historical_legacy121_v1,2KVN_17_hp_nmr_A,petfold,exact,"[0,15]","[0,15]",5,5,5,5,5,0,none,
legacy121_v1__2kvn_17_hp_nmr_a__legacy_gt__rnafold__historical_legacy121_v1,2KVN_17_hp_nmr_A,rnafold,exact,"[0,15]","[0,15]",5,5,5,5,5,0,none,
legacy121_v1__2kvn_17_hp_nmr_a__legacy_gt__trrosettarna2_native_ss__historical_legacy121_v1,2KVN_17_hp_nmr_A,trrosettarna2_native_ss,stem_extension,"[0,15]","[0,15]",5,6,5,5,5,0,inner,
legacy121_v1__2kzl_55_hpbulge_nmr_a__legacy_gt__petfold__historical_legacy121_v1,2KZL_55_hpbulge_nmr_A,petfold,stem_extension,"[1,53]","[0,54]",5,6,5,5,5,0,outer,
legacy121_v1__2kzl_55_hpbulge_nmr_a__legacy_gt__petfold__historical_legacy121_v1,2KZL_55_hpbulge_nmr_A,petfold,exact,"[12,45]","[12,45]",4,4,4,4,4,0,none,
legacy121_v1__2kzl_55_hpbulge_nmr_a__legacy_gt__petfold__historical_legacy121_v1,2KZL_55_hpbulge_nmr_A,petfold,exact,"[23,34]","[23,34]",4,4,4,4,4,0,none,
legacy121_v1__2kzl_55_hpbulge_nmr_a__legacy_gt__rnafold__historical_legacy121_v1,2KZL_55_hpbulge_nmr_A,rnafold,stem_extension,"[1,53]","[0,54]",5,6,5,5,5,0,outer,
legacy121_v1__2kzl_55_hpbulge_nmr_a__legacy_gt__rnafold__historical_legacy121_v1,2KZL_55_hpbulge_nmr_A,rnafold,exact,"[12,45]","[12,45]",4,4,4,4,4,0,none,
legacy121_v1__2kzl_55_hpbulge_nmr_a__legacy_gt__rnafold__historical_legacy121_v1,2KZL_55_hpbulge_nmr_A,rnafold,exact,"[23,34]","[23,34]",4,4,4,4,4,0,none,
legacy121_v1__2kzl_55_hpbulge_nmr_a__legacy_gt__trrosettarna2_native_ss__historical_legacy121_v1,2KZL_55_hpbulge_nmr_A,trrosettarna2_native_ss,stem_extension,"[1,53]","[0,54]",5,6,5,5,5,0,outer,
legacy121_v1__2kzl_55_hpbulge_nmr_a__legacy_gt__trrosettarna2_native_ss__historical_legacy121_v1,2KZL_55_hpbulge_nmr_A,trrosettarna2_native_ss,stem_extension,"[12,45]","[9,48]",4,7,4,4,4,0,outer,
legacy121_v1__2kzl_55_hpbulge_nmr_a__legacy_gt__trrosettarna2_native_ss__historical_legacy121_v1,2KZL_55_hpbulge_nmr_A,trrosettarna2_native_ss,stem_extension,"[23,34]","[21,36]",4,7,4,4,4,0,both,
legacy121_v1__2l2j_42_hp_nmr_a__legacy_gt__petfold__historical_legacy121_v1,2L2J_42_hp_nmr_A,petfold,complex_mismatch,"[0,41]",,4,,,,,,none,ambiguous_001
legacy121_v1__2l2j_42_hp_nmr_a__legacy_gt__petfold__historical_legacy121_v1,2L2J_42_hp_nmr_A,petfold,complex_mismatch,"[5,36]",,9,,,,,,none,ambiguous_001
legacy121_v1__2l2j_42_hp_nmr_a__legacy_gt__petfold__historical_legacy121_v1,2L2J_42_hp_nmr_A,petfold,complex_mismatch,"[15,26]",,4,,,,,,none,ambiguous_001
legacy121_v1__2l2j_42_hp_nmr_a__legacy_gt__petfold__historical_legacy121_v1,2L2J_42_hp_nmr_A,petfold,complex_mismatch,,"[0,41]",,19,,,,,none,ambiguous_001
legacy121_v1__2l2j_42_hp_nmr_a__legacy_gt__rnafold__historical_legacy121_v1,2L2J_42_hp_nmr_A,rnafold,exact,"[0,41]","[0,41]",4,4,4,4,4,0,none,
legacy121_v1__2l2j_42_hp_nmr_a__legacy_gt__rnafold__historical_legacy121_v1,2L2J_42_hp_nmr_A,rnafold,exact,"[5,36]","[5,36]",9,9,9,9,9,0,none,
legacy121_v1__2l2j_42_hp_nmr_a__legacy_gt__rnafold__historical_legacy121_v1,2L2J_42_hp_nmr_A,rnafold,exact,"[15,26]","[15,26]",4,4,4,4,4,0,none,
legacy121_v1__2l2j_42_hp_nmr_a__legacy_gt__trrosettarna2_native_ss__historical_legacy121_v1,2L2J_42_hp_nmr_A,trrosettarna2_native_ss,complex_mismatch,"[0,41]",,4,,,,,,none,ambiguous_001
legacy121_v1__2l2j_42_hp_nmr_a__legacy_gt__trrosettarna2_native_ss__historical_legacy121_v1,2L2J_42_hp_nmr_A,trrosettarna2_native_ss,complex_mismatch,"[5,36]",,9,,,,,,none,ambiguous_001
legacy121_v1__2l2j_42_hp_nmr_a__legacy_gt__trrosettarna2_native_ss__historical_legacy121_v1,2L2J_42_hp_nmr_A,trrosettarna2_native_ss,complex_mismatch,"[15,26]",,4,,,,,,none,ambiguous_001
legacy121_v1__2l2j_42_hp_nmr_a__legacy_gt__trrosettarna2_native_ss__historical_legacy121_v1,2L2J_42_hp_nmr_A,trrosettarna2_native_ss,complex_mismatch,,"[0,41]",,20,,,,,none,ambiguous_001
legacy121_v1__2l3e_35_hpbulge_nmr_a__legacy_gt__petfold__historical_legacy121_v1,2L3E_35_hpbulge_nmr_A,petfold,exact,"[0,34]","[0,34]",7,7,7,7,7,0,none,
legacy121_v1__2l3e_35_hpbulge_nmr_a__legacy_gt__petfold__historical_legacy121_v1,2L3E_35_hpbulge_nmr_A,petfold,exact,"[12,27]","[12,27]",6,6,6,6,6,0,none,
legacy121_v1__2l3e_35_hpbulge_nmr_a__legacy_gt__rnafold__historical_legacy121_v1,2L3E_35_hpbulge_nmr_A,rnafold,exact,"[0,34]","[0,34]",7,7,7,7,7,0,none,
legacy121_v1__2l3e_35_hpbulge_nmr_a__legacy_gt__rnafold__historical_legacy121_v1,2L3E_35_hpbulge_nmr_A,rnafold,exact,"[12,27]","[12,27]",6,6,6,6,6,0,none,
legacy121_v1__2l3e_35_hpbulge_nmr_a__legacy_gt__trrosettarna2_native_ss__historical_legacy121_v1,2L3E_35_hpbulge_nmr_A,trrosettarna2_native_ss,exact,"[0,34]","[0,34]",7,7,7,7,7,0,none,
legacy121_v1__2l3e_35_hpbulge_nmr_a__legacy_gt__trrosettarna2_native_ss__historical_legacy121_v1,2L3E_35_hpbulge_nmr_A,trrosettarna2_native_ss,stem_extension,"[12,27]","[12,27]",6,7,6,6,6,0,inner,
legacy121_v1__2l5z_26_hpbulge_nmr_a__legacy_gt__petfold__historical_legacy121_v1,2L5Z_26_hpbulge_nmr_A,petfold,exact,"[0,25]","[0,25]",6,6,6,6,6,0,none,
legacy121_v1__2l5z_26_hpbulge_nmr_a__legacy_gt__petfold__historical_legacy121_v1,2L5Z_26_hpbulge_nmr_A,petfold,exact,"[9,18]","[9,18]",3,3,3,3,3,0,none,
legacy121_v1__2l5z_26_hpbulge_nmr_a__legacy_gt__rnafold__historical_legacy121_v1,2L5Z_26_hpbulge_nmr_A,rnafold,exact,"[0,25]","[0,25]",6,6,6,6,6,0,none,
legacy121_v1__2l5z_26_hpbulge_nmr_a__legacy_gt__rnafold__historical_legacy121_v1,2L5Z_26_hpbulge_nmr_A,rnafold,exact,"[9,18]","[9,18]",3,3,3,3,3,0,none,
legacy121_v1__2l5z_26_hpbulge_nmr_a__legacy_gt__trrosettarna2_native_ss__historical_legacy121_v1,2L5Z_26_hpbulge_nmr_A,trrosettarna2_native_ss,exact,"[0,25]","[0,25]",6,6,6,6,6,0,none,
legacy121_v1__2l5z_26_hpbulge_nmr_a__legacy_gt__trrosettarna2_native_ss__historical_legacy121_v1,2L5Z_26_hpbulge_nmr_A,trrosettarna2_native_ss,stem_extension,"[9,18]","[8,19]",3,5,3,3,3,0,both,
legacy121_v1__2lbl_17_hp_nmr_a__legacy_gt__petfold__historical_legacy121_v1,2LBL_17_hp_nmr_A,petfold,exact,"[0,16]","[0,16]",5,5,5,5,5,0,none,
legacy121_v1__2lbl_17_hp_nmr_a__legacy_gt__rnafold__historical_legacy121_v1,2LBL_17_hp_nmr_A,rnafold,exact,"[0,16]","[0,16]",5,5,5,5,5,0,none,
legacy121_v1__2lbl_17_hp_nmr_a__legacy_gt__trrosettarna2_native_ss__historical_legacy121_v1,2LBL_17_hp_nmr_A,trrosettarna2_native_ss,exact,"[0,16]","[0,16]",5,5,5,5,5,0,none,
legacy121_v1__2ldl_27_hp_nmr_a__legacy_gt__petfold__historical_legacy121_v1,2LDL_27_hp_nmr_A,petfold,complex_mismatch,"[0,26]",,6,,,,,,none,ambiguous_001
legacy121_v1__2ldl_27_hp_nmr_a__legacy_gt__petfold__historical_legacy121_v1,2LDL_27_hp_nmr_A,petfold,complex_mismatch,"[7,19]",,3,,,,,,none,ambiguous_001
legacy121_v1__2ldl_27_hp_nmr_a__legacy_gt__petfold__historical_legacy121_v1,2LDL_27_hp_nmr_A,petfold,complex_mismatch,,"[0,26]",,11,,,,,none,ambiguous_001
legacy121_v1__2ldl_27_hp_nmr_a__legacy_gt__rnafold__historical_legacy121_v1,2LDL_27_hp_nmr_A,rnafold,exact,"[0,26]","[0,26]",6,6,6,6,6,0,none,
legacy121_v1__2ldl_27_hp_nmr_a__legacy_gt__rnafold__historical_legacy121_v1,2LDL_27_hp_nmr_A,rnafold,stem_extension,"[7,19]","[7,19]",3,4,3,3,3,0,inner,
legacy121_v1__2ldl_27_hp_nmr_a__legacy_gt__trrosettarna2_native_ss__historical_legacy121_v1,2LDL_27_hp_nmr_A,trrosettarna2_native_ss,complex_mismatch,"[0,26]",,6,,,,,,none,ambiguous_001
legacy121_v1__2ldl_27_hp_nmr_a__legacy_gt__trrosettarna2_native_ss__historical_legacy121_v1,2LDL_27_hp_nmr_A,trrosettarna2_native_ss,complex_mismatch,"[7,19]",,3,,,,,,none,ambiguous_001
legacy121_v1__2ldl_27_hp_nmr_a__legacy_gt__trrosettarna2_native_ss__historical_legacy121_v1,2LDL_27_hp_nmr_A,trrosettarna2_native_ss,complex_mismatch,,"[0,26]",,10,,,,,none,ambiguous_001
legacy121_v1__2ldt_31_hp_nmr_a__legacy_gt__petfold__historical_legacy121_v1,2LDT_31_hp_nmr_A,petfold,exact,"[0,30]","[0,30]",7,7,7,7,7,0,none,
legacy121_v1__2ldt_31_hp_nmr_a__legacy_gt__petfold__historical_legacy121_v1,2LDT_31_hp_nmr_A,petfold,exact,"[9,20]","[9,20]",4,4,4,4,4,0,none,
legacy121_v1__2ldt_31_hp_nmr_a__legacy_gt__rnafold__historical_legacy121_v1,2LDT_31_hp_nmr_A,rnafold,exact,"[0,30]","[0,30]",7,7,7,7,7,0,none,
legacy121_v1__2ldt_31_hp_nmr_a__legacy_gt__rnafold__historical_legacy121_v1,2LDT_31_hp_nmr_A,rnafold,exact,"[9,20]","[9,20]",4,4,4,4,4,0,none,
legacy121_v1__2ldt_31_hp_nmr_a__legacy_gt__trrosettarna2_native_ss__historical_legacy121_v1,2LDT_31_hp_nmr_A,trrosettarna2_native_ss,exact,"[0,30]","[0,30]",7,7,7,7,7,0,none,
legacy121_v1__2ldt_31_hp_nmr_a__legacy_gt__trrosettarna2_native_ss__historical_legacy121_v1,2LDT_31_hp_nmr_A,trrosettarna2_native_ss,stem_extension,"[9,20]","[9,20]",4,5,4,4,4,0,inner,
legacy121_v1__2lhp_37_hp_nmr_a__legacy_gt__petfold__historical_legacy121_v1,2LHP_37_hp_nmr_A,petfold,exact,"[0,36]","[0,36]",9,9,9,9,9,0,none,
legacy121_v1__2lhp_37_hp_nmr_a__legacy_gt__petfold__historical_legacy121_v1,2LHP_37_hp_nmr_A,petfold,exact,"[10,25]","[10,25]",6,6,6,6,6,0,none,
legacy121_v1__2lhp_37_hp_nmr_a__legacy_gt__rnafold__historical_legacy121_v1,2LHP_37_hp_nmr_A,rnafold,exact,"[0,36]","[0,36]",9,9,9,9,9,0,none,
legacy121_v1__2lhp_37_hp_nmr_a__legacy_gt__rnafold__historical_legacy121_v1,2LHP_37_hp_nmr_A,rnafold,exact,"[10,25]","[10,25]",6,6,6,6,6,0,none,
legacy121_v1__2lhp_37_hp_nmr_a__legacy_gt__trrosettarna2_native_ss__historical_legacy121_v1,2LHP_37_hp_nmr_A,trrosettarna2_native_ss,stem_extension,"[0,36]","[0,36]",9,10,9,9,9,0,inner,
legacy121_v1__2lhp_37_hp_nmr_a__legacy_gt__trrosettarna2_native_ss__historical_legacy121_v1,2LHP_37_hp_nmr_A,trrosettarna2_native_ss,stem_extension,"[10,25]","[10,25]",6,7,6,6,6,0,inner,
legacy121_v1__2li4_32_hp_nmr_a__legacy_gt__petfold__historical_legacy121_v1,2LI4_32_hp_nmr_A,petfold,exact,"[0,31]","[0,31]",14,14,14,14,14,0,none,
legacy121_v1__2li4_32_hp_nmr_a__legacy_gt__rnafold__historical_legacy121_v1,2LI4_32_hp_nmr_A,rnafold,exact,"[0,31]","[0,31]",14,14,14,14,14,0,none,
legacy121_v1__2li4_32_hp_nmr_a__legacy_gt__trrosettarna2_native_ss__historical_legacy121_v1,2LI4_32_hp_nmr_A,trrosettarna2_native_ss,stem_extension,"[0,31]","[0,31]",14,15,14,14,14,0,inner,
legacy121_v1__2ljj_27_hpbulge_nmr_a__legacy_gt__petfold__historical_legacy121_v1,2LJJ_27_hpbulge_nmr_A,petfold,stem_extension,"[0,26]","[0,26]",4,5,4,4,4,0,inner,
legacy121_v1__2ljj_27_hpbulge_nmr_a__legacy_gt__petfold__historical_legacy121_v1,2LJJ_27_hpbulge_nmr_A,petfold,exact,"[7,21]","[7,21]",5,5,5,5,5,0,none,
legacy121_v1__2ljj_27_hpbulge_nmr_a__legacy_gt__rnafold__historical_legacy121_v1,2LJJ_27_hpbulge_nmr_A,rnafold,stem_extension,"[0,26]","[0,26]",4,5,4,4,4,0,inner,
legacy121_v1__2ljj_27_hpbulge_nmr_a__legacy_gt__rnafold__historical_legacy121_v1,2LJJ_27_hpbulge_nmr_A,rnafold,exact,"[7,21]","[7,21]",5,5,5,5,5,0,none,
legacy121_v1__2ljj_27_hpbulge_nmr_a__legacy_gt__trrosettarna2_native_ss__historical_legacy121_v1,2LJJ_27_hpbulge_nmr_A,trrosettarna2_native_ss,exact,"[0,26]","[0,26]",4,4,4,4,4,0,none,
legacy121_v1__2ljj_27_hpbulge_nmr_a__legacy_gt__trrosettarna2_native_ss__historical_legacy121_v1,2LJJ_27_hpbulge_nmr_A,trrosettarna2_native_ss,exact,"[7,21]","[7,21]",5,5,5,5,5,0,none,
legacy121_v1__2lk3_24_hpbulge_nmr_a__legacy_gt__petfold__historical_legacy121_v1,2LK3_24_hpbulge_nmr_A,petfold,exact,"[0,23]","[0,23]",4,4,4,4,4,0,none,
legacy121_v1__2lk3_24_hpbulge_nmr_a__legacy_gt__petfold__historical_legacy121_v1,2LK3_24_hpbulge_nmr_A,petfold,exact,"[6,19]","[6,19]",5,5,5,5,5,0,none,
legacy121_v1__2lk3_24_hpbulge_nmr_a__legacy_gt__rnafold__historical_legacy121_v1,2LK3_24_hpbulge_nmr_A,rnafold,exact,"[0,23]","[0,23]",4,4,4,4,4,0,none,
legacy121_v1__2lk3_24_hpbulge_nmr_a__legacy_gt__rnafold__historical_legacy121_v1,2LK3_24_hpbulge_nmr_A,rnafold,exact,"[6,19]","[6,19]",5,5,5,5,5,0,none,
legacy121_v1__2lk3_24_hpbulge_nmr_a__legacy_gt__trrosettarna2_native_ss__historical_legacy121_v1,2LK3_24_hpbulge_nmr_A,trrosettarna2_native_ss,exact,"[0,23]","[0,23]",4,4,4,4,4,0,none,
legacy121_v1__2lk3_24_hpbulge_nmr_a__legacy_gt__trrosettarna2_native_ss__historical_legacy121_v1,2LK3_24_hpbulge_nmr_A,trrosettarna2_native_ss,stem_extension,"[6,19]","[6,19]",5,6,5,5,5,0,inner,
legacy121_v1__2lkr_110_3wj_nmr_a__legacy_gt__petfold__historical_legacy121_v1,2LKR_110_3wj_nmr_A,petfold,stem_extension,"[0,110]","[0,110]",3,4,3,3,3,0,inner,
legacy121_v1__2lkr_110_3wj_nmr_a__legacy_gt__petfold__historical_legacy121_v1,2LKR_110_3wj_nmr_A,petfold,stem_extension,"[5,104]","[4,105]",3,4,3,3,3,0,outer,
legacy121_v1__2lkr_110_3wj_nmr_a__legacy_gt__petfold__historical_legacy121_v1,2LKR_110_3wj_nmr_A,petfold,exact,"[13,95]","[13,95]",5,5,5,5,5,0,none,
legacy121_v1__2lkr_110_3wj_nmr_a__legacy_gt__petfold__historical_legacy121_v1,2LKR_110_3wj_nmr_A,petfold,exact,"[22,43]","[22,43]",4,4,4,4,4,0,none,
legacy121_v1__2lkr_110_3wj_nmr_a__legacy_gt__petfold__historical_legacy121_v1,2LKR_110_3wj_nmr_A,petfold,exact,"[27,37]","[27,37]",3,3,3,3,3,0,none,
legacy121_v1__2lkr_110_3wj_nmr_a__legacy_gt__petfold__historical_legacy121_v1,2LKR_110_3wj_nmr_A,petfold,exact,"[51,78]","[51,78]",12,12,12,12,12,0,none,
legacy121_v1__2lkr_110_3wj_nmr_a__legacy_gt__petfold__historical_legacy121_v1,2LKR_110_3wj_nmr_A,petfold,stem_missing,"[18,88]",,3,,,,,,none,
legacy121_v1__2lkr_110_3wj_nmr_a__legacy_gt__petfold__historical_legacy121_v1,2LKR_110_3wj_nmr_A,petfold,unmatched_predicted_stem,,"[18,47]",,3,,,,,none,
legacy121_v1__2lkr_110_3wj_nmr_a__legacy_gt__petfold__historical_legacy121_v1,2LKR_110_3wj_nmr_A,petfold,unmatched_predicted_stem,,"[79,86]",,2,,,,,none,
legacy121_v1__2lkr_110_3wj_nmr_a__legacy_gt__rnafold__historical_legacy121_v1,2LKR_110_3wj_nmr_A,rnafold,stem_extension,"[0,110]","[0,110]",3,4,3,3,3,0,inner,
legacy121_v1__2lkr_110_3wj_nmr_a__legacy_gt__rnafold__historical_legacy121_v1,2LKR_110_3wj_nmr_A,rnafold,stem_extension,"[5,104]","[4,105]",3,4,3,3,3,0,outer,
legacy121_v1__2lkr_110_3wj_nmr_a__legacy_gt__rnafold__historical_legacy121_v1,2LKR_110_3wj_nmr_A,rnafold,exact,"[13,95]","[13,95]",5,5,5,5,5,0,none,
legacy121_v1__2lkr_110_3wj_nmr_a__legacy_gt__rnafold__historical_legacy121_v1,2LKR_110_3wj_nmr_A,rnafold,exact,"[22,43]","[22,43]",4,4,4,4,4,0,none,
legacy121_v1__2lkr_110_3wj_nmr_a__legacy_gt__rnafold__historical_legacy121_v1,2LKR_110_3wj_nmr_A,rnafold,exact,"[27,37]","[27,37]",3,3,3,3,3,0,none,
legacy121_v1__2lkr_110_3wj_nmr_a__legacy_gt__rnafold__historical_legacy121_v1,2LKR_110_3wj_nmr_A,rnafold,stem_truncation,"[51,78]","[52,77]",12,11,11,11,11,0,outer,
legacy121_v1__2lkr_110_3wj_nmr_a__legacy_gt__rnafold__historical_legacy121_v1,2LKR_110_3wj_nmr_A,rnafold,stem_missing,"[18,88]",,3,,,,,,none,
legacy121_v1__2lkr_110_3wj_nmr_a__legacy_gt__rnafold__historical_legacy121_v1,2LKR_110_3wj_nmr_A,rnafold,unmatched_predicted_stem,,"[18,47]",,3,,,,,none,
legacy121_v1__2lkr_110_3wj_nmr_a__legacy_gt__rnafold__historical_legacy121_v1,2LKR_110_3wj_nmr_A,rnafold,unmatched_predicted_stem,,"[78,87]",,3,,,,,none,
legacy121_v1__2lkr_110_3wj_nmr_a__legacy_gt__trrosettarna2_native_ss__historical_legacy121_v1,2LKR_110_3wj_nmr_A,trrosettarna2_native_ss,stem_extension,"[0,110]","[0,110]",3,4,3,3,3,0,inner,
legacy121_v1__2lkr_110_3wj_nmr_a__legacy_gt__trrosettarna2_native_ss__historical_legacy121_v1,2LKR_110_3wj_nmr_A,trrosettarna2_native_ss,stem_extension,"[5,104]","[4,105]",3,4,3,3,3,0,outer,
legacy121_v1__2lkr_110_3wj_nmr_a__legacy_gt__trrosettarna2_native_ss__historical_legacy121_v1,2LKR_110_3wj_nmr_A,trrosettarna2_native_ss,exact,"[13,95]","[13,95]",5,5,5,5,5,0,none,
legacy121_v1__2lkr_110_3wj_nmr_a__legacy_gt__trrosettarna2_native_ss__historical_legacy121_v1,2LKR_110_3wj_nmr_A,trrosettarna2_native_ss,exact,"[18,88]","[18,88]",3,3,3,3,3,0,none,
legacy121_v1__2lkr_110_3wj_nmr_a__legacy_gt__trrosettarna2_native_ss__historical_legacy121_v1,2LKR_110_3wj_nmr_A,trrosettarna2_native_ss,exact,"[22,43]","[22,43]",4,4,4,4,4,0,none,
legacy121_v1__2lkr_110_3wj_nmr_a__legacy_gt__trrosettarna2_native_ss__historical_legacy121_v1,2LKR_110_3wj_nmr_A,trrosettarna2_native_ss,stem_extension,"[27,37]","[27,37]",3,4,3,3,3,0,inner,
legacy121_v1__2lkr_110_3wj_nmr_a__legacy_gt__trrosettarna2_native_ss__historical_legacy121_v1,2LKR_110_3wj_nmr_A,trrosettarna2_native_ss,stem_extension,"[51,78]","[51,78]",12,13,12,12,12,0,inner,
legacy121_v1__2lqz_27_hpbulge_nmr_a__legacy_gt__petfold__historical_legacy121_v1,2LQZ_27_hpbulge_nmr_A,petfold,stem_extension,"[0,26]","[0,26]",5,6,5,5,5,0,inner,
legacy121_v1__2lqz_27_hpbulge_nmr_a__legacy_gt__petfold__historical_legacy121_v1,2LQZ_27_hpbulge_nmr_A,petfold,stem_extension,"[10,19]","[9,20]",3,4,3,3,3,0,outer,
legacy121_v1__2lqz_27_hpbulge_nmr_a__legacy_gt__rnafold__historical_legacy121_v1,2LQZ_27_hpbulge_nmr_A,rnafold,stem_extension,"[0,26]","[0,26]",5,6,5,5,5,0,inner,
legacy121_v1__2lqz_27_hpbulge_nmr_a__legacy_gt__rnafold__historical_legacy121_v1,2LQZ_27_hpbulge_nmr_A,rnafold,stem_extension,"[10,19]","[9,20]",3,4,3,3,3,0,outer,
legacy121_v1__2lqz_27_hpbulge_nmr_a__legacy_gt__trrosettarna2_native_ss__historical_legacy121_v1,2LQZ_27_hpbulge_nmr_A,trrosettarna2_native_ss,exact,"[0,26]","[0,26]",5,5,5,5,5,0,none,
legacy121_v1__2lqz_27_hpbulge_nmr_a__legacy_gt__trrosettarna2_native_ss__historical_legacy121_v1,2LQZ_27_hpbulge_nmr_A,trrosettarna2_native_ss,stem_extension,"[10,19]","[9,20]",3,5,3,3,3,0,both,
legacy121_v1__2lu0_49_3wj_nmr_a__legacy_gt__petfold__historical_legacy121_v1,2LU0_49_3wj_nmr_A,petfold,exact,"[0,48]","[0,48]",5,5,5,5,5,0,none,
legacy121_v1__2lu0_49_3wj_nmr_a__legacy_gt__petfold__historical_legacy121_v1,2LU0_49_3wj_nmr_A,petfold,exact,"[7,40]","[7,40]",4,4,4,4,4,0,none,
legacy121_v1__2lu0_49_3wj_nmr_a__legacy_gt__petfold__historical_legacy121_v1,2LU0_49_3wj_nmr_A,petfold,exact,"[12,19]","[12,19]",2,2,2,2,2,0,none,
legacy121_v1__2lu0_49_3wj_nmr_a__legacy_gt__petfold__historical_legacy121_v1,2LU0_49_3wj_nmr_A,petfold,exact,"[23,36]","[23,36]",5,5,5,5,5,0,none,
legacy121_v1__2lu0_49_3wj_nmr_a__legacy_gt__rnafold__historical_legacy121_v1,2LU0_49_3wj_nmr_A,rnafold,exact,"[0,48]","[0,48]",5,5,5,5,5,0,none,
legacy121_v1__2lu0_49_3wj_nmr_a__legacy_gt__rnafold__historical_legacy121_v1,2LU0_49_3wj_nmr_A,rnafold,exact,"[7,40]","[7,40]",4,4,4,4,4,0,none,
legacy121_v1__2lu0_49_3wj_nmr_a__legacy_gt__rnafold__historical_legacy121_v1,2LU0_49_3wj_nmr_A,rnafold,exact,"[12,19]","[12,19]",2,2,2,2,2,0,none,
legacy121_v1__2lu0_49_3wj_nmr_a__legacy_gt__rnafold__historical_legacy121_v1,2LU0_49_3wj_nmr_A,rnafold,exact,"[23,36]","[23,36]",5,5,5,5,5,0,none,
legacy121_v1__2lu0_49_3wj_nmr_a__legacy_gt__trrosettarna2_native_ss__historical_legacy121_v1,2LU0_49_3wj_nmr_A,trrosettarna2_native_ss,exact,"[0,48]","[0,48]",5,5,5,5,5,0,none,
legacy121_v1__2lu0_49_3wj_nmr_a__legacy_gt__trrosettarna2_native_ss__historical_legacy121_v1,2LU0_49_3wj_nmr_A,trrosettarna2_native_ss,exact,"[7,40]","[7,40]",4,4,4,4,4,0,none,
legacy121_v1__2lu0_49_3wj_nmr_a__legacy_gt__trrosettarna2_native_ss__historical_legacy121_v1,2LU0_49_3wj_nmr_A,trrosettarna2_native_ss,stem_extension,"[12,19]","[12,19]",2,3,2,2,2,0,inner,
legacy121_v1__2lu0_49_3wj_nmr_a__legacy_gt__trrosettarna2_native_ss__historical_legacy121_v1,2LU0_49_3wj_nmr_A,trrosettarna2_native_ss,stem_extension,"[23,36]","[23,36]",5,6,5,5,5,0,inner,
legacy121_v1__2lun_28_hp_nmr_a__legacy_gt__petfold__historical_legacy121_v1,2LUN_28_hp_nmr_A,petfold,exact,"[0,27]","[0,27]",4,4,4,4,4,0,none,
legacy121_v1__2lun_28_hp_nmr_a__legacy_gt__petfold__historical_legacy121_v1,2LUN_28_hp_nmr_A,petfold,exact,"[8,19]","[8,19]",4,4,4,4,4,0,none,
legacy121_v1__2lun_28_hp_nmr_a__legacy_gt__rnafold__historical_legacy121_v1,2LUN_28_hp_nmr_A,rnafold,exact,"[0,27]","[0,27]",4,4,4,4,4,0,none,
legacy121_v1__2lun_28_hp_nmr_a__legacy_gt__rnafold__historical_legacy121_v1,2LUN_28_hp_nmr_A,rnafold,exact,"[8,19]","[8,19]",4,4,4,4,4,0,none,
legacy121_v1__2lun_28_hp_nmr_a__legacy_gt__trrosettarna2_native_ss__historical_legacy121_v1,2LUN_28_hp_nmr_A,trrosettarna2_native_ss,complex_mismatch,"[0,27]",,4,,,,,,none,ambiguous_001
legacy121_v1__2lun_28_hp_nmr_a__legacy_gt__trrosettarna2_native_ss__historical_legacy121_v1,2LUN_28_hp_nmr_A,trrosettarna2_native_ss,complex_mismatch,"[8,19]",,4,,,,,,none,ambiguous_001
legacy121_v1__2lun_28_hp_nmr_a__legacy_gt__trrosettarna2_native_ss__historical_legacy121_v1,2LUN_28_hp_nmr_A,trrosettarna2_native_ss,complex_mismatch,,"[0,27]",,12,,,,,none,ambiguous_001
legacy121_v1__2m12_23_hp_nmr_a__legacy_gt__petfold__historical_legacy121_v1,2M12_23_hp_nmr_A,petfold,exact,"[0,22]","[0,22]",6,6,6,6,6,0,none,
legacy121_v1__2m12_23_hp_nmr_a__legacy_gt__rnafold__historical_legacy121_v1,2M12_23_hp_nmr_A,rnafold,exact,"[0,22]","[0,22]",6,6,6,6,6,0,none,
legacy121_v1__2m12_23_hp_nmr_a__legacy_gt__trrosettarna2_native_ss__historical_legacy121_v1,2M12_23_hp_nmr_A,trrosettarna2_native_ss,exact,"[0,22]","[0,22]",6,6,6,6,6,0,none,
legacy121_v1__2m21_21_hp_nmr_a__legacy_gt__petfold__historical_legacy121_v1,2M21_21_hp_nmr_A,petfold,exact,"[0,20]","[0,20]",7,7,7,7,7,0,none,
legacy121_v1__2m21_21_hp_nmr_a__legacy_gt__rnafold__historical_legacy121_v1,2M21_21_hp_nmr_A,rnafold,exact,"[0,20]","[0,20]",7,7,7,7,7,0,none,
legacy121_v1__2m21_21_hp_nmr_a__legacy_gt__trrosettarna2_native_ss__historical_legacy121_v1,2M21_21_hp_nmr_A,trrosettarna2_native_ss,stem_extension,"[0,20]","[0,20]",7,8,7,7,7,0,inner,
legacy121_v1__2m8k_48_pseudoknot_nmr_a__legacy_gt__petfold__historical_legacy121_v1,2M8K_48_pseudoknot_nmr_A,petfold,stem_extension,"[11,46]","[10,47]",10,12,10,10,10,0,both,
legacy121_v1__2m8k_48_pseudoknot_nmr_a__legacy_gt__petfold__historical_legacy121_v1,2M8K_48_pseudoknot_nmr_A,petfold,stem_missing,"[0,27]",,5,,,,,,none,
legacy121_v1__2m8k_48_pseudoknot_nmr_a__legacy_gt__petfold__historical_legacy121_v1,2M8K_48_pseudoknot_nmr_A,petfold,unmatched_predicted_stem,,"[22,33]",,4,,,,,none,
legacy121_v1__2m8k_48_pseudoknot_nmr_a__legacy_gt__rnafold__historical_legacy121_v1,2M8K_48_pseudoknot_nmr_A,rnafold,stem_extension,"[11,46]","[10,47]",10,11,10,10,10,0,outer,
legacy121_v1__2m8k_48_pseudoknot_nmr_a__legacy_gt__rnafold__historical_legacy121_v1,2M8K_48_pseudoknot_nmr_A,rnafold,stem_missing,"[0,27]",,5,,,,,,none,
legacy121_v1__2m8k_48_pseudoknot_nmr_a__legacy_gt__rnafold__historical_legacy121_v1,2M8K_48_pseudoknot_nmr_A,rnafold,unmatched_predicted_stem,,"[22,33]",,4,,,,,none,
legacy121_v1__2m8k_48_pseudoknot_nmr_a__legacy_gt__trrosettarna2_native_ss__historical_legacy121_v1,2M8K_48_pseudoknot_nmr_A,trrosettarna2_native_ss,stem_shift,"[11,46]","[11,41]",10,5,0,5,5,-5,none,
legacy121_v1__2m8k_48_pseudoknot_nmr_a__legacy_gt__trrosettarna2_native_ss__historical_legacy121_v1,2M8K_48_pseudoknot_nmr_A,trrosettarna2_native_ss,stem_missing,"[0,27]",,5,,,,,,none,
legacy121_v1__2m8k_48_pseudoknot_nmr_a__legacy_gt__trrosettarna2_native_ss__historical_legacy121_v1,2M8K_48_pseudoknot_nmr_A,trrosettarna2_native_ss,unmatched_predicted_stem,,"[0,46]",,5,,,,,none,
legacy121_v1__2m8k_48_pseudoknot_nmr_a__legacy_gt__trrosettarna2_native_ss__historical_legacy121_v1,2M8K_48_pseudoknot_nmr_A,trrosettarna2_native_ss,unmatched_predicted_stem,,"[18,27]",,5,,,,,none,
legacy121_v1__2meq_19_hp_nmr_a__legacy_gt__petfold__historical_legacy121_v1,2MEQ_19_hp_nmr_A,petfold,stem_extension,"[0,18]","[0,18]",5,6,5,5,5,0,inner,
legacy121_v1__2meq_19_hp_nmr_a__legacy_gt__rnafold__historical_legacy121_v1,2MEQ_19_hp_nmr_A,rnafold,stem_extension,"[0,18]","[0,18]",5,6,5,5,5,0,inner,
legacy121_v1__2meq_19_hp_nmr_a__legacy_gt__trrosettarna2_native_ss__historical_legacy121_v1,2MEQ_19_hp_nmr_A,trrosettarna2_native_ss,stem_extension,"[0,18]","[0,18]",5,6,5,5,5,0,inner,
legacy121_v1__2mhi_53_3wj_nmr_a__legacy_gt__petfold__historical_legacy121_v1,2MHI_53_3wj_nmr_A,petfold,exact,"[0,52]","[0,52]",7,7,7,7,7,0,none,
legacy121_v1__2mhi_53_3wj_nmr_a__legacy_gt__petfold__historical_legacy121_v1,2MHI_53_3wj_nmr_A,petfold,stem_extension,"[9,28]","[8,29]",4,5,4,4,4,0,outer,
legacy121_v1__2mhi_53_3wj_nmr_a__legacy_gt__petfold__historical_legacy121_v1,2MHI_53_3wj_nmr_A,petfold,exact,"[14,24]","[14,24]",4,4,4,4,4,0,none,
legacy121_v1__2mhi_53_3wj_nmr_a__legacy_gt__petfold__historical_legacy121_v1,2MHI_53_3wj_nmr_A,petfold,stem_extension,"[32,42]","[31,43]",3,4,3,3,3,0,outer,
legacy121_v1__2mhi_53_3wj_nmr_a__legacy_gt__rnafold__historical_legacy121_v1,2MHI_53_3wj_nmr_A,rnafold,exact,"[0,52]","[0,52]",7,7,7,7,7,0,none,
legacy121_v1__2mhi_53_3wj_nmr_a__legacy_gt__rnafold__historical_legacy121_v1,2MHI_53_3wj_nmr_A,rnafold,stem_extension,"[9,28]","[8,29]",4,5,4,4,4,0,outer,
legacy121_v1__2mhi_53_3wj_nmr_a__legacy_gt__rnafold__historical_legacy121_v1,2MHI_53_3wj_nmr_A,rnafold,exact,"[14,24]","[14,24]",4,4,4,4,4,0,none,
legacy121_v1__2mhi_53_3wj_nmr_a__legacy_gt__rnafold__historical_legacy121_v1,2MHI_53_3wj_nmr_A,rnafold,stem_extension,"[32,42]","[31,43]",3,4,3,3,3,0,outer,
legacy121_v1__2mhi_53_3wj_nmr_a__legacy_gt__trrosettarna2_native_ss__historical_legacy121_v1,2MHI_53_3wj_nmr_A,trrosettarna2_native_ss,exact,"[0,52]","[0,52]",7,7,7,7,7,0,none,
legacy121_v1__2mhi_53_3wj_nmr_a__legacy_gt__trrosettarna2_native_ss__historical_legacy121_v1,2MHI_53_3wj_nmr_A,trrosettarna2_native_ss,stem_extension,"[9,28]","[8,29]",4,5,4,4,4,0,outer,
legacy121_v1__2mhi_53_3wj_nmr_a__legacy_gt__trrosettarna2_native_ss__historical_legacy121_v1,2MHI_53_3wj_nmr_A,trrosettarna2_native_ss,exact,"[14,24]","[14,24]",4,4,4,4,4,0,none,
legacy121_v1__2mhi_53_3wj_nmr_a__legacy_gt__trrosettarna2_native_ss__historical_legacy121_v1,2MHI_53_3wj_nmr_A,trrosettarna2_native_ss,stem_extension,"[32,42]","[30,44]",3,5,3,3,3,0,outer,
legacy121_v1__2mqt_68_hpbulge_nmr_a__legacy_gt__petfold__historical_legacy121_v1,2MQT_68_hpbulge_nmr_A,petfold,stem_extension,"[19,51]","[17,53]",4,6,4,4,4,0,outer,
legacy121_v1__2mqt_68_hpbulge_nmr_a__legacy_gt__petfold__historical_legacy121_v1,2MQT_68_hpbulge_nmr_A,petfold,exact,"[25,45]","[25,45]",4,4,4,4,4,0,none,
legacy121_v1__2mqt_68_hpbulge_nmr_a__legacy_gt__petfold__historical_legacy121_v1,2MQT_68_hpbulge_nmr_A,petfold,exact,"[30,41]","[30,41]",4,4,4,4,4,0,none,
legacy121_v1__2mqt_68_hpbulge_nmr_a__legacy_gt__petfold__historical_legacy121_v1,2MQT_68_hpbulge_nmr_A,petfold,complex_mismatch,"[0,67]",,5,,,,,,none,ambiguous_001
legacy121_v1__2mqt_68_hpbulge_nmr_a__legacy_gt__petfold__historical_legacy121_v1,2MQT_68_hpbulge_nmr_A,petfold,complex_mismatch,"[6,61]",,8,,,,,,none,ambiguous_001
legacy121_v1__2mqt_68_hpbulge_nmr_a__legacy_gt__petfold__historical_legacy121_v1,2MQT_68_hpbulge_nmr_A,petfold,complex_mismatch,,"[0,67]",,14,,,,,none,ambiguous_001
legacy121_v1__2mqt_68_hpbulge_nmr_a__legacy_gt__rnafold__historical_legacy121_v1,2MQT_68_hpbulge_nmr_A,rnafold,exact,"[0,67]","[0,67]",5,5,5,5,5,0,none,
legacy121_v1__2mqt_68_hpbulge_nmr_a__legacy_gt__rnafold__historical_legacy121_v1,2MQT_68_hpbulge_nmr_A,rnafold,exact,"[6,61]","[6,61]",8,8,8,8,8,0,none,
legacy121_v1__2mqt_68_hpbulge_nmr_a__legacy_gt__rnafold__historical_legacy121_v1,2MQT_68_hpbulge_nmr_A,rnafold,stem_extension,"[19,51]","[17,53]",4,6,4,4,4,0,outer,
legacy121_v1__2mqt_68_hpbulge_nmr_a__legacy_gt__rnafold__historical_legacy121_v1,2MQT_68_hpbulge_nmr_A,rnafold,exact,"[25,45]","[25,45]",4,4,4,4,4,0,none,
legacy121_v1__2mqt_68_hpbulge_nmr_a__legacy_gt__rnafold__historical_legacy121_v1,2MQT_68_hpbulge_nmr_A,rnafold,exact,"[30,41]","[30,41]",4,4,4,4,4,0,none,
legacy121_v1__2mqt_68_hpbulge_nmr_a__legacy_gt__trrosettarna2_native_ss__historical_legacy121_v1,2MQT_68_hpbulge_nmr_A,trrosettarna2_native_ss,stem_extension,"[30,41]","[30,41]",4,5,4,4,4,0,inner,
legacy121_v1__2mqt_68_hpbulge_nmr_a__legacy_gt__trrosettarna2_native_ss__historical_legacy121_v1,2MQT_68_hpbulge_nmr_A,trrosettarna2_native_ss,complex_mismatch,"[0,67]",,5,,,,,,none,ambiguous_001
legacy121_v1__2mqt_68_hpbulge_nmr_a__legacy_gt__trrosettarna2_native_ss__historical_legacy121_v1,2MQT_68_hpbulge_nmr_A,trrosettarna2_native_ss,complex_mismatch,"[6,61]",,8,,,,,,none,ambiguous_001
legacy121_v1__2mqt_68_hpbulge_nmr_a__legacy_gt__trrosettarna2_native_ss__historical_legacy121_v1,2MQT_68_hpbulge_nmr_A,trrosettarna2_native_ss,complex_mismatch,,"[0,67]",,14,,,,,none,ambiguous_001
legacy121_v1__2mqt_68_hpbulge_nmr_a__legacy_gt__trrosettarna2_native_ss__historical_legacy121_v1,2MQT_68_hpbulge_nmr_A,trrosettarna2_native_ss,complex_mismatch,"[19,51]",,4,,,,,,none,ambiguous_002
legacy121_v1__2mqt_68_hpbulge_nmr_a__legacy_gt__trrosettarna2_native_ss__historical_legacy121_v1,2MQT_68_hpbulge_nmr_A,trrosettarna2_native_ss,complex_mismatch,"[25,45]",,4,,,,,,none,ambiguous_002
legacy121_v1__2mqt_68_hpbulge_nmr_a__legacy_gt__trrosettarna2_native_ss__historical_legacy121_v1,2MQT_68_hpbulge_nmr_A,trrosettarna2_native_ss,complex_mismatch,,"[19,51]",,10,,,,,none,ambiguous_002
legacy121_v1__2mtj_47_3wj_nmr_a__legacy_gt__petfold__historical_legacy121_v1,2MTJ_47_3wj_nmr_A,petfold,exact,"[0,45]","[0,45]",5,5,5,5,5,0,none,
legacy121_v1__2mtj_47_3wj_nmr_a__legacy_gt__petfold__historical_legacy121_v1,2MTJ_47_3wj_nmr_A,petfold,stem_truncation,"[7,20]","[7,20]",6,5,5,5,5,0,inner,
legacy121_v1__2mtj_47_3wj_nmr_a__legacy_gt__petfold__historical_legacy121_v1,2MTJ_47_3wj_nmr_A,petfold,stem_extension,"[23,34]","[22,35]",4,5,4,4,4,0,outer,
legacy121_v1__2mtj_47_3wj_nmr_a__legacy_gt__rnafold__historical_legacy121_v1,2MTJ_47_3wj_nmr_A,rnafold,exact,"[0,45]","[0,45]",5,5,5,5,5,0,none,
legacy121_v1__2mtj_47_3wj_nmr_a__legacy_gt__rnafold__historical_legacy121_v1,2MTJ_47_3wj_nmr_A,rnafold,stem_truncation,"[7,20]","[7,20]",6,5,5,5,5,0,inner,
legacy121_v1__2mtj_47_3wj_nmr_a__legacy_gt__rnafold__historical_legacy121_v1,2MTJ_47_3wj_nmr_A,rnafold,stem_extension,"[23,34]","[22,35]",4,5,4,4,4,0,outer,
legacy121_v1__2mtj_47_3wj_nmr_a__legacy_gt__trrosettarna2_native_ss__historical_legacy121_v1,2MTJ_47_3wj_nmr_A,trrosettarna2_native_ss,stem_extension,"[0,45]","[0,45]",5,6,5,5,5,0,inner,
legacy121_v1__2mtj_47_3wj_nmr_a__legacy_gt__trrosettarna2_native_ss__historical_legacy121_v1,2MTJ_47_3wj_nmr_A,trrosettarna2_native_ss,exact,"[7,20]","[7,20]",6,6,6,6,6,0,none,
legacy121_v1__2mtj_47_3wj_nmr_a__legacy_gt__trrosettarna2_native_ss__historical_legacy121_v1,2MTJ_47_3wj_nmr_A,trrosettarna2_native_ss,stem_extension,"[23,34]","[23,34]",4,5,4,4,4,0,inner,
legacy121_v1__2mxl_39_hp_nmr_a__legacy_gt__petfold__historical_legacy121_v1,2MXL_39_hp_nmr_A,petfold,exact,"[2,38]","[2,38]",7,7,7,7,7,0,none,
legacy121_v1__2mxl_39_hp_nmr_a__legacy_gt__petfold__historical_legacy121_v1,2MXL_39_hp_nmr_A,petfold,exact,"[11,29]","[11,29]",4,4,4,4,4,0,none,
legacy121_v1__2mxl_39_hp_nmr_a__legacy_gt__petfold__historical_legacy121_v1,2MXL_39_hp_nmr_A,petfold,exact,"[15,24]","[15,24]",2,2,2,2,2,0,none,
legacy121_v1__2mxl_39_hp_nmr_a__legacy_gt__rnafold__historical_legacy121_v1,2MXL_39_hp_nmr_A,rnafold,exact,"[2,38]","[2,38]",7,7,7,7,7,0,none,
legacy121_v1__2mxl_39_hp_nmr_a__legacy_gt__rnafold__historical_legacy121_v1,2MXL_39_hp_nmr_A,rnafold,exact,"[11,29]","[11,29]",4,4,4,4,4,0,none,
legacy121_v1__2mxl_39_hp_nmr_a__legacy_gt__rnafold__historical_legacy121_v1,2MXL_39_hp_nmr_A,rnafold,exact,"[15,24]","[15,24]",2,2,2,2,2,0,none,
legacy121_v1__2mxl_39_hp_nmr_a__legacy_gt__trrosettarna2_native_ss__historical_legacy121_v1,2MXL_39_hp_nmr_A,trrosettarna2_native_ss,stem_extension,"[15,24]","[15,24]",2,4,2,2,2,0,inner,
legacy121_v1__2mxl_39_hp_nmr_a__legacy_gt__trrosettarna2_native_ss__historical_legacy121_v1,2MXL_39_hp_nmr_A,trrosettarna2_native_ss,complex_mismatch,"[2,38]",,7,,,,,,none,ambiguous_001
legacy121_v1__2mxl_39_hp_nmr_a__legacy_gt__trrosettarna2_native_ss__historical_legacy121_v1,2MXL_39_hp_nmr_A,trrosettarna2_native_ss,complex_mismatch,"[11,29]",,4,,,,,,none,ambiguous_001
legacy121_v1__2mxl_39_hp_nmr_a__legacy_gt__trrosettarna2_native_ss__historical_legacy121_v1,2MXL_39_hp_nmr_A,trrosettarna2_native_ss,complex_mismatch,,"[2,38]",,13,,,,,none,ambiguous_001
legacy121_v1__2n1q_155_4wj_nmr_a__legacy_gt__petfold__historical_legacy121_v1,2N1Q_155_4wj_nmr_A,petfold,exact,"[0,153]","[0,153]",11,11,11,11,11,0,none,
legacy121_v1__2n1q_155_4wj_nmr_a__legacy_gt__petfold__historical_legacy121_v1,2N1Q_155_4wj_nmr_A,petfold,exact,"[20,37]","[20,37]",7,7,7,7,7,0,none,
legacy121_v1__2n1q_155_4wj_nmr_a__legacy_gt__petfold__historical_legacy121_v1,2N1Q_155_4wj_nmr_A,petfold,stem_truncation,"[50,91]","[51,90]",3,2,2,2,2,0,outer,
legacy121_v1__2n1q_155_4wj_nmr_a__legacy_gt__petfold__historical_legacy121_v1,2N1Q_155_4wj_nmr_A,petfold,exact,"[57,86]","[57,86]",4,4,4,4,4,0,none,
legacy121_v1__2n1q_155_4wj_nmr_a__legacy_gt__petfold__historical_legacy121_v1,2N1Q_155_4wj_nmr_A,petfold,exact,"[62,79]","[62,79]",7,7,7,7,7,0,none,
legacy121_v1__2n1q_155_4wj_nmr_a__legacy_gt__petfold__historical_legacy121_v1,2N1Q_155_4wj_nmr_A,petfold,exact,"[121,134]","[121,134]",5,5,5,5,5,0,none,
legacy121_v1__2n1q_155_4wj_nmr_a__legacy_gt__petfold__historical_legacy121_v1,2N1Q_155_4wj_nmr_A,petfold,stem_missing,"[14,108]",,5,,,,,,none,
legacy121_v1__2n1q_155_4wj_nmr_a__legacy_gt__petfold__historical_legacy121_v1,2N1Q_155_4wj_nmr_A,petfold,stem_missing,"[41,100]",,3,,,,,,none,
legacy121_v1__2n1q_155_4wj_nmr_a__legacy_gt__petfold__historical_legacy121_v1,2N1Q_155_4wj_nmr_A,petfold,stem_missing,"[46,95]",,3,,,,,,none,
legacy121_v1__2n1q_155_4wj_nmr_a__legacy_gt__petfold__historical_legacy121_v1,2N1Q_155_4wj_nmr_A,petfold,stem_missing,"[116,139]",,3,,,,,,none,
legacy121_v1__2n1q_155_4wj_nmr_a__legacy_gt__petfold__historical_legacy121_v1,2N1Q_155_4wj_nmr_A,petfold,unmatched_predicted_stem,,"[38,47]",,3,,,,,none,
legacy121_v1__2n1q_155_4wj_nmr_a__legacy_gt__petfold__historical_legacy121_v1,2N1Q_155_4wj_nmr_A,petfold,unmatched_predicted_stem,,"[91,109]",,4,,,,,none,
legacy121_v1__2n1q_155_4wj_nmr_a__legacy_gt__petfold__historical_legacy121_v1,2N1Q_155_4wj_nmr_A,petfold,unmatched_predicted_stem,,"[95,104]",,3,,,,,none,
legacy121_v1__2n1q_155_4wj_nmr_a__legacy_gt__rnafold__historical_legacy121_v1,2N1Q_155_4wj_nmr_A,rnafold,exact,"[0,153]","[0,153]",11,11,11,11,11,0,none,
legacy121_v1__2n1q_155_4wj_nmr_a__legacy_gt__rnafold__historical_legacy121_v1,2N1Q_155_4wj_nmr_A,rnafold,exact,"[20,37]","[20,37]",7,7,7,7,7,0,none,
legacy121_v1__2n1q_155_4wj_nmr_a__legacy_gt__rnafold__historical_legacy121_v1,2N1Q_155_4wj_nmr_A,rnafold,stem_truncation,"[50,91]","[51,90]",3,2,2,2,2,0,outer,
legacy121_v1__2n1q_155_4wj_nmr_a__legacy_gt__rnafold__historical_legacy121_v1,2N1Q_155_4wj_nmr_A,rnafold,exact,"[57,86]","[57,86]",4,4,4,4,4,0,none,
legacy121_v1__2n1q_155_4wj_nmr_a__legacy_gt__rnafold__historical_legacy121_v1,2N1Q_155_4wj_nmr_A,rnafold,exact,"[62,79]","[62,79]",7,7,7,7,7,0,none,
legacy121_v1__2n1q_155_4wj_nmr_a__legacy_gt__rnafold__historical_legacy121_v1,2N1Q_155_4wj_nmr_A,rnafold,exact,"[116,139]","[116,139]",3,3,3,3,3,0,none,
legacy121_v1__2n1q_155_4wj_nmr_a__legacy_gt__rnafold__historical_legacy121_v1,2N1Q_155_4wj_nmr_A,rnafold,exact,"[121,134]","[121,134]",5,5,5,5,5,0,none,
legacy121_v1__2n1q_155_4wj_nmr_a__legacy_gt__rnafold__historical_legacy121_v1,2N1Q_155_4wj_nmr_A,rnafold,stem_missing,"[14,108]",,5,,,,,,none,
legacy121_v1__2n1q_155_4wj_nmr_a__legacy_gt__rnafold__historical_legacy121_v1,2N1Q_155_4wj_nmr_A,rnafold,stem_missing,"[41,100]",,3,,,,,,none,
legacy121_v1__2n1q_155_4wj_nmr_a__legacy_gt__rnafold__historical_legacy121_v1,2N1Q_155_4wj_nmr_A,rnafold,stem_missing,"[46,95]",,3,,,,,,none,
legacy121_v1__2n1q_155_4wj_nmr_a__legacy_gt__rnafold__historical_legacy121_v1,2N1Q_155_4wj_nmr_A,rnafold,unmatched_predicted_stem,,"[12,141]",,2,,,,,none,
legacy121_v1__2n1q_155_4wj_nmr_a__legacy_gt__rnafold__historical_legacy121_v1,2N1Q_155_4wj_nmr_A,rnafold,unmatched_predicted_stem,,"[38,47]",,3,,,,,none,
legacy121_v1__2n1q_155_4wj_nmr_a__legacy_gt__rnafold__historical_legacy121_v1,2N1Q_155_4wj_nmr_A,rnafold,unmatched_predicted_stem,,"[91,109]",,4,,,,,none,
legacy121_v1__2n1q_155_4wj_nmr_a__legacy_gt__rnafold__historical_legacy121_v1,2N1Q_155_4wj_nmr_A,rnafold,unmatched_predicted_stem,,"[95,104]",,3,,,,,none,
legacy121_v1__2n1q_155_4wj_nmr_a__legacy_gt__trrosettarna2_native_ss__historical_legacy121_v1,2N1Q_155_4wj_nmr_A,trrosettarna2_native_ss,exact,"[0,153]","[0,153]",11,11,11,11,11,0,none,
legacy121_v1__2n1q_155_4wj_nmr_a__legacy_gt__trrosettarna2_native_ss__historical_legacy121_v1,2N1Q_155_4wj_nmr_A,trrosettarna2_native_ss,stem_extension,"[20,37]","[19,38]",7,9,7,7,7,0,both,
legacy121_v1__2n1q_155_4wj_nmr_a__legacy_gt__trrosettarna2_native_ss__historical_legacy121_v1,2N1Q_155_4wj_nmr_A,trrosettarna2_native_ss,stem_extension,"[57,86]","[56,87]",4,5,4,4,4,0,outer,
legacy121_v1__2n1q_155_4wj_nmr_a__legacy_gt__trrosettarna2_native_ss__historical_legacy121_v1,2N1Q_155_4wj_nmr_A,trrosettarna2_native_ss,stem_extension,"[62,79]","[61,80]",7,9,7,7,7,0,both,
legacy121_v1__2n1q_155_4wj_nmr_a__legacy_gt__trrosettarna2_native_ss__historical_legacy121_v1,2N1Q_155_4wj_nmr_A,trrosettarna2_native_ss,complex_mismatch,"[46,95]",,3,,,,,,none,ambiguous_001
legacy121_v1__2n1q_155_4wj_nmr_a__legacy_gt__trrosettarna2_native_ss__historical_legacy121_v1,2N1Q_155_4wj_nmr_A,trrosettarna2_native_ss,complex_mismatch,"[50,91]",,3,,,,,,none,ambiguous_001
legacy121_v1__2n1q_155_4wj_nmr_a__legacy_gt__trrosettarna2_native_ss__historical_legacy121_v1,2N1Q_155_4wj_nmr_A,trrosettarna2_native_ss,complex_mismatch,,"[46,95]",,7,,,,,none,ambiguous_001
legacy121_v1__2n1q_155_4wj_nmr_a__legacy_gt__trrosettarna2_native_ss__historical_legacy121_v1,2N1Q_155_4wj_nmr_A,trrosettarna2_native_ss,complex_mismatch,"[116,139]",,3,,,,,,none,ambiguous_002
legacy121_v1__2n1q_155_4wj_nmr_a__legacy_gt__trrosettarna2_native_ss__historical_legacy121_v1,2N1Q_155_4wj_nmr_A,trrosettarna2_native_ss,complex_mismatch,"[121,134]",,5,,,,,,none,ambiguous_002
legacy121_v1__2n1q_155_4wj_nmr_a__legacy_gt__trrosettarna2_native_ss__historical_legacy121_v1,2N1Q_155_4wj_nmr_A,trrosettarna2_native_ss,complex_mismatch,,"[116,139]",,11,,,,,none,ambiguous_002
legacy121_v1__2n1q_155_4wj_nmr_a__legacy_gt__trrosettarna2_native_ss__historical_legacy121_v1,2N1Q_155_4wj_nmr_A,trrosettarna2_native_ss,stem_missing,"[14,108]",,5,,,,,,none,
legacy121_v1__2n1q_155_4wj_nmr_a__legacy_gt__trrosettarna2_native_ss__historical_legacy121_v1,2N1Q_155_4wj_nmr_A,trrosettarna2_native_ss,stem_missing,"[41,100]",,3,,,,,,none,
legacy121_v1__2n2p_23_hpbulge_nmr_a__legacy_gt__petfold__historical_legacy121_v1,2N2P_23_hpbulge_nmr_A,petfold,stem_extension,"[4,18]","[3,19]",6,7,6,6,6,0,outer,
legacy121_v1__2n2p_23_hpbulge_nmr_a__legacy_gt__rnafold__historical_legacy121_v1,2N2P_23_hpbulge_nmr_A,rnafold,stem_extension,"[4,18]","[3,19]",6,7,6,6,6,0,outer,
legacy121_v1__2n2p_23_hpbulge_nmr_a__legacy_gt__rnafold__historical_legacy121_v1,2N2P_23_hpbulge_nmr_A,rnafold,unmatched_predicted_stem,,"[0,21]",,2,,,,,none,
legacy121_v1__2n2p_23_hpbulge_nmr_a__legacy_gt__trrosettarna2_native_ss__historical_legacy121_v1,2N2P_23_hpbulge_nmr_A,trrosettarna2_native_ss,exact,"[4,18]","[4,18]",6,6,6,6,6,0,none,
legacy121_v1__2n3q_62_3wj_nmr_a__legacy_gt__petfold__historical_legacy121_v1,2N3Q_62_3wj_nmr_A,petfold,exact,"[0,60]","[0,60]",5,5,5,5,5,0,none,
legacy121_v1__2n3q_62_3wj_nmr_a__legacy_gt__petfold__historical_legacy121_v1,2N3Q_62_3wj_nmr_A,petfold,exact,"[6,55]","[6,55]",3,3,3,3,3,0,none,
legacy121_v1__2n3q_62_3wj_nmr_a__legacy_gt__petfold__historical_legacy121_v1,2N3Q_62_3wj_nmr_A,petfold,stem_missing,"[11,27]",,3,,,,,,none,
legacy121_v1__2n3q_62_3wj_nmr_a__legacy_gt__petfold__historical_legacy121_v1,2N3Q_62_3wj_nmr_A,petfold,stem_missing,"[15,22]",,3,,,,,,none,
legacy121_v1__2n3q_62_3wj_nmr_a__legacy_gt__petfold__historical_legacy121_v1,2N3Q_62_3wj_nmr_A,petfold,stem_missing,"[28,47]",,3,,,,,,none,
legacy121_v1__2n3q_62_3wj_nmr_a__legacy_gt__petfold__historical_legacy121_v1,2N3Q_62_3wj_nmr_A,petfold,stem_missing,"[33,44]",,4,,,,,,none,
legacy121_v1__2n3q_62_3wj_nmr_a__legacy_gt__petfold__historical_legacy121_v1,2N3Q_62_3wj_nmr_A,petfold,unmatched_predicted_stem,,"[16,47]",,3,,,,,none,
legacy121_v1__2n3q_62_3wj_nmr_a__legacy_gt__petfold__historical_legacy121_v1,2N3Q_62_3wj_nmr_A,petfold,unmatched_predicted_stem,,"[22,42]",,2,,,,,none,
legacy121_v1__2n3q_62_3wj_nmr_a__legacy_gt__petfold__historical_legacy121_v1,2N3Q_62_3wj_nmr_A,petfold,unmatched_predicted_stem,,"[25,39]",,5,,,,,none,
legacy121_v1__2n3q_62_3wj_nmr_a__legacy_gt__rnafold__historical_legacy121_v1,2N3Q_62_3wj_nmr_A,rnafold,exact,"[0,60]","[0,60]",5,5,5,5,5,0,none,
legacy121_v1__2n3q_62_3wj_nmr_a__legacy_gt__rnafold__historical_legacy121_v1,2N3Q_62_3wj_nmr_A,rnafold,exact,"[6,55]","[6,55]",3,3,3,3,3,0,none,
legacy121_v1__2n3q_62_3wj_nmr_a__legacy_gt__rnafold__historical_legacy121_v1,2N3Q_62_3wj_nmr_A,rnafold,stem_missing,"[11,27]",,3,,,,,,none,
legacy121_v1__2n3q_62_3wj_nmr_a__legacy_gt__rnafold__historical_legacy121_v1,2N3Q_62_3wj_nmr_A,rnafold,stem_missing,"[15,22]",,3,,,,,,none,
legacy121_v1__2n3q_62_3wj_nmr_a__legacy_gt__rnafold__historical_legacy121_v1,2N3Q_62_3wj_nmr_A,rnafold,stem_missing,"[28,47]",,3,,,,,,none,
legacy121_v1__2n3q_62_3wj_nmr_a__legacy_gt__rnafold__historical_legacy121_v1,2N3Q_62_3wj_nmr_A,rnafold,stem_missing,"[33,44]",,4,,,,,,none,
legacy121_v1__2n3q_62_3wj_nmr_a__legacy_gt__rnafold__historical_legacy121_v1,2N3Q_62_3wj_nmr_A,rnafold,unmatched_predicted_stem,,"[16,47]",,3,,,,,none,
legacy121_v1__2n3q_62_3wj_nmr_a__legacy_gt__rnafold__historical_legacy121_v1,2N3Q_62_3wj_nmr_A,rnafold,unmatched_predicted_stem,,"[19,43]",,3,,,,,none,
legacy121_v1__2n3q_62_3wj_nmr_a__legacy_gt__rnafold__historical_legacy121_v1,2N3Q_62_3wj_nmr_A,rnafold,unmatched_predicted_stem,,"[25,39]",,5,,,,,none,
legacy121_v1__2n3q_62_3wj_nmr_a__legacy_gt__trrosettarna2_native_ss__historical_legacy121_v1,2N3Q_62_3wj_nmr_A,trrosettarna2_native_ss,exact,"[0,60]","[0,60]",5,5,5,5,5,0,none,
legacy121_v1__2n3q_62_3wj_nmr_a__legacy_gt__trrosettarna2_native_ss__historical_legacy121_v1,2N3Q_62_3wj_nmr_A,trrosettarna2_native_ss,stem_extension,"[6,55]","[6,55]",3,4,3,3,3,0,inner,
legacy121_v1__2n3q_62_3wj_nmr_a__legacy_gt__trrosettarna2_native_ss__historical_legacy121_v1,2N3Q_62_3wj_nmr_A,trrosettarna2_native_ss,exact,"[11,27]","[11,27]",3,3,3,3,3,0,none,
legacy121_v1__2n3q_62_3wj_nmr_a__legacy_gt__trrosettarna2_native_ss__historical_legacy121_v1,2N3Q_62_3wj_nmr_A,trrosettarna2_native_ss,exact,"[15,22]","[15,22]",3,3,3,3,3,0,none,
legacy121_v1__2n3q_62_3wj_nmr_a__legacy_gt__trrosettarna2_native_ss__historical_legacy121_v1,2N3Q_62_3wj_nmr_A,trrosettarna2_native_ss,exact,"[28,47]","[28,47]",3,3,3,3,3,0,none,
legacy121_v1__2n3q_62_3wj_nmr_a__legacy_gt__trrosettarna2_native_ss__historical_legacy121_v1,2N3Q_62_3wj_nmr_A,trrosettarna2_native_ss,stem_extension,"[33,44]","[33,44]",4,5,4,4,4,0,inner,
legacy121_v1__2n4l_53_hpbulge_nmr_a__legacy_gt__petfold__historical_legacy121_v1,2N4L_53_hpbulge_nmr_A,petfold,exact,"[0,52]","[0,52]",14,14,14,14,14,0,none,
legacy121_v1__2n4l_53_hpbulge_nmr_a__legacy_gt__petfold__historical_legacy121_v1,2N4L_53_hpbulge_nmr_A,petfold,exact,"[16,36]","[16,36]",3,3,3,3,3,0,none,
legacy121_v1__2n4l_53_hpbulge_nmr_a__legacy_gt__petfold__historical_legacy121_v1,2N4L_53_hpbulge_nmr_A,petfold,exact,"[21,33]","[21,33]",4,4,4,4,4,0,none,
legacy121_v1__2n4l_53_hpbulge_nmr_a__legacy_gt__rnafold__historical_legacy121_v1,2N4L_53_hpbulge_nmr_A,rnafold,exact,"[0,52]","[0,52]",14,14,14,14,14,0,none,
legacy121_v1__2n4l_53_hpbulge_nmr_a__legacy_gt__rnafold__historical_legacy121_v1,2N4L_53_hpbulge_nmr_A,rnafold,stem_truncation,"[16,36]","[16,36]",3,2,2,2,2,0,inner,
legacy121_v1__2n4l_53_hpbulge_nmr_a__legacy_gt__rnafold__historical_legacy121_v1,2N4L_53_hpbulge_nmr_A,rnafold,stem_extension,"[21,33]","[20,34]",4,5,4,4,4,0,outer,
legacy121_v1__2n4l_53_hpbulge_nmr_a__legacy_gt__trrosettarna2_native_ss__historical_legacy121_v1,2N4L_53_hpbulge_nmr_A,trrosettarna2_native_ss,stem_extension,"[21,33]","[21,33]",4,5,4,4,4,0,inner,
legacy121_v1__2n4l_53_hpbulge_nmr_a__legacy_gt__trrosettarna2_native_ss__historical_legacy121_v1,2N4L_53_hpbulge_nmr_A,trrosettarna2_native_ss,complex_mismatch,"[0,52]",,14,,,,,,none,ambiguous_001
legacy121_v1__2n4l_53_hpbulge_nmr_a__legacy_gt__trrosettarna2_native_ss__historical_legacy121_v1,2N4L_53_hpbulge_nmr_A,trrosettarna2_native_ss,complex_mismatch,"[16,36]",,3,,,,,,none,ambiguous_001
legacy121_v1__2n4l_53_hpbulge_nmr_a__legacy_gt__trrosettarna2_native_ss__historical_legacy121_v1,2N4L_53_hpbulge_nmr_A,trrosettarna2_native_ss,complex_mismatch,,"[0,52]",,19,,,,,none,ambiguous_001
legacy121_v1__2n6w_68_hpbulge_nmr_a__legacy_gt__petfold__historical_legacy121_v1,2N6W_68_hpbulge_nmr_A,petfold,exact,"[0,67]","[0,67]",14,14,14,14,14,0,none,
legacy121_v1__2n6w_68_hpbulge_nmr_a__legacy_gt__petfold__historical_legacy121_v1,2N6W_68_hpbulge_nmr_A,petfold,complex_mismatch,"[16,51]","[15,52]",2,2,1,1,1,0,none,
legacy121_v1__2n6w_68_hpbulge_nmr_a__legacy_gt__petfold__historical_legacy121_v1,2N6W_68_hpbulge_nmr_A,petfold,stem_extension,"[20,48]","[18,50]",5,8,5,5,5,0,both,
legacy121_v1__2n6w_68_hpbulge_nmr_a__legacy_gt__petfold__historical_legacy121_v1,2N6W_68_hpbulge_nmr_A,petfold,exact,"[28,39]","[28,39]",4,4,4,4,4,0,none,
legacy121_v1__2n6w_68_hpbulge_nmr_a__legacy_gt__rnafold__historical_legacy121_v1,2N6W_68_hpbulge_nmr_A,rnafold,exact,"[0,67]","[0,67]",14,14,14,14,14,0,none,
legacy121_v1__2n6w_68_hpbulge_nmr_a__legacy_gt__rnafold__historical_legacy121_v1,2N6W_68_hpbulge_nmr_A,rnafold,complex_mismatch,"[16,51]","[15,52]",2,2,1,1,1,0,none,
legacy121_v1__2n6w_68_hpbulge_nmr_a__legacy_gt__rnafold__historical_legacy121_v1,2N6W_68_hpbulge_nmr_A,rnafold,stem_extension,"[20,48]","[18,50]",5,8,5,5,5,0,both,
legacy121_v1__2n6w_68_hpbulge_nmr_a__legacy_gt__rnafold__historical_legacy121_v1,2N6W_68_hpbulge_nmr_A,rnafold,exact,"[28,39]","[28,39]",4,4,4,4,4,0,none,
legacy121_v1__2n6w_68_hpbulge_nmr_a__legacy_gt__trrosettarna2_native_ss__historical_legacy121_v1,2N6W_68_hpbulge_nmr_A,trrosettarna2_native_ss,exact,"[0,67]","[0,67]",14,14,14,14,14,0,none,
legacy121_v1__2n6w_68_hpbulge_nmr_a__legacy_gt__trrosettarna2_native_ss__historical_legacy121_v1,2N6W_68_hpbulge_nmr_A,trrosettarna2_native_ss,exact,"[20,48]","[20,48]",5,5,5,5,5,0,none,
legacy121_v1__2n6w_68_hpbulge_nmr_a__legacy_gt__trrosettarna2_native_ss__historical_legacy121_v1,2N6W_68_hpbulge_nmr_A,trrosettarna2_native_ss,stem_extension,"[28,39]","[26,41]",4,7,4,4,4,0,both,
legacy121_v1__2n6w_68_hpbulge_nmr_a__legacy_gt__trrosettarna2_native_ss__historical_legacy121_v1,2N6W_68_hpbulge_nmr_A,trrosettarna2_native_ss,stem_missing,"[16,51]",,2,,,,,,none,
legacy121_v1__2nc1_67_3wj_nmr_a__legacy_gt__petfold__historical_legacy121_v1,2NC1_67_3wj_nmr_A,petfold,exact,"[0,66]","[0,66]",6,6,6,6,6,0,none,
legacy121_v1__2nc1_67_3wj_nmr_a__legacy_gt__petfold__historical_legacy121_v1,2NC1_67_3wj_nmr_A,petfold,exact,"[9,59]","[9,59]",5,5,5,5,5,0,none,
legacy121_v1__2nc1_67_3wj_nmr_a__legacy_gt__petfold__historical_legacy121_v1,2NC1_67_3wj_nmr_A,petfold,exact,"[14,29]","[14,29]",6,6,6,6,6,0,none,
legacy121_v1__2nc1_67_3wj_nmr_a__legacy_gt__petfold__historical_legacy121_v1,2NC1_67_3wj_nmr_A,petfold,exact,"[30,47]","[30,47]",7,7,7,7,7,0,none,
legacy121_v1__2nc1_67_3wj_nmr_a__legacy_gt__rnafold__historical_legacy121_v1,2NC1_67_3wj_nmr_A,rnafold,exact,"[0,66]","[0,66]",6,6,6,6,6,0,none,
legacy121_v1__2nc1_67_3wj_nmr_a__legacy_gt__rnafold__historical_legacy121_v1,2NC1_67_3wj_nmr_A,rnafold,exact,"[9,59]","[9,59]",5,5,5,5,5,0,none,
legacy121_v1__2nc1_67_3wj_nmr_a__legacy_gt__rnafold__historical_legacy121_v1,2NC1_67_3wj_nmr_A,rnafold,exact,"[14,29]","[14,29]",6,6,6,6,6,0,none,
legacy121_v1__2nc1_67_3wj_nmr_a__legacy_gt__rnafold__historical_legacy121_v1,2NC1_67_3wj_nmr_A,rnafold,exact,"[30,47]","[30,47]",7,7,7,7,7,0,none,
legacy121_v1__2nc1_67_3wj_nmr_a__legacy_gt__trrosettarna2_native_ss__historical_legacy121_v1,2NC1_67_3wj_nmr_A,trrosettarna2_native_ss,exact,"[0,66]","[0,66]",6,6,6,6,6,0,none,
legacy121_v1__2nc1_67_3wj_nmr_a__legacy_gt__trrosettarna2_native_ss__historical_legacy121_v1,2NC1_67_3wj_nmr_A,trrosettarna2_native_ss,stem_extension,"[9,59]","[8,60]",5,6,5,5,5,0,outer,
legacy121_v1__2nc1_67_3wj_nmr_a__legacy_gt__trrosettarna2_native_ss__historical_legacy121_v1,2NC1_67_3wj_nmr_A,trrosettarna2_native_ss,stem_extension,"[14,29]","[14,29]",6,7,6,6,6,0,inner,
legacy121_v1__2nc1_67_3wj_nmr_a__legacy_gt__trrosettarna2_native_ss__historical_legacy121_v1,2NC1_67_3wj_nmr_A,trrosettarna2_native_ss,stem_extension,"[30,47]","[30,47]",7,8,7,7,7,0,inner,
legacy121_v1__2nc1_67_3wj_nmr_a__legacy_gt__trrosettarna2_native_ss__historical_legacy121_v1,2NC1_67_3wj_nmr_A,trrosettarna2_native_ss,unmatched_predicted_stem,,"[48,54]",,2,,,,,none,
legacy121_v1__2nci_28_hpbulge_nmr_a__legacy_gt__petfold__historical_legacy121_v1,2NCI_28_hpbulge_nmr_A,petfold,stem_extension,"[0,27]","[0,27]",5,6,5,5,5,0,inner,
legacy121_v1__2nci_28_hpbulge_nmr_a__legacy_gt__petfold__historical_legacy121_v1,2NCI_28_hpbulge_nmr_A,petfold,stem_extension,"[11,20]","[10,21]",3,4,3,3,3,0,outer,
legacy121_v1__2nci_28_hpbulge_nmr_a__legacy_gt__rnafold__historical_legacy121_v1,2NCI_28_hpbulge_nmr_A,rnafold,stem_extension,"[0,27]","[0,27]",5,6,5,5,5,0,inner,
legacy121_v1__2nci_28_hpbulge_nmr_a__legacy_gt__rnafold__historical_legacy121_v1,2NCI_28_hpbulge_nmr_A,rnafold,stem_extension,"[11,20]","[10,21]",3,4,3,3,3,0,outer,
legacy121_v1__2nci_28_hpbulge_nmr_a__legacy_gt__trrosettarna2_native_ss__historical_legacy121_v1,2NCI_28_hpbulge_nmr_A,trrosettarna2_native_ss,exact,"[0,27]","[0,27]",5,5,5,5,5,0,none,
legacy121_v1__2nci_28_hpbulge_nmr_a__legacy_gt__trrosettarna2_native_ss__historical_legacy121_v1,2NCI_28_hpbulge_nmr_A,trrosettarna2_native_ss,stem_extension,"[11,20]","[11,20]",3,4,3,3,3,0,inner,
legacy121_v1__2pcv_35_hpbulge_nmr_a__legacy_gt__petfold__historical_legacy121_v1,2PCV_35_hpbulge_nmr_A,petfold,exact,"[0,34]","[0,34]",5,5,5,5,5,0,none,
legacy121_v1__2pcv_35_hpbulge_nmr_a__legacy_gt__petfold__historical_legacy121_v1,2PCV_35_hpbulge_nmr_A,petfold,exact,"[11,22]","[11,22]",4,4,4,4,4,0,none,
legacy121_v1__2pcv_35_hpbulge_nmr_a__legacy_gt__petfold__historical_legacy121_v1,2PCV_35_hpbulge_nmr_A,petfold,unmatched_predicted_stem,,"[9,29]",,2,,,,,none,
legacy121_v1__2pcv_35_hpbulge_nmr_a__legacy_gt__rnafold__historical_legacy121_v1,2PCV_35_hpbulge_nmr_A,rnafold,exact,"[0,34]","[0,34]",5,5,5,5,5,0,none,
legacy121_v1__2pcv_35_hpbulge_nmr_a__legacy_gt__rnafold__historical_legacy121_v1,2PCV_35_hpbulge_nmr_A,rnafold,exact,"[11,22]","[11,22]",4,4,4,4,4,0,none,
legacy121_v1__2pcv_35_hpbulge_nmr_a__legacy_gt__trrosettarna2_native_ss__historical_legacy121_v1,2PCV_35_hpbulge_nmr_A,trrosettarna2_native_ss,exact,"[0,34]","[0,34]",5,5,5,5,5,0,none,
legacy121_v1__2pcv_35_hpbulge_nmr_a__legacy_gt__trrosettarna2_native_ss__historical_legacy121_v1,2PCV_35_hpbulge_nmr_A,trrosettarna2_native_ss,stem_extension,"[11,22]","[11,22]",4,5,4,4,4,0,inner,
legacy121_v1__2qh2_24_hp_nmr_a__legacy_gt__petfold__historical_legacy121_v1,2QH2_24_hp_nmr_A,petfold,exact,"[0,23]","[0,23]",8,8,8,8,8,0,none,
legacy121_v1__2qh2_24_hp_nmr_a__legacy_gt__rnafold__historical_legacy121_v1,2QH2_24_hp_nmr_A,rnafold,exact,"[0,23]","[0,23]",8,8,8,8,8,0,none,
legacy121_v1__2qh2_24_hp_nmr_a__legacy_gt__trrosettarna2_native_ss__historical_legacy121_v1,2QH2_24_hp_nmr_A,trrosettarna2_native_ss,exact,"[0,23]","[0,23]",8,8,8,8,8,0,none,
legacy121_v1__2ro2_23_hp_nmr_a__legacy_gt__petfold__historical_legacy121_v1,2RO2_23_hp_nmr_A,petfold,exact,"[0,22]","[0,22]",9,9,9,9,9,0,none,
legacy121_v1__2ro2_23_hp_nmr_a__legacy_gt__rnafold__historical_legacy121_v1,2RO2_23_hp_nmr_A,rnafold,exact,"[0,22]","[0,22]",9,9,9,9,9,0,none,
legacy121_v1__2ro2_23_hp_nmr_a__legacy_gt__trrosettarna2_native_ss__historical_legacy121_v1,2RO2_23_hp_nmr_A,trrosettarna2_native_ss,exact,"[0,22]","[0,22]",9,9,9,9,9,0,none,
legacy121_v1__2rvo_34_hp_nmr_a__legacy_gt__petfold__historical_legacy121_v1,2RVO_34_hp_nmr_A,petfold,exact,"[0,33]","[0,33]",8,8,8,8,8,0,none,
legacy121_v1__2rvo_34_hp_nmr_a__legacy_gt__petfold__historical_legacy121_v1,2RVO_34_hp_nmr_A,petfold,exact,"[11,24]","[11,24]",5,5,5,5,5,0,none,
legacy121_v1__2rvo_34_hp_nmr_a__legacy_gt__rnafold__historical_legacy121_v1,2RVO_34_hp_nmr_A,rnafold,exact,"[0,33]","[0,33]",8,8,8,8,8,0,none,
legacy121_v1__2rvo_34_hp_nmr_a__legacy_gt__rnafold__historical_legacy121_v1,2RVO_34_hp_nmr_A,rnafold,exact,"[11,24]","[11,24]",5,5,5,5,5,0,none,
legacy121_v1__2rvo_34_hp_nmr_a__legacy_gt__trrosettarna2_native_ss__historical_legacy121_v1,2RVO_34_hp_nmr_A,trrosettarna2_native_ss,stem_extension,"[0,33]","[0,33]",8,9,8,8,8,0,inner,
legacy121_v1__2rvo_34_hp_nmr_a__legacy_gt__trrosettarna2_native_ss__historical_legacy121_v1,2RVO_34_hp_nmr_A,trrosettarna2_native_ss,exact,"[11,24]","[11,24]",5,5,5,5,5,0,none,
legacy121_v1__2tpk_35_pseudoknot_nmr_a__legacy_gt__petfold__historical_legacy121_v1,2TPK_35_pseudoknot_nmr_A,petfold,exact,"[8,33]","[8,33]",7,7,7,7,7,0,none,
legacy121_v1__2tpk_35_pseudoknot_nmr_a__legacy_gt__petfold__historical_legacy121_v1,2TPK_35_pseudoknot_nmr_A,petfold,stem_missing,"[2,19]",,5,,,,,,none,
legacy121_v1__2tpk_35_pseudoknot_nmr_a__legacy_gt__petfold__historical_legacy121_v1,2TPK_35_pseudoknot_nmr_A,petfold,unmatched_predicted_stem,,"[15,25]",,3,,,,,none,
legacy121_v1__2tpk_35_pseudoknot_nmr_a__legacy_gt__rnafold__historical_legacy121_v1,2TPK_35_pseudoknot_nmr_A,rnafold,exact,"[8,33]","[8,33]",7,7,7,7,7,0,none,
legacy121_v1__2tpk_35_pseudoknot_nmr_a__legacy_gt__rnafold__historical_legacy121_v1,2TPK_35_pseudoknot_nmr_A,rnafold,stem_missing,"[2,19]",,5,,,,,,none,
legacy121_v1__2tpk_35_pseudoknot_nmr_a__legacy_gt__trrosettarna2_native_ss__historical_legacy121_v1,2TPK_35_pseudoknot_nmr_A,trrosettarna2_native_ss,stem_shift,"[8,33]","[8,28]",7,2,0,2,2,-5,none,
legacy121_v1__2tpk_35_pseudoknot_nmr_a__legacy_gt__trrosettarna2_native_ss__historical_legacy121_v1,2TPK_35_pseudoknot_nmr_A,trrosettarna2_native_ss,stem_missing,"[2,19]",,5,,,,,,none,
legacy121_v1__2tpk_35_pseudoknot_nmr_a__legacy_gt__trrosettarna2_native_ss__historical_legacy121_v1,2TPK_35_pseudoknot_nmr_A,trrosettarna2_native_ss,unmatched_predicted_stem,,"[2,33]",,5,,,,,none,
legacy121_v1__2tpk_35_pseudoknot_nmr_a__legacy_gt__trrosettarna2_native_ss__historical_legacy121_v1,2TPK_35_pseudoknot_nmr_A,trrosettarna2_native_ss,unmatched_predicted_stem,,"[10,19]",,5,,,,,none,
legacy121_v1__387d_26_hpbulge_xray_a__legacy_gt__petfold__historical_legacy121_v1,387D_26_hpbulge_xray_A,petfold,stem_missing,"[1,14]",,3,,,,,,none,
legacy121_v1__387d_26_hpbulge_xray_a__legacy_gt__petfold__historical_legacy121_v1,387D_26_hpbulge_xray_A,petfold,unmatched_predicted_stem,,"[5,25]",,6,,,,,none,
legacy121_v1__387d_26_hpbulge_xray_a__legacy_gt__rnafold__historical_legacy121_v1,387D_26_hpbulge_xray_A,rnafold,stem_missing,"[1,14]",,3,,,,,,none,
legacy121_v1__387d_26_hpbulge_xray_a__legacy_gt__rnafold__historical_legacy121_v1,387D_26_hpbulge_xray_A,rnafold,unmatched_predicted_stem,,"[5,25]",,6,,,,,none,
legacy121_v1__387d_26_hpbulge_xray_a__legacy_gt__trrosettarna2_native_ss__historical_legacy121_v1,387D_26_hpbulge_xray_A,trrosettarna2_native_ss,stem_extension,"[1,14]","[1,14]",3,4,3,3,3,0,inner,
legacy121_v1__5a17_32_hp_nmr_a__legacy_gt__petfold__historical_legacy121_v1,5A17_32_hp_nmr_A,petfold,exact,"[0,31]","[0,31]",8,8,8,8,8,0,none,
legacy121_v1__5a17_32_hp_nmr_a__legacy_gt__petfold__historical_legacy121_v1,5A17_32_hp_nmr_A,petfold,stem_missing,"[8,22]",,2,,,,,,none,
legacy121_v1__5a17_32_hp_nmr_a__legacy_gt__petfold__historical_legacy121_v1,5A17_32_hp_nmr_A,petfold,unmatched_predicted_stem,,"[11,21]",,2,,,,,none,
legacy121_v1__5a17_32_hp_nmr_a__legacy_gt__rnafold__historical_legacy121_v1,5A17_32_hp_nmr_A,rnafold,exact,"[0,31]","[0,31]",8,8,8,8,8,0,none,
legacy121_v1__5a17_32_hp_nmr_a__legacy_gt__rnafold__historical_legacy121_v1,5A17_32_hp_nmr_A,rnafold,exact,"[8,22]","[8,22]",2,2,2,2,2,0,none,
legacy121_v1__5a17_32_hp_nmr_a__legacy_gt__trrosettarna2_native_ss__historical_legacy121_v1,5A17_32_hp_nmr_A,trrosettarna2_native_ss,exact,"[0,31]","[0,31]",8,8,8,8,8,0,none,
legacy121_v1__5a17_32_hp_nmr_a__legacy_gt__trrosettarna2_native_ss__historical_legacy121_v1,5A17_32_hp_nmr_A,trrosettarna2_native_ss,stem_extension,"[8,22]","[8,22]",2,5,2,2,2,0,inner,
legacy121_v1__5kh8_47_3wj_nmr_a__legacy_gt__petfold__historical_legacy121_v1,5KH8_47_3wj_nmr_A,petfold,stem_extension,"[0,15]","[0,15]",4,5,4,4,4,0,inner,
legacy121_v1__5kh8_47_3wj_nmr_a__legacy_gt__petfold__historical_legacy121_v1,5KH8_47_3wj_nmr_A,petfold,exact,"[22,33]","[22,33]",4,4,4,4,4,0,none,
legacy121_v1__5kh8_47_3wj_nmr_a__legacy_gt__petfold__historical_legacy121_v1,5KH8_47_3wj_nmr_A,petfold,stem_missing,"[6,43]",,6,,,,,,none,
legacy121_v1__5kh8_47_3wj_nmr_a__legacy_gt__rnafold__historical_legacy121_v1,5KH8_47_3wj_nmr_A,rnafold,stem_extension,"[0,15]","[0,15]",4,5,4,4,4,0,inner,
legacy121_v1__5kh8_47_3wj_nmr_a__legacy_gt__rnafold__historical_legacy121_v1,5KH8_47_3wj_nmr_A,rnafold,exact,"[22,33]","[22,33]",4,4,4,4,4,0,none,
legacy121_v1__5kh8_47_3wj_nmr_a__legacy_gt__rnafold__historical_legacy121_v1,5KH8_47_3wj_nmr_A,rnafold,stem_missing,"[6,43]",,6,,,,,,none,
legacy121_v1__5kh8_47_3wj_nmr_a__legacy_gt__trrosettarna2_native_ss__historical_legacy121_v1,5KH8_47_3wj_nmr_A,trrosettarna2_native_ss,stem_extension,"[22,33]","[22,33]",4,5,4,4,4,0,inner,
legacy121_v1__5kh8_47_3wj_nmr_a__legacy_gt__trrosettarna2_native_ss__historical_legacy121_v1,5KH8_47_3wj_nmr_A,trrosettarna2_native_ss,stem_missing,"[0,15]",,4,,,,,,none,
legacy121_v1__5kh8_47_3wj_nmr_a__legacy_gt__trrosettarna2_native_ss__historical_legacy121_v1,5KH8_47_3wj_nmr_A,trrosettarna2_native_ss,stem_missing,"[6,43]",,6,,,,,,none,
legacy121_v1__5kh8_47_3wj_nmr_a__legacy_gt__trrosettarna2_native_ss__historical_legacy121_v1,5KH8_47_3wj_nmr_A,trrosettarna2_native_ss,unmatched_predicted_stem,,"[0,44]",,5,,,,,none,
legacy121_v1__5kh8_47_3wj_nmr_a__legacy_gt__trrosettarna2_native_ss__historical_legacy121_v1,5KH8_47_3wj_nmr_A,trrosettarna2_native_ss,unmatched_predicted_stem,,"[8,15]",,4,,,,,none,
legacy121_v1__5kqe_35_hpbulge_nmr_a__legacy_gt__petfold__historical_legacy121_v1,5KQE_35_hpbulge_nmr_A,petfold,stem_extension,"[0,35]","[0,35]",6,7,6,6,6,0,inner,
legacy121_v1__5kqe_35_hpbulge_nmr_a__legacy_gt__petfold__historical_legacy121_v1,5KQE_35_hpbulge_nmr_A,petfold,exact,"[13,28]","[13,28]",6,6,6,6,6,0,none,
legacy121_v1__5kqe_35_hpbulge_nmr_a__legacy_gt__rnafold__historical_legacy121_v1,5KQE_35_hpbulge_nmr_A,rnafold,stem_extension,"[0,35]","[0,35]",6,7,6,6,6,0,inner,
legacy121_v1__5kqe_35_hpbulge_nmr_a__legacy_gt__rnafold__historical_legacy121_v1,5KQE_35_hpbulge_nmr_A,rnafold,exact,"[13,28]","[13,28]",6,6,6,6,6,0,none,
legacy121_v1__5kqe_35_hpbulge_nmr_a__legacy_gt__trrosettarna2_native_ss__historical_legacy121_v1,5KQE_35_hpbulge_nmr_A,trrosettarna2_native_ss,exact,"[0,35]","[0,35]",6,6,6,6,6,0,none,
legacy121_v1__5kqe_35_hpbulge_nmr_a__legacy_gt__trrosettarna2_native_ss__historical_legacy121_v1,5KQE_35_hpbulge_nmr_A,trrosettarna2_native_ss,stem_extension,"[13,28]","[13,28]",6,7,6,6,6,0,inner,
legacy121_v1__5lsn_28_hp_nmr_a__legacy_gt__petfold__historical_legacy121_v1,5LSN_28_hp_nmr_A,petfold,complex_mismatch,"[0,28]",,2,,,,,,none,ambiguous_001
legacy121_v1__5lsn_28_hp_nmr_a__legacy_gt__petfold__historical_legacy121_v1,5LSN_28_hp_nmr_A,petfold,complex_mismatch,"[3,25]",,10,,,,,,none,ambiguous_001
legacy121_v1__5lsn_28_hp_nmr_a__legacy_gt__petfold__historical_legacy121_v1,5LSN_28_hp_nmr_A,petfold,complex_mismatch,,"[0,28]",,13,,,,,none,ambiguous_001
legacy121_v1__5lsn_28_hp_nmr_a__legacy_gt__rnafold__historical_legacy121_v1,5LSN_28_hp_nmr_A,rnafold,exact,"[0,28]","[0,28]",2,2,2,2,2,0,none,
legacy121_v1__5lsn_28_hp_nmr_a__legacy_gt__rnafold__historical_legacy121_v1,5LSN_28_hp_nmr_A,rnafold,exact,"[3,25]","[3,25]",10,10,10,10,10,0,none,
legacy121_v1__5lsn_28_hp_nmr_a__legacy_gt__trrosettarna2_native_ss__historical_legacy121_v1,5LSN_28_hp_nmr_A,trrosettarna2_native_ss,complex_mismatch,"[0,28]",,2,,,,,,none,ambiguous_001
legacy121_v1__5lsn_28_hp_nmr_a__legacy_gt__trrosettarna2_native_ss__historical_legacy121_v1,5LSN_28_hp_nmr_A,trrosettarna2_native_ss,complex_mismatch,"[3,25]",,10,,,,,,none,ambiguous_001
legacy121_v1__5lsn_28_hp_nmr_a__legacy_gt__trrosettarna2_native_ss__historical_legacy121_v1,5LSN_28_hp_nmr_A,trrosettarna2_native_ss,complex_mismatch,,"[0,28]",,14,,,,,none,ambiguous_001
legacy121_v1__5uf3_23_hp_nmr_a__legacy_gt__petfold__historical_legacy121_v1,5UF3_23_hp_nmr_A,petfold,exact,"[0,22]","[0,22]",7,7,7,7,7,0,none,
legacy121_v1__5uf3_23_hp_nmr_a__legacy_gt__petfold__historical_legacy121_v1,5UF3_23_hp_nmr_A,petfold,exact,"[8,15]","[8,15]",2,2,2,2,2,0,none,
legacy121_v1__5uf3_23_hp_nmr_a__legacy_gt__rnafold__historical_legacy121_v1,5UF3_23_hp_nmr_A,rnafold,exact,"[0,22]","[0,22]",7,7,7,7,7,0,none,
legacy121_v1__5uf3_23_hp_nmr_a__legacy_gt__rnafold__historical_legacy121_v1,5UF3_23_hp_nmr_A,rnafold,exact,"[8,15]","[8,15]",2,2,2,2,2,0,none,
legacy121_v1__5uf3_23_hp_nmr_a__legacy_gt__trrosettarna2_native_ss__historical_legacy121_v1,5UF3_23_hp_nmr_A,trrosettarna2_native_ss,exact,"[0,22]","[0,22]",7,7,7,7,7,0,none,
legacy121_v1__5uf3_23_hp_nmr_a__legacy_gt__trrosettarna2_native_ss__historical_legacy121_v1,5UF3_23_hp_nmr_A,trrosettarna2_native_ss,exact,"[8,15]","[8,15]",2,2,2,2,2,0,none,
legacy121_v1__5uzt_31_hp_nmr_a__legacy_gt__petfold__historical_legacy121_v1,5UZT_31_hp_nmr_A,petfold,exact,"[0,30]","[0,30]",7,7,7,7,7,0,none,
legacy121_v1__5uzt_31_hp_nmr_a__legacy_gt__petfold__historical_legacy121_v1,5UZT_31_hp_nmr_A,petfold,exact,"[8,23]","[8,23]",3,3,3,3,3,0,none,
legacy121_v1__5uzt_31_hp_nmr_a__legacy_gt__petfold__historical_legacy121_v1,5UZT_31_hp_nmr_A,petfold,unmatched_predicted_stem,,"[12,20]",,3,,,,,none,
legacy121_v1__5uzt_31_hp_nmr_a__legacy_gt__rnafold__historical_legacy121_v1,5UZT_31_hp_nmr_A,rnafold,exact,"[0,30]","[0,30]",7,7,7,7,7,0,none,
legacy121_v1__5uzt_31_hp_nmr_a__legacy_gt__rnafold__historical_legacy121_v1,5UZT_31_hp_nmr_A,rnafold,stem_extension,"[8,23]","[8,23]",3,4,3,3,3,0,inner,
legacy121_v1__5uzt_31_hp_nmr_a__legacy_gt__rnafold__historical_legacy121_v1,5UZT_31_hp_nmr_A,rnafold,unmatched_predicted_stem,,"[13,19]",,2,,,,,none,
legacy121_v1__5uzt_31_hp_nmr_a__legacy_gt__trrosettarna2_native_ss__historical_legacy121_v1,5UZT_31_hp_nmr_A,trrosettarna2_native_ss,exact,"[0,30]","[0,30]",7,7,7,7,7,0,none,
legacy121_v1__5uzt_31_hp_nmr_a__legacy_gt__trrosettarna2_native_ss__historical_legacy121_v1,5UZT_31_hp_nmr_A,trrosettarna2_native_ss,stem_shift,"[8,23]","[8,22]",3,2,0,2,2,-1,none,
legacy121_v1__5v16_41_hpbulge_nmr_a__legacy_gt__petfold__historical_legacy121_v1,5V16_41_hpbulge_nmr_A,petfold,exact,"[0,40]","[0,40]",6,6,6,6,6,0,none,
legacy121_v1__5v16_41_hpbulge_nmr_a__legacy_gt__petfold__historical_legacy121_v1,5V16_41_hpbulge_nmr_A,petfold,exact,"[11,34]","[11,34]",9,9,9,9,9,0,none,
legacy121_v1__5v16_41_hpbulge_nmr_a__legacy_gt__rnafold__historical_legacy121_v1,5V16_41_hpbulge_nmr_A,rnafold,exact,"[0,40]","[0,40]",6,6,6,6,6,0,none,
legacy121_v1__5v16_41_hpbulge_nmr_a__legacy_gt__rnafold__historical_legacy121_v1,5V16_41_hpbulge_nmr_A,rnafold,exact,"[11,34]","[11,34]",9,9,9,9,9,0,none,
legacy121_v1__5v16_41_hpbulge_nmr_a__legacy_gt__trrosettarna2_native_ss__historical_legacy121_v1,5V16_41_hpbulge_nmr_A,trrosettarna2_native_ss,exact,"[0,40]","[0,40]",6,6,6,6,6,0,none,
legacy121_v1__5v16_41_hpbulge_nmr_a__legacy_gt__trrosettarna2_native_ss__historical_legacy121_v1,5V16_41_hpbulge_nmr_A,trrosettarna2_native_ss,exact,"[11,34]","[11,34]",9,9,9,9,9,0,none,
legacy121_v1__5wq1_23_hp_nmr_a__legacy_gt__petfold__historical_legacy121_v1,5WQ1_23_hp_nmr_A,petfold,exact,"[0,22]","[0,22]",9,9,9,9,9,0,none,
legacy121_v1__5wq1_23_hp_nmr_a__legacy_gt__rnafold__historical_legacy121_v1,5WQ1_23_hp_nmr_A,rnafold,exact,"[0,22]","[0,22]",9,9,9,9,9,0,none,
legacy121_v1__5wq1_23_hp_nmr_a__legacy_gt__trrosettarna2_native_ss__historical_legacy121_v1,5WQ1_23_hp_nmr_A,trrosettarna2_native_ss,exact,"[0,22]","[0,22]",9,9,9,9,9,0,none,
legacy121_v1__6hyk_31_hpbulge_nmr_a__legacy_gt__petfold__historical_legacy121_v1,6HYK_31_hpbulge_nmr_A,petfold,exact,"[0,30]","[0,30]",5,5,5,5,5,0,none,
legacy121_v1__6hyk_31_hpbulge_nmr_a__legacy_gt__petfold__historical_legacy121_v1,6HYK_31_hpbulge_nmr_A,petfold,exact,"[11,22]","[11,22]",4,4,4,4,4,0,none,
legacy121_v1__6hyk_31_hpbulge_nmr_a__legacy_gt__rnafold__historical_legacy121_v1,6HYK_31_hpbulge_nmr_A,rnafold,exact,"[0,30]","[0,30]",5,5,5,5,5,0,none,
legacy121_v1__6hyk_31_hpbulge_nmr_a__legacy_gt__rnafold__historical_legacy121_v1,6HYK_31_hpbulge_nmr_A,rnafold,exact,"[11,22]","[11,22]",4,4,4,4,4,0,none,
legacy121_v1__6hyk_31_hpbulge_nmr_a__legacy_gt__trrosettarna2_native_ss__historical_legacy121_v1,6HYK_31_hpbulge_nmr_A,trrosettarna2_native_ss,exact,"[0,30]","[0,30]",5,5,5,5,5,0,none,
legacy121_v1__6hyk_31_hpbulge_nmr_a__legacy_gt__trrosettarna2_native_ss__historical_legacy121_v1,6HYK_31_hpbulge_nmr_A,trrosettarna2_native_ss,stem_extension,"[11,22]","[8,25]",4,8,4,4,4,0,both,
legacy121_v1__6noa_56_hp_nmr_a__legacy_gt__petfold__historical_legacy121_v1,6NOA_56_hp_nmr_A,petfold,exact,"[0,55]","[0,55]",6,6,6,6,6,0,none,
legacy121_v1__6noa_56_hp_nmr_a__legacy_gt__petfold__historical_legacy121_v1,6NOA_56_hp_nmr_A,petfold,exact,"[7,49]","[7,49]",3,3,3,3,3,0,none,
legacy121_v1__6noa_56_hp_nmr_a__legacy_gt__petfold__historical_legacy121_v1,6NOA_56_hp_nmr_A,petfold,exact,"[13,43]","[13,43]",3,3,3,3,3,0,none,
legacy121_v1__6noa_56_hp_nmr_a__legacy_gt__petfold__historical_legacy121_v1,6NOA_56_hp_nmr_A,petfold,exact,"[17,38]","[17,38]",2,2,2,2,2,0,none,
legacy121_v1__6noa_56_hp_nmr_a__legacy_gt__petfold__historical_legacy121_v1,6NOA_56_hp_nmr_A,petfold,exact,"[20,36]","[20,36]",3,3,3,3,3,0,none,
legacy121_v1__6noa_56_hp_nmr_a__legacy_gt__rnafold__historical_legacy121_v1,6NOA_56_hp_nmr_A,rnafold,exact,"[0,55]","[0,55]",6,6,6,6,6,0,none,
legacy121_v1__6noa_56_hp_nmr_a__legacy_gt__rnafold__historical_legacy121_v1,6NOA_56_hp_nmr_A,rnafold,exact,"[7,49]","[7,49]",3,3,3,3,3,0,none,
legacy121_v1__6noa_56_hp_nmr_a__legacy_gt__rnafold__historical_legacy121_v1,6NOA_56_hp_nmr_A,rnafold,exact,"[13,43]","[13,43]",3,3,3,3,3,0,none,
legacy121_v1__6noa_56_hp_nmr_a__legacy_gt__rnafold__historical_legacy121_v1,6NOA_56_hp_nmr_A,rnafold,exact,"[17,38]","[17,38]",2,2,2,2,2,0,none,
legacy121_v1__6noa_56_hp_nmr_a__legacy_gt__rnafold__historical_legacy121_v1,6NOA_56_hp_nmr_A,rnafold,exact,"[20,36]","[20,36]",3,3,3,3,3,0,none,
legacy121_v1__6noa_56_hp_nmr_a__legacy_gt__trrosettarna2_native_ss__historical_legacy121_v1,6NOA_56_hp_nmr_A,trrosettarna2_native_ss,exact,"[0,55]","[0,55]",6,6,6,6,6,0,none,
legacy121_v1__6noa_56_hp_nmr_a__legacy_gt__trrosettarna2_native_ss__historical_legacy121_v1,6NOA_56_hp_nmr_A,trrosettarna2_native_ss,stem_extension,"[7,49]","[7,49]",3,5,3,3,3,0,inner,
legacy121_v1__6noa_56_hp_nmr_a__legacy_gt__trrosettarna2_native_ss__historical_legacy121_v1,6NOA_56_hp_nmr_A,trrosettarna2_native_ss,stem_extension,"[13,43]","[13,43]",3,4,3,3,3,0,inner,
legacy121_v1__6noa_56_hp_nmr_a__legacy_gt__trrosettarna2_native_ss__historical_legacy121_v1,6NOA_56_hp_nmr_A,trrosettarna2_native_ss,exact,"[17,38]","[17,38]",2,2,2,2,2,0,none,
legacy121_v1__6noa_56_hp_nmr_a__legacy_gt__trrosettarna2_native_ss__historical_legacy121_v1,6NOA_56_hp_nmr_A,trrosettarna2_native_ss,stem_missing,"[20,36]",,3,,,,,,none,
legacy121_v1__6pk9_20_hp_nmr_a__legacy_gt__petfold__historical_legacy121_v1,6PK9_20_hp_nmr_A,petfold,exact,"[0,19]","[0,19]",7,7,7,7,7,0,none,
legacy121_v1__6pk9_20_hp_nmr_a__legacy_gt__rnafold__historical_legacy121_v1,6PK9_20_hp_nmr_A,rnafold,exact,"[0,19]","[0,19]",7,7,7,7,7,0,none,
legacy121_v1__6pk9_20_hp_nmr_a__legacy_gt__trrosettarna2_native_ss__historical_legacy121_v1,6PK9_20_hp_nmr_A,trrosettarna2_native_ss,exact,"[0,19]","[0,19]",7,7,7,7,7,0,none,
legacy121_v1__6u79_37_hp_nmr_a__legacy_gt__petfold__historical_legacy121_v1,6U79_37_hp_nmr_A,petfold,exact,"[0,36]","[0,36]",10,10,10,10,10,0,none,
legacy121_v1__6u79_37_hp_nmr_a__legacy_gt__petfold__historical_legacy121_v1,6U79_37_hp_nmr_A,petfold,exact,"[10,25]","[10,25]",2,2,2,2,2,0,none,
legacy121_v1__6u79_37_hp_nmr_a__legacy_gt__petfold__historical_legacy121_v1,6U79_37_hp_nmr_A,petfold,exact,"[12,22]","[12,22]",3,3,3,3,3,0,none,
legacy121_v1__6u79_37_hp_nmr_a__legacy_gt__rnafold__historical_legacy121_v1,6U79_37_hp_nmr_A,rnafold,exact,"[0,36]","[0,36]",10,10,10,10,10,0,none,
legacy121_v1__6u79_37_hp_nmr_a__legacy_gt__rnafold__historical_legacy121_v1,6U79_37_hp_nmr_A,rnafold,exact,"[10,25]","[10,25]",2,2,2,2,2,0,none,
legacy121_v1__6u79_37_hp_nmr_a__legacy_gt__rnafold__historical_legacy121_v1,6U79_37_hp_nmr_A,rnafold,exact,"[12,22]","[12,22]",3,3,3,3,3,0,none,
legacy121_v1__6u79_37_hp_nmr_a__legacy_gt__trrosettarna2_native_ss__historical_legacy121_v1,6U79_37_hp_nmr_A,trrosettarna2_native_ss,exact,"[0,36]","[0,36]",10,10,10,10,10,0,none,
legacy121_v1__6u79_37_hp_nmr_a__legacy_gt__trrosettarna2_native_ss__historical_legacy121_v1,6U79_37_hp_nmr_A,trrosettarna2_native_ss,exact,"[10,25]","[10,25]",2,2,2,2,2,0,none,
legacy121_v1__6u79_37_hp_nmr_a__legacy_gt__trrosettarna2_native_ss__historical_legacy121_v1,6U79_37_hp_nmr_A,trrosettarna2_native_ss,exact,"[12,22]","[12,22]",3,3,3,3,3,0,none,
legacy121_v1__6ues_119_4wjpseudoknot_cryoem_a__legacy_gt__petfold__historical_legacy121_v1,6UES_119_4wjpseudoknot_cryoEM_A,petfold,stem_extension,"[38,65]","[38,65]",3,4,3,3,3,0,inner,
legacy121_v1__6ues_119_4wjpseudoknot_cryoem_a__legacy_gt__petfold__historical_legacy121_v1,6UES_119_4wjpseudoknot_cryoEM_A,petfold,stem_shift,"[43,61]","[43,60]",4,3,0,3,3,-1,none,
legacy121_v1__6ues_119_4wjpseudoknot_cryoem_a__legacy_gt__petfold__historical_legacy121_v1,6UES_119_4wjpseudoknot_cryoEM_A,petfold,exact,"[47,56]","[47,56]",2,2,2,2,2,0,none,
legacy121_v1__6ues_119_4wjpseudoknot_cryoem_a__legacy_gt__petfold__historical_legacy121_v1,6UES_119_4wjpseudoknot_cryoEM_A,petfold,stem_extension,"[86,102]","[86,102]",6,7,6,6,6,0,inner,
legacy121_v1__6ues_119_4wjpseudoknot_cryoem_a__legacy_gt__petfold__historical_legacy121_v1,6UES_119_4wjpseudoknot_cryoEM_A,petfold,stem_missing,"[0,78]",,4,,,,,,none,
legacy121_v1__6ues_119_4wjpseudoknot_cryoem_a__legacy_gt__petfold__historical_legacy121_v1,6UES_119_4wjpseudoknot_cryoEM_A,petfold,stem_missing,"[10,36]",,6,,,,,,none,
legacy121_v1__6ues_119_4wjpseudoknot_cryoem_a__legacy_gt__petfold__historical_legacy121_v1,6UES_119_4wjpseudoknot_cryoEM_A,petfold,stem_missing,"[20,29]",,2,,,,,,none,
legacy121_v1__6ues_119_4wjpseudoknot_cryoem_a__legacy_gt__petfold__historical_legacy121_v1,6UES_119_4wjpseudoknot_cryoEM_A,petfold,stem_missing,"[23,70]",,5,,,,,,none,
legacy121_v1__6ues_119_4wjpseudoknot_cryoem_a__legacy_gt__petfold__historical_legacy121_v1,6UES_119_4wjpseudoknot_cryoEM_A,petfold,stem_missing,"[51,115]",,4,,,,,,none,
legacy121_v1__6ues_119_4wjpseudoknot_cryoem_a__legacy_gt__petfold__historical_legacy121_v1,6UES_119_4wjpseudoknot_cryoEM_A,petfold,stem_missing,"[81,107]",,4,,,,,,none,
legacy121_v1__6ues_119_4wjpseudoknot_cryoem_a__legacy_gt__petfold__historical_legacy121_v1,6UES_119_4wjpseudoknot_cryoEM_A,petfold,unmatched_predicted_stem,,"[0,12]",,3,,,,,none,
legacy121_v1__6ues_119_4wjpseudoknot_cryoem_a__legacy_gt__petfold__historical_legacy121_v1,6UES_119_4wjpseudoknot_cryoEM_A,petfold,unmatched_predicted_stem,,"[14,22]",,2,,,,,none,
legacy121_v1__6ues_119_4wjpseudoknot_cryoem_a__legacy_gt__petfold__historical_legacy121_v1,6UES_119_4wjpseudoknot_cryoEM_A,petfold,unmatched_predicted_stem,,"[23,116]",,4,,,,,none,
legacy121_v1__6ues_119_4wjpseudoknot_cryoem_a__legacy_gt__petfold__historical_legacy121_v1,6UES_119_4wjpseudoknot_cryoEM_A,petfold,unmatched_predicted_stem,,"[27,111]",,8,,,,,none,
legacy121_v1__6ues_119_4wjpseudoknot_cryoem_a__legacy_gt__petfold__historical_legacy121_v1,6UES_119_4wjpseudoknot_cryoEM_A,petfold,unmatched_predicted_stem,,"[66,81]",,2,,,,,none,
legacy121_v1__6ues_119_4wjpseudoknot_cryoem_a__legacy_gt__petfold__historical_legacy121_v1,6UES_119_4wjpseudoknot_cryoEM_A,petfold,unmatched_predicted_stem,,"[69,78]",,3,,,,,none,
legacy121_v1__6ues_119_4wjpseudoknot_cryoem_a__legacy_gt__rnafold__historical_legacy121_v1,6UES_119_4wjpseudoknot_cryoEM_A,rnafold,stem_extension,"[38,65]","[38,65]",3,4,3,3,3,0,inner,
legacy121_v1__6ues_119_4wjpseudoknot_cryoem_a__legacy_gt__rnafold__historical_legacy121_v1,6UES_119_4wjpseudoknot_cryoEM_A,rnafold,stem_shift,"[43,61]","[43,60]",4,3,0,3,3,-1,none,
legacy121_v1__6ues_119_4wjpseudoknot_cryoem_a__legacy_gt__rnafold__historical_legacy121_v1,6UES_119_4wjpseudoknot_cryoEM_A,rnafold,exact,"[47,56]","[47,56]",2,2,2,2,2,0,none,
legacy121_v1__6ues_119_4wjpseudoknot_cryoem_a__legacy_gt__rnafold__historical_legacy121_v1,6UES_119_4wjpseudoknot_cryoEM_A,rnafold,stem_extension,"[86,102]","[86,102]",6,7,6,6,6,0,inner,
legacy121_v1__6ues_119_4wjpseudoknot_cryoem_a__legacy_gt__rnafold__historical_legacy121_v1,6UES_119_4wjpseudoknot_cryoEM_A,rnafold,stem_missing,"[0,78]",,4,,,,,,none,
legacy121_v1__6ues_119_4wjpseudoknot_cryoem_a__legacy_gt__rnafold__historical_legacy121_v1,6UES_119_4wjpseudoknot_cryoEM_A,rnafold,stem_missing,"[10,36]",,6,,,,,,none,
legacy121_v1__6ues_119_4wjpseudoknot_cryoem_a__legacy_gt__rnafold__historical_legacy121_v1,6UES_119_4wjpseudoknot_cryoEM_A,rnafold,stem_missing,"[20,29]",,2,,,,,,none,
legacy121_v1__6ues_119_4wjpseudoknot_cryoem_a__legacy_gt__rnafold__historical_legacy121_v1,6UES_119_4wjpseudoknot_cryoEM_A,rnafold,stem_missing,"[23,70]",,5,,,,,,none,
legacy121_v1__6ues_119_4wjpseudoknot_cryoem_a__legacy_gt__rnafold__historical_legacy121_v1,6UES_119_4wjpseudoknot_cryoEM_A,rnafold,stem_missing,"[51,115]",,4,,,,,,none,
legacy121_v1__6ues_119_4wjpseudoknot_cryoem_a__legacy_gt__rnafold__historical_legacy121_v1,6UES_119_4wjpseudoknot_cryoEM_A,rnafold,stem_missing,"[81,107]",,4,,,,,,none,
legacy121_v1__6ues_119_4wjpseudoknot_cryoem_a__legacy_gt__rnafold__historical_legacy121_v1,6UES_119_4wjpseudoknot_cryoEM_A,rnafold,unmatched_predicted_stem,,"[0,12]",,3,,,,,none,
legacy121_v1__6ues_119_4wjpseudoknot_cryoem_a__legacy_gt__rnafold__historical_legacy121_v1,6UES_119_4wjpseudoknot_cryoEM_A,rnafold,unmatched_predicted_stem,,"[14,22]",,2,,,,,none,
legacy121_v1__6ues_119_4wjpseudoknot_cryoem_a__legacy_gt__rnafold__historical_legacy121_v1,6UES_119_4wjpseudoknot_cryoEM_A,rnafold,unmatched_predicted_stem,,"[23,116]",,4,,,,,none,
legacy121_v1__6ues_119_4wjpseudoknot_cryoem_a__legacy_gt__rnafold__historical_legacy121_v1,6UES_119_4wjpseudoknot_cryoEM_A,rnafold,unmatched_predicted_stem,,"[27,111]",,8,,,,,none,
legacy121_v1__6ues_119_4wjpseudoknot_cryoem_a__legacy_gt__rnafold__historical_legacy121_v1,6UES_119_4wjpseudoknot_cryoEM_A,rnafold,unmatched_predicted_stem,,"[66,81]",,2,,,,,none,
legacy121_v1__6ues_119_4wjpseudoknot_cryoem_a__legacy_gt__rnafold__historical_legacy121_v1,6UES_119_4wjpseudoknot_cryoEM_A,rnafold,unmatched_predicted_stem,,"[69,78]",,3,,,,,none,
legacy121_v1__6ues_119_4wjpseudoknot_cryoem_a__legacy_gt__trrosettarna2_native_ss__historical_legacy121_v1,6UES_119_4wjpseudoknot_cryoEM_A,trrosettarna2_native_ss,complex_mismatch,"[81,107]",,4,,,,,,none,ambiguous_001
legacy121_v1__6ues_119_4wjpseudoknot_cryoem_a__legacy_gt__trrosettarna2_native_ss__historical_legacy121_v1,6UES_119_4wjpseudoknot_cryoEM_A,trrosettarna2_native_ss,complex_mismatch,"[86,102]",,6,,,,,,none,ambiguous_001
legacy121_v1__6ues_119_4wjpseudoknot_cryoem_a__legacy_gt__trrosettarna2_native_ss__historical_legacy121_v1,6UES_119_4wjpseudoknot_cryoEM_A,trrosettarna2_native_ss,complex_mismatch,,"[80,108]",,13,,,,,none,ambiguous_001
legacy121_v1__6ues_119_4wjpseudoknot_cryoem_a__legacy_gt__trrosettarna2_native_ss__historical_legacy121_v1,6UES_119_4wjpseudoknot_cryoEM_A,trrosettarna2_native_ss,stem_missing,"[0,78]",,4,,,,,,none,
legacy121_v1__6ues_119_4wjpseudoknot_cryoem_a__legacy_gt__trrosettarna2_native_ss__historical_legacy121_v1,6UES_119_4wjpseudoknot_cryoEM_A,trrosettarna2_native_ss,stem_missing,"[10,36]",,6,,,,,,none,
legacy121_v1__6ues_119_4wjpseudoknot_cryoem_a__legacy_gt__trrosettarna2_native_ss__historical_legacy121_v1,6UES_119_4wjpseudoknot_cryoEM_A,trrosettarna2_native_ss,stem_missing,"[20,29]",,2,,,,,,none,
legacy121_v1__6ues_119_4wjpseudoknot_cryoem_a__legacy_gt__trrosettarna2_native_ss__historical_legacy121_v1,6UES_119_4wjpseudoknot_cryoEM_A,trrosettarna2_native_ss,stem_missing,"[23,70]",,5,,,,,,none,
legacy121_v1__6ues_119_4wjpseudoknot_cryoem_a__legacy_gt__trrosettarna2_native_ss__historical_legacy121_v1,6UES_119_4wjpseudoknot_cryoEM_A,trrosettarna2_native_ss,stem_missing,"[38,65]",,3,,,,,,none,
legacy121_v1__6ues_119_4wjpseudoknot_cryoem_a__legacy_gt__trrosettarna2_native_ss__historical_legacy121_v1,6UES_119_4wjpseudoknot_cryoEM_A,trrosettarna2_native_ss,stem_missing,"[43,61]",,4,,,,,,none,
legacy121_v1__6ues_119_4wjpseudoknot_cryoem_a__legacy_gt__trrosettarna2_native_ss__historical_legacy121_v1,6UES_119_4wjpseudoknot_cryoEM_A,trrosettarna2_native_ss,stem_missing,"[47,56]",,2,,,,,,none,
legacy121_v1__6ues_119_4wjpseudoknot_cryoem_a__legacy_gt__trrosettarna2_native_ss__historical_legacy121_v1,6UES_119_4wjpseudoknot_cryoEM_A,trrosettarna2_native_ss,stem_missing,"[51,115]",,4,,,,,,none,
legacy121_v1__6ues_119_4wjpseudoknot_cryoem_a__legacy_gt__trrosettarna2_native_ss__historical_legacy121_v1,6UES_119_4wjpseudoknot_cryoEM_A,trrosettarna2_native_ss,unmatched_predicted_stem,,"[1,115]",,4,,,,,none,
legacy121_v1__6ues_119_4wjpseudoknot_cryoem_a__legacy_gt__trrosettarna2_native_ss__historical_legacy121_v1,6UES_119_4wjpseudoknot_cryoEM_A,trrosettarna2_native_ss,unmatched_predicted_stem,,"[10,78]",,4,,,,,none,
legacy121_v1__6ues_119_4wjpseudoknot_cryoem_a__legacy_gt__trrosettarna2_native_ss__historical_legacy121_v1,6UES_119_4wjpseudoknot_cryoEM_A,trrosettarna2_native_ss,unmatched_predicted_stem,,"[14,37]",,2,,,,,none,
legacy121_v1__6ues_119_4wjpseudoknot_cryoem_a__legacy_gt__trrosettarna2_native_ss__historical_legacy121_v1,6UES_119_4wjpseudoknot_cryoEM_A,trrosettarna2_native_ss,unmatched_predicted_stem,,"[20,35]",,2,,,,,none,
legacy121_v1__6ues_119_4wjpseudoknot_cryoem_a__legacy_gt__trrosettarna2_native_ss__historical_legacy121_v1,6UES_119_4wjpseudoknot_cryoEM_A,trrosettarna2_native_ss,unmatched_predicted_stem,,"[23,33]",,3,,,,,none,
legacy121_v1__6ues_119_4wjpseudoknot_cryoem_a__legacy_gt__trrosettarna2_native_ss__historical_legacy121_v1,6UES_119_4wjpseudoknot_cryoEM_A,trrosettarna2_native_ss,unmatched_predicted_stem,,"[26,29]",,2,,,,,none,
legacy121_v1__6ues_119_4wjpseudoknot_cryoem_a__legacy_gt__trrosettarna2_native_ss__historical_legacy121_v1,6UES_119_4wjpseudoknot_cryoEM_A,trrosettarna2_native_ss,unmatched_predicted_stem,,"[39,70]",,2,,,,,none,
legacy121_v1__6ues_119_4wjpseudoknot_cryoem_a__legacy_gt__trrosettarna2_native_ss__historical_legacy121_v1,6UES_119_4wjpseudoknot_cryoEM_A,trrosettarna2_native_ss,unmatched_predicted_stem,,"[43,68]",,5,,,,,none,
legacy121_v1__6ues_119_4wjpseudoknot_cryoem_a__legacy_gt__trrosettarna2_native_ss__historical_legacy121_v1,6UES_119_4wjpseudoknot_cryoEM_A,trrosettarna2_native_ss,unmatched_predicted_stem,,"[51,61]",,4,,,,,none,
legacy121_v1__6var_61_hpbulge_nmr_a__legacy_gt__petfold__historical_legacy121_v1,6VAR_61_hpbulge_nmr_A,petfold,stem_extension,"[0,60]","[0,60]",12,13,12,12,12,0,inner,
legacy121_v1__6var_61_hpbulge_nmr_a__legacy_gt__petfold__historical_legacy121_v1,6VAR_61_hpbulge_nmr_A,petfold,stem_extension,"[21,45]","[19,47]",3,5,3,3,3,0,outer,
legacy121_v1__6var_61_hpbulge_nmr_a__legacy_gt__petfold__historical_legacy121_v1,6VAR_61_hpbulge_nmr_A,petfold,exact,"[24,41]","[24,41]",6,6,6,6,6,0,none,
legacy121_v1__6var_61_hpbulge_nmr_a__legacy_gt__rnafold__historical_legacy121_v1,6VAR_61_hpbulge_nmr_A,rnafold,stem_extension,"[0,60]","[0,60]",12,13,12,12,12,0,inner,
legacy121_v1__6var_61_hpbulge_nmr_a__legacy_gt__rnafold__historical_legacy121_v1,6VAR_61_hpbulge_nmr_A,rnafold,stem_extension,"[21,45]","[19,47]",3,5,3,3,3,0,outer,
legacy121_v1__6var_61_hpbulge_nmr_a__legacy_gt__rnafold__historical_legacy121_v1,6VAR_61_hpbulge_nmr_A,rnafold,exact,"[24,41]","[24,41]",6,6,6,6,6,0,none,
legacy121_v1__6var_61_hpbulge_nmr_a__legacy_gt__trrosettarna2_native_ss__historical_legacy121_v1,6VAR_61_hpbulge_nmr_A,trrosettarna2_native_ss,exact,"[0,60]","[0,60]",12,12,12,12,12,0,none,
legacy121_v1__6var_61_hpbulge_nmr_a__legacy_gt__trrosettarna2_native_ss__historical_legacy121_v1,6VAR_61_hpbulge_nmr_A,trrosettarna2_native_ss,stem_extension,"[21,45]","[20,46]",3,4,3,3,3,0,outer,
legacy121_v1__6var_61_hpbulge_nmr_a__legacy_gt__trrosettarna2_native_ss__historical_legacy121_v1,6VAR_61_hpbulge_nmr_A,trrosettarna2_native_ss,exact,"[24,41]","[24,41]",6,6,6,6,6,0,none,
legacy121_v1__6w3m_41_hp_nmr_a__legacy_gt__petfold__historical_legacy121_v1,6W3M_41_hp_nmr_A,petfold,exact,"[0,40]","[0,40]",9,9,9,9,9,0,none,
legacy121_v1__6w3m_41_hp_nmr_a__legacy_gt__petfold__historical_legacy121_v1,6W3M_41_hp_nmr_A,petfold,exact,"[12,28]","[12,28]",6,6,6,6,6,0,none,
legacy121_v1__6w3m_41_hp_nmr_a__legacy_gt__rnafold__historical_legacy121_v1,6W3M_41_hp_nmr_A,rnafold,exact,"[0,40]","[0,40]",9,9,9,9,9,0,none,
legacy121_v1__6w3m_41_hp_nmr_a__legacy_gt__rnafold__historical_legacy121_v1,6W3M_41_hp_nmr_A,rnafold,exact,"[12,28]","[12,28]",6,6,6,6,6,0,none,
legacy121_v1__6w3m_41_hp_nmr_a__legacy_gt__trrosettarna2_native_ss__historical_legacy121_v1,6W3M_41_hp_nmr_A,trrosettarna2_native_ss,stem_extension,"[0,40]","[0,40]",9,10,9,9,9,0,inner,
legacy121_v1__6w3m_41_hp_nmr_a__legacy_gt__trrosettarna2_native_ss__historical_legacy121_v1,6W3M_41_hp_nmr_A,trrosettarna2_native_ss,exact,"[12,28]","[12,28]",6,6,6,6,6,0,none,
legacy121_v1__7dd4_35_dumbbell_nmr_a__legacy_gt__petfold__historical_legacy121_v1,7DD4_35_dumbbell_nmr_A,petfold,exact,"[0,18]","[0,18]",3,3,3,3,3,0,none,
legacy121_v1__7dd4_35_dumbbell_nmr_a__legacy_gt__petfold__historical_legacy121_v1,7DD4_35_dumbbell_nmr_A,petfold,exact,"[4,15]","[4,15]",4,4,4,4,4,0,none,
legacy121_v1__7dd4_35_dumbbell_nmr_a__legacy_gt__petfold__historical_legacy121_v1,7DD4_35_dumbbell_nmr_A,petfold,exact,"[19,34]","[19,34]",6,6,6,6,6,0,none,
legacy121_v1__7dd4_35_dumbbell_nmr_a__legacy_gt__rnafold__historical_legacy121_v1,7DD4_35_dumbbell_nmr_A,rnafold,exact,"[0,18]","[0,18]",3,3,3,3,3,0,none,
legacy121_v1__7dd4_35_dumbbell_nmr_a__legacy_gt__rnafold__historical_legacy121_v1,7DD4_35_dumbbell_nmr_A,rnafold,exact,"[4,15]","[4,15]",4,4,4,4,4,0,none,
legacy121_v1__7dd4_35_dumbbell_nmr_a__legacy_gt__rnafold__historical_legacy121_v1,7DD4_35_dumbbell_nmr_A,rnafold,exact,"[19,34]","[19,34]",6,6,6,6,6,0,none,
legacy121_v1__7dd4_35_dumbbell_nmr_a__legacy_gt__trrosettarna2_native_ss__historical_legacy121_v1,7DD4_35_dumbbell_nmr_A,trrosettarna2_native_ss,exact,"[0,18]","[0,18]",3,3,3,3,3,0,none,
legacy121_v1__7dd4_35_dumbbell_nmr_a__legacy_gt__trrosettarna2_native_ss__historical_legacy121_v1,7DD4_35_dumbbell_nmr_A,trrosettarna2_native_ss,stem_extension,"[4,15]","[4,15]",4,5,4,4,4,0,inner,
legacy121_v1__7dd4_35_dumbbell_nmr_a__legacy_gt__trrosettarna2_native_ss__historical_legacy121_v1,7DD4_35_dumbbell_nmr_A,trrosettarna2_native_ss,stem_extension,"[19,34]","[19,34]",6,7,6,6,6,0,inner,
legacy121_v1__7k4l_36_hp_nmr_a__legacy_gt__petfold__historical_legacy121_v1,7K4L_36_hp_nmr_A,petfold,exact,"[5,35]","[5,35]",6,6,6,6,6,0,none,
legacy121_v1__7k4l_36_hp_nmr_a__legacy_gt__petfold__historical_legacy121_v1,7K4L_36_hp_nmr_A,petfold,exact,"[12,27]","[12,27]",6,6,6,6,6,0,none,
legacy121_v1__7k4l_36_hp_nmr_a__legacy_gt__rnafold__historical_legacy121_v1,7K4L_36_hp_nmr_A,rnafold,exact,"[5,35]","[5,35]",6,6,6,6,6,0,none,
legacy121_v1__7k4l_36_hp_nmr_a__legacy_gt__rnafold__historical_legacy121_v1,7K4L_36_hp_nmr_A,rnafold,exact,"[12,27]","[12,27]",6,6,6,6,6,0,none,
legacy121_v1__7k4l_36_hp_nmr_a__legacy_gt__trrosettarna2_native_ss__historical_legacy121_v1,7K4L_36_hp_nmr_A,trrosettarna2_native_ss,exact,"[5,35]","[5,35]",6,6,6,6,6,0,none,
legacy121_v1__7k4l_36_hp_nmr_a__legacy_gt__trrosettarna2_native_ss__historical_legacy121_v1,7K4L_36_hp_nmr_A,trrosettarna2_native_ss,stem_extension,"[12,27]","[12,27]",6,7,6,6,6,0,inner,
legacy121_v1__7kub_60_hp_nmr_a__legacy_gt__petfold__historical_legacy121_v1,7KUB_60_hp_nmr_A,petfold,exact,"[0,59]","[0,59]",7,7,7,7,7,0,none,
legacy121_v1__7kub_60_hp_nmr_a__legacy_gt__petfold__historical_legacy121_v1,7KUB_60_hp_nmr_A,petfold,exact,"[8,52]","[8,52]",5,5,5,5,5,0,none,
legacy121_v1__7kub_60_hp_nmr_a__legacy_gt__petfold__historical_legacy121_v1,7KUB_60_hp_nmr_A,petfold,exact,"[14,45]","[14,45]",5,5,5,5,5,0,none,
legacy121_v1__7kub_60_hp_nmr_a__legacy_gt__petfold__historical_legacy121_v1,7KUB_60_hp_nmr_A,petfold,exact,"[23,37]","[23,37]",6,6,6,6,6,0,none,
legacy121_v1__7kub_60_hp_nmr_a__legacy_gt__rnafold__historical_legacy121_v1,7KUB_60_hp_nmr_A,rnafold,exact,"[0,59]","[0,59]",7,7,7,7,7,0,none,
legacy121_v1__7kub_60_hp_nmr_a__legacy_gt__rnafold__historical_legacy121_v1,7KUB_60_hp_nmr_A,rnafold,exact,"[8,52]","[8,52]",5,5,5,5,5,0,none,
legacy121_v1__7kub_60_hp_nmr_a__legacy_gt__rnafold__historical_legacy121_v1,7KUB_60_hp_nmr_A,rnafold,exact,"[14,45]","[14,45]",5,5,5,5,5,0,none,
legacy121_v1__7kub_60_hp_nmr_a__legacy_gt__rnafold__historical_legacy121_v1,7KUB_60_hp_nmr_A,rnafold,exact,"[23,37]","[23,37]",6,6,6,6,6,0,none,
legacy121_v1__7kub_60_hp_nmr_a__legacy_gt__trrosettarna2_native_ss__historical_legacy121_v1,7KUB_60_hp_nmr_A,trrosettarna2_native_ss,exact,"[0,59]","[0,59]",7,7,7,7,7,0,none,
legacy121_v1__7kub_60_hp_nmr_a__legacy_gt__trrosettarna2_native_ss__historical_legacy121_v1,7KUB_60_hp_nmr_A,trrosettarna2_native_ss,exact,"[8,52]","[8,52]",5,5,5,5,5,0,none,
legacy121_v1__7kub_60_hp_nmr_a__legacy_gt__trrosettarna2_native_ss__historical_legacy121_v1,7KUB_60_hp_nmr_A,trrosettarna2_native_ss,exact,"[14,45]","[14,45]",5,5,5,5,5,0,none,
legacy121_v1__7kub_60_hp_nmr_a__legacy_gt__trrosettarna2_native_ss__historical_legacy121_v1,7KUB_60_hp_nmr_A,trrosettarna2_native_ss,exact,"[23,37]","[23,37]",6,6,6,6,6,0,none,
legacy121_v1__7lva_103_3wj_nmr_a__legacy_gt__petfold__historical_legacy121_v1,7LVA_103_3wj_nmr_A,petfold,exact,"[0,102]","[0,102]",9,9,9,9,9,0,none,
legacy121_v1__7lva_103_3wj_nmr_a__legacy_gt__petfold__historical_legacy121_v1,7LVA_103_3wj_nmr_A,petfold,exact,"[11,55]","[11,55]",8,8,8,8,8,0,none,
legacy121_v1__7lva_103_3wj_nmr_a__legacy_gt__petfold__historical_legacy121_v1,7LVA_103_3wj_nmr_A,petfold,exact,"[25,37]","[25,37]",3,3,3,3,3,0,none,
legacy121_v1__7lva_103_3wj_nmr_a__legacy_gt__petfold__historical_legacy121_v1,7LVA_103_3wj_nmr_A,petfold,exact,"[64,74]","[64,74]",3,3,3,3,3,0,none,
legacy121_v1__7lva_103_3wj_nmr_a__legacy_gt__petfold__historical_legacy121_v1,7LVA_103_3wj_nmr_A,petfold,stem_missing,"[19,44]",,2,,,,,,none,
legacy121_v1__7lva_103_3wj_nmr_a__legacy_gt__petfold__historical_legacy121_v1,7LVA_103_3wj_nmr_A,petfold,stem_missing,"[62,85]",,2,,,,,,none,
legacy121_v1__7lva_103_3wj_nmr_a__legacy_gt__petfold__historical_legacy121_v1,7LVA_103_3wj_nmr_A,petfold,stem_missing,"[76,83]",,2,,,,,,none,
legacy121_v1__7lva_103_3wj_nmr_a__legacy_gt__petfold__historical_legacy121_v1,7LVA_103_3wj_nmr_A,petfold,unmatched_predicted_stem,,"[20,44]",,2,,,,,none,
legacy121_v1__7lva_103_3wj_nmr_a__legacy_gt__petfold__historical_legacy121_v1,7LVA_103_3wj_nmr_A,petfold,unmatched_predicted_stem,,"[23,41]",,2,,,,,none,
legacy121_v1__7lva_103_3wj_nmr_a__legacy_gt__petfold__historical_legacy121_v1,7LVA_103_3wj_nmr_A,petfold,unmatched_predicted_stem,,"[75,90]",,4,,,,,none,
legacy121_v1__7lva_103_3wj_nmr_a__legacy_gt__rnafold__historical_legacy121_v1,7LVA_103_3wj_nmr_A,rnafold,exact,"[0,102]","[0,102]",9,9,9,9,9,0,none,
legacy121_v1__7lva_103_3wj_nmr_a__legacy_gt__rnafold__historical_legacy121_v1,7LVA_103_3wj_nmr_A,rnafold,exact,"[11,55]","[11,55]",8,8,8,8,8,0,none,
legacy121_v1__7lva_103_3wj_nmr_a__legacy_gt__rnafold__historical_legacy121_v1,7LVA_103_3wj_nmr_A,rnafold,exact,"[25,37]","[25,37]",3,3,3,3,3,0,none,
legacy121_v1__7lva_103_3wj_nmr_a__legacy_gt__rnafold__historical_legacy121_v1,7LVA_103_3wj_nmr_A,rnafold,exact,"[64,74]","[64,74]",3,3,3,3,3,0,none,
legacy121_v1__7lva_103_3wj_nmr_a__legacy_gt__rnafold__historical_legacy121_v1,7LVA_103_3wj_nmr_A,rnafold,stem_missing,"[19,44]",,2,,,,,,none,
legacy121_v1__7lva_103_3wj_nmr_a__legacy_gt__rnafold__historical_legacy121_v1,7LVA_103_3wj_nmr_A,rnafold,stem_missing,"[62,85]",,2,,,,,,none,
legacy121_v1__7lva_103_3wj_nmr_a__legacy_gt__rnafold__historical_legacy121_v1,7LVA_103_3wj_nmr_A,rnafold,stem_missing,"[76,83]",,2,,,,,,none,
legacy121_v1__7lva_103_3wj_nmr_a__legacy_gt__rnafold__historical_legacy121_v1,7LVA_103_3wj_nmr_A,rnafold,unmatched_predicted_stem,,"[20,44]",,2,,,,,none,
legacy121_v1__7lva_103_3wj_nmr_a__legacy_gt__rnafold__historical_legacy121_v1,7LVA_103_3wj_nmr_A,rnafold,unmatched_predicted_stem,,"[23,41]",,2,,,,,none,
legacy121_v1__7lva_103_3wj_nmr_a__legacy_gt__rnafold__historical_legacy121_v1,7LVA_103_3wj_nmr_A,rnafold,unmatched_predicted_stem,,"[75,90]",,4,,,,,none,
legacy121_v1__7lva_103_3wj_nmr_a__legacy_gt__trrosettarna2_native_ss__historical_legacy121_v1,7LVA_103_3wj_nmr_A,trrosettarna2_native_ss,exact,"[0,102]","[0,102]",9,9,9,9,9,0,none,
legacy121_v1__7lva_103_3wj_nmr_a__legacy_gt__trrosettarna2_native_ss__historical_legacy121_v1,7LVA_103_3wj_nmr_A,trrosettarna2_native_ss,exact,"[11,55]","[11,55]",8,8,8,8,8,0,none,
legacy121_v1__7lva_103_3wj_nmr_a__legacy_gt__trrosettarna2_native_ss__historical_legacy121_v1,7LVA_103_3wj_nmr_A,trrosettarna2_native_ss,exact,"[19,44]","[19,44]",2,2,2,2,2,0,none,
legacy121_v1__7lva_103_3wj_nmr_a__legacy_gt__trrosettarna2_native_ss__historical_legacy121_v1,7LVA_103_3wj_nmr_A,trrosettarna2_native_ss,stem_extension,"[25,37]","[21,41]",3,7,3,3,3,0,outer,
legacy121_v1__7lva_103_3wj_nmr_a__legacy_gt__trrosettarna2_native_ss__historical_legacy121_v1,7LVA_103_3wj_nmr_A,trrosettarna2_native_ss,stem_extension,"[62,85]","[56,91]",2,9,2,2,2,0,both,
legacy121_v1__7lva_103_3wj_nmr_a__legacy_gt__trrosettarna2_native_ss__historical_legacy121_v1,7LVA_103_3wj_nmr_A,trrosettarna2_native_ss,stem_missing,"[64,74]",,3,,,,,,none,
legacy121_v1__7lva_103_3wj_nmr_a__legacy_gt__trrosettarna2_native_ss__historical_legacy121_v1,7LVA_103_3wj_nmr_A,trrosettarna2_native_ss,stem_missing,"[76,83]",,2,,,,,,none,
legacy121_v1__7lyg_142_4wj_xray_a__legacy_gt__petfold__historical_legacy121_v1,7LYG_142_4wj_xray_A,petfold,exact,"[0,137]","[0,137]",7,7,7,7,7,0,none,
legacy121_v1__7lyg_142_4wj_xray_a__legacy_gt__petfold__historical_legacy121_v1,7LYG_142_4wj_xray_A,petfold,exact,"[9,24]","[9,24]",4,4,4,4,4,0,none,
legacy121_v1__7lyg_142_4wj_xray_a__legacy_gt__petfold__historical_legacy121_v1,7LYG_142_4wj_xray_A,petfold,exact,"[41,92]","[41,92]",4,4,4,4,4,0,none,
legacy121_v1__7lyg_142_4wj_xray_a__legacy_gt__petfold__historical_legacy121_v1,7LYG_142_4wj_xray_A,petfold,exact,"[58,67]","[58,67]",3,3,3,3,3,0,none,
legacy121_v1__7lyg_142_4wj_xray_a__legacy_gt__petfold__historical_legacy121_v1,7LYG_142_4wj_xray_A,petfold,exact,"[114,130]","[114,130]",5,5,5,5,5,0,none,
legacy121_v1__7lyg_142_4wj_xray_a__legacy_gt__petfold__historical_legacy121_v1,7LYG_142_4wj_xray_A,petfold,complex_mismatch,"[26,108]",,5,,,,,,none,ambiguous_001
legacy121_v1__7lyg_142_4wj_xray_a__legacy_gt__petfold__historical_legacy121_v1,7LYG_142_4wj_xray_A,petfold,complex_mismatch,"[32,102]",,9,,,,,,none,ambiguous_001
legacy121_v1__7lyg_142_4wj_xray_a__legacy_gt__petfold__historical_legacy121_v1,7LYG_142_4wj_xray_A,petfold,complex_mismatch,,"[26,108]",,15,,,,,none,ambiguous_001
legacy121_v1__7lyg_142_4wj_xray_a__legacy_gt__petfold__historical_legacy121_v1,7LYG_142_4wj_xray_A,petfold,complex_mismatch,"[50,74]",,3,,,,,,none,ambiguous_002
legacy121_v1__7lyg_142_4wj_xray_a__legacy_gt__petfold__historical_legacy121_v1,7LYG_142_4wj_xray_A,petfold,complex_mismatch,"[54,70]",,3,,,,,,none,ambiguous_002
legacy121_v1__7lyg_142_4wj_xray_a__legacy_gt__petfold__historical_legacy121_v1,7LYG_142_4wj_xray_A,petfold,complex_mismatch,,"[50,74]",,7,,,,,none,ambiguous_002
legacy121_v1__7lyg_142_4wj_xray_a__legacy_gt__petfold__historical_legacy121_v1,7LYG_142_4wj_xray_A,petfold,stem_missing,"[45,77]",,2,,,,,,none,
legacy121_v1__7lyg_142_4wj_xray_a__legacy_gt__petfold__historical_legacy121_v1,7LYG_142_4wj_xray_A,petfold,unmatched_predicted_stem,,"[45,87]",,2,,,,,none,
legacy121_v1__7lyg_142_4wj_xray_a__legacy_gt__petfold__historical_legacy121_v1,7LYG_142_4wj_xray_A,petfold,unmatched_predicted_stem,,"[75,84]",,3,,,,,none,
legacy121_v1__7lyg_142_4wj_xray_a__legacy_gt__rnafold__historical_legacy121_v1,7LYG_142_4wj_xray_A,rnafold,exact,"[0,137]","[0,137]",7,7,7,7,7,0,none,
legacy121_v1__7lyg_142_4wj_xray_a__legacy_gt__rnafold__historical_legacy121_v1,7LYG_142_4wj_xray_A,rnafold,exact,"[9,24]","[9,24]",4,4,4,4,4,0,none,
legacy121_v1__7lyg_142_4wj_xray_a__legacy_gt__rnafold__historical_legacy121_v1,7LYG_142_4wj_xray_A,rnafold,exact,"[41,92]","[41,92]",4,4,4,4,4,0,none,
legacy121_v1__7lyg_142_4wj_xray_a__legacy_gt__rnafold__historical_legacy121_v1,7LYG_142_4wj_xray_A,rnafold,exact,"[58,67]","[58,67]",3,3,3,3,3,0,none,
legacy121_v1__7lyg_142_4wj_xray_a__legacy_gt__rnafold__historical_legacy121_v1,7LYG_142_4wj_xray_A,rnafold,exact,"[114,130]","[114,130]",5,5,5,5,5,0,none,
legacy121_v1__7lyg_142_4wj_xray_a__legacy_gt__rnafold__historical_legacy121_v1,7LYG_142_4wj_xray_A,rnafold,complex_mismatch,"[26,108]",,5,,,,,,none,ambiguous_001
legacy121_v1__7lyg_142_4wj_xray_a__legacy_gt__rnafold__historical_legacy121_v1,7LYG_142_4wj_xray_A,rnafold,complex_mismatch,"[32,102]",,9,,,,,,none,ambiguous_001
legacy121_v1__7lyg_142_4wj_xray_a__legacy_gt__rnafold__historical_legacy121_v1,7LYG_142_4wj_xray_A,rnafold,complex_mismatch,,"[26,108]",,15,,,,,none,ambiguous_001
legacy121_v1__7lyg_142_4wj_xray_a__legacy_gt__rnafold__historical_legacy121_v1,7LYG_142_4wj_xray_A,rnafold,complex_mismatch,"[50,74]",,3,,,,,,none,ambiguous_002
legacy121_v1__7lyg_142_4wj_xray_a__legacy_gt__rnafold__historical_legacy121_v1,7LYG_142_4wj_xray_A,rnafold,complex_mismatch,"[54,70]",,3,,,,,,none,ambiguous_002
legacy121_v1__7lyg_142_4wj_xray_a__legacy_gt__rnafold__historical_legacy121_v1,7LYG_142_4wj_xray_A,rnafold,complex_mismatch,,"[50,74]",,7,,,,,none,ambiguous_002
legacy121_v1__7lyg_142_4wj_xray_a__legacy_gt__rnafold__historical_legacy121_v1,7LYG_142_4wj_xray_A,rnafold,stem_missing,"[45,77]",,2,,,,,,none,
legacy121_v1__7lyg_142_4wj_xray_a__legacy_gt__rnafold__historical_legacy121_v1,7LYG_142_4wj_xray_A,rnafold,unmatched_predicted_stem,,"[45,87]",,2,,,,,none,
legacy121_v1__7lyg_142_4wj_xray_a__legacy_gt__rnafold__historical_legacy121_v1,7LYG_142_4wj_xray_A,rnafold,unmatched_predicted_stem,,"[75,84]",,3,,,,,none,
legacy121_v1__7lyg_142_4wj_xray_a__legacy_gt__trrosettarna2_native_ss__historical_legacy121_v1,7LYG_142_4wj_xray_A,trrosettarna2_native_ss,stem_extension,"[0,137]","[0,137]",7,8,7,7,7,0,inner,
legacy121_v1__7lyg_142_4wj_xray_a__legacy_gt__trrosettarna2_native_ss__historical_legacy121_v1,7LYG_142_4wj_xray_A,trrosettarna2_native_ss,exact,"[41,92]","[41,92]",4,4,4,4,4,0,none,
legacy121_v1__7lyg_142_4wj_xray_a__legacy_gt__trrosettarna2_native_ss__historical_legacy121_v1,7LYG_142_4wj_xray_A,trrosettarna2_native_ss,exact,"[58,67]","[58,67]",3,3,3,3,3,0,none,
legacy121_v1__7lyg_142_4wj_xray_a__legacy_gt__trrosettarna2_native_ss__historical_legacy121_v1,7LYG_142_4wj_xray_A,trrosettarna2_native_ss,stem_shift,"[114,130]","[114,128]",5,3,0,3,3,-2,none,
legacy121_v1__7lyg_142_4wj_xray_a__legacy_gt__trrosettarna2_native_ss__historical_legacy121_v1,7LYG_142_4wj_xray_A,trrosettarna2_native_ss,complex_mismatch,"[26,108]",,5,,,,,,none,ambiguous_001
legacy121_v1__7lyg_142_4wj_xray_a__legacy_gt__trrosettarna2_native_ss__historical_legacy121_v1,7LYG_142_4wj_xray_A,trrosettarna2_native_ss,complex_mismatch,"[32,102]",,9,,,,,,none,ambiguous_001
legacy121_v1__7lyg_142_4wj_xray_a__legacy_gt__trrosettarna2_native_ss__historical_legacy121_v1,7LYG_142_4wj_xray_A,trrosettarna2_native_ss,complex_mismatch,,"[25,109]",,16,,,,,none,ambiguous_001
legacy121_v1__7lyg_142_4wj_xray_a__legacy_gt__trrosettarna2_native_ss__historical_legacy121_v1,7LYG_142_4wj_xray_A,trrosettarna2_native_ss,complex_mismatch,"[50,74]",,3,,,,,,none,ambiguous_002
legacy121_v1__7lyg_142_4wj_xray_a__legacy_gt__trrosettarna2_native_ss__historical_legacy121_v1,7LYG_142_4wj_xray_A,trrosettarna2_native_ss,complex_mismatch,"[54,70]",,3,,,,,,none,ambiguous_002
legacy121_v1__7lyg_142_4wj_xray_a__legacy_gt__trrosettarna2_native_ss__historical_legacy121_v1,7LYG_142_4wj_xray_A,trrosettarna2_native_ss,complex_mismatch,,"[50,74]",,7,,,,,none,ambiguous_002
legacy121_v1__7lyg_142_4wj_xray_a__legacy_gt__trrosettarna2_native_ss__historical_legacy121_v1,7LYG_142_4wj_xray_A,trrosettarna2_native_ss,stem_missing,"[9,24]",,4,,,,,,none,
legacy121_v1__7lyg_142_4wj_xray_a__legacy_gt__trrosettarna2_native_ss__historical_legacy121_v1,7LYG_142_4wj_xray_A,trrosettarna2_native_ss,stem_missing,"[45,77]",,2,,,,,,none,
legacy121_v1__7lyg_142_4wj_xray_a__legacy_gt__trrosettarna2_native_ss__historical_legacy121_v1,7LYG_142_4wj_xray_A,trrosettarna2_native_ss,unmatched_predicted_stem,,"[17,22]",,2,,,,,none,
legacy121_v1__7lyg_142_4wj_xray_a__legacy_gt__trrosettarna2_native_ss__historical_legacy121_v1,7LYG_142_4wj_xray_A,trrosettarna2_native_ss,unmatched_predicted_stem,,"[76,83]",,3,,,,,none,
legacy121_v1__7lyg_142_4wj_xray_a__legacy_gt__trrosettarna2_native_ss__historical_legacy121_v1,7LYG_142_4wj_xray_A,trrosettarna2_native_ss,unmatched_predicted_stem,,"[118,121]",,2,,,,,none,
legacy121_v1__7shx_94_4wj_nmr_a__legacy_gt__petfold__historical_legacy121_v1,7SHX_94_4wj_nmr_A,petfold,exact,"[0,93]","[0,93]",6,6,6,6,6,0,none,
legacy121_v1__7shx_94_4wj_nmr_a__legacy_gt__petfold__historical_legacy121_v1,7SHX_94_4wj_nmr_A,petfold,stem_truncation,"[18,41]","[18,41]",6,5,5,5,5,0,inner,
legacy121_v1__7shx_94_4wj_nmr_a__legacy_gt__petfold__historical_legacy121_v1,7SHX_94_4wj_nmr_A,petfold,stem_extension,"[24,33]","[23,34]",3,4,3,3,3,0,outer,
legacy121_v1__7shx_94_4wj_nmr_a__legacy_gt__petfold__historical_legacy121_v1,7SHX_94_4wj_nmr_A,petfold,exact,"[44,53]","[44,53]",3,3,3,3,3,0,none,
legacy121_v1__7shx_94_4wj_nmr_a__legacy_gt__petfold__historical_legacy121_v1,7SHX_94_4wj_nmr_A,petfold,stem_shift,"[63,80]","[59,80]",3,9,0,3,3,-4,none,
legacy121_v1__7shx_94_4wj_nmr_a__legacy_gt__petfold__historical_legacy121_v1,7SHX_94_4wj_nmr_A,petfold,stem_missing,"[10,61]",,3,,,,,,none,
legacy121_v1__7shx_94_4wj_nmr_a__legacy_gt__petfold__historical_legacy121_v1,7SHX_94_4wj_nmr_A,petfold,stem_missing,"[67,76]",,3,,,,,,none,
legacy121_v1__7shx_94_4wj_nmr_a__legacy_gt__petfold__historical_legacy121_v1,7SHX_94_4wj_nmr_A,petfold,unmatched_predicted_stem,,"[10,84]",,4,,,,,none,
legacy121_v1__7shx_94_4wj_nmr_a__legacy_gt__petfold__historical_legacy121_v1,7SHX_94_4wj_nmr_A,petfold,unmatched_predicted_stem,,"[14,56]",,2,,,,,none,
legacy121_v1__7shx_94_4wj_nmr_a__legacy_gt__rnafold__historical_legacy121_v1,7SHX_94_4wj_nmr_A,rnafold,exact,"[0,93]","[0,93]",6,6,6,6,6,0,none,
legacy121_v1__7shx_94_4wj_nmr_a__legacy_gt__rnafold__historical_legacy121_v1,7SHX_94_4wj_nmr_A,rnafold,exact,"[18,41]","[18,41]",6,6,6,6,6,0,none,
legacy121_v1__7shx_94_4wj_nmr_a__legacy_gt__rnafold__historical_legacy121_v1,7SHX_94_4wj_nmr_A,rnafold,exact,"[24,33]","[24,33]",3,3,3,3,3,0,none,
legacy121_v1__7shx_94_4wj_nmr_a__legacy_gt__rnafold__historical_legacy121_v1,7SHX_94_4wj_nmr_A,rnafold,exact,"[44,53]","[44,53]",3,3,3,3,3,0,none,
legacy121_v1__7shx_94_4wj_nmr_a__legacy_gt__rnafold__historical_legacy121_v1,7SHX_94_4wj_nmr_A,rnafold,stem_shift,"[63,80]","[59,80]",3,9,0,3,3,-4,none,
legacy121_v1__7shx_94_4wj_nmr_a__legacy_gt__rnafold__historical_legacy121_v1,7SHX_94_4wj_nmr_A,rnafold,stem_missing,"[10,61]",,3,,,,,,none,
legacy121_v1__7shx_94_4wj_nmr_a__legacy_gt__rnafold__historical_legacy121_v1,7SHX_94_4wj_nmr_A,rnafold,stem_missing,"[67,76]",,3,,,,,,none,
legacy121_v1__7shx_94_4wj_nmr_a__legacy_gt__rnafold__historical_legacy121_v1,7SHX_94_4wj_nmr_A,rnafold,unmatched_predicted_stem,,"[10,84]",,4,,,,,none,
legacy121_v1__7shx_94_4wj_nmr_a__legacy_gt__trrosettarna2_native_ss__historical_legacy121_v1,7SHX_94_4wj_nmr_A,trrosettarna2_native_ss,exact,"[0,93]","[0,93]",6,6,6,6,6,0,none,
legacy121_v1__7shx_94_4wj_nmr_a__legacy_gt__trrosettarna2_native_ss__historical_legacy121_v1,7SHX_94_4wj_nmr_A,trrosettarna2_native_ss,stem_extension,"[10,61]","[9,62]",3,4,3,3,3,0,outer,
legacy121_v1__7shx_94_4wj_nmr_a__legacy_gt__trrosettarna2_native_ss__historical_legacy121_v1,7SHX_94_4wj_nmr_A,trrosettarna2_native_ss,exact,"[18,41]","[18,41]",6,6,6,6,6,0,none,
legacy121_v1__7shx_94_4wj_nmr_a__legacy_gt__trrosettarna2_native_ss__historical_legacy121_v1,7SHX_94_4wj_nmr_A,trrosettarna2_native_ss,stem_extension,"[24,33]","[24,33]",3,4,3,3,3,0,inner,
legacy121_v1__7shx_94_4wj_nmr_a__legacy_gt__trrosettarna2_native_ss__historical_legacy121_v1,7SHX_94_4wj_nmr_A,trrosettarna2_native_ss,stem_extension,"[44,53]","[44,53]",3,4,3,3,3,0,inner,
legacy121_v1__7shx_94_4wj_nmr_a__legacy_gt__trrosettarna2_native_ss__historical_legacy121_v1,7SHX_94_4wj_nmr_A,trrosettarna2_native_ss,complex_mismatch,"[63,80]",,3,,,,,,none,ambiguous_001
legacy121_v1__7shx_94_4wj_nmr_a__legacy_gt__trrosettarna2_native_ss__historical_legacy121_v1,7SHX_94_4wj_nmr_A,trrosettarna2_native_ss,complex_mismatch,"[67,76]",,3,,,,,,none,ambiguous_001
legacy121_v1__7shx_94_4wj_nmr_a__legacy_gt__trrosettarna2_native_ss__historical_legacy121_v1,7SHX_94_4wj_nmr_A,trrosettarna2_native_ss,complex_mismatch,,"[63,80]",,8,,,,,none,ambiguous_001
legacy121_v1__7shx_94_4wj_nmr_a__legacy_gt__trrosettarna2_native_ss__historical_legacy121_v1,7SHX_94_4wj_nmr_A,trrosettarna2_native_ss,unmatched_predicted_stem,,"[13,57]",,4,,,,,none,
legacy121_v1__7uga_43_hpbulge_nmr_a__legacy_gt__petfold__historical_legacy121_v1,7UGA_43_hpbulge_nmr_A,petfold,exact,"[0,42]","[0,42]",10,10,10,10,10,0,none,
legacy121_v1__7uga_43_hpbulge_nmr_a__legacy_gt__petfold__historical_legacy121_v1,7UGA_43_hpbulge_nmr_A,petfold,exact,"[15,32]","[15,32]",4,4,4,4,4,0,none,
legacy121_v1__7uga_43_hpbulge_nmr_a__legacy_gt__rnafold__historical_legacy121_v1,7UGA_43_hpbulge_nmr_A,rnafold,exact,"[0,42]","[0,42]",10,10,10,10,10,0,none,
legacy121_v1__7uga_43_hpbulge_nmr_a__legacy_gt__rnafold__historical_legacy121_v1,7UGA_43_hpbulge_nmr_A,rnafold,exact,"[15,32]","[15,32]",4,4,4,4,4,0,none,
legacy121_v1__7uga_43_hpbulge_nmr_a__legacy_gt__trrosettarna2_native_ss__historical_legacy121_v1,7UGA_43_hpbulge_nmr_A,trrosettarna2_native_ss,exact,"[0,42]","[0,42]",10,10,10,10,10,0,none,
legacy121_v1__7uga_43_hpbulge_nmr_a__legacy_gt__trrosettarna2_native_ss__historical_legacy121_v1,7UGA_43_hpbulge_nmr_A,trrosettarna2_native_ss,stem_extension,"[15,32]","[15,32]",4,6,4,4,4,0,inner,
legacy121_v1__7umc_70_hpbulge_nmr_a__legacy_gt__petfold__historical_legacy121_v1,7UMC_70_hpbulge_nmr_A,petfold,exact,"[5,69]","[5,69]",6,6,6,6,6,0,none,
legacy121_v1__7umc_70_hpbulge_nmr_a__legacy_gt__petfold__historical_legacy121_v1,7UMC_70_hpbulge_nmr_A,petfold,exact,"[12,61]","[12,61]",6,6,6,6,6,0,none,
legacy121_v1__7umc_70_hpbulge_nmr_a__legacy_gt__petfold__historical_legacy121_v1,7UMC_70_hpbulge_nmr_A,petfold,stem_extension,"[46,53]","[45,54]",2,3,2,2,2,0,outer,
legacy121_v1__7umc_70_hpbulge_nmr_a__legacy_gt__petfold__historical_legacy121_v1,7UMC_70_hpbulge_nmr_A,petfold,stem_missing,"[21,44]",,4,,,,,,none,
legacy121_v1__7umc_70_hpbulge_nmr_a__legacy_gt__petfold__historical_legacy121_v1,7UMC_70_hpbulge_nmr_A,petfold,stem_missing,"[28,37]",,3,,,,,,none,
legacy121_v1__7umc_70_hpbulge_nmr_a__legacy_gt__petfold__historical_legacy121_v1,7UMC_70_hpbulge_nmr_A,petfold,unmatched_predicted_stem,,"[19,37]",,6,,,,,none,
legacy121_v1__7umc_70_hpbulge_nmr_a__legacy_gt__rnafold__historical_legacy121_v1,7UMC_70_hpbulge_nmr_A,rnafold,exact,"[5,69]","[5,69]",6,6,6,6,6,0,none,
legacy121_v1__7umc_70_hpbulge_nmr_a__legacy_gt__rnafold__historical_legacy121_v1,7UMC_70_hpbulge_nmr_A,rnafold,exact,"[12,61]","[12,61]",6,6,6,6,6,0,none,
legacy121_v1__7umc_70_hpbulge_nmr_a__legacy_gt__rnafold__historical_legacy121_v1,7UMC_70_hpbulge_nmr_A,rnafold,stem_extension,"[46,53]","[45,54]",2,3,2,2,2,0,outer,
legacy121_v1__7umc_70_hpbulge_nmr_a__legacy_gt__rnafold__historical_legacy121_v1,7UMC_70_hpbulge_nmr_A,rnafold,stem_missing,"[21,44]",,4,,,,,,none,
legacy121_v1__7umc_70_hpbulge_nmr_a__legacy_gt__rnafold__historical_legacy121_v1,7UMC_70_hpbulge_nmr_A,rnafold,stem_missing,"[28,37]",,3,,,,,,none,
legacy121_v1__7umc_70_hpbulge_nmr_a__legacy_gt__rnafold__historical_legacy121_v1,7UMC_70_hpbulge_nmr_A,rnafold,unmatched_predicted_stem,,"[19,37]",,6,,,,,none,
legacy121_v1__7umc_70_hpbulge_nmr_a__legacy_gt__trrosettarna2_native_ss__historical_legacy121_v1,7UMC_70_hpbulge_nmr_A,trrosettarna2_native_ss,exact,"[5,69]","[5,69]",6,6,6,6,6,0,none,
legacy121_v1__7umc_70_hpbulge_nmr_a__legacy_gt__trrosettarna2_native_ss__historical_legacy121_v1,7UMC_70_hpbulge_nmr_A,trrosettarna2_native_ss,exact,"[12,61]","[12,61]",6,6,6,6,6,0,none,
legacy121_v1__7umc_70_hpbulge_nmr_a__legacy_gt__trrosettarna2_native_ss__historical_legacy121_v1,7UMC_70_hpbulge_nmr_A,trrosettarna2_native_ss,stem_extension,"[46,53]","[45,54]",2,4,2,2,2,0,both,
legacy121_v1__7umc_70_hpbulge_nmr_a__legacy_gt__trrosettarna2_native_ss__historical_legacy121_v1,7UMC_70_hpbulge_nmr_A,trrosettarna2_native_ss,complex_mismatch,"[21,44]",,4,,,,,,none,ambiguous_001
legacy121_v1__7umc_70_hpbulge_nmr_a__legacy_gt__trrosettarna2_native_ss__historical_legacy121_v1,7UMC_70_hpbulge_nmr_A,trrosettarna2_native_ss,complex_mismatch,"[28,37]",,3,,,,,,none,ambiguous_001
legacy121_v1__7umc_70_hpbulge_nmr_a__legacy_gt__trrosettarna2_native_ss__historical_legacy121_v1,7UMC_70_hpbulge_nmr_A,trrosettarna2_native_ss,complex_mismatch,,"[21,44]",,11,,,,,none,ambiguous_001
legacy121_v1__7ume_28_hp_nmr_a__legacy_gt__petfold__historical_legacy121_v1,7UME_28_hp_nmr_A,petfold,exact,"[0,27]","[0,27]",6,6,6,6,6,0,none,
legacy121_v1__7ume_28_hp_nmr_a__legacy_gt__petfold__historical_legacy121_v1,7UME_28_hp_nmr_A,petfold,exact,"[9,18]","[9,18]",3,3,3,3,3,0,none,
legacy121_v1__7ume_28_hp_nmr_a__legacy_gt__rnafold__historical_legacy121_v1,7UME_28_hp_nmr_A,rnafold,exact,"[0,27]","[0,27]",6,6,6,6,6,0,none,
legacy121_v1__7ume_28_hp_nmr_a__legacy_gt__rnafold__historical_legacy121_v1,7UME_28_hp_nmr_A,rnafold,exact,"[9,18]","[9,18]",3,3,3,3,3,0,none,
legacy121_v1__7ume_28_hp_nmr_a__legacy_gt__trrosettarna2_native_ss__historical_legacy121_v1,7UME_28_hp_nmr_A,trrosettarna2_native_ss,complex_mismatch,"[0,27]",,6,,,,,,none,ambiguous_001
legacy121_v1__7ume_28_hp_nmr_a__legacy_gt__trrosettarna2_native_ss__historical_legacy121_v1,7UME_28_hp_nmr_A,trrosettarna2_native_ss,complex_mismatch,"[9,18]",,3,,,,,,none,ambiguous_001
legacy121_v1__7ume_28_hp_nmr_a__legacy_gt__trrosettarna2_native_ss__historical_legacy121_v1,7UME_28_hp_nmr_A,trrosettarna2_native_ss,complex_mismatch,,"[0,27]",,12,,,,,none,ambiguous_001
legacy121_v1__7v06_43_hpbulge_nmr_a__legacy_gt__petfold__historical_legacy121_v1,7V06_43_hpbulge_nmr_A,petfold,exact,"[0,42]","[0,42]",8,8,8,8,8,0,none,
legacy121_v1__7v06_43_hpbulge_nmr_a__legacy_gt__petfold__historical_legacy121_v1,7V06_43_hpbulge_nmr_A,petfold,exact,"[9,29]","[9,29]",6,6,6,6,6,0,none,
legacy121_v1__7v06_43_hpbulge_nmr_a__legacy_gt__rnafold__historical_legacy121_v1,7V06_43_hpbulge_nmr_A,rnafold,exact,"[0,42]","[0,42]",8,8,8,8,8,0,none,
legacy121_v1__7v06_43_hpbulge_nmr_a__legacy_gt__rnafold__historical_legacy121_v1,7V06_43_hpbulge_nmr_A,rnafold,exact,"[9,29]","[9,29]",6,6,6,6,6,0,none,
legacy121_v1__7v06_43_hpbulge_nmr_a__legacy_gt__trrosettarna2_native_ss__historical_legacy121_v1,7V06_43_hpbulge_nmr_A,trrosettarna2_native_ss,exact,"[0,42]","[0,42]",8,8,8,8,8,0,none,
legacy121_v1__7v06_43_hpbulge_nmr_a__legacy_gt__trrosettarna2_native_ss__historical_legacy121_v1,7V06_43_hpbulge_nmr_A,trrosettarna2_native_ss,complex_mismatch,"[9,29]","[10,28]",6,8,5,5,5,0,none,
legacy121_v1__7v06_43_hpbulge_nmr_a__legacy_gt__trrosettarna2_native_ss__historical_legacy121_v1,7V06_43_hpbulge_nmr_A,trrosettarna2_native_ss,unmatched_predicted_stem,,"[8,33]",,2,,,,,none,
legacy121_v1__8bwt_26_hp_nmr_a__legacy_gt__petfold__historical_legacy121_v1,8BWT_26_hp_nmr_A,petfold,exact,"[0,25]","[0,25]",5,5,5,5,5,0,none,
legacy121_v1__8bwt_26_hp_nmr_a__legacy_gt__petfold__historical_legacy121_v1,8BWT_26_hp_nmr_A,petfold,exact,"[8,17]","[8,17]",3,3,3,3,3,0,none,
legacy121_v1__8bwt_26_hp_nmr_a__legacy_gt__rnafold__historical_legacy121_v1,8BWT_26_hp_nmr_A,rnafold,exact,"[0,25]","[0,25]",5,5,5,5,5,0,none,
legacy121_v1__8bwt_26_hp_nmr_a__legacy_gt__rnafold__historical_legacy121_v1,8BWT_26_hp_nmr_A,rnafold,exact,"[8,17]","[8,17]",3,3,3,3,3,0,none,
legacy121_v1__8bwt_26_hp_nmr_a__legacy_gt__trrosettarna2_native_ss__historical_legacy121_v1,8BWT_26_hp_nmr_A,trrosettarna2_native_ss,complex_mismatch,"[0,25]",,5,,,,,,none,ambiguous_001
legacy121_v1__8bwt_26_hp_nmr_a__legacy_gt__trrosettarna2_native_ss__historical_legacy121_v1,8BWT_26_hp_nmr_A,trrosettarna2_native_ss,complex_mismatch,"[8,17]",,3,,,,,,none,ambiguous_001
legacy121_v1__8bwt_26_hp_nmr_a__legacy_gt__trrosettarna2_native_ss__historical_legacy121_v1,8BWT_26_hp_nmr_A,trrosettarna2_native_ss,complex_mismatch,,"[0,25]",,12,,,,,none,ambiguous_001
legacy121_v1__8cq1_43_hp_nmr_a__legacy_gt__petfold__historical_legacy121_v1,8CQ1_43_hp_nmr_A,petfold,complex_mismatch,"[0,43]",,8,,,,,,none,ambiguous_001
legacy121_v1__8cq1_43_hp_nmr_a__legacy_gt__petfold__historical_legacy121_v1,8CQ1_43_hp_nmr_A,petfold,complex_mismatch,"[9,34]",,2,,,,,,none,ambiguous_001
legacy121_v1__8cq1_43_hp_nmr_a__legacy_gt__petfold__historical_legacy121_v1,8CQ1_43_hp_nmr_A,petfold,complex_mismatch,,"[0,43]",,11,,,,,none,ambiguous_001
legacy121_v1__8cq1_43_hp_nmr_a__legacy_gt__petfold__historical_legacy121_v1,8CQ1_43_hp_nmr_A,petfold,complex_mismatch,"[12,32]",,4,,,,,,none,ambiguous_002
legacy121_v1__8cq1_43_hp_nmr_a__legacy_gt__petfold__historical_legacy121_v1,8CQ1_43_hp_nmr_A,petfold,complex_mismatch,"[17,27]",,3,,,,,,none,ambiguous_002
legacy121_v1__8cq1_43_hp_nmr_a__legacy_gt__petfold__historical_legacy121_v1,8CQ1_43_hp_nmr_A,petfold,complex_mismatch,,"[12,32]",,8,,,,,none,ambiguous_002
legacy121_v1__8cq1_43_hp_nmr_a__legacy_gt__rnafold__historical_legacy121_v1,8CQ1_43_hp_nmr_A,rnafold,exact,"[0,43]","[0,43]",8,8,8,8,8,0,none,
legacy121_v1__8cq1_43_hp_nmr_a__legacy_gt__rnafold__historical_legacy121_v1,8CQ1_43_hp_nmr_A,rnafold,exact,"[9,34]","[9,34]",2,2,2,2,2,0,none,
legacy121_v1__8cq1_43_hp_nmr_a__legacy_gt__rnafold__historical_legacy121_v1,8CQ1_43_hp_nmr_A,rnafold,exact,"[12,32]","[12,32]",4,4,4,4,4,0,none,
legacy121_v1__8cq1_43_hp_nmr_a__legacy_gt__rnafold__historical_legacy121_v1,8CQ1_43_hp_nmr_A,rnafold,exact,"[17,27]","[17,27]",3,3,3,3,3,0,none,
legacy121_v1__8cq1_43_hp_nmr_a__legacy_gt__trrosettarna2_native_ss__historical_legacy121_v1,8CQ1_43_hp_nmr_A,trrosettarna2_native_ss,exact,"[0,43]","[0,43]",8,8,8,8,8,0,none,
legacy121_v1__8cq1_43_hp_nmr_a__legacy_gt__trrosettarna2_native_ss__historical_legacy121_v1,8CQ1_43_hp_nmr_A,trrosettarna2_native_ss,exact,"[9,34]","[9,34]",2,2,2,2,2,0,none,
legacy121_v1__8cq1_43_hp_nmr_a__legacy_gt__trrosettarna2_native_ss__historical_legacy121_v1,8CQ1_43_hp_nmr_A,trrosettarna2_native_ss,complex_mismatch,"[12,32]",,4,,,,,,none,ambiguous_001
legacy121_v1__8cq1_43_hp_nmr_a__legacy_gt__trrosettarna2_native_ss__historical_legacy121_v1,8CQ1_43_hp_nmr_A,trrosettarna2_native_ss,complex_mismatch,"[17,27]",,3,,,,,,none,ambiguous_001
legacy121_v1__8cq1_43_hp_nmr_a__legacy_gt__trrosettarna2_native_ss__historical_legacy121_v1,8CQ1_43_hp_nmr_A,trrosettarna2_native_ss,complex_mismatch,,"[12,32]",,8,,,,,none,ambiguous_001
legacy121_v1__8fcs_71_hp_nmr_a__legacy_gt__petfold__historical_legacy121_v1,8FCS_71_hp_nmr_A,petfold,exact,"[28,41]","[28,41]",3,3,3,3,3,0,none,
legacy121_v1__8fcs_71_hp_nmr_a__legacy_gt__petfold__historical_legacy121_v1,8FCS_71_hp_nmr_A,petfold,complex_mismatch,"[0,70]",,7,,,,,,none,ambiguous_001
legacy121_v1__8fcs_71_hp_nmr_a__legacy_gt__petfold__historical_legacy121_v1,8FCS_71_hp_nmr_A,petfold,complex_mismatch,"[8,62]",,5,,,,,,none,ambiguous_001
legacy121_v1__8fcs_71_hp_nmr_a__legacy_gt__petfold__historical_legacy121_v1,8FCS_71_hp_nmr_A,petfold,complex_mismatch,"[14,56]",,3,,,,,,none,ambiguous_001
legacy121_v1__8fcs_71_hp_nmr_a__legacy_gt__petfold__historical_legacy121_v1,8FCS_71_hp_nmr_A,petfold,complex_mismatch,"[18,52]",,9,,,,,,none,ambiguous_001
legacy121_v1__8fcs_71_hp_nmr_a__legacy_gt__petfold__historical_legacy121_v1,8FCS_71_hp_nmr_A,petfold,complex_mismatch,,"[0,70]",,27,,,,,none,ambiguous_001
legacy121_v1__8fcs_71_hp_nmr_a__legacy_gt__rnafold__historical_legacy121_v1,8FCS_71_hp_nmr_A,rnafold,exact,"[0,70]","[0,70]",7,7,7,7,7,0,none,
legacy121_v1__8fcs_71_hp_nmr_a__legacy_gt__rnafold__historical_legacy121_v1,8FCS_71_hp_nmr_A,rnafold,exact,"[8,62]","[8,62]",5,5,5,5,5,0,none,
legacy121_v1__8fcs_71_hp_nmr_a__legacy_gt__rnafold__historical_legacy121_v1,8FCS_71_hp_nmr_A,rnafold,exact,"[14,56]","[14,56]",3,3,3,3,3,0,none,
legacy121_v1__8fcs_71_hp_nmr_a__legacy_gt__rnafold__historical_legacy121_v1,8FCS_71_hp_nmr_A,rnafold,exact,"[18,52]","[18,52]",9,9,9,9,9,0,none,
legacy121_v1__8fcs_71_hp_nmr_a__legacy_gt__rnafold__historical_legacy121_v1,8FCS_71_hp_nmr_A,rnafold,exact,"[28,41]","[28,41]",3,3,3,3,3,0,none,
legacy121_v1__8fcs_71_hp_nmr_a__legacy_gt__trrosettarna2_native_ss__historical_legacy121_v1,8FCS_71_hp_nmr_A,trrosettarna2_native_ss,exact,"[28,41]","[28,41]",3,3,3,3,3,0,none,
legacy121_v1__8fcs_71_hp_nmr_a__legacy_gt__trrosettarna2_native_ss__historical_legacy121_v1,8FCS_71_hp_nmr_A,trrosettarna2_native_ss,complex_mismatch,"[0,70]",,7,,,,,,none,ambiguous_001
legacy121_v1__8fcs_71_hp_nmr_a__legacy_gt__trrosettarna2_native_ss__historical_legacy121_v1,8FCS_71_hp_nmr_A,trrosettarna2_native_ss,complex_mismatch,"[8,62]",,5,,,,,,none,ambiguous_001
legacy121_v1__8fcs_71_hp_nmr_a__legacy_gt__trrosettarna2_native_ss__historical_legacy121_v1,8FCS_71_hp_nmr_A,trrosettarna2_native_ss,complex_mismatch,"[14,56]",,3,,,,,,none,ambiguous_001
legacy121_v1__8fcs_71_hp_nmr_a__legacy_gt__trrosettarna2_native_ss__historical_legacy121_v1,8FCS_71_hp_nmr_A,trrosettarna2_native_ss,complex_mismatch,"[18,52]",,9,,,,,,none,ambiguous_001
legacy121_v1__8fcs_71_hp_nmr_a__legacy_gt__trrosettarna2_native_ss__historical_legacy121_v1,8FCS_71_hp_nmr_A,trrosettarna2_native_ss,complex_mismatch,,"[0,70]",,28,,,,,none,ambiguous_001
legacy121_v1__8jhp_27_hpbulge_nmr_a__legacy_gt__petfold__historical_legacy121_v1,8JHP_27_hpbulge_nmr_A,petfold,exact,"[0,26]","[0,26]",4,4,4,4,4,0,none,
legacy121_v1__8jhp_27_hpbulge_nmr_a__legacy_gt__petfold__historical_legacy121_v1,8JHP_27_hpbulge_nmr_A,petfold,stem_missing,"[8,19]",,3,,,,,,none,
legacy121_v1__8jhp_27_hpbulge_nmr_a__legacy_gt__petfold__historical_legacy121_v1,8JHP_27_hpbulge_nmr_A,petfold,unmatched_predicted_stem,,"[4,19]",,5,,,,,none,
legacy121_v1__8jhp_27_hpbulge_nmr_a__legacy_gt__rnafold__historical_legacy121_v1,8JHP_27_hpbulge_nmr_A,rnafold,exact,"[0,26]","[0,26]",4,4,4,4,4,0,none,
legacy121_v1__8jhp_27_hpbulge_nmr_a__legacy_gt__rnafold__historical_legacy121_v1,8JHP_27_hpbulge_nmr_A,rnafold,stem_missing,"[8,19]",,3,,,,,,none,
legacy121_v1__8jhp_27_hpbulge_nmr_a__legacy_gt__rnafold__historical_legacy121_v1,8JHP_27_hpbulge_nmr_A,rnafold,unmatched_predicted_stem,,"[4,19]",,5,,,,,none,
legacy121_v1__8jhp_27_hpbulge_nmr_a__legacy_gt__trrosettarna2_native_ss__historical_legacy121_v1,8JHP_27_hpbulge_nmr_A,trrosettarna2_native_ss,stem_extension,"[0,26]","[0,26]",4,5,4,4,4,0,inner,
legacy121_v1__8jhp_27_hpbulge_nmr_a__legacy_gt__trrosettarna2_native_ss__historical_legacy121_v1,8JHP_27_hpbulge_nmr_A,trrosettarna2_native_ss,stem_missing,"[8,19]",,3,,,,,,none,
legacy121_v1__8k8b_20_hp_nmr_a__legacy_gt__petfold__historical_legacy121_v1,8K8B_20_hp_nmr_A,petfold,stem_extension,"[0,18]","[0,18]",7,8,7,7,7,0,inner,
legacy121_v1__8k8b_20_hp_nmr_a__legacy_gt__rnafold__historical_legacy121_v1,8K8B_20_hp_nmr_A,rnafold,stem_extension,"[0,18]","[0,18]",7,8,7,7,7,0,inner,
legacy121_v1__8k8b_20_hp_nmr_a__legacy_gt__trrosettarna2_native_ss__historical_legacy121_v1,8K8B_20_hp_nmr_A,trrosettarna2_native_ss,exact,"[0,18]","[0,18]",7,7,7,7,7,0,none,
legacy121_v1__8sch_68_hpbulge_nmr_a__legacy_gt__petfold__historical_legacy121_v1,8SCH_68_hpbulge_nmr_A,petfold,stem_extension,"[4,66]","[3,67]",8,9,8,8,8,0,outer,
legacy121_v1__8sch_68_hpbulge_nmr_a__legacy_gt__petfold__historical_legacy121_v1,8SCH_68_hpbulge_nmr_A,petfold,stem_extension,"[14,52]","[13,53]",3,5,3,3,3,0,both,
legacy121_v1__8sch_68_hpbulge_nmr_a__legacy_gt__petfold__historical_legacy121_v1,8SCH_68_hpbulge_nmr_A,petfold,complex_mismatch,"[18,47]",,4,,,,,,none,ambiguous_001
legacy121_v1__8sch_68_hpbulge_nmr_a__legacy_gt__petfold__historical_legacy121_v1,8SCH_68_hpbulge_nmr_A,petfold,complex_mismatch,"[23,42]",,6,,,,,,none,ambiguous_001
legacy121_v1__8sch_68_hpbulge_nmr_a__legacy_gt__petfold__historical_legacy121_v1,8SCH_68_hpbulge_nmr_A,petfold,complex_mismatch,,"[18,47]",,11,,,,,none,ambiguous_001
legacy121_v1__8sch_68_hpbulge_nmr_a__legacy_gt__rnafold__historical_legacy121_v1,8SCH_68_hpbulge_nmr_A,rnafold,stem_extension,"[4,66]","[3,67]",8,9,8,8,8,0,outer,
legacy121_v1__8sch_68_hpbulge_nmr_a__legacy_gt__rnafold__historical_legacy121_v1,8SCH_68_hpbulge_nmr_A,rnafold,stem_extension,"[14,52]","[13,53]",3,5,3,3,3,0,both,
legacy121_v1__8sch_68_hpbulge_nmr_a__legacy_gt__rnafold__historical_legacy121_v1,8SCH_68_hpbulge_nmr_A,rnafold,exact,"[18,47]","[18,47]",4,4,4,4,4,0,none,
legacy121_v1__8sch_68_hpbulge_nmr_a__legacy_gt__rnafold__historical_legacy121_v1,8SCH_68_hpbulge_nmr_A,rnafold,exact,"[23,42]","[23,42]",6,6,6,6,6,0,none,
legacy121_v1__8sch_68_hpbulge_nmr_a__legacy_gt__trrosettarna2_native_ss__historical_legacy121_v1,8SCH_68_hpbulge_nmr_A,trrosettarna2_native_ss,stem_extension,"[4,66]","[3,67]",8,9,8,8,8,0,outer,
legacy121_v1__8sch_68_hpbulge_nmr_a__legacy_gt__trrosettarna2_native_ss__historical_legacy121_v1,8SCH_68_hpbulge_nmr_A,trrosettarna2_native_ss,exact,"[14,52]","[14,52]",3,3,3,3,3,0,none,
legacy121_v1__8sch_68_hpbulge_nmr_a__legacy_gt__trrosettarna2_native_ss__historical_legacy121_v1,8SCH_68_hpbulge_nmr_A,trrosettarna2_native_ss,complex_mismatch,"[18,47]",,4,,,,,,none,ambiguous_001
legacy121_v1__8sch_68_hpbulge_nmr_a__legacy_gt__trrosettarna2_native_ss__historical_legacy121_v1,8SCH_68_hpbulge_nmr_A,trrosettarna2_native_ss,complex_mismatch,"[23,42]",,6,,,,,,none,ambiguous_001
legacy121_v1__8sch_68_hpbulge_nmr_a__legacy_gt__trrosettarna2_native_ss__historical_legacy121_v1,8SCH_68_hpbulge_nmr_A,trrosettarna2_native_ss,complex_mismatch,,"[18,47]",,11,,,,,none,ambiguous_001
legacy121_v1__9fo9_33_hp_nmr_a__legacy_gt__petfold__historical_legacy121_v1,9FO9_33_hp_nmr_A,petfold,exact,"[0,32]","[0,32]",7,7,7,7,7,0,none,
legacy121_v1__9fo9_33_hp_nmr_a__legacy_gt__petfold__historical_legacy121_v1,9FO9_33_hp_nmr_A,petfold,stem_extension,"[9,22]","[8,23]",4,5,4,4,4,0,outer,
legacy121_v1__9fo9_33_hp_nmr_a__legacy_gt__rnafold__historical_legacy121_v1,9FO9_33_hp_nmr_A,rnafold,exact,"[0,32]","[0,32]",7,7,7,7,7,0,none,
legacy121_v1__9fo9_33_hp_nmr_a__legacy_gt__rnafold__historical_legacy121_v1,9FO9_33_hp_nmr_A,rnafold,stem_extension,"[9,22]","[8,23]",4,5,4,4,4,0,outer,
legacy121_v1__9fo9_33_hp_nmr_a__legacy_gt__trrosettarna2_native_ss__historical_legacy121_v1,9FO9_33_hp_nmr_A,trrosettarna2_native_ss,stem_extension,"[0,32]","[0,32]",7,8,7,7,7,0,inner,
legacy121_v1__9fo9_33_hp_nmr_a__legacy_gt__trrosettarna2_native_ss__historical_legacy121_v1,9FO9_33_hp_nmr_A,trrosettarna2_native_ss,stem_extension,"[9,22]","[8,23]",4,5,4,4,4,0,outer,
legacy121_v1__9g7c_224_4wj_cryoem_a__legacy_gt__petfold__historical_legacy121_v1,9G7C_224_4wj_cryoEM_A,petfold,exact,"[1,222]","[1,222]",8,8,8,8,8,0,none,
legacy121_v1__9g7c_224_4wj_cryoem_a__legacy_gt__petfold__historical_legacy121_v1,9G7C_224_4wj_cryoEM_A,petfold,stem_extension,"[59,74]","[58,75]",5,6,5,5,5,0,outer,
legacy121_v1__9g7c_224_4wj_cryoem_a__legacy_gt__petfold__historical_legacy121_v1,9G7C_224_4wj_cryoEM_A,petfold,complex_mismatch,"[107,136]",,5,,,,,,none,ambiguous_001
legacy121_v1__9g7c_224_4wj_cryoem_a__legacy_gt__petfold__historical_legacy121_v1,9G7C_224_4wj_cryoEM_A,petfold,complex_mismatch,"[113,130]",,6,,,,,,none,ambiguous_001
legacy121_v1__9g7c_224_4wj_cryoem_a__legacy_gt__petfold__historical_legacy121_v1,9G7C_224_4wj_cryoEM_A,petfold,complex_mismatch,,"[106,137]",,13,,,,,none,ambiguous_001
legacy121_v1__9g7c_224_4wj_cryoem_a__legacy_gt__petfold__historical_legacy121_v1,9G7C_224_4wj_cryoEM_A,petfold,stem_missing,"[11,214]",,3,,,,,,none,
legacy121_v1__9g7c_224_4wj_cryoem_a__legacy_gt__petfold__historical_legacy121_v1,9G7C_224_4wj_cryoEM_A,petfold,stem_missing,"[15,207]",,3,,,,,,none,
legacy121_v1__9g7c_224_4wj_cryoem_a__legacy_gt__petfold__historical_legacy121_v1,9G7C_224_4wj_cryoEM_A,petfold,stem_missing,"[23,49]",,4,,,,,,none,
legacy121_v1__9g7c_224_4wj_cryoem_a__legacy_gt__petfold__historical_legacy121_v1,9G7C_224_4wj_cryoEM_A,petfold,stem_missing,"[29,41]",,3,,,,,,none,
legacy121_v1__9g7c_224_4wj_cryoem_a__legacy_gt__petfold__historical_legacy121_v1,9G7C_224_4wj_cryoEM_A,petfold,stem_missing,"[33,89]",,6,,,,,,none,
legacy121_v1__9g7c_224_4wj_cryoem_a__legacy_gt__petfold__historical_legacy121_v1,9G7C_224_4wj_cryoEM_A,petfold,stem_missing,"[51,195]",,3,,,,,,none,
legacy121_v1__9g7c_224_4wj_cryoem_a__legacy_gt__petfold__historical_legacy121_v1,9G7C_224_4wj_cryoEM_A,petfold,stem_missing,"[103,186]",,3,,,,,,none,
legacy121_v1__9g7c_224_4wj_cryoem_a__legacy_gt__petfold__historical_legacy121_v1,9G7C_224_4wj_cryoEM_A,petfold,stem_missing,"[140,180]",,4,,,,,,none,
legacy121_v1__9g7c_224_4wj_cryoem_a__legacy_gt__petfold__historical_legacy121_v1,9G7C_224_4wj_cryoEM_A,petfold,stem_missing,"[149,172]",,2,,,,,,none,
legacy121_v1__9g7c_224_4wj_cryoem_a__legacy_gt__petfold__historical_legacy121_v1,9G7C_224_4wj_cryoEM_A,petfold,stem_missing,"[155,165]",,3,,,,,,none,
legacy121_v1__9g7c_224_4wj_cryoem_a__legacy_gt__petfold__historical_legacy121_v1,9G7C_224_4wj_cryoEM_A,petfold,unmatched_predicted_stem,,"[9,41]",,11,,,,,none,
legacy121_v1__9g7c_224_4wj_cryoem_a__legacy_gt__petfold__historical_legacy121_v1,9G7C_224_4wj_cryoEM_A,petfold,unmatched_predicted_stem,,"[46,87]",,2,,,,,none,
legacy121_v1__9g7c_224_4wj_cryoem_a__legacy_gt__petfold__historical_legacy121_v1,9G7C_224_4wj_cryoEM_A,petfold,unmatched_predicted_stem,,"[50,83]",,3,,,,,none,
legacy121_v1__9g7c_224_4wj_cryoem_a__legacy_gt__petfold__historical_legacy121_v1,9G7C_224_4wj_cryoEM_A,petfold,unmatched_predicted_stem,,"[88,101]",,5,,,,,none,
legacy121_v1__9g7c_224_4wj_cryoem_a__legacy_gt__petfold__historical_legacy121_v1,9G7C_224_4wj_cryoEM_A,petfold,unmatched_predicted_stem,,"[103,140]",,2,,,,,none,
legacy121_v1__9g7c_224_4wj_cryoem_a__legacy_gt__petfold__historical_legacy121_v1,9G7C_224_4wj_cryoEM_A,petfold,unmatched_predicted_stem,,"[147,170]",,2,,,,,none,
legacy121_v1__9g7c_224_4wj_cryoem_a__legacy_gt__petfold__historical_legacy121_v1,9G7C_224_4wj_cryoEM_A,petfold,unmatched_predicted_stem,,"[150,167]",,5,,,,,none,
legacy121_v1__9g7c_224_4wj_cryoem_a__legacy_gt__petfold__historical_legacy121_v1,9G7C_224_4wj_cryoEM_A,petfold,unmatched_predicted_stem,,"[176,197]",,5,,,,,none,
legacy121_v1__9g7c_224_4wj_cryoem_a__legacy_gt__rnafold__historical_legacy121_v1,9G7C_224_4wj_cryoEM_A,rnafold,exact,"[1,222]","[1,222]",8,8,8,8,8,0,none,
legacy121_v1__9g7c_224_4wj_cryoem_a__legacy_gt__rnafold__historical_legacy121_v1,9G7C_224_4wj_cryoEM_A,rnafold,stem_extension,"[59,74]","[58,75]",5,6,5,5,5,0,outer,
legacy121_v1__9g7c_224_4wj_cryoem_a__legacy_gt__rnafold__historical_legacy121_v1,9G7C_224_4wj_cryoEM_A,rnafold,stem_extension,"[107,136]","[106,137]",5,6,5,5,5,0,outer,
legacy121_v1__9g7c_224_4wj_cryoem_a__legacy_gt__rnafold__historical_legacy121_v1,9G7C_224_4wj_cryoEM_A,rnafold,exact,"[113,130]","[113,130]",6,6,6,6,6,0,none,
legacy121_v1__9g7c_224_4wj_cryoem_a__legacy_gt__rnafold__historical_legacy121_v1,9G7C_224_4wj_cryoEM_A,rnafold,stem_missing,"[11,214]",,3,,,,,,none,
legacy121_v1__9g7c_224_4wj_cryoem_a__legacy_gt__rnafold__historical_legacy121_v1,9G7C_224_4wj_cryoEM_A,rnafold,stem_missing,"[15,207]",,3,,,,,,none,
legacy121_v1__9g7c_224_4wj_cryoem_a__legacy_gt__rnafold__historical_legacy121_v1,9G7C_224_4wj_cryoEM_A,rnafold,stem_missing,"[23,49]",,4,,,,,,none,
legacy121_v1__9g7c_224_4wj_cryoem_a__legacy_gt__rnafold__historical_legacy121_v1,9G7C_224_4wj_cryoEM_A,rnafold,stem_missing,"[29,41]",,3,,,,,,none,
legacy121_v1__9g7c_224_4wj_cryoem_a__legacy_gt__rnafold__historical_legacy121_v1,9G7C_224_4wj_cryoEM_A,rnafold,stem_missing,"[33,89]",,6,,,,,,none,
legacy121_v1__9g7c_224_4wj_cryoem_a__legacy_gt__rnafold__historical_legacy121_v1,9G7C_224_4wj_cryoEM_A,rnafold,stem_missing,"[51,195]",,3,,,,,,none,
legacy121_v1__9g7c_224_4wj_cryoem_a__legacy_gt__rnafold__historical_legacy121_v1,9G7C_224_4wj_cryoEM_A,rnafold,stem_missing,"[103,186]",,3,,,,,,none,
legacy121_v1__9g7c_224_4wj_cryoem_a__legacy_gt__rnafold__historical_legacy121_v1,9G7C_224_4wj_cryoEM_A,rnafold,stem_missing,"[140,180]",,4,,,,,,none,
legacy121_v1__9g7c_224_4wj_cryoem_a__legacy_gt__rnafold__historical_legacy121_v1,9G7C_224_4wj_cryoEM_A,rnafold,stem_missing,"[149,172]",,2,,,,,,none,
legacy121_v1__9g7c_224_4wj_cryoem_a__legacy_gt__rnafold__historical_legacy121_v1,9G7C_224_4wj_cryoEM_A,rnafold,stem_missing,"[155,165]",,3,,,,,,none,
legacy121_v1__9g7c_224_4wj_cryoem_a__legacy_gt__rnafold__historical_legacy121_v1,9G7C_224_4wj_cryoEM_A,rnafold,unmatched_predicted_stem,,"[9,41]",,11,,,,,none,
legacy121_v1__9g7c_224_4wj_cryoem_a__legacy_gt__rnafold__historical_legacy121_v1,9G7C_224_4wj_cryoEM_A,rnafold,unmatched_predicted_stem,,"[46,87]",,2,,,,,none,
legacy121_v1__9g7c_224_4wj_cryoem_a__legacy_gt__rnafold__historical_legacy121_v1,9G7C_224_4wj_cryoEM_A,rnafold,unmatched_predicted_stem,,"[50,83]",,3,,,,,none,
legacy121_v1__9g7c_224_4wj_cryoem_a__legacy_gt__rnafold__historical_legacy121_v1,9G7C_224_4wj_cryoEM_A,rnafold,unmatched_predicted_stem,,"[88,101]",,5,,,,,none,
legacy121_v1__9g7c_224_4wj_cryoem_a__legacy_gt__rnafold__historical_legacy121_v1,9G7C_224_4wj_cryoEM_A,rnafold,unmatched_predicted_stem,,"[103,140]",,2,,,,,none,
legacy121_v1__9g7c_224_4wj_cryoem_a__legacy_gt__rnafold__historical_legacy121_v1,9G7C_224_4wj_cryoEM_A,rnafold,unmatched_predicted_stem,,"[143,172]",,2,,,,,none,
legacy121_v1__9g7c_224_4wj_cryoem_a__legacy_gt__rnafold__historical_legacy121_v1,9G7C_224_4wj_cryoEM_A,rnafold,unmatched_predicted_stem,,"[147,170]",,2,,,,,none,
legacy121_v1__9g7c_224_4wj_cryoem_a__legacy_gt__rnafold__historical_legacy121_v1,9G7C_224_4wj_cryoEM_A,rnafold,unmatched_predicted_stem,,"[150,167]",,5,,,,,none,
legacy121_v1__9g7c_224_4wj_cryoem_a__legacy_gt__rnafold__historical_legacy121_v1,9G7C_224_4wj_cryoEM_A,rnafold,unmatched_predicted_stem,,"[176,197]",,5,,,,,none,
legacy121_v1__9g7c_224_4wj_cryoem_a__legacy_gt__trrosettarna2_native_ss__historical_legacy121_v1,9G7C_224_4wj_cryoEM_A,trrosettarna2_native_ss,exact,"[1,222]","[1,222]",8,8,8,8,8,0,none,
legacy121_v1__9g7c_224_4wj_cryoem_a__legacy_gt__trrosettarna2_native_ss__historical_legacy121_v1,9G7C_224_4wj_cryoEM_A,trrosettarna2_native_ss,stem_extension,"[15,207]","[15,207]",3,5,3,3,3,0,inner,
legacy121_v1__9g7c_224_4wj_cryoem_a__legacy_gt__trrosettarna2_native_ss__historical_legacy121_v1,9G7C_224_4wj_cryoEM_A,trrosettarna2_native_ss,complex_mismatch,"[59,74]","[57,76]",5,6,4,4,4,0,none,
legacy121_v1__9g7c_224_4wj_cryoem_a__legacy_gt__trrosettarna2_native_ss__historical_legacy121_v1,9G7C_224_4wj_cryoEM_A,trrosettarna2_native_ss,stem_extension,"[103,186]","[102,187]",3,5,3,3,3,0,both,
legacy121_v1__9g7c_224_4wj_cryoem_a__legacy_gt__trrosettarna2_native_ss__historical_legacy121_v1,9G7C_224_4wj_cryoEM_A,trrosettarna2_native_ss,exact,"[113,130]","[113,130]",6,6,6,6,6,0,none,
legacy121_v1__9g7c_224_4wj_cryoem_a__legacy_gt__trrosettarna2_native_ss__historical_legacy121_v1,9G7C_224_4wj_cryoEM_A,trrosettarna2_native_ss,stem_missing,"[11,214]",,3,,,,,,none,
legacy121_v1__9g7c_224_4wj_cryoem_a__legacy_gt__trrosettarna2_native_ss__historical_legacy121_v1,9G7C_224_4wj_cryoEM_A,trrosettarna2_native_ss,stem_missing,"[23,49]",,4,,,,,,none,
legacy121_v1__9g7c_224_4wj_cryoem_a__legacy_gt__trrosettarna2_native_ss__historical_legacy121_v1,9G7C_224_4wj_cryoEM_A,trrosettarna2_native_ss,stem_missing,"[29,41]",,3,,,,,,none,
legacy121_v1__9g7c_224_4wj_cryoem_a__legacy_gt__trrosettarna2_native_ss__historical_legacy121_v1,9G7C_224_4wj_cryoEM_A,trrosettarna2_native_ss,stem_missing,"[33,89]",,6,,,,,,none,
legacy121_v1__9g7c_224_4wj_cryoem_a__legacy_gt__trrosettarna2_native_ss__historical_legacy121_v1,9G7C_224_4wj_cryoEM_A,trrosettarna2_native_ss,stem_missing,"[51,195]",,3,,,,,,none,
legacy121_v1__9g7c_224_4wj_cryoem_a__legacy_gt__trrosettarna2_native_ss__historical_legacy121_v1,9G7C_224_4wj_cryoEM_A,trrosettarna2_native_ss,stem_missing,"[107,136]",,5,,,,,,none,
legacy121_v1__9g7c_224_4wj_cryoem_a__legacy_gt__trrosettarna2_native_ss__historical_legacy121_v1,9G7C_224_4wj_cryoEM_A,trrosettarna2_native_ss,stem_missing,"[140,180]",,4,,,,,,none,
legacy121_v1__9g7c_224_4wj_cryoem_a__legacy_gt__trrosettarna2_native_ss__historical_legacy121_v1,9G7C_224_4wj_cryoEM_A,trrosettarna2_native_ss,stem_missing,"[149,172]",,2,,,,,,none,
legacy121_v1__9g7c_224_4wj_cryoem_a__legacy_gt__trrosettarna2_native_ss__historical_legacy121_v1,9G7C_224_4wj_cryoEM_A,trrosettarna2_native_ss,stem_missing,"[155,165]",,3,,,,,,none,
legacy121_v1__9obm_73_hp_nmr_a__legacy_gt__petfold__historical_legacy121_v1,9OBM_73_hp_nmr_A,petfold,stem_extension,"[10,61]","[10,61]",16,17,16,16,16,0,inner,
legacy121_v1__9obm_73_hp_nmr_a__legacy_gt__petfold__historical_legacy121_v1,9OBM_73_hp_nmr_A,petfold,stem_truncation,"[27,45]","[28,44]",4,3,3,3,3,0,outer,
legacy121_v1__9obm_73_hp_nmr_a__legacy_gt__petfold__historical_legacy121_v1,9OBM_73_hp_nmr_A,petfold,complex_mismatch,"[0,72]",,5,,,,,,none,ambiguous_001
legacy121_v1__9obm_73_hp_nmr_a__legacy_gt__petfold__historical_legacy121_v1,9OBM_73_hp_nmr_A,petfold,complex_mismatch,"[6,66]",,3,,,,,,none,ambiguous_001
legacy121_v1__9obm_73_hp_nmr_a__legacy_gt__petfold__historical_legacy121_v1,9OBM_73_hp_nmr_A,petfold,complex_mismatch,,"[0,72]",,9,,,,,none,ambiguous_001
legacy121_v1__9obm_73_hp_nmr_a__legacy_gt__rnafold__historical_legacy121_v1,9OBM_73_hp_nmr_A,rnafold,exact,"[0,72]","[0,72]",5,5,5,5,5,0,none,
legacy121_v1__9obm_73_hp_nmr_a__legacy_gt__rnafold__historical_legacy121_v1,9OBM_73_hp_nmr_A,rnafold,exact,"[6,66]","[6,66]",3,3,3,3,3,0,none,
legacy121_v1__9obm_73_hp_nmr_a__legacy_gt__rnafold__historical_legacy121_v1,9OBM_73_hp_nmr_A,rnafold,stem_extension,"[10,61]","[10,61]",16,17,16,16,16,0,inner,
legacy121_v1__9obm_73_hp_nmr_a__legacy_gt__rnafold__historical_legacy121_v1,9OBM_73_hp_nmr_A,rnafold,stem_truncation,"[27,45]","[28,44]",4,3,3,3,3,0,outer,
legacy121_v1__9obm_73_hp_nmr_a__legacy_gt__trrosettarna2_native_ss__historical_legacy121_v1,9OBM_73_hp_nmr_A,trrosettarna2_native_ss,stem_extension,"[10,61]","[10,61]",16,17,16,16,16,0,inner,
legacy121_v1__9obm_73_hp_nmr_a__legacy_gt__trrosettarna2_native_ss__historical_legacy121_v1,9OBM_73_hp_nmr_A,trrosettarna2_native_ss,stem_truncation,"[27,45]","[28,44]",4,3,3,3,3,0,outer,
legacy121_v1__9obm_73_hp_nmr_a__legacy_gt__trrosettarna2_native_ss__historical_legacy121_v1,9OBM_73_hp_nmr_A,trrosettarna2_native_ss,complex_mismatch,"[0,72]",,5,,,,,,none,ambiguous_001
legacy121_v1__9obm_73_hp_nmr_a__legacy_gt__trrosettarna2_native_ss__historical_legacy121_v1,9OBM_73_hp_nmr_A,trrosettarna2_native_ss,complex_mismatch,"[6,66]",,3,,,,,,none,ambiguous_001
legacy121_v1__9obm_73_hp_nmr_a__legacy_gt__trrosettarna2_native_ss__historical_legacy121_v1,9OBM_73_hp_nmr_A,trrosettarna2_native_ss,complex_mismatch,,"[0,72]",,9,,,,,none,ambiguous_001
legacy121_v1__9od4_23_hp_nmr_a__legacy_gt__petfold__historical_legacy121_v1,9OD4_23_hp_nmr_A,petfold,exact,"[0,22]","[0,22]",6,6,6,6,6,0,none,
legacy121_v1__9od4_23_hp_nmr_a__legacy_gt__petfold__historical_legacy121_v1,9OD4_23_hp_nmr_A,petfold,stem_extension,"[7,15]","[7,15]",2,3,2,2,2,0,inner,
legacy121_v1__9od4_23_hp_nmr_a__legacy_gt__rnafold__historical_legacy121_v1,9OD4_23_hp_nmr_A,rnafold,exact,"[0,22]","[0,22]",6,6,6,6,6,0,none,
legacy121_v1__9od4_23_hp_nmr_a__legacy_gt__rnafold__historical_legacy121_v1,9OD4_23_hp_nmr_A,rnafold,stem_extension,"[7,15]","[7,15]",2,3,2,2,2,0,inner,
legacy121_v1__9od4_23_hp_nmr_a__legacy_gt__trrosettarna2_native_ss__historical_legacy121_v1,9OD4_23_hp_nmr_A,trrosettarna2_native_ss,complex_mismatch,"[0,22]",,6,,,,,,none,ambiguous_001
legacy121_v1__9od4_23_hp_nmr_a__legacy_gt__trrosettarna2_native_ss__historical_legacy121_v1,9OD4_23_hp_nmr_A,trrosettarna2_native_ss,complex_mismatch,"[7,15]",,2,,,,,,none,ambiguous_001
legacy121_v1__9od4_23_hp_nmr_a__legacy_gt__trrosettarna2_native_ss__historical_legacy121_v1,9OD4_23_hp_nmr_A,trrosettarna2_native_ss,complex_mismatch,,"[0,22]",,9,,,,,none,ambiguous_001
