condition,evidence_channel,density_percent,source_model,scope,scope_domain,scope_universe_pair_count_mean,scope_universe_pair_count_std,scope_universe_pair_count_min,scope_universe_pair_count_max,direct_evidence_item_count_mean,direct_evidence_item_count_std,direct_evidence_item_count_min,direct_evidence_item_count_max,direct_compliant_before_count_mean,direct_compliant_before_count_std,direct_compliant_before_count_min,direct_compliant_before_count_max,direct_compliant_after_count_mean,direct_compliant_after_count_std,direct_compliant_after_count_min,direct_compliant_after_count_max,macro_precision_mean,macro_precision_std,macro_precision_min,macro_precision_max,macro_recall_mean,macro_recall_std,macro_recall_min,macro_recall_max,macro_f1_mean,macro_f1_std,macro_f1_min,macro_f1_max,micro_precision_mean,micro_precision_std,micro_precision_min,micro_precision_max,micro_recall_mean,micro_recall_std,micro_recall_min,micro_recall_max,micro_f1_mean,micro_f1_std,micro_f1_min,micro_f1_max,macro_delta_f1_mean,macro_delta_f1_std,macro_delta_f1_min,macro_delta_f1_max,micro_delta_f1_mean,micro_delta_f1_std,micro_delta_f1_min,micro_delta_f1_max,beneficial_edits_mean,beneficial_edits_std,beneficial_edits_min,beneficial_edits_max,harmful_edits_mean,harmful_edits_std,harmful_edits_min,harmful_edits_max,modified_pair_count_mean,modified_pair_count_std,modified_pair_count_min,modified_pair_count_max,correct_pair_preservation_mean,correct_pair_preservation_std,correct_pair_preservation_min,correct_pair_preservation_max
ORIGINAL,POSITIVE_PAIR_EVIDENCE,0,petfold,DIRECT_EVIDENCE_EFFECT,pair,0.0,0.0,0.0,0.0,0.0,0.0,0.0,0.0,0.0,0.0,0.0,0.0,0.0,0.0,0.0,0.0,1.0,0.0,1.0,1.0,1.0,0.0,1.0,1.0,1.0,0.0,1.0,1.0,1.0,0.0,1.0,1.0,1.0,0.0,1.0,1.0,1.0,0.0,1.0,1.0,0.0,0.0,0.0,0.0,0.0,0.0,0.0,0.0,0.0,0.0,0.0,0.0,0.0,0.0,0.0,0.0,0.0,0.0,0.0,0.0,1.0,0.0,1.0,1.0
ORIGINAL,POSITIVE_PAIR_EVIDENCE,0,petfold,LOCAL_CONFLICT_EFFECT,pair,0.0,0.0,0.0,0.0,0.0,0.0,0.0,0.0,0.0,0.0,0.0,0.0,0.0,0.0,0.0,0.0,1.0,0.0,1.0,1.0,1.0,0.0,1.0,1.0,1.0,0.0,1.0,1.0,1.0,0.0,1.0,1.0,1.0,0.0,1.0,1.0,1.0,0.0,1.0,1.0,0.0,0.0,0.0,0.0,0.0,0.0,0.0,0.0,0.0,0.0,0.0,0.0,0.0,0.0,0.0,0.0,0.0,0.0,0.0,0.0,1.0,0.0,1.0,1.0
ORIGINAL,POSITIVE_PAIR_EVIDENCE,0,petfold,NON_EVIDENCED_EFFECT,pair,1917.0,0.0,1917.0,1917.0,0.0,0.0,0.0,0.0,0.0,0.0,0.0,0.0,0.0,0.0,0.0,0.0,0.8952556023530504,0.0,0.8952556023530504,0.8952556023530504,0.9077787598919441,0.0,0.9077787598919441,0.9077787598919441,0.8968492212485739,0.0,0.8968492212485739,0.8968492212485739,0.8585680751173708,0.0,0.8585680751173709,0.8585680751173709,0.87291169451074,0.0,0.8729116945107399,0.8729116945107399,0.865680473372781,0.0,0.8656804733727811,0.8656804733727811,0.0,0.0,0.0,0.0,0.0,0.0,0.0,0.0,0.0,0.0,0.0,0.0,0.0,0.0,0.0,0.0,0.0,0.0,0.0,0.0,1.0,0.0,1.0,1.0
ORIGINAL,POSITIVE_PAIR_EVIDENCE,0,rnafold,DIRECT_EVIDENCE_EFFECT,pair,0.0,0.0,0.0,0.0,0.0,0.0,0.0,0.0,0.0,0.0,0.0,0.0,0.0,0.0,0.0,0.0,1.0,0.0,1.0,1.0,1.0,0.0,1.0,1.0,1.0,0.0,1.0,1.0,1.0,0.0,1.0,1.0,1.0,0.0,1.0,1.0,1.0,0.0,1.0,1.0,0.0,0.0,0.0,0.0,0.0,0.0,0.0,0.0,0.0,0.0,0.0,0.0,0.0,0.0,0.0,0.0,0.0,0.0,0.0,0.0,1.0,0.0,1.0,1.0
ORIGINAL,POSITIVE_PAIR_EVIDENCE,0,rnafold,LOCAL_CONFLICT_EFFECT,pair,0.0,0.0,0.0,0.0,0.0,0.0,0.0,0.0,0.0,0.0,0.0,0.0,0.0,0.0,0.0,0.0,1.0,0.0,1.0,1.0,1.0,0.0,1.0,1.0,1.0,0.0,1.0,1.0,1.0,0.0,1.0,1.0,1.0,0.0,1.0,1.0,1.0,0.0,1.0,1.0,0.0,0.0,0.0,0.0,0.0,0.0,0.0,0.0,0.0,0.0,0.0,0.0,0.0,0.0,0.0,0.0,0.0,0.0,0.0,0.0,1.0,0.0,1.0,1.0
ORIGINAL,POSITIVE_PAIR_EVIDENCE,0,rnafold,NON_EVIDENCED_EFFECT,pair,1896.0,0.0,1896.0,1896.0,0.0,0.0,0.0,0.0,0.0,0.0,0.0,0.0,0.0,0.0,0.0,0.0,0.9069374161618192,0.0,0.9069374161618192,0.9069374161618192,0.9138670306547281,0.0,0.9138670306547281,0.9138670306547281,0.905817611907956,0.0,0.9058176119079561,0.9058176119079561,0.87005316007088,0.0,0.8700531600708801,0.8700531600708801,0.8788782816229117,0.0,0.8788782816229117,0.8788782816229117,0.8744434550311665,0.0,0.8744434550311665,0.8744434550311665,0.0,0.0,0.0,0.0,0.0,0.0,0.0,0.0,0.0,0.0,0.0,0.0,0.0,0.0,0.0,0.0,0.0,0.0,0.0,0.0,1.0,0.0,1.0,1.0
ORIGINAL,POSITIVE_PAIR_EVIDENCE,0,trrosettarna2_native_ss,DIRECT_EVIDENCE_EFFECT,pair,0.0,0.0,0.0,0.0,0.0,0.0,0.0,0.0,0.0,0.0,0.0,0.0,0.0,0.0,0.0,0.0,1.0,0.0,1.0,1.0,1.0,0.0,1.0,1.0,1.0,0.0,1.0,1.0,1.0,0.0,1.0,1.0,1.0,0.0,1.0,1.0,1.0,0.0,1.0,1.0,0.0,0.0,0.0,0.0,0.0,0.0,0.0,0.0,0.0,0.0,0.0,0.0,0.0,0.0,0.0,0.0,0.0,0.0,0.0,0.0,1.0,0.0,1.0,1.0
ORIGINAL,POSITIVE_PAIR_EVIDENCE,0,trrosettarna2_native_ss,LOCAL_CONFLICT_EFFECT,pair,0.0,0.0,0.0,0.0,0.0,0.0,0.0,0.0,0.0,0.0,0.0,0.0,0.0,0.0,0.0,0.0,1.0,0.0,1.0,1.0,1.0,0.0,1.0,1.0,1.0,0.0,1.0,1.0,1.0,0.0,1.0,1.0,1.0,0.0,1.0,1.0,1.0,0.0,1.0,1.0,0.0,0.0,0.0,0.0,0.0,0.0,0.0,0.0,0.0,0.0,0.0,0.0,0.0,0.0,0.0,0.0,0.0,0.0,0.0,0.0,1.0,0.0,1.0,1.0
ORIGINAL,POSITIVE_PAIR_EVIDENCE,0,trrosettarna2_native_ss,NON_EVIDENCED_EFFECT,pair,2108.0,0.0,2108.0,2108.0,0.0,0.0,0.0,0.0,0.0,0.0,0.0,0.0,0.0,0.0,0.0,0.0,0.7905636556834104,0.0,0.7905636556834104,0.7905636556834104,0.9120849106151278,0.0,0.9120849106151278,0.9120849106151278,0.842871364213295,0.0,0.8428713642132949,0.8428713642132949,0.7717908082408875,0.0,0.7717908082408875,0.7717908082408875,0.8717183770883054,0.0,0.8717183770883055,0.8717183770883055,0.8187167273746148,0.0,0.8187167273746148,0.8187167273746148,0.0,0.0,0.0,0.0,0.0,0.0,0.0,0.0,0.0,0.0,0.0,0.0,0.0,0.0,0.0,0.0,0.0,0.0,0.0,0.0,1.0,0.0,1.0,1.0
ORIGINAL,POSITIVE_PAIR_EVIDENCE,1,petfold,DIRECT_EVIDENCE_EFFECT,pair,121.0,0.0,121.0,121.0,121.0,0.0,121.0,121.0,111.4,1.2,110.0,113.0,111.4,1.2,110.0,113.0,0.9206611570247933,0.009917355371900844,0.9090909090909091,0.9338842975206612,0.9206611570247933,0.009917355371900844,0.9090909090909091,0.9338842975206612,0.9206611570247933,0.009917355371900844,0.9090909090909091,0.9338842975206612,1.0,0.0,1.0,1.0,0.9206611570247933,0.009917355371900844,0.9090909090909091,0.9338842975206612,0.9586641303379502,0.005380118666376076,0.9523809523809523,0.9658119658119658,0.0,0.0,0.0,0.0,0.0,0.0,0.0,0.0,0.0,0.0,0.0,0.0,0.0,0.0,0.0,0.0,0.0,0.0,0.0,0.0,1.0,0.0,1.0,1.0
ORIGINAL,POSITIVE_PAIR_EVIDENCE,1,petfold,LOCAL_CONFLICT_EFFECT,pair,7.0,1.6733200530681511,4.0,9.0,0.0,0.0,0.0,0.0,0.0,0.0,0.0,0.0,0.0,0.0,0.0,0.0,0.9553719008264462,0.011210462782025225,0.9421487603305785,0.9752066115702479,0.9553719008264462,0.011210462782025225,0.9421487603305785,0.9752066115702479,0.9553719008264462,0.011210462782025225,0.9421487603305785,0.9752066115702479,0.0,0.0,0.0,0.0,0.0,0.0,0.0,0.0,0.0,0.0,0.0,0.0,0.0,0.0,0.0,0.0,0.0,0.0,0.0,0.0,0.0,0.0,0.0,0.0,0.0,0.0,0.0,0.0,0.0,0.0,0.0,0.0,1.0,0.0,1.0,1.0
ORIGINAL,POSITIVE_PAIR_EVIDENCE,1,petfold,NON_EVIDENCED_EFFECT,pair,1789.0,1.6733200530681511,1787.0,1792.0,0.0,0.0,0.0,0.0,0.0,0.0,0.0,0.0,0.0,0.0,0.0,0.0,0.8911562864564058,0.0005974858792400645,0.8904042597109907,0.8921977651647299,0.9065811967180682,0.0016863589091320598,0.9044304982826449,0.9090664385590811,0.8934702723956185,0.001373120781128617,0.8918060853838556,0.895708435032767,0.8524222683683573,0.0009803242186127695,0.8506616257088847,0.853627760252366,0.8691961414790997,0.0007717041800643291,0.8681672025723473,0.8700964630225081,0.8607273670944927,0.0008233286049005887,0.8593252705283259,0.8617834394904459,0.0,0.0,0.0,0.0,0.0,0.0,0.0,0.0,0.0,0.0,0.0,0.0,0.0,0.0,0.0,0.0,0.0,0.0,0.0,0.0,1.0,0.0,1.0,1.0
ORIGINAL,POSITIVE_PAIR_EVIDENCE,1,rnafold,DIRECT_EVIDENCE_EFFECT,pair,121.0,0.0,121.0,121.0,121.0,0.0,121.0,121.0,112.2,0.7483314773547883,111.0,113.0,112.2,0.7483314773547883,111.0,113.0,0.9272727272727274,0.006184557664089139,0.9173553719008265,0.9338842975206612,0.9272727272727274,0.006184557664089139,0.9173553719008265,0.9338842975206612,0.9272727272727274,0.006184557664089139,0.9173553719008265,0.9338842975206612,1.0,0.0,1.0,1.0,0.9272727272727274,0.006184557664089139,0.9173553719008265,0.9338842975206612,0.9622534528927899,0.0033338097710886947,0.9568965517241379,0.9658119658119658,0.0,0.0,0.0,0.0,0.0,0.0,0.0,0.0,0.0,0.0,0.0,0.0,0.0,0.0,0.0,0.0,0.0,0.0,0.0,0.0,1.0,0.0,1.0,1.0
ORIGINAL,POSITIVE_PAIR_EVIDENCE,1,rnafold,LOCAL_CONFLICT_EFFECT,pair,5.8,1.6,4.0,8.0,0.0,0.0,0.0,0.0,0.0,0.0,0.0,0.0,0.0,0.0,0.0,0.0,0.965289256198347,0.013223140495867754,0.9504132231404959,0.9834710743801653,0.965289256198347,0.013223140495867754,0.9504132231404959,0.9834710743801653,0.965289256198347,0.013223140495867754,0.9504132231404959,0.9834710743801653,0.0,0.0,0.0,0.0,0.0,0.0,0.0,0.0,0.0,0.0,0.0,0.0,0.0,0.0,0.0,0.0,0.0,0.0,0.0,0.0,0.0,0.0,0.0,0.0,0.0,0.0,0.0,0.0,0.0,0.0,0.0,0.0,1.0,0.0,1.0,1.0
ORIGINAL,POSITIVE_PAIR_EVIDENCE,1,rnafold,NON_EVIDENCED_EFFECT,pair,1769.2,1.6,1767.0,1771.0,0.0,0.0,0.0,0.0,0.0,0.0,0.0,0.0,0.0,0.0,0.0,0.0,0.9031387960927605,0.0009995029225347543,0.90131480501018,0.9042564349791656,0.9128191812843222,0.0014271100127798639,0.9110955251074918,0.9152149364583081,0.9027023660818132,0.001214508408293438,0.9015394551436562,0.9049027958173762,0.864000638200473,0.0009202491466090157,0.8629441624365483,0.8652256834075016,0.8751125401929262,0.00048124210762365565,0.8745980707395499,0.8758842443729904,0.8695209496517993,0.0006504436056839083,0.868732034493772,0.8702046035805626,0.0,0.0,0.0,0.0,0.0,0.0,0.0,0.0,0.0,0.0,0.0,0.0,0.0,0.0,0.0,0.0,0.0,0.0,0.0,0.0,1.0,0.0,1.0,1.0
ORIGINAL,POSITIVE_PAIR_EVIDENCE,1,trrosettarna2_native_ss,DIRECT_EVIDENCE_EFFECT,pair,121.0,0.0,121.0,121.0,121.0,0.0,121.0,121.0,111.2,1.6,109.0,113.0,111.2,1.6,109.0,113.0,0.9190082644628099,0.013223140495867772,0.9008264462809917,0.9338842975206612,0.9190082644628099,0.013223140495867772,0.9008264462809917,0.9338842975206612,0.9190082644628099,0.013223140495867772,0.9008264462809917,0.9338842975206612,1.0,0.0,1.0,1.0,0.9190082644628099,0.013223140495867772,0.9008264462809917,0.9338842975206612,0.9577455045371087,0.007183725786113645,0.9478260869565217,0.9658119658119658,0.0,0.0,0.0,0.0,0.0,0.0,0.0,0.0,0.0,0.0,0.0,0.0,0.0,0.0,0.0,0.0,0.0,0.0,0.0,0.0,1.0,0.0,1.0,1.0
ORIGINAL,POSITIVE_PAIR_EVIDENCE,1,trrosettarna2_native_ss,LOCAL_CONFLICT_EFFECT,pair,17.4,1.7435595774162693,15.0,20.0,0.0,0.0,0.0,0.0,0.0,0.0,0.0,0.0,0.0,0.0,0.0,0.0,0.9239669421487603,0.009637937016273227,0.9090909090909091,0.9338842975206612,0.9239669421487603,0.009637937016273227,0.9090909090909091,0.9338842975206612,0.9239669421487603,0.009637937016273227,0.9090909090909091,0.9338842975206612,0.0,0.0,0.0,0.0,0.0,0.0,0.0,0.0,0.0,0.0,0.0,0.0,0.0,0.0,0.0,0.0,0.0,0.0,0.0,0.0,0.0,0.0,0.0,0.0,0.0,0.0,0.0,0.0,0.0,0.0,0.0,0.0,1.0,0.0,1.0,1.0
ORIGINAL,POSITIVE_PAIR_EVIDENCE,1,trrosettarna2_native_ss,NON_EVIDENCED_EFFECT,pair,1969.6,1.7435595774162693,1967.0,1972.0,0.0,0.0,0.0,0.0,0.0,0.0,0.0,0.0,0.0,0.0,0.0,0.0,0.7796972809055178,0.0014449508985769535,0.7778040998959983,0.7814591952970323,0.9117748567400834,0.0012545765704947349,0.9099486932521822,0.9133313646700443,0.8356335905717854,0.0013278558171430385,0.8337729182071006,0.8371391250325969,0.7650193675203794,0.0009625151017539727,0.7637393767705383,0.7664399092970522,0.8680385852090031,0.0010289389067524273,0.8668810289389067,0.8694533762057878,0.8132795478388395,0.0009895466850280748,0.8120481927710843,0.8147032238626092,0.0,0.0,0.0,0.0,0.0,0.0,0.0,0.0,0.0,0.0,0.0,0.0,0.0,0.0,0.0,0.0,0.0,0.0,0.0,0.0,1.0,0.0,1.0,1.0
ORIGINAL,POSITIVE_PAIR_EVIDENCE,5,petfold,DIRECT_EVIDENCE_EFFECT,pair,130.0,0.0,130.0,130.0,130.0,0.0,130.0,130.0,116.6,3.1368774282716245,111.0,120.0,116.6,3.1368774282716245,111.0,120.0,0.9223140495867769,0.024848423765905632,0.8760330578512396,0.9421487603305785,0.9115702479338843,0.023608027862951575,0.8677685950413223,0.9338842975206612,0.914931129476584,0.02397067828135238,0.8702479338842974,0.9363636363636363,1.0,0.0,1.0,1.0,0.8969230769230769,0.024129826371320204,0.8538461538461538,0.9230769230769231,0.9454885941691545,0.013553363413502908,0.921161825726141,0.96,0.0,0.0,0.0,0.0,0.0,0.0,0.0,0.0,0.0,0.0,0.0,0.0,0.0,0.0,0.0,0.0,0.0,0.0,0.0,0.0,1.0,0.0,1.0,1.0
ORIGINAL,POSITIVE_PAIR_EVIDENCE,5,petfold,LOCAL_CONFLICT_EFFECT,pair,10.4,2.939387691339814,8.0,16.0,0.0,0.0,0.0,0.0,0.0,0.0,0.0,0.0,0.0,0.0,0.0,0.0,0.947107438016529,0.012369115328178325,0.9256198347107438,0.9586776859504132,0.947107438016529,0.012369115328178325,0.9256198347107438,0.9586776859504132,0.947107438016529,0.012369115328178325,0.9256198347107438,0.9586776859504132,0.0,0.0,0.0,0.0,0.0,0.0,0.0,0.0,0.0,0.0,0.0,0.0,0.0,0.0,0.0,0.0,0.0,0.0,0.0,0.0,0.0,0.0,0.0,0.0,0.0,0.0,0.0,0.0,0.0,0.0,0.0,0.0,1.0,0.0,1.0,1.0
ORIGINAL,POSITIVE_PAIR_EVIDENCE,5,petfold,NON_EVIDENCED_EFFECT,pair,1776.6,2.939387691339814,1771.0,1779.0,0.0,0.0,0.0,0.0,0.0,0.0,0.0,0.0,0.0,0.0,0.0,0.0,0.8912557673794602,0.0019190452976987234,0.8899712957745531,0.8950772939006734,0.9072813767235305,0.002373040393680995,0.9052066653186405,0.911774942502721,0.8941064820190606,0.0024734259213911513,0.8921515304830517,0.8988818889270708,0.8537730292144141,0.0018558476488437028,0.8521573604060914,0.8573240329740013,0.8708926261319535,0.0020290280907319523,0.8686934023285899,0.8745148771021992,0.8622476871476128,0.001903371317661904,0.860345932094811,0.8658341338456612,0.0,0.0,0.0,0.0,0.0,0.0,0.0,0.0,0.0,0.0,0.0,0.0,0.0,0.0,0.0,0.0,0.0,0.0,0.0,0.0,1.0,0.0,1.0,1.0
ORIGINAL,POSITIVE_PAIR_EVIDENCE,5,rnafold,DIRECT_EVIDENCE_EFFECT,pair,130.0,0.0,130.0,130.0,130.0,0.0,130.0,130.0,116.6,3.5552777669262356,110.0,120.0,116.6,3.5552777669262356,110.0,120.0,0.9239669421487603,0.025819007193079845,0.8760330578512396,0.9421487603305785,0.912396694214876,0.025792539726160718,0.8636363636363636,0.9338842975206612,0.9160330578512397,0.02575096039147688,0.8674931129476584,0.9363636363636363,1.0,0.0,1.0,1.0,0.8969230769230769,0.027348290514817204,0.8461538461538461,0.9230769230769231,0.9454384587918945,0.01543593849236481,0.9166666666666666,0.96,0.0,0.0,0.0,0.0,0.0,0.0,0.0,0.0,0.0,0.0,0.0,0.0,0.0,0.0,0.0,0.0,0.0,0.0,0.0,0.0,1.0,0.0,1.0,1.0
ORIGINAL,POSITIVE_PAIR_EVIDENCE,5,rnafold,LOCAL_CONFLICT_EFFECT,pair,9.6,2.727636339397171,6.0,14.0,0.0,0.0,0.0,0.0,0.0,0.0,0.0,0.0,0.0,0.0,0.0,0.0,0.9504132231404959,0.012803250731264188,0.9256198347107438,0.9586776859504132,0.9504132231404959,0.012803250731264188,0.9256198347107438,0.9586776859504132,0.9504132231404959,0.012803250731264188,0.9256198347107438,0.9586776859504132,0.0,0.0,0.0,0.0,0.0,0.0,0.0,0.0,0.0,0.0,0.0,0.0,0.0,0.0,0.0,0.0,0.0,0.0,0.0,0.0,0.0,0.0,0.0,0.0,0.0,0.0,0.0,0.0,0.0,0.0,0.0,0.0,1.0,0.0,1.0,1.0
ORIGINAL,POSITIVE_PAIR_EVIDENCE,5,rnafold,NON_EVIDENCED_EFFECT,pair,1756.4,2.727636339397171,1752.0,1760.0,0.0,0.0,0.0,0.0,0.0,0.0,0.0,0.0,0.0,0.0,0.0,0.0,0.9035322606931409,0.0018635211970206588,0.902235455837893,0.9072210326019013,0.9137148499113985,0.0022890538155443986,0.911876075589953,0.9180911136378032,0.903587740401794,0.002433638355854012,0.9017465761691469,0.9083110134035686,0.8657127604372536,0.0017963142695480016,0.8634333120612636,0.868706182281708,0.8773609314359637,0.0022996622037038932,0.8751617076326003,0.8816300129366106,0.8714977697730314,0.0020249422336156655,0.8692579505300353,0.8751203852327448,0.0,0.0,0.0,0.0,0.0,0.0,0.0,0.0,0.0,0.0,0.0,0.0,0.0,0.0,0.0,0.0,0.0,0.0,0.0,0.0,1.0,0.0,1.0,1.0
ORIGINAL,POSITIVE_PAIR_EVIDENCE,5,trrosettarna2_native_ss,DIRECT_EVIDENCE_EFFECT,pair,130.0,0.0,130.0,130.0,130.0,0.0,130.0,130.0,117.4,2.0591260281974,114.0,120.0,117.4,2.0591260281974,114.0,120.0,0.9272727272727274,0.01685626285485219,0.9008264462809917,0.9504132231404959,0.9206611570247933,0.012026931103549894,0.9008264462809917,0.9380165289256198,0.9227548209366392,0.013485235392350801,0.9008264462809917,0.9418732782369146,1.0,0.0,1.0,1.0,0.9030769230769231,0.015839430986133857,0.8769230769230769,0.9230769230769231,0.9489972729572301,0.00877811117049019,0.9344262295081968,0.96,0.0,0.0,0.0,0.0,0.0,0.0,0.0,0.0,0.0,0.0,0.0,0.0,0.0,0.0,0.0,0.0,0.0,0.0,0.0,0.0,1.0,0.0,1.0,1.0
ORIGINAL,POSITIVE_PAIR_EVIDENCE,5,trrosettarna2_native_ss,LOCAL_CONFLICT_EFFECT,pair,16.6,2.1540659228538015,14.0,20.0,0.0,0.0,0.0,0.0,0.0,0.0,0.0,0.0,0.0,0.0,0.0,0.0,0.9322314049586776,0.006184557664089139,0.9256198347107438,0.9421487603305785,0.9322314049586776,0.006184557664089139,0.9256198347107438,0.9421487603305785,0.9322314049586776,0.006184557664089139,0.9256198347107438,0.9421487603305785,0.0,0.0,0.0,0.0,0.0,0.0,0.0,0.0,0.0,0.0,0.0,0.0,0.0,0.0,0.0,0.0,0.0,0.0,0.0,0.0,0.0,0.0,0.0,0.0,0.0,0.0,0.0,0.0,0.0,0.0,0.0,0.0,1.0,0.0,1.0,1.0
ORIGINAL,POSITIVE_PAIR_EVIDENCE,5,trrosettarna2_native_ss,NON_EVIDENCED_EFFECT,pair,1961.4,2.1540659228538015,1958.0,1964.0,0.0,0.0,0.0,0.0,0.0,0.0,0.0,0.0,0.0,0.0,0.0,0.0,0.7779233606784819,0.000677673150153169,0.7771674277897437,0.7787713929695139,0.9109404978218514,0.0006997178991146216,0.9097647126101173,0.9119349997491873,0.8343893839040699,0.0006535528686977938,0.833346820014421,0.8352315472012845,0.763843259480504,0.0011828402580232893,0.7623649801023309,0.7657760090960773,0.8690815006468305,0.0013319055809814819,0.8673997412677878,0.871280724450194,0.8130711204486513,0.0012273094818156813,0.8114977307110439,0.8151285930408472,0.0,0.0,0.0,0.0,0.0,0.0,0.0,0.0,0.0,0.0,0.0,0.0,0.0,0.0,0.0,0.0,0.0,0.0,0.0,0.0,1.0,0.0,1.0,1.0
ORIGINAL,POSITIVE_PAIR_EVIDENCE,10,petfold,DIRECT_EVIDENCE_EFFECT,pair,180.0,0.0,180.0,180.0,180.0,0.0,180.0,180.0,159.4,3.9293765408777,153.0,165.0,159.4,3.9293765408777,153.0,165.0,0.9438016528925619,0.010964048893736866,0.9256198347107438,0.9586776859504132,0.9130853994490359,0.015478073652379864,0.8896694214876033,0.9353994490358127,0.9228794437885348,0.014366676972474565,0.8996458087367178,0.9430670339761249,1.0,0.0,1.0,1.0,0.8855555555555557,0.021829869671542778,0.85,0.9166666666666666,0.9391619792335651,0.012324604983520672,0.918918918918919,0.9565217391304348,0.0,0.0,0.0,0.0,0.0,0.0,0.0,0.0,0.0,0.0,0.0,0.0,0.0,0.0,0.0,0.0,0.0,0.0,0.0,0.0,1.0,0.0,1.0,1.0
ORIGINAL,POSITIVE_PAIR_EVIDENCE,10,petfold,LOCAL_CONFLICT_EFFECT,pair,16.4,2.0591260281974,14.0,20.0,0.0,0.0,0.0,0.0,0.0,0.0,0.0,0.0,0.0,0.0,0.0,0.0,0.9322314049586776,0.006184557664089139,0.9256198347107438,0.9421487603305785,0.9322314049586776,0.006184557664089139,0.9256198347107438,0.9421487603305785,0.9322314049586776,0.006184557664089139,0.9256198347107438,0.9421487603305785,0.0,0.0,0.0,0.0,0.0,0.0,0.0,0.0,0.0,0.0,0.0,0.0,0.0,0.0,0.0,0.0,0.0,0.0,0.0,0.0,0.0,0.0,0.0,0.0,0.0,0.0,0.0,0.0,0.0,0.0,0.0,0.0,1.0,0.0,1.0,1.0
ORIGINAL,POSITIVE_PAIR_EVIDENCE,10,petfold,NON_EVIDENCED_EFFECT,pair,1720.6,2.0591260281974,1717.0,1723.0,0.0,0.0,0.0,0.0,0.0,0.0,0.0,0.0,0.0,0.0,0.0,0.0,0.8896347718335897,0.0011531218097127409,0.888566614721391,0.8918505260915072,0.9068147422202365,0.0019524074678008846,0.905098045227351,0.9101616356814978,0.8930237302147235,0.0016161137100992868,0.8915746039271649,0.8959016920866972,0.8530282407994001,0.001478395694356288,0.8516339869281045,0.8556499020248204,0.8713903743315509,0.0026265885968433547,0.8676470588235294,0.8756684491978609,0.8621109762235205,0.0019948873456166385,0.8596026490066225,0.8655434423521638,0.0,0.0,0.0,0.0,0.0,0.0,0.0,0.0,0.0,0.0,0.0,0.0,0.0,0.0,0.0,0.0,0.0,0.0,0.0,0.0,1.0,0.0,1.0,1.0
ORIGINAL,POSITIVE_PAIR_EVIDENCE,10,rnafold,DIRECT_EVIDENCE_EFFECT,pair,180.0,0.0,180.0,180.0,180.0,0.0,180.0,180.0,160.2,3.655133376499413,154.0,165.0,160.2,3.655133376499413,154.0,165.0,0.9487603305785125,0.008097486753002255,0.9338842975206612,0.9586776859504132,0.918870523415978,0.013345394449233727,0.8979338842975207,0.9353994490358127,0.9283890856618129,0.011980921766333658,0.9079102715466352,0.9430670339761249,1.0,0.0,1.0,1.0,0.89,0.02030629653610786,0.8555555555555555,0.9166666666666666,0.941676094215528,0.011434652314607814,0.9221556886227545,0.9565217391304348,0.0,0.0,0.0,0.0,0.0,0.0,0.0,0.0,0.0,0.0,0.0,0.0,0.0,0.0,0.0,0.0,0.0,0.0,0.0,0.0,1.0,0.0,1.0,1.0
ORIGINAL,POSITIVE_PAIR_EVIDENCE,10,rnafold,LOCAL_CONFLICT_EFFECT,pair,15.2,2.039607805437114,13.0,19.0,0.0,0.0,0.0,0.0,0.0,0.0,0.0,0.0,0.0,0.0,0.0,0.0,0.9388429752066116,0.008428131427426093,0.9256198347107438,0.9504132231404959,0.9388429752066116,0.008428131427426093,0.9256198347107438,0.9504132231404959,0.9388429752066116,0.008428131427426093,0.9256198347107438,0.9504132231404959,0.0,0.0,0.0,0.0,0.0,0.0,0.0,0.0,0.0,0.0,0.0,0.0,0.0,0.0,0.0,0.0,0.0,0.0,0.0,0.0,0.0,0.0,0.0,0.0,0.0,0.0,0.0,0.0,0.0,0.0,0.0,0.0,1.0,0.0,1.0,1.0
ORIGINAL,POSITIVE_PAIR_EVIDENCE,10,rnafold,NON_EVIDENCED_EFFECT,pair,1700.8,2.039607805437114,1697.0,1703.0,0.0,0.0,0.0,0.0,0.0,0.0,0.0,0.0,0.0,0.0,0.0,0.0,0.9019605740863655,0.0013888883451785765,0.9002444149675874,0.904450247824899,0.9130090903713818,0.0018766861914632869,0.9110308135379207,0.9162881728557412,0.902418260681981,0.001555683035319868,0.9010906906349005,0.9053908219504532,0.8650487539031626,0.0014583271613812883,0.8636363636363636,0.8677631578947368,0.8775401069518717,0.0024432709735958584,0.8743315508021391,0.8816844919786097,0.871249258533307,0.0019126845246388187,0.8691029900332226,0.8746684350132626,0.0,0.0,0.0,0.0,0.0,0.0,0.0,0.0,0.0,0.0,0.0,0.0,0.0,0.0,0.0,0.0,0.0,0.0,0.0,0.0,1.0,0.0,1.0,1.0
ORIGINAL,POSITIVE_PAIR_EVIDENCE,10,trrosettarna2_native_ss,DIRECT_EVIDENCE_EFFECT,pair,180.0,0.0,180.0,180.0,180.0,0.0,180.0,180.0,158.4,2.1540659228538015,156.0,161.0,158.4,2.1540659228538015,156.0,161.0,0.9322314049586777,0.01096404889373686,0.9173553719008265,0.9504132231404959,0.9113774104683194,0.004988888685218683,0.9055096418732782,0.91831955922865,0.9177174340810705,0.006681851971344639,0.9084677948314313,0.9283746556473829,1.0,0.0,1.0,1.0,0.8800000000000001,0.011967032904743352,0.8666666666666667,0.8944444444444445,0.9361271924208653,0.006758438931544768,0.9285714285714286,0.9442815249266863,0.0,0.0,0.0,0.0,0.0,0.0,0.0,0.0,0.0,0.0,0.0,0.0,0.0,0.0,0.0,0.0,0.0,0.0,0.0,0.0,1.0,0.0,1.0,1.0
ORIGINAL,POSITIVE_PAIR_EVIDENCE,10,trrosettarna2_native_ss,LOCAL_CONFLICT_EFFECT,pair,29.6,0.8,29.0,31.0,0.0,0.0,0.0,0.0,0.0,0.0,0.0,0.0,0.0,0.0,0.0,0.0,0.9107438016528926,0.006184557664089187,0.9008264462809917,0.9173553719008265,0.9107438016528926,0.006184557664089187,0.9008264462809917,0.9173553719008265,0.9107438016528926,0.006184557664089187,0.9008264462809917,0.9173553719008265,0.0,0.0,0.0,0.0,0.0,0.0,0.0,0.0,0.0,0.0,0.0,0.0,0.0,0.0,0.0,0.0,0.0,0.0,0.0,0.0,0.0,0.0,0.0,0.0,0.0,0.0,0.0,0.0,0.0,0.0,0.0,0.0,1.0,0.0,1.0,1.0
ORIGINAL,POSITIVE_PAIR_EVIDENCE,10,trrosettarna2_native_ss,NON_EVIDENCED_EFFECT,pair,1898.4,0.8,1897.0,1899.0,0.0,0.0,0.0,0.0,0.0,0.0,0.0,0.0,0.0,0.0,0.0,0.0,0.7775109963193315,0.0008378641943515462,0.7765999623538032,0.7787471213421125,0.9118870814332094,0.0005975198144037534,0.9110936144123054,0.912796752263793,0.8345392836537051,0.0007644252293150305,0.8336799717911654,0.8357790589842451,0.7639879811115705,0.0005215149040844088,0.7633587786259542,0.764947245017585,0.8707219251336898,0.001439883638271251,0.8689839572192514,0.8723262032085561,0.8138701949513374,0.000872763247996061,0.8127539856205064,0.8151155527795128,0.0,0.0,0.0,0.0,0.0,0.0,0.0,0.0,0.0,0.0,0.0,0.0,0.0,0.0,0.0,0.0,0.0,0.0,0.0,0.0,1.0,0.0,1.0,1.0
ORIGINAL,POSITIVE_PAIR_EVIDENCE,20,petfold,DIRECT_EVIDENCE_EFFECT,pair,338.0,0.0,338.0,338.0,338.0,0.0,338.0,338.0,293.6,2.244994432064365,290.0,296.0,293.6,2.244994432064365,290.0,296.0,0.9669421487603305,0.005226905223418792,0.9586776859504132,0.9752066115702479,0.9058458254326023,0.007572827442226304,0.8923449369730362,0.9129071112542188,0.9252492127726886,0.006177230689635722,0.9154716832888928,0.9320731706551628,1.0,0.0,1.0,1.0,0.8686390532544379,0.006641995361137173,0.8579881656804734,0.8757396449704142,0.9296887939439618,0.0038119319309929288,0.9235668789808917,0.9337539432176656,0.0,0.0,0.0,0.0,0.0,0.0,0.0,0.0,0.0,0.0,0.0,0.0,0.0,0.0,0.0,0.0,0.0,0.0,0.0,0.0,1.0,0.0,1.0,1.0
ORIGINAL,POSITIVE_PAIR_EVIDENCE,20,petfold,LOCAL_CONFLICT_EFFECT,pair,39.2,6.11228271597445,31.0,50.0,0.0,0.0,0.0,0.0,0.0,0.0,0.0,0.0,0.0,0.0,0.0,0.0,0.8975206611570247,0.016194973506004472,0.8677685950413223,0.9090909090909091,0.8975206611570247,0.016194973506004472,0.8677685950413223,0.9090909090909091,0.8975206611570247,0.016194973506004472,0.8677685950413223,0.9090909090909091,0.0,0.0,0.0,0.0,0.0,0.0,0.0,0.0,0.0,0.0,0.0,0.0,0.0,0.0,0.0,0.0,0.0,0.0,0.0,0.0,0.0,0.0,0.0,0.0,0.0,0.0,0.0,0.0,0.0,0.0,0.0,0.0,1.0,0.0,1.0,1.0
ORIGINAL,POSITIVE_PAIR_EVIDENCE,20,petfold,NON_EVIDENCED_EFFECT,pair,1539.8,6.11228271597445,1529.0,1548.0,0.0,0.0,0.0,0.0,0.0,0.0,0.0,0.0,0.0,0.0,0.0,0.0,0.8881603413745986,0.00219261855200696,0.8860153185138084,0.8915699107118342,0.9079105874001353,0.0018489476557909067,0.9057248389103031,0.9107614041923716,0.8927629036821416,0.0017729827609957985,0.8911325868724914,0.8954915709547094,0.8528424046201287,0.003989171651240517,0.8476052249637155,0.8599706744868035,0.8739910313901346,0.0016778732676116339,0.8721973094170403,0.8766816143497758,0.8632846668040643,0.002720842310045967,0.8600883652430045,0.8682457438934122,0.0,0.0,0.0,0.0,0.0,0.0,0.0,0.0,0.0,0.0,0.0,0.0,0.0,0.0,0.0,0.0,0.0,0.0,0.0,0.0,1.0,0.0,1.0,1.0
ORIGINAL,POSITIVE_PAIR_EVIDENCE,20,rnafold,DIRECT_EVIDENCE_EFFECT,pair,338.0,0.0,338.0,338.0,338.0,0.0,338.0,338.0,295.4,1.7435595774162693,293.0,298.0,295.4,1.7435595774162693,293.0,298.0,0.9669421487603305,0.005226905223418792,0.9586776859504132,0.9752066115702479,0.911324699175939,0.008039304184455101,0.8972284831788964,0.9214965475296054,0.9287214797160297,0.006167943833350715,0.9186594046584323,0.9358616453696156,1.0,0.0,1.0,1.0,0.8739644970414201,0.005158460288213808,0.8668639053254438,0.8816568047337278,0.9327358358170091,0.002937444140924497,0.9286846275752774,0.9371069182389937,0.0,0.0,0.0,0.0,0.0,0.0,0.0,0.0,0.0,0.0,0.0,0.0,0.0,0.0,0.0,0.0,0.0,0.0,0.0,0.0,1.0,0.0,1.0,1.0
ORIGINAL,POSITIVE_PAIR_EVIDENCE,20,rnafold,LOCAL_CONFLICT_EFFECT,pair,37.8,5.979966555090421,33.0,49.0,0.0,0.0,0.0,0.0,0.0,0.0,0.0,0.0,0.0,0.0,0.0,0.0,0.9090909090909092,0.011687715391513191,0.8925619834710744,0.9256198347107438,0.9090909090909092,0.011687715391513191,0.8925619834710744,0.9256198347107438,0.9090909090909092,0.011687715391513191,0.8925619834710744,0.9256198347107438,0.0,0.0,0.0,0.0,0.0,0.0,0.0,0.0,0.0,0.0,0.0,0.0,0.0,0.0,0.0,0.0,0.0,0.0,0.0,0.0,0.0,0.0,0.0,0.0,0.0,0.0,0.0,0.0,0.0,0.0,0.0,0.0,1.0,0.0,1.0,1.0
ORIGINAL,POSITIVE_PAIR_EVIDENCE,20,rnafold,NON_EVIDENCED_EFFECT,pair,1520.2,5.979966555090421,1509.0,1525.0,0.0,0.0,0.0,0.0,0.0,0.0,0.0,0.0,0.0,0.0,0.0,0.0,0.9013655491274042,0.0018005507877755672,0.8983746576785807,0.9036573623869868,0.9140828788908516,0.001975635953416082,0.9115786341600635,0.9172940440259351,0.9026691671247626,0.0016864297490657692,0.8999295919096578,0.9047650628405918,0.8660236243135161,0.003936591625033157,0.8629032258064516,0.8734270910436713,0.8801195814648729,0.0013031088022542989,0.8781763826606876,0.8819133034379671,0.873011697468681,0.0024732165546811876,0.8706928492034087,0.8776496838973596,0.0,0.0,0.0,0.0,0.0,0.0,0.0,0.0,0.0,0.0,0.0,0.0,0.0,0.0,0.0,0.0,0.0,0.0,0.0,0.0,1.0,0.0,1.0,1.0
ORIGINAL,POSITIVE_PAIR_EVIDENCE,20,trrosettarna2_native_ss,DIRECT_EVIDENCE_EFFECT,pair,338.0,0.0,338.0,338.0,338.0,0.0,338.0,338.0,295.8,2.6381811916545836,293.0,299.0,295.8,2.6381811916545836,293.0,299.0,0.9454545454545455,0.0040487433765011615,0.9421487603305785,0.9504132231404959,0.9134418565823526,0.005225528186343256,0.9045579764588029,0.9188997412137908,0.9235003167307495,0.004927851437524808,0.9161012163442889,0.9294989445815892,1.0,0.0,1.0,1.0,0.8751479289940829,0.007805269797794613,0.8668639053254438,0.8846153846153846,0.9333990283308653,0.004433301493188472,0.9286846275752774,0.9387755102040817,0.0,0.0,0.0,0.0,0.0,0.0,0.0,0.0,0.0,0.0,0.0,0.0,0.0,0.0,0.0,0.0,0.0,0.0,0.0,0.0,1.0,0.0,1.0,1.0
ORIGINAL,POSITIVE_PAIR_EVIDENCE,20,trrosettarna2_native_ss,LOCAL_CONFLICT_EFFECT,pair,54.8,5.1536394906900505,45.0,60.0,0.0,0.0,0.0,0.0,0.0,0.0,0.0,0.0,0.0,0.0,0.0,0.0,0.8958677685950412,0.004048743376501108,0.8925619834710744,0.9008264462809917,0.8958677685950412,0.004048743376501108,0.8925619834710744,0.9008264462809917,0.8958677685950412,0.004048743376501108,0.8925619834710744,0.9008264462809917,0.0,0.0,0.0,0.0,0.0,0.0,0.0,0.0,0.0,0.0,0.0,0.0,0.0,0.0,0.0,0.0,0.0,0.0,0.0,0.0,0.0,0.0,0.0,0.0,0.0,0.0,0.0,0.0,0.0,0.0,0.0,0.0,1.0,0.0,1.0,1.0
ORIGINAL,POSITIVE_PAIR_EVIDENCE,20,trrosettarna2_native_ss,NON_EVIDENCED_EFFECT,pair,1715.2,5.1536394906900505,1710.0,1725.0,0.0,0.0,0.0,0.0,0.0,0.0,0.0,0.0,0.0,0.0,0.0,0.0,0.7672538619895611,0.001422893887342213,0.764672463535977,0.7688939296350642,0.9119394339143975,0.0016486990858119038,0.9101874862995427,0.9147618304035416,0.8280826065624203,0.0014882355878095077,0.8260379834084463,0.8303879919793519,0.7554521211363835,0.002773567586050249,0.750161394448031,0.7582846003898636,0.8708520179372197,0.001971734821864408,0.8684603886397608,0.8729446935724963,0.8090562366623489,0.0022465316363948417,0.804987876688604,0.8112617309697602,0.0,0.0,0.0,0.0,0.0,0.0,0.0,0.0,0.0,0.0,0.0,0.0,0.0,0.0,0.0,0.0,0.0,0.0,0.0,0.0,1.0,0.0,1.0,1.0
ORIGINAL,POSITIVE_PAIR_EVIDENCE,50,petfold,DIRECT_EVIDENCE_EFFECT,pair,875.0,0.0,875.0,875.0,875.0,0.0,875.0,875.0,762.4,3.2619012860600183,759.0,768.0,762.4,3.2619012860600183,759.0,768.0,0.9900826446280991,0.0033057851239669312,0.9834710743801653,0.9917355371900827,0.9016848296877253,0.004039985530024039,0.8958421292688165,0.9071044784808497,0.9308936985475234,0.0037588658839764386,0.9251134125515296,0.9356168248584185,1.0,0.0,1.0,1.0,0.8713142857142857,0.003727887184068579,0.8674285714285714,0.8777142857142857,0.931228206211858,0.002126108528585902,0.9290085679314566,0.9348752282410225,0.0,0.0,0.0,0.0,0.0,0.0,0.0,0.0,0.0,0.0,0.0,0.0,0.0,0.0,0.0,0.0,0.0,0.0,0.0,0.0,1.0,0.0,1.0,1.0
ORIGINAL,POSITIVE_PAIR_EVIDENCE,50,petfold,LOCAL_CONFLICT_EFFECT,pair,86.2,7.626270385975047,74.0,95.0,0.0,0.0,0.0,0.0,0.0,0.0,0.0,0.0,0.0,0.0,0.0,0.0,0.8363636363636363,0.01214623012950335,0.8181818181818182,0.8512396694214877,0.8363636363636363,0.01214623012950335,0.8181818181818182,0.8512396694214877,0.8363636363636363,0.01214623012950335,0.8181818181818182,0.8512396694214877,0.0,0.0,0.0,0.0,0.0,0.0,0.0,0.0,0.0,0.0,0.0,0.0,0.0,0.0,0.0,0.0,0.0,0.0,0.0,0.0,0.0,0.0,0.0,0.0,0.0,0.0,0.0,0.0,0.0,0.0,0.0,0.0,1.0,0.0,1.0,1.0
ORIGINAL,POSITIVE_PAIR_EVIDENCE,50,petfold,NON_EVIDENCED_EFFECT,pair,955.8,7.626270385975047,947.0,968.0,0.0,0.0,0.0,0.0,0.0,0.0,0.0,0.0,0.0,0.0,0.0,0.0,0.8670409878165041,0.00334234869833831,0.8633191546475455,0.8729304044143616,0.914114548066219,0.004704515197076308,0.9077472957234006,0.9206790609278931,0.8812452030840635,0.0035258892525135543,0.8769992969785922,0.885362985750688,0.8190784784285627,0.007794118877734113,0.8071593533487298,0.8282352941176471,0.8746566791510612,0.004072286249762829,0.867665418227216,0.8789013732833958,0.8459463829044991,0.005758988156159318,0.8386322735452909,0.8528164748637189,0.0,0.0,0.0,0.0,0.0,0.0,0.0,0.0,0.0,0.0,0.0,0.0,0.0,0.0,0.0,0.0,0.0,0.0,0.0,0.0,1.0,0.0,1.0,1.0
ORIGINAL,POSITIVE_PAIR_EVIDENCE,50,rnafold,DIRECT_EVIDENCE_EFFECT,pair,875.0,0.0,875.0,875.0,875.0,0.0,875.0,875.0,767.2,4.955804677345546,762.0,775.0,767.2,4.955804677345546,762.0,775.0,0.9900826446280991,0.0033057851239669312,0.9834710743801653,0.9917355371900827,0.907130365444394,0.0037480926642351675,0.9029533186742926,0.9130516803098232,0.9341147239841823,0.0036510188749955446,0.9294884836041175,0.9374931215895496,1.0,0.0,1.0,1.0,0.8768,0.005663776774109173,0.8708571428571429,0.8857142857142857,0.9343466566060881,0.0032125086523845897,0.9309712889431888,0.9393939393939394,0.0,0.0,0.0,0.0,0.0,0.0,0.0,0.0,0.0,0.0,0.0,0.0,0.0,0.0,0.0,0.0,0.0,0.0,0.0,0.0,1.0,0.0,1.0,1.0
ORIGINAL,POSITIVE_PAIR_EVIDENCE,50,rnafold,LOCAL_CONFLICT_EFFECT,pair,84.0,8.414273587185052,72.0,94.0,0.0,0.0,0.0,0.0,0.0,0.0,0.0,0.0,0.0,0.0,0.0,0.0,0.8413223140495868,0.013223140495867772,0.8264462809917356,0.859504132231405,0.8413223140495868,0.013223140495867772,0.8264462809917356,0.859504132231405,0.8413223140495868,0.013223140495867772,0.8264462809917356,0.859504132231405,0.0,0.0,0.0,0.0,0.0,0.0,0.0,0.0,0.0,0.0,0.0,0.0,0.0,0.0,0.0,0.0,0.0,0.0,0.0,0.0,0.0,0.0,0.0,0.0,0.0,0.0,0.0,0.0,0.0,0.0,0.0,0.0,1.0,0.0,1.0,1.0
ORIGINAL,POSITIVE_PAIR_EVIDENCE,50,rnafold,NON_EVIDENCED_EFFECT,pair,937.0,8.414273587185052,927.0,949.0,0.0,0.0,0.0,0.0,0.0,0.0,0.0,0.0,0.0,0.0,0.0,0.0,0.885864841580933,0.003646985030443663,0.8813930712691043,0.8911353797717434,0.9209786114592079,0.004319439280765285,0.9140591621816919,0.9256607029334302,0.8950514480653468,0.0036990300643604942,0.8895677421374925,0.900814147738111,0.8384867378987597,0.009167967174273805,0.8260869565217391,0.8494623655913979,0.8811485642946317,0.006187022069095533,0.8714107365792759,0.8876404494382022,0.8592803655559905,0.007490229522108939,0.851089588377724,0.8681318681318682,0.0,0.0,0.0,0.0,0.0,0.0,0.0,0.0,0.0,0.0,0.0,0.0,0.0,0.0,0.0,0.0,0.0,0.0,0.0,0.0,1.0,0.0,1.0,1.0
ORIGINAL,POSITIVE_PAIR_EVIDENCE,50,trrosettarna2_native_ss,DIRECT_EVIDENCE_EFFECT,pair,875.0,0.0,875.0,875.0,875.0,0.0,875.0,875.0,762.6,4.758150901348127,755.0,767.0,762.6,4.758150901348127,755.0,767.0,0.9586776859504132,0.0,0.9586776859504132,0.9586776859504132,0.9081236265830229,0.002615812114944362,0.9042326520048403,0.9118006924870022,0.9250139438212225,0.0022605863178637464,0.9212483305349426,0.9274208517178981,1.0,0.0,1.0,1.0,0.8715428571428572,0.005437886744397854,0.8628571428571429,0.8765714285714286,0.931353932659551,0.003110429532686938,0.9263803680981595,0.9342265529841657,0.0,0.0,0.0,0.0,0.0,0.0,0.0,0.0,0.0,0.0,0.0,0.0,0.0,0.0,0.0,0.0,0.0,0.0,0.0,0.0,1.0,0.0,1.0,1.0
ORIGINAL,POSITIVE_PAIR_EVIDENCE,50,trrosettarna2_native_ss,LOCAL_CONFLICT_EFFECT,pair,123.2,2.7856776554368237,120.0,127.0,0.0,0.0,0.0,0.0,0.0,0.0,0.0,0.0,0.0,0.0,0.0,0.0,0.849586776859504,0.006184557664089187,0.8429752066115702,0.859504132231405,0.849586776859504,0.006184557664089187,0.8429752066115702,0.859504132231405,0.849586776859504,0.006184557664089187,0.8429752066115702,0.859504132231405,0.0,0.0,0.0,0.0,0.0,0.0,0.0,0.0,0.0,0.0,0.0,0.0,0.0,0.0,0.0,0.0,0.0,0.0,0.0,0.0,0.0,0.0,0.0,0.0,0.0,0.0,0.0,0.0,0.0,0.0,0.0,0.0,1.0,0.0,1.0,1.0
ORIGINAL,POSITIVE_PAIR_EVIDENCE,50,trrosettarna2_native_ss,NON_EVIDENCED_EFFECT,pair,1109.8,2.7856776554368237,1106.0,1113.0,0.0,0.0,0.0,0.0,0.0,0.0,0.0,0.0,0.0,0.0,0.0,0.0,0.7005625336576005,0.0025927504626059813,0.6970459462812622,0.7041895116336189,0.9163463063067807,0.0026767558036458745,0.9126749677639006,0.9203073990129327,0.7843413748595103,0.002521422996862865,0.7810049529155113,0.7881908074880118,0.6934013223416862,0.0032916226460322747,0.6898608349900597,0.6976284584980237,0.8719101123595505,0.00594026329756322,0.8664169787765293,0.8813982521847691,0.7724759480034917,0.004341626111249058,0.7681239623685667,0.7788196359624932,0.0,0.0,0.0,0.0,0.0,0.0,0.0,0.0,0.0,0.0,0.0,0.0,0.0,0.0,0.0,0.0,0.0,0.0,0.0,0.0,1.0,0.0,1.0,1.0
ORIGINAL,UNPAIRED_NUCLEOTIDE_EVIDENCE,0,petfold,DIRECT_EVIDENCE_EFFECT,nucleotide,0.0,0.0,0.0,0.0,0.0,0.0,0.0,0.0,0.0,0.0,0.0,0.0,0.0,0.0,0.0,0.0,,,,,,,,,,,,,,,,,,,,,,,,,,,,,,,,,0.0,0.0,0.0,0.0,0.0,0.0,0.0,0.0,0.0,0.0,0.0,0.0,1.0,0.0,1.0,1.0
ORIGINAL,UNPAIRED_NUCLEOTIDE_EVIDENCE,0,petfold,LOCAL_CONFLICT_EFFECT,pair,0.0,0.0,0.0,0.0,0.0,0.0,0.0,0.0,0.0,0.0,0.0,0.0,0.0,0.0,0.0,0.0,1.0,0.0,1.0,1.0,1.0,0.0,1.0,1.0,1.0,0.0,1.0,1.0,1.0,0.0,1.0,1.0,1.0,0.0,1.0,1.0,1.0,0.0,1.0,1.0,0.0,0.0,0.0,0.0,0.0,0.0,0.0,0.0,0.0,0.0,0.0,0.0,0.0,0.0,0.0,0.0,0.0,0.0,0.0,0.0,1.0,0.0,1.0,1.0
ORIGINAL,UNPAIRED_NUCLEOTIDE_EVIDENCE,0,petfold,NON_EVIDENCED_EFFECT,pair,1917.0,0.0,1917.0,1917.0,0.0,0.0,0.0,0.0,0.0,0.0,0.0,0.0,0.0,0.0,0.0,0.0,0.8952556023530504,0.0,0.8952556023530504,0.8952556023530504,0.9077787598919441,0.0,0.9077787598919441,0.9077787598919441,0.8968492212485739,0.0,0.8968492212485739,0.8968492212485739,0.8585680751173708,0.0,0.8585680751173709,0.8585680751173709,0.87291169451074,0.0,0.8729116945107399,0.8729116945107399,0.865680473372781,0.0,0.8656804733727811,0.8656804733727811,0.0,0.0,0.0,0.0,0.0,0.0,0.0,0.0,0.0,0.0,0.0,0.0,0.0,0.0,0.0,0.0,0.0,0.0,0.0,0.0,1.0,0.0,1.0,1.0
ORIGINAL,UNPAIRED_NUCLEOTIDE_EVIDENCE,0,rnafold,DIRECT_EVIDENCE_EFFECT,nucleotide,0.0,0.0,0.0,0.0,0.0,0.0,0.0,0.0,0.0,0.0,0.0,0.0,0.0,0.0,0.0,0.0,,,,,,,,,,,,,,,,,,,,,,,,,,,,,,,,,0.0,0.0,0.0,0.0,0.0,0.0,0.0,0.0,0.0,0.0,0.0,0.0,1.0,0.0,1.0,1.0
ORIGINAL,UNPAIRED_NUCLEOTIDE_EVIDENCE,0,rnafold,LOCAL_CONFLICT_EFFECT,pair,0.0,0.0,0.0,0.0,0.0,0.0,0.0,0.0,0.0,0.0,0.0,0.0,0.0,0.0,0.0,0.0,1.0,0.0,1.0,1.0,1.0,0.0,1.0,1.0,1.0,0.0,1.0,1.0,1.0,0.0,1.0,1.0,1.0,0.0,1.0,1.0,1.0,0.0,1.0,1.0,0.0,0.0,0.0,0.0,0.0,0.0,0.0,0.0,0.0,0.0,0.0,0.0,0.0,0.0,0.0,0.0,0.0,0.0,0.0,0.0,1.0,0.0,1.0,1.0
ORIGINAL,UNPAIRED_NUCLEOTIDE_EVIDENCE,0,rnafold,NON_EVIDENCED_EFFECT,pair,1896.0,0.0,1896.0,1896.0,0.0,0.0,0.0,0.0,0.0,0.0,0.0,0.0,0.0,0.0,0.0,0.0,0.9069374161618192,0.0,0.9069374161618192,0.9069374161618192,0.9138670306547281,0.0,0.9138670306547281,0.9138670306547281,0.905817611907956,0.0,0.9058176119079561,0.9058176119079561,0.87005316007088,0.0,0.8700531600708801,0.8700531600708801,0.8788782816229117,0.0,0.8788782816229117,0.8788782816229117,0.8744434550311665,0.0,0.8744434550311665,0.8744434550311665,0.0,0.0,0.0,0.0,0.0,0.0,0.0,0.0,0.0,0.0,0.0,0.0,0.0,0.0,0.0,0.0,0.0,0.0,0.0,0.0,1.0,0.0,1.0,1.0
ORIGINAL,UNPAIRED_NUCLEOTIDE_EVIDENCE,0,trrosettarna2_native_ss,DIRECT_EVIDENCE_EFFECT,nucleotide,0.0,0.0,0.0,0.0,0.0,0.0,0.0,0.0,0.0,0.0,0.0,0.0,0.0,0.0,0.0,0.0,,,,,,,,,,,,,,,,,,,,,,,,,,,,,,,,,0.0,0.0,0.0,0.0,0.0,0.0,0.0,0.0,0.0,0.0,0.0,0.0,1.0,0.0,1.0,1.0
ORIGINAL,UNPAIRED_NUCLEOTIDE_EVIDENCE,0,trrosettarna2_native_ss,LOCAL_CONFLICT_EFFECT,pair,0.0,0.0,0.0,0.0,0.0,0.0,0.0,0.0,0.0,0.0,0.0,0.0,0.0,0.0,0.0,0.0,1.0,0.0,1.0,1.0,1.0,0.0,1.0,1.0,1.0,0.0,1.0,1.0,1.0,0.0,1.0,1.0,1.0,0.0,1.0,1.0,1.0,0.0,1.0,1.0,0.0,0.0,0.0,0.0,0.0,0.0,0.0,0.0,0.0,0.0,0.0,0.0,0.0,0.0,0.0,0.0,0.0,0.0,0.0,0.0,1.0,0.0,1.0,1.0
ORIGINAL,UNPAIRED_NUCLEOTIDE_EVIDENCE,0,trrosettarna2_native_ss,NON_EVIDENCED_EFFECT,pair,2108.0,0.0,2108.0,2108.0,0.0,0.0,0.0,0.0,0.0,0.0,0.0,0.0,0.0,0.0,0.0,0.0,0.7905636556834104,0.0,0.7905636556834104,0.7905636556834104,0.9120849106151278,0.0,0.9120849106151278,0.9120849106151278,0.842871364213295,0.0,0.8428713642132949,0.8428713642132949,0.7717908082408875,0.0,0.7717908082408875,0.7717908082408875,0.8717183770883054,0.0,0.8717183770883055,0.8717183770883055,0.8187167273746148,0.0,0.8187167273746148,0.8187167273746148,0.0,0.0,0.0,0.0,0.0,0.0,0.0,0.0,0.0,0.0,0.0,0.0,0.0,0.0,0.0,0.0,0.0,0.0,0.0,0.0,1.0,0.0,1.0,1.0
ORIGINAL,UNPAIRED_NUCLEOTIDE_EVIDENCE,1,petfold,DIRECT_EVIDENCE_EFFECT,nucleotide,0.0,0.0,0.0,0.0,121.0,0.0,121.0,121.0,103.6,2.0591260281974,100.0,106.0,103.6,2.0591260281974,100.0,106.0,,,,,,,,,,,,,,,,,,,,,,,,,,,,,,,,,0.0,0.0,0.0,0.0,0.0,0.0,0.0,0.0,0.0,0.0,0.0,0.0,1.0,0.0,1.0,1.0
ORIGINAL,UNPAIRED_NUCLEOTIDE_EVIDENCE,1,petfold,LOCAL_CONFLICT_EFFECT,pair,17.4,2.0591260281974,15.0,21.0,0.0,0.0,0.0,0.0,0.0,0.0,0.0,0.0,0.0,0.0,0.0,0.0,0.8561983471074381,0.01701757048097023,0.8264462809917356,0.8760330578512396,0.8561983471074381,0.01701757048097023,0.8264462809917356,0.8760330578512396,0.8561983471074381,0.01701757048097023,0.8264462809917356,0.8760330578512396,0.0,0.0,0.0,0.0,0.0,0.0,0.0,0.0,0.0,0.0,0.0,0.0,0.0,0.0,0.0,0.0,0.0,0.0,0.0,0.0,0.0,0.0,0.0,0.0,0.0,0.0,0.0,0.0,0.0,0.0,0.0,0.0,1.0,0.0,1.0,1.0
ORIGINAL,UNPAIRED_NUCLEOTIDE_EVIDENCE,1,petfold,NON_EVIDENCED_EFFECT,pair,1899.6,2.0591260281974,1896.0,1902.0,0.0,0.0,0.0,0.0,0.0,0.0,0.0,0.0,0.0,0.0,0.0,0.0,0.9044159087903235,0.0012534279641561806,0.9028956929259876,0.9059541488994135,0.9077787598919441,0.0,0.9077787598919441,0.9077787598919441,0.9015678292122329,0.0005638977786833,0.9008369518024504,0.9023795445307521,0.8674268839688155,0.001059917207215151,0.8661930136175252,0.869281045751634,0.87291169451074,0.0,0.8729116945107399,0.8729116945107399,0.8701603216785779,0.0005330788578940876,0.8695393759286776,0.8710925870794879,0.0,0.0,0.0,0.0,0.0,0.0,0.0,0.0,0.0,0.0,0.0,0.0,0.0,0.0,0.0,0.0,0.0,0.0,0.0,0.0,1.0,0.0,1.0,1.0
ORIGINAL,UNPAIRED_NUCLEOTIDE_EVIDENCE,1,rnafold,DIRECT_EVIDENCE_EFFECT,nucleotide,0.0,0.0,0.0,0.0,121.0,0.0,121.0,121.0,106.4,3.2619012860600183,102.0,112.0,106.4,3.2619012860600183,102.0,112.0,,,,,,,,,,,,,,,,,,,,,,,,,,,,,,,,,0.0,0.0,0.0,0.0,0.0,0.0,0.0,0.0,0.0,0.0,0.0,0.0,1.0,0.0,1.0,1.0
ORIGINAL,UNPAIRED_NUCLEOTIDE_EVIDENCE,1,rnafold,LOCAL_CONFLICT_EFFECT,pair,14.6,3.2619012860600183,9.0,19.0,0.0,0.0,0.0,0.0,0.0,0.0,0.0,0.0,0.0,0.0,0.0,0.0,0.8793388429752067,0.026957861868264633,0.8429752066115702,0.9256198347107438,0.8793388429752067,0.026957861868264633,0.8429752066115702,0.9256198347107438,0.8793388429752067,0.026957861868264633,0.8429752066115702,0.9256198347107438,0.0,0.0,0.0,0.0,0.0,0.0,0.0,0.0,0.0,0.0,0.0,0.0,0.0,0.0,0.0,0.0,0.0,0.0,0.0,0.0,0.0,0.0,0.0,0.0,0.0,0.0,0.0,0.0,0.0,0.0,0.0,0.0,1.0,0.0,1.0,1.0
ORIGINAL,UNPAIRED_NUCLEOTIDE_EVIDENCE,1,rnafold,NON_EVIDENCED_EFFECT,pair,1881.4,3.2619012860600183,1877.0,1887.0,0.0,0.0,0.0,0.0,0.0,0.0,0.0,0.0,0.0,0.0,0.0,0.0,0.9147432296740607,0.0017777028570882638,0.9131695811260415,0.9171879247220843,0.9138670306547281,0.0,0.9138670306547281,0.9138670306547281,0.9097939297352967,0.0008587114041163818,0.9088015726046772,0.9108919206112116,0.8776248559018935,0.0017039626079463147,0.8747030878859857,0.8799283154121864,0.8788782816229117,0.0,0.8788782816229117,0.8788782816229117,0.8782502934657013,0.0008536134661731421,0.8767857142857143,0.8794029850746269,0.0,0.0,0.0,0.0,0.0,0.0,0.0,0.0,0.0,0.0,0.0,0.0,0.0,0.0,0.0,0.0,0.0,0.0,0.0,0.0,1.0,0.0,1.0,1.0
ORIGINAL,UNPAIRED_NUCLEOTIDE_EVIDENCE,1,trrosettarna2_native_ss,DIRECT_EVIDENCE_EFFECT,nucleotide,0.0,0.0,0.0,0.0,121.0,0.0,121.0,121.0,80.8,4.707440918375928,76.0,87.0,80.8,4.707440918375928,76.0,87.0,,,,,,,,,,,,,,,,,,,,,,,,,,,,,,,,,0.0,0.0,0.0,0.0,0.0,0.0,0.0,0.0,0.0,0.0,0.0,0.0,1.0,0.0,1.0,1.0
ORIGINAL,UNPAIRED_NUCLEOTIDE_EVIDENCE,1,trrosettarna2_native_ss,LOCAL_CONFLICT_EFFECT,pair,40.2,4.707440918375928,34.0,45.0,0.0,0.0,0.0,0.0,0.0,0.0,0.0,0.0,0.0,0.0,0.0,0.0,0.6677685950413224,0.038904470399801064,0.628099173553719,0.71900826446281,0.6677685950413224,0.038904470399801064,0.628099173553719,0.71900826446281,0.6677685950413224,0.038904470399801064,0.628099173553719,0.71900826446281,0.0,0.0,0.0,0.0,0.0,0.0,0.0,0.0,0.0,0.0,0.0,0.0,0.0,0.0,0.0,0.0,0.0,0.0,0.0,0.0,0.0,0.0,0.0,0.0,0.0,0.0,0.0,0.0,0.0,0.0,0.0,0.0,1.0,0.0,1.0,1.0
ORIGINAL,UNPAIRED_NUCLEOTIDE_EVIDENCE,1,trrosettarna2_native_ss,NON_EVIDENCED_EFFECT,pair,2067.8,4.707440918375928,2063.0,2074.0,0.0,0.0,0.0,0.0,0.0,0.0,0.0,0.0,0.0,0.0,0.0,0.0,0.8126085454887214,0.0020086587797634205,0.810247744448208,0.8149146817498449,0.9120849106151278,0.0,0.9120849106151278,0.9120849106151278,0.8556781284969693,0.0010404964964095841,0.8543352069689977,0.8567099074388023,0.7885413549156313,0.0020015950524416917,0.7859064012910166,0.7905844155844156,0.8717183770883054,0.0,0.8717183770883055,0.8717183770883055,0.8280450003896117,0.0011040765827319172,0.8265912305516266,0.8291713961407492,0.0,0.0,0.0,0.0,0.0,0.0,0.0,0.0,0.0,0.0,0.0,0.0,0.0,0.0,0.0,0.0,0.0,0.0,0.0,0.0,1.0,0.0,1.0,1.0
ORIGINAL,UNPAIRED_NUCLEOTIDE_EVIDENCE,5,petfold,DIRECT_EVIDENCE_EFFECT,nucleotide,0.0,0.0,0.0,0.0,134.0,0.0,134.0,134.0,112.4,2.0591260281974,110.0,116.0,112.4,2.0591260281974,110.0,116.0,,,,,,,,,,,,,,,,,,,,,,,,,,,,,,,,,0.0,0.0,0.0,0.0,0.0,0.0,0.0,0.0,0.0,0.0,0.0,0.0,1.0,0.0,1.0,1.0
ORIGINAL,UNPAIRED_NUCLEOTIDE_EVIDENCE,5,petfold,LOCAL_CONFLICT_EFFECT,pair,21.2,1.9390719429665315,18.0,24.0,0.0,0.0,0.0,0.0,0.0,0.0,0.0,0.0,0.0,0.0,0.0,0.0,0.8347107438016529,0.015680715670256445,0.8099173553719008,0.859504132231405,0.8347107438016529,0.015680715670256445,0.8099173553719008,0.859504132231405,0.8347107438016529,0.015680715670256445,0.8099173553719008,0.859504132231405,0.0,0.0,0.0,0.0,0.0,0.0,0.0,0.0,0.0,0.0,0.0,0.0,0.0,0.0,0.0,0.0,0.0,0.0,0.0,0.0,0.0,0.0,0.0,0.0,0.0,0.0,0.0,0.0,0.0,0.0,0.0,0.0,1.0,0.0,1.0,1.0
ORIGINAL,UNPAIRED_NUCLEOTIDE_EVIDENCE,5,petfold,NON_EVIDENCED_EFFECT,pair,1895.8,1.9390719429665315,1893.0,1899.0,0.0,0.0,0.0,0.0,0.0,0.0,0.0,0.0,0.0,0.0,0.0,0.0,0.9056874804086222,0.0013699136677250009,0.9039680411438205,0.9075030853614654,0.9077787598919441,0.0,0.9077787598919441,0.9077787598919441,0.9024729308351717,0.0007901282000214478,0.9014857782477987,0.9033939591785879,0.8693855133704951,0.0010014592418054965,0.8677342823250297,0.8708333333333333,0.87291169451074,0.0,0.8729116945107399,0.8729116945107399,0.871144746648149,0.000502839522874468,0.8703152885187388,0.8718712753277712,0.0,0.0,0.0,0.0,0.0,0.0,0.0,0.0,0.0,0.0,0.0,0.0,0.0,0.0,0.0,0.0,0.0,0.0,0.0,0.0,1.0,0.0,1.0,1.0
ORIGINAL,UNPAIRED_NUCLEOTIDE_EVIDENCE,5,rnafold,DIRECT_EVIDENCE_EFFECT,nucleotide,0.0,0.0,0.0,0.0,134.0,0.0,134.0,134.0,117.2,2.3151673805580453,114.0,121.0,117.2,2.3151673805580453,114.0,121.0,,,,,,,,,,,,,,,,,,,,,,,,,,,,,,,,,0.0,0.0,0.0,0.0,0.0,0.0,0.0,0.0,0.0,0.0,0.0,0.0,1.0,0.0,1.0,1.0
ORIGINAL,UNPAIRED_NUCLEOTIDE_EVIDENCE,5,rnafold,LOCAL_CONFLICT_EFFECT,pair,16.6,2.0591260281974,13.0,19.0,0.0,0.0,0.0,0.0,0.0,0.0,0.0,0.0,0.0,0.0,0.0,0.0,0.8710743801652893,0.012369115328178316,0.859504132231405,0.8925619834710744,0.8710743801652893,0.012369115328178316,0.859504132231405,0.8925619834710744,0.8710743801652893,0.012369115328178316,0.859504132231405,0.8925619834710744,0.0,0.0,0.0,0.0,0.0,0.0,0.0,0.0,0.0,0.0,0.0,0.0,0.0,0.0,0.0,0.0,0.0,0.0,0.0,0.0,0.0,0.0,0.0,0.0,0.0,0.0,0.0,0.0,0.0,0.0,0.0,0.0,1.0,0.0,1.0,1.0
ORIGINAL,UNPAIRED_NUCLEOTIDE_EVIDENCE,5,rnafold,NON_EVIDENCED_EFFECT,pair,1879.4,2.0591260281974,1877.0,1883.0,0.0,0.0,0.0,0.0,0.0,0.0,0.0,0.0,0.0,0.0,0.0,0.0,0.9152811370559355,0.0014553113064054632,0.9133169807859063,0.9174379759990472,0.9138670306547281,0.0,0.9138670306547281,0.9138670306547281,0.9103459101775278,0.000787358191198523,0.9094127526459833,0.9116285500022977,0.8786699000662077,0.0010783566931245713,0.8767857142857143,0.8799283154121864,0.8788782816229117,0.0,0.8788782816229117,0.8788782816229117,0.8787737474556685,0.0005395349948478897,0.8778307508939214,0.8794029850746269,0.0,0.0,0.0,0.0,0.0,0.0,0.0,0.0,0.0,0.0,0.0,0.0,0.0,0.0,0.0,0.0,0.0,0.0,0.0,0.0,1.0,0.0,1.0,1.0
ORIGINAL,UNPAIRED_NUCLEOTIDE_EVIDENCE,5,trrosettarna2_native_ss,DIRECT_EVIDENCE_EFFECT,nucleotide,0.0,0.0,0.0,0.0,134.0,0.0,134.0,134.0,90.8,3.9698866482558417,84.0,96.0,90.8,3.9698866482558417,84.0,96.0,,,,,,,,,,,,,,,,,,,,,,,,,,,,,,,,,0.0,0.0,0.0,0.0,0.0,0.0,0.0,0.0,0.0,0.0,0.0,0.0,1.0,0.0,1.0,1.0
ORIGINAL,UNPAIRED_NUCLEOTIDE_EVIDENCE,5,trrosettarna2_native_ss,LOCAL_CONFLICT_EFFECT,pair,43.0,3.9496835316262997,38.0,50.0,0.0,0.0,0.0,0.0,0.0,0.0,0.0,0.0,0.0,0.0,0.0,0.0,0.656198347107438,0.029843752207054205,0.6033057851239669,0.6859504132231405,0.656198347107438,0.029843752207054205,0.6033057851239669,0.6859504132231405,0.656198347107438,0.029843752207054205,0.6033057851239669,0.6859504132231405,0.0,0.0,0.0,0.0,0.0,0.0,0.0,0.0,0.0,0.0,0.0,0.0,0.0,0.0,0.0,0.0,0.0,0.0,0.0,0.0,0.0,0.0,0.0,0.0,0.0,0.0,0.0,0.0,0.0,0.0,0.0,0.0,1.0,0.0,1.0,1.0
ORIGINAL,UNPAIRED_NUCLEOTIDE_EVIDENCE,5,trrosettarna2_native_ss,NON_EVIDENCED_EFFECT,pair,2065.0,3.9496835316262997,2058.0,2070.0,0.0,0.0,0.0,0.0,0.0,0.0,0.0,0.0,0.0,0.0,0.0,0.0,0.8115128844284148,0.002735685363279525,0.807985144695637,0.8150063703023963,0.9120849106151278,0.0,0.9120849106151278,0.9120849106151278,0.8552681926777433,0.0015106480104454113,0.8534095208598254,0.8571769697596952,0.7897333346540575,0.0016885215417824842,0.7876010781671159,0.7927292457948997,0.8717183770883054,0.0,0.8717183770883055,0.8717183770883055,0.8287021183250092,0.0009289899646536593,0.8275276125743416,0.8303495311167945,0.0,0.0,0.0,0.0,0.0,0.0,0.0,0.0,0.0,0.0,0.0,0.0,0.0,0.0,0.0,0.0,0.0,0.0,0.0,0.0,1.0,0.0,1.0,1.0
ORIGINAL,UNPAIRED_NUCLEOTIDE_EVIDENCE,10,petfold,DIRECT_EVIDENCE_EFFECT,nucleotide,0.0,0.0,0.0,0.0,185.0,0.0,185.0,185.0,156.4,2.5768197453450252,152.0,160.0,156.4,2.5768197453450252,152.0,160.0,,,,,,,,,,,,,,,,,,,,,,,,,,,,,,,,,0.0,0.0,0.0,0.0,0.0,0.0,0.0,0.0,0.0,0.0,0.0,0.0,1.0,0.0,1.0,1.0
ORIGINAL,UNPAIRED_NUCLEOTIDE_EVIDENCE,10,petfold,LOCAL_CONFLICT_EFFECT,pair,28.4,2.6532998322843198,25.0,33.0,0.0,0.0,0.0,0.0,0.0,0.0,0.0,0.0,0.0,0.0,0.0,0.0,0.8099173553719009,0.0188458747950271,0.7768595041322314,0.8264462809917356,0.8099173553719009,0.0188458747950271,0.7768595041322314,0.8264462809917356,0.8099173553719009,0.0188458747950271,0.7768595041322314,0.8264462809917356,0.0,0.0,0.0,0.0,0.0,0.0,0.0,0.0,0.0,0.0,0.0,0.0,0.0,0.0,0.0,0.0,0.0,0.0,0.0,0.0,0.0,0.0,0.0,0.0,0.0,0.0,0.0,0.0,0.0,0.0,0.0,0.0,1.0,0.0,1.0,1.0
ORIGINAL,UNPAIRED_NUCLEOTIDE_EVIDENCE,10,petfold,NON_EVIDENCED_EFFECT,pair,1888.6,2.6532998322843198,1884.0,1892.0,0.0,0.0,0.0,0.0,0.0,0.0,0.0,0.0,0.0,0.0,0.0,0.0,0.9059160173728735,0.001665510164042649,0.9037214539205928,0.9084879439047145,0.9077787598919441,0.0,0.9077787598919441,0.9077787598919441,0.9025638264106947,0.000879614755643353,0.9015034730664205,0.903783626469207,0.8731222677646894,0.001383888513251351,0.8713519952352591,0.8755236385397965,0.87291169451074,0.0,0.8729116945107399,0.8729116945107399,0.8730164204036767,0.000691450517881706,0.8721311475409836,0.8742157155661787,0.0,0.0,0.0,0.0,0.0,0.0,0.0,0.0,0.0,0.0,0.0,0.0,0.0,0.0,0.0,0.0,0.0,0.0,0.0,0.0,1.0,0.0,1.0,1.0
ORIGINAL,UNPAIRED_NUCLEOTIDE_EVIDENCE,10,rnafold,DIRECT_EVIDENCE_EFFECT,nucleotide,0.0,0.0,0.0,0.0,185.0,0.0,185.0,185.0,158.4,2.1540659228538015,155.0,161.0,158.4,2.1540659228538015,155.0,161.0,,,,,,,,,,,,,,,,,,,,,,,,,,,,,,,,,0.0,0.0,0.0,0.0,0.0,0.0,0.0,0.0,0.0,0.0,0.0,0.0,1.0,0.0,1.0,1.0
ORIGINAL,UNPAIRED_NUCLEOTIDE_EVIDENCE,10,rnafold,LOCAL_CONFLICT_EFFECT,pair,26.4,2.244994432064365,24.0,30.0,0.0,0.0,0.0,0.0,0.0,0.0,0.0,0.0,0.0,0.0,0.0,0.0,0.8314049586776859,0.014409583284431964,0.8099173553719008,0.8429752066115702,0.8314049586776859,0.014409583284431964,0.8099173553719008,0.8429752066115702,0.8314049586776859,0.014409583284431964,0.8099173553719008,0.8429752066115702,0.0,0.0,0.0,0.0,0.0,0.0,0.0,0.0,0.0,0.0,0.0,0.0,0.0,0.0,0.0,0.0,0.0,0.0,0.0,0.0,0.0,0.0,0.0,0.0,0.0,0.0,0.0,0.0,0.0,0.0,0.0,0.0,1.0,0.0,1.0,1.0
ORIGINAL,UNPAIRED_NUCLEOTIDE_EVIDENCE,10,rnafold,NON_EVIDENCED_EFFECT,pair,1869.6,2.244994432064365,1866.0,1872.0,0.0,0.0,0.0,0.0,0.0,0.0,0.0,0.0,0.0,0.0,0.0,0.0,0.9165425586642847,0.0013276940068105672,0.9152760648079903,0.9182281440801763,0.9138670306547281,0.0,0.9138670306547281,0.9138670306547281,0.9109591146500611,0.0007908402831655461,0.9100178897715786,0.9120376220065184,0.8838369583788183,0.0011914662416515874,0.8825644098262433,0.8857486470234516,0.8788782816229117,0.0,0.8788782816229117,0.8788782816229117,0.8813502451396034,0.0005921634972167715,0.8807174887892377,0.8823000898472596,0.0,0.0,0.0,0.0,0.0,0.0,0.0,0.0,0.0,0.0,0.0,0.0,0.0,0.0,0.0,0.0,0.0,0.0,0.0,0.0,1.0,0.0,1.0,1.0
ORIGINAL,UNPAIRED_NUCLEOTIDE_EVIDENCE,10,trrosettarna2_native_ss,DIRECT_EVIDENCE_EFFECT,nucleotide,0.0,0.0,0.0,0.0,185.0,0.0,185.0,185.0,125.8,5.418486873657627,117.0,131.0,125.8,5.418486873657627,117.0,131.0,,,,,,,,,,,,,,,,,,,,,,,,,,,,,,,,,0.0,0.0,0.0,0.0,0.0,0.0,0.0,0.0,0.0,0.0,0.0,0.0,1.0,0.0,1.0,1.0
ORIGINAL,UNPAIRED_NUCLEOTIDE_EVIDENCE,10,trrosettarna2_native_ss,LOCAL_CONFLICT_EFFECT,pair,58.6,5.388877434122992,54.0,67.0,0.0,0.0,0.0,0.0,0.0,0.0,0.0,0.0,0.0,0.0,0.0,0.0,0.6,0.022542449085927025,0.5702479338842975,0.6363636363636364,0.6,0.022542449085927025,0.5702479338842975,0.6363636363636364,0.6,0.022542449085927025,0.5702479338842975,0.6363636363636364,0.0,0.0,0.0,0.0,0.0,0.0,0.0,0.0,0.0,0.0,0.0,0.0,0.0,0.0,0.0,0.0,0.0,0.0,0.0,0.0,0.0,0.0,0.0,0.0,0.0,0.0,0.0,0.0,0.0,0.0,0.0,0.0,1.0,0.0,1.0,1.0
ORIGINAL,UNPAIRED_NUCLEOTIDE_EVIDENCE,10,trrosettarna2_native_ss,NON_EVIDENCED_EFFECT,pair,2049.4,5.388877434122992,2041.0,2054.0,0.0,0.0,0.0,0.0,0.0,0.0,0.0,0.0,0.0,0.0,0.0,0.0,0.8167293455975331,0.0013865364321373939,0.814364516892475,0.818236178497856,0.9120849106151278,0.0,0.9120849106151278,0.9120849106151278,0.8580872860957521,0.0007906580147758265,0.8569232202582633,0.8589847525368227,0.7964525889640395,0.0023435691978876978,0.7944535073409462,0.8001095290251917,0.8717183770883054,0.0,0.8717183770883055,0.8717183770883055,0.8323857372004466,0.0012789064599266198,0.8312944523470839,0.834380354083381,0.0,0.0,0.0,0.0,0.0,0.0,0.0,0.0,0.0,0.0,0.0,0.0,0.0,0.0,0.0,0.0,0.0,0.0,0.0,0.0,1.0,0.0,1.0,1.0
ORIGINAL,UNPAIRED_NUCLEOTIDE_EVIDENCE,20,petfold,DIRECT_EVIDENCE_EFFECT,nucleotide,0.0,0.0,0.0,0.0,333.0,0.0,333.0,333.0,277.2,6.8527366796047255,267.0,288.0,277.2,6.8527366796047255,267.0,288.0,,,,,,,,,,,,,,,,,,,,,,,,,,,,,,,,,0.0,0.0,0.0,0.0,0.0,0.0,0.0,0.0,0.0,0.0,0.0,0.0,1.0,0.0,1.0,1.0
ORIGINAL,UNPAIRED_NUCLEOTIDE_EVIDENCE,20,petfold,LOCAL_CONFLICT_EFFECT,pair,52.6,5.083306010855534,44.0,59.0,0.0,0.0,0.0,0.0,0.0,0.0,0.0,0.0,0.0,0.0,0.0,0.0,0.7239669421487603,0.02795294962857482,0.6942148760330579,0.7603305785123967,0.7239669421487603,0.02795294962857482,0.6942148760330579,0.7603305785123967,0.7239669421487603,0.02795294962857482,0.6942148760330579,0.7603305785123967,0.0,0.0,0.0,0.0,0.0,0.0,0.0,0.0,0.0,0.0,0.0,0.0,0.0,0.0,0.0,0.0,0.0,0.0,0.0,0.0,0.0,0.0,0.0,0.0,0.0,0.0,0.0,0.0,0.0,0.0,0.0,0.0,1.0,0.0,1.0,1.0
ORIGINAL,UNPAIRED_NUCLEOTIDE_EVIDENCE,20,petfold,NON_EVIDENCED_EFFECT,pair,1864.4,5.083306010855534,1858.0,1873.0,0.0,0.0,0.0,0.0,0.0,0.0,0.0,0.0,0.0,0.0,0.0,0.0,0.9133196730459245,0.002976931502687022,0.9078044239756322,0.9159472877382056,0.9077787598919441,0.0,0.9077787598919441,0.9077787598919441,0.9064336448047545,0.0014822008966287104,0.9036219622090245,0.9077192739266376,0.8859233622913063,0.0027227453888836236,0.8813253012048192,0.8893617021276595,0.87291169451074,0.0,0.8729116945107399,0.8729116945107399,0.8793673209264308,0.0013423661480034608,0.8770983213429256,0.8810599217103282,0.0,0.0,0.0,0.0,0.0,0.0,0.0,0.0,0.0,0.0,0.0,0.0,0.0,0.0,0.0,0.0,0.0,0.0,0.0,0.0,1.0,0.0,1.0,1.0
ORIGINAL,UNPAIRED_NUCLEOTIDE_EVIDENCE,20,rnafold,DIRECT_EVIDENCE_EFFECT,nucleotide,0.0,0.0,0.0,0.0,333.0,0.0,333.0,333.0,282.8,3.9698866482558417,278.0,290.0,282.8,3.9698866482558417,278.0,290.0,,,,,,,,,,,,,,,,,,,,,,,,,,,,,,,,,0.0,0.0,0.0,0.0,0.0,0.0,0.0,0.0,0.0,0.0,0.0,0.0,1.0,0.0,1.0,1.0
ORIGINAL,UNPAIRED_NUCLEOTIDE_EVIDENCE,20,rnafold,LOCAL_CONFLICT_EFFECT,pair,47.6,3.8262252939417984,42.0,54.0,0.0,0.0,0.0,0.0,0.0,0.0,0.0,0.0,0.0,0.0,0.0,0.0,0.7603305785123966,0.021551082331248396,0.71900826446281,0.7768595041322314,0.7603305785123966,0.021551082331248396,0.71900826446281,0.7768595041322314,0.7603305785123966,0.021551082331248396,0.71900826446281,0.7768595041322314,0.0,0.0,0.0,0.0,0.0,0.0,0.0,0.0,0.0,0.0,0.0,0.0,0.0,0.0,0.0,0.0,0.0,0.0,0.0,0.0,0.0,0.0,0.0,0.0,0.0,0.0,0.0,0.0,0.0,0.0,0.0,0.0,1.0,0.0,1.0,1.0
ORIGINAL,UNPAIRED_NUCLEOTIDE_EVIDENCE,20,rnafold,NON_EVIDENCED_EFFECT,pair,1848.4,3.8262252939417984,1842.0,1854.0,0.0,0.0,0.0,0.0,0.0,0.0,0.0,0.0,0.0,0.0,0.0,0.0,0.9231823908360764,0.002448289203430576,0.9188156416011771,0.9257226248817326,0.9138670306547281,0.0,0.9138670306547281,0.9138670306547281,0.914442689817505,0.0012281211376183295,0.912204926095165,0.915671752571258,0.8952278905319562,0.002083283282809276,0.8921865536038764,0.8987187309334961,0.8788782816229117,0.0,0.8788782816229117,0.8788782816229117,0.8869765493438191,0.0010221546990498657,0.8854824165915239,0.8886877828054298,0.0,0.0,0.0,0.0,0.0,0.0,0.0,0.0,0.0,0.0,0.0,0.0,0.0,0.0,0.0,0.0,0.0,0.0,0.0,0.0,1.0,0.0,1.0,1.0
ORIGINAL,UNPAIRED_NUCLEOTIDE_EVIDENCE,20,trrosettarna2_native_ss,DIRECT_EVIDENCE_EFFECT,nucleotide,0.0,0.0,0.0,0.0,333.0,0.0,333.0,333.0,222.2,3.9698866482558417,217.0,228.0,222.2,3.9698866482558417,217.0,228.0,,,,,,,,,,,,,,,,,,,,,,,,,,,,,,,,,0.0,0.0,0.0,0.0,0.0,0.0,0.0,0.0,0.0,0.0,0.0,0.0,1.0,0.0,1.0,1.0
ORIGINAL,UNPAIRED_NUCLEOTIDE_EVIDENCE,20,trrosettarna2_native_ss,LOCAL_CONFLICT_EFFECT,pair,103.4,1.3564659966250536,102.0,106.0,0.0,0.0,0.0,0.0,0.0,0.0,0.0,0.0,0.0,0.0,0.0,0.0,0.4446280991735537,0.034035140961940505,0.3884297520661157,0.4793388429752066,0.4446280991735537,0.034035140961940505,0.3884297520661157,0.4793388429752066,0.4446280991735537,0.034035140961940505,0.3884297520661157,0.4793388429752066,0.0,0.0,0.0,0.0,0.0,0.0,0.0,0.0,0.0,0.0,0.0,0.0,0.0,0.0,0.0,0.0,0.0,0.0,0.0,0.0,0.0,0.0,0.0,0.0,0.0,0.0,0.0,0.0,0.0,0.0,0.0,0.0,1.0,0.0,1.0,1.0
ORIGINAL,UNPAIRED_NUCLEOTIDE_EVIDENCE,20,trrosettarna2_native_ss,NON_EVIDENCED_EFFECT,pair,2004.6,1.3564659966250536,2002.0,2006.0,0.0,0.0,0.0,0.0,0.0,0.0,0.0,0.0,0.0,0.0,0.0,0.0,0.8361928449805351,0.0027624182647191437,0.8315675972907787,0.8401798628102879,0.9120849106151278,0.0,0.9120849106151278,0.9120849106151278,0.8691371563861727,0.0014153624988877697,0.8667674405672888,0.8709964433564076,0.8163840188438272,0.0006193469270533806,0.8157453936348409,0.8175713486289872,0.8717183770883054,0.0,0.8717183770883055,0.8717183770883055,0.8431441735510173,0.00033016561099255407,0.842803576579175,0.8437770719029744,0.0,0.0,0.0,0.0,0.0,0.0,0.0,0.0,0.0,0.0,0.0,0.0,0.0,0.0,0.0,0.0,0.0,0.0,0.0,0.0,1.0,0.0,1.0,1.0
ORIGINAL,UNPAIRED_NUCLEOTIDE_EVIDENCE,50,petfold,DIRECT_EVIDENCE_EFFECT,nucleotide,0.0,0.0,0.0,0.0,873.0,0.0,873.0,873.0,729.6,7.657675887630659,721.0,739.0,729.6,7.657675887630659,721.0,739.0,,,,,,,,,,,,,,,,,,,,,,,,,,,,,,,,,0.0,0.0,0.0,0.0,0.0,0.0,0.0,0.0,0.0,0.0,0.0,0.0,1.0,0.0,1.0,1.0
ORIGINAL,UNPAIRED_NUCLEOTIDE_EVIDENCE,50,petfold,LOCAL_CONFLICT_EFFECT,pair,121.6,3.7202150475476548,117.0,128.0,0.0,0.0,0.0,0.0,0.0,0.0,0.0,0.0,0.0,0.0,0.0,0.0,0.575206611570248,0.012369115328178313,0.5619834710743802,0.5950413223140496,0.575206611570248,0.012369115328178313,0.5619834710743802,0.5950413223140496,0.575206611570248,0.012369115328178313,0.5619834710743802,0.5950413223140496,0.0,0.0,0.0,0.0,0.0,0.0,0.0,0.0,0.0,0.0,0.0,0.0,0.0,0.0,0.0,0.0,0.0,0.0,0.0,0.0,0.0,0.0,0.0,0.0,0.0,0.0,0.0,0.0,0.0,0.0,0.0,0.0,1.0,0.0,1.0,1.0
ORIGINAL,UNPAIRED_NUCLEOTIDE_EVIDENCE,50,petfold,NON_EVIDENCED_EFFECT,pair,1795.4,3.7202150475476548,1789.0,1800.0,0.0,0.0,0.0,0.0,0.0,0.0,0.0,0.0,0.0,0.0,0.0,0.0,0.9422409634285716,0.001818378194516553,0.9395338648829393,0.9445297862653208,0.9077787598919441,0.0,0.9077787598919441,0.9077787598919441,0.9206280657852112,0.0009296926526049889,0.9192489767353023,0.9217715899407899,0.9245501120112409,0.0021765590174477175,0.921865154379332,0.9282994923857868,0.87291169451074,0.0,0.8729116945107399,0.8729116945107399,0.8979879132972606,0.0010259326630695934,0.8967208090714067,0.8997539975399754,0.0,0.0,0.0,0.0,0.0,0.0,0.0,0.0,0.0,0.0,0.0,0.0,0.0,0.0,0.0,0.0,0.0,0.0,0.0,0.0,1.0,0.0,1.0,1.0
ORIGINAL,UNPAIRED_NUCLEOTIDE_EVIDENCE,50,rnafold,DIRECT_EVIDENCE_EFFECT,nucleotide,0.0,0.0,0.0,0.0,873.0,0.0,873.0,873.0,747.4,7.964923100695951,737.0,756.0,747.4,7.964923100695951,737.0,756.0,,,,,,,,,,,,,,,,,,,,,,,,,,,,,,,,,0.0,0.0,0.0,0.0,0.0,0.0,0.0,0.0,0.0,0.0,0.0,0.0,1.0,0.0,1.0,1.0
ORIGINAL,UNPAIRED_NUCLEOTIDE_EVIDENCE,50,rnafold,LOCAL_CONFLICT_EFFECT,pair,107.0,4.147288270665544,103.0,112.0,0.0,0.0,0.0,0.0,0.0,0.0,0.0,0.0,0.0,0.0,0.0,0.0,0.6396694214876033,0.016194973506004497,0.6115702479338843,0.6611570247933884,0.6396694214876033,0.016194973506004497,0.6115702479338843,0.6611570247933884,0.6396694214876033,0.016194973506004497,0.6115702479338843,0.6611570247933884,0.0,0.0,0.0,0.0,0.0,0.0,0.0,0.0,0.0,0.0,0.0,0.0,0.0,0.0,0.0,0.0,0.0,0.0,0.0,0.0,0.0,0.0,0.0,0.0,0.0,0.0,0.0,0.0,0.0,0.0,0.0,0.0,1.0,0.0,1.0,1.0
ORIGINAL,UNPAIRED_NUCLEOTIDE_EVIDENCE,50,rnafold,NON_EVIDENCED_EFFECT,pair,1789.0,4.147288270665544,1784.0,1793.0,0.0,0.0,0.0,0.0,0.0,0.0,0.0,0.0,0.0,0.0,0.0,0.0,0.9462794579600011,0.002370211740997029,0.9432841594373436,0.9500113228252205,0.9138670306547281,0.0,0.9138670306547281,0.9138670306547281,0.9258681409104366,0.0011619896131376576,0.9244053917474238,0.9274993982466011,0.9287579323534507,0.0024306764675826806,0.9264150943396227,0.9316888045540797,0.8788782816229117,0.0,0.8788782816229117,0.8788782816229117,0.9031283764521802,0.0011486993633263891,0.9020208205756277,0.9045133558489408,0.0,0.0,0.0,0.0,0.0,0.0,0.0,0.0,0.0,0.0,0.0,0.0,0.0,0.0,0.0,0.0,0.0,0.0,0.0,0.0,1.0,0.0,1.0,1.0
ORIGINAL,UNPAIRED_NUCLEOTIDE_EVIDENCE,50,trrosettarna2_native_ss,DIRECT_EVIDENCE_EFFECT,nucleotide,0.0,0.0,0.0,0.0,873.0,0.0,873.0,873.0,588.2,5.5641710972974225,581.0,598.0,588.2,5.5641710972974225,581.0,598.0,,,,,,,,,,,,,,,,,,,,,,,,,,,,,,,,,0.0,0.0,0.0,0.0,0.0,0.0,0.0,0.0,0.0,0.0,0.0,0.0,1.0,0.0,1.0,1.0
ORIGINAL,UNPAIRED_NUCLEOTIDE_EVIDENCE,50,trrosettarna2_native_ss,LOCAL_CONFLICT_EFFECT,pair,225.6,4.6303347611160905,218.0,232.0,0.0,0.0,0.0,0.0,0.0,0.0,0.0,0.0,0.0,0.0,0.0,0.0,0.20330578512396694,0.01780219770953555,0.18181818181818182,0.23140495867768596,0.20330578512396694,0.01780219770953555,0.18181818181818182,0.23140495867768596,0.20330578512396694,0.01780219770953555,0.18181818181818182,0.23140495867768596,0.0,0.0,0.0,0.0,0.0,0.0,0.0,0.0,0.0,0.0,0.0,0.0,0.0,0.0,0.0,0.0,0.0,0.0,0.0,0.0,0.0,0.0,0.0,0.0,0.0,0.0,0.0,0.0,0.0,0.0,0.0,0.0,1.0,0.0,1.0,1.0
ORIGINAL,UNPAIRED_NUCLEOTIDE_EVIDENCE,50,trrosettarna2_native_ss,NON_EVIDENCED_EFFECT,pair,1882.4,4.6303347611160905,1876.0,1890.0,0.0,0.0,0.0,0.0,0.0,0.0,0.0,0.0,0.0,0.0,0.0,0.0,0.8967651711295499,0.0027172920249456905,0.8927098986130318,0.9012444995523115,0.9120849106151278,0.0,0.9120849106151278,0.9120849106151278,0.9020376019333899,0.0013594398924913972,0.9000632120468277,0.9043057261626475,0.8762212164612034,0.0024310066389877203,0.8722388059701492,0.8795906080674293,0.8717183770883054,0.0,0.8717183770883055,0.8717183770883055,0.8739623143510299,0.001209806062644063,0.8719785138764548,0.8756367995205274,0.0,0.0,0.0,0.0,0.0,0.0,0.0,0.0,0.0,0.0,0.0,0.0,0.0,0.0,0.0,0.0,0.0,0.0,0.0,0.0,1.0,0.0,1.0,1.0
PAIR_HARD_ENFORCE,POSITIVE_PAIR_EVIDENCE,0,petfold,DIRECT_EVIDENCE_EFFECT,pair,0.0,0.0,0.0,0.0,0.0,0.0,0.0,0.0,0.0,0.0,0.0,0.0,0.0,0.0,0.0,0.0,1.0,0.0,1.0,1.0,1.0,0.0,1.0,1.0,1.0,0.0,1.0,1.0,1.0,0.0,1.0,1.0,1.0,0.0,1.0,1.0,1.0,0.0,1.0,1.0,0.0,0.0,0.0,0.0,0.0,0.0,0.0,0.0,0.0,0.0,0.0,0.0,0.0,0.0,0.0,0.0,0.0,0.0,0.0,0.0,1.0,0.0,1.0,1.0
PAIR_HARD_ENFORCE,POSITIVE_PAIR_EVIDENCE,0,petfold,LOCAL_CONFLICT_EFFECT,pair,0.0,0.0,0.0,0.0,0.0,0.0,0.0,0.0,0.0,0.0,0.0,0.0,0.0,0.0,0.0,0.0,1.0,0.0,1.0,1.0,1.0,0.0,1.0,1.0,1.0,0.0,1.0,1.0,1.0,0.0,1.0,1.0,1.0,0.0,1.0,1.0,1.0,0.0,1.0,1.0,0.0,0.0,0.0,0.0,0.0,0.0,0.0,0.0,0.0,0.0,0.0,0.0,0.0,0.0,0.0,0.0,0.0,0.0,0.0,0.0,1.0,0.0,1.0,1.0
PAIR_HARD_ENFORCE,POSITIVE_PAIR_EVIDENCE,0,petfold,NON_EVIDENCED_EFFECT,pair,1917.0,0.0,1917.0,1917.0,0.0,0.0,0.0,0.0,0.0,0.0,0.0,0.0,0.0,0.0,0.0,0.0,0.8952556023530504,0.0,0.8952556023530504,0.8952556023530504,0.9077787598919441,0.0,0.9077787598919441,0.9077787598919441,0.8968492212485739,0.0,0.8968492212485739,0.8968492212485739,0.8585680751173708,0.0,0.8585680751173709,0.8585680751173709,0.87291169451074,0.0,0.8729116945107399,0.8729116945107399,0.865680473372781,0.0,0.8656804733727811,0.8656804733727811,0.0,0.0,0.0,0.0,0.0,0.0,0.0,0.0,0.0,0.0,0.0,0.0,0.0,0.0,0.0,0.0,0.0,0.0,0.0,0.0,1.0,0.0,1.0,1.0
PAIR_HARD_ENFORCE,POSITIVE_PAIR_EVIDENCE,0,rnafold,DIRECT_EVIDENCE_EFFECT,pair,0.0,0.0,0.0,0.0,0.0,0.0,0.0,0.0,0.0,0.0,0.0,0.0,0.0,0.0,0.0,0.0,1.0,0.0,1.0,1.0,1.0,0.0,1.0,1.0,1.0,0.0,1.0,1.0,1.0,0.0,1.0,1.0,1.0,0.0,1.0,1.0,1.0,0.0,1.0,1.0,0.0,0.0,0.0,0.0,0.0,0.0,0.0,0.0,0.0,0.0,0.0,0.0,0.0,0.0,0.0,0.0,0.0,0.0,0.0,0.0,1.0,0.0,1.0,1.0
PAIR_HARD_ENFORCE,POSITIVE_PAIR_EVIDENCE,0,rnafold,LOCAL_CONFLICT_EFFECT,pair,0.0,0.0,0.0,0.0,0.0,0.0,0.0,0.0,0.0,0.0,0.0,0.0,0.0,0.0,0.0,0.0,1.0,0.0,1.0,1.0,1.0,0.0,1.0,1.0,1.0,0.0,1.0,1.0,1.0,0.0,1.0,1.0,1.0,0.0,1.0,1.0,1.0,0.0,1.0,1.0,0.0,0.0,0.0,0.0,0.0,0.0,0.0,0.0,0.0,0.0,0.0,0.0,0.0,0.0,0.0,0.0,0.0,0.0,0.0,0.0,1.0,0.0,1.0,1.0
PAIR_HARD_ENFORCE,POSITIVE_PAIR_EVIDENCE,0,rnafold,NON_EVIDENCED_EFFECT,pair,1896.0,0.0,1896.0,1896.0,0.0,0.0,0.0,0.0,0.0,0.0,0.0,0.0,0.0,0.0,0.0,0.0,0.9069374161618192,0.0,0.9069374161618192,0.9069374161618192,0.9138670306547281,0.0,0.9138670306547281,0.9138670306547281,0.905817611907956,0.0,0.9058176119079561,0.9058176119079561,0.87005316007088,0.0,0.8700531600708801,0.8700531600708801,0.8788782816229117,0.0,0.8788782816229117,0.8788782816229117,0.8744434550311665,0.0,0.8744434550311665,0.8744434550311665,0.0,0.0,0.0,0.0,0.0,0.0,0.0,0.0,0.0,0.0,0.0,0.0,0.0,0.0,0.0,0.0,0.0,0.0,0.0,0.0,1.0,0.0,1.0,1.0
PAIR_HARD_ENFORCE,POSITIVE_PAIR_EVIDENCE,0,trrosettarna2_native_ss,DIRECT_EVIDENCE_EFFECT,pair,0.0,0.0,0.0,0.0,0.0,0.0,0.0,0.0,0.0,0.0,0.0,0.0,0.0,0.0,0.0,0.0,1.0,0.0,1.0,1.0,1.0,0.0,1.0,1.0,1.0,0.0,1.0,1.0,1.0,0.0,1.0,1.0,1.0,0.0,1.0,1.0,1.0,0.0,1.0,1.0,0.0,0.0,0.0,0.0,0.0,0.0,0.0,0.0,0.0,0.0,0.0,0.0,0.0,0.0,0.0,0.0,0.0,0.0,0.0,0.0,1.0,0.0,1.0,1.0
PAIR_HARD_ENFORCE,POSITIVE_PAIR_EVIDENCE,0,trrosettarna2_native_ss,LOCAL_CONFLICT_EFFECT,pair,0.0,0.0,0.0,0.0,0.0,0.0,0.0,0.0,0.0,0.0,0.0,0.0,0.0,0.0,0.0,0.0,1.0,0.0,1.0,1.0,1.0,0.0,1.0,1.0,1.0,0.0,1.0,1.0,1.0,0.0,1.0,1.0,1.0,0.0,1.0,1.0,1.0,0.0,1.0,1.0,0.0,0.0,0.0,0.0,0.0,0.0,0.0,0.0,0.0,0.0,0.0,0.0,0.0,0.0,0.0,0.0,0.0,0.0,0.0,0.0,1.0,0.0,1.0,1.0
PAIR_HARD_ENFORCE,POSITIVE_PAIR_EVIDENCE,0,trrosettarna2_native_ss,NON_EVIDENCED_EFFECT,pair,2108.0,0.0,2108.0,2108.0,0.0,0.0,0.0,0.0,0.0,0.0,0.0,0.0,0.0,0.0,0.0,0.0,0.7905636556834104,0.0,0.7905636556834104,0.7905636556834104,0.9120849106151278,0.0,0.9120849106151278,0.9120849106151278,0.842871364213295,0.0,0.8428713642132949,0.8428713642132949,0.7717908082408875,0.0,0.7717908082408875,0.7717908082408875,0.8717183770883054,0.0,0.8717183770883055,0.8717183770883055,0.8187167273746148,0.0,0.8187167273746148,0.8187167273746148,0.0,0.0,0.0,0.0,0.0,0.0,0.0,0.0,0.0,0.0,0.0,0.0,0.0,0.0,0.0,0.0,0.0,0.0,0.0,0.0,1.0,0.0,1.0,1.0
PAIR_HARD_ENFORCE,POSITIVE_PAIR_EVIDENCE,1,petfold,DIRECT_EVIDENCE_EFFECT,pair,121.0,0.0,121.0,121.0,121.0,0.0,121.0,121.0,111.4,1.2,110.0,113.0,121.0,0.0,121.0,121.0,1.0,0.0,1.0,1.0,1.0,0.0,1.0,1.0,1.0,0.0,1.0,1.0,1.0,0.0,1.0,1.0,1.0,0.0,1.0,1.0,1.0,0.0,1.0,1.0,0.07933884297520662,0.009917355371900827,0.06611570247933884,0.09090909090909091,0.04133586966204994,0.005380118666376076,0.03418803418803418,0.04761904761904767,9.6,1.2,8.0,11.0,0.0,0.0,0.0,0.0,9.6,1.2,8.0,11.0,1.0,0.0,1.0,1.0
PAIR_HARD_ENFORCE,POSITIVE_PAIR_EVIDENCE,1,petfold,LOCAL_CONFLICT_EFFECT,pair,7.0,1.6733200530681511,4.0,9.0,0.0,0.0,0.0,0.0,0.0,0.0,0.0,0.0,0.0,0.0,0.0,0.0,1.0,0.0,1.0,1.0,1.0,0.0,1.0,1.0,1.0,0.0,1.0,1.0,1.0,0.0,1.0,1.0,1.0,0.0,1.0,1.0,1.0,0.0,1.0,1.0,0.04462809917355372,0.011210462782025237,0.024793388429752067,0.05785123966942149,1.0,0.0,1.0,1.0,7.0,1.6733200530681511,4.0,9.0,0.0,0.0,0.0,0.0,7.0,1.6733200530681511,4.0,9.0,1.0,0.0,1.0,1.0
PAIR_HARD_ENFORCE,POSITIVE_PAIR_EVIDENCE,1,petfold,NON_EVIDENCED_EFFECT,pair,1789.0,1.6733200530681511,1787.0,1792.0,0.0,0.0,0.0,0.0,0.0,0.0,0.0,0.0,0.0,0.0,0.0,0.0,0.8911562864564058,0.0005974858792400645,0.8904042597109907,0.8921977651647299,0.9065811967180682,0.0016863589091320598,0.9044304982826449,0.9090664385590811,0.8934702723956185,0.001373120781128617,0.8918060853838556,0.895708435032767,0.8524222683683573,0.0009803242186127695,0.8506616257088847,0.853627760252366,0.8691961414790997,0.0007717041800643291,0.8681672025723473,0.8700964630225081,0.8607273670944927,0.0008233286049005887,0.8593252705283259,0.8617834394904459,0.0,0.0,0.0,0.0,0.0,0.0,0.0,0.0,0.0,0.0,0.0,0.0,0.0,0.0,0.0,0.0,0.0,0.0,0.0,0.0,1.0,0.0,1.0,1.0
PAIR_HARD_ENFORCE,POSITIVE_PAIR_EVIDENCE,1,rnafold,DIRECT_EVIDENCE_EFFECT,pair,121.0,0.0,121.0,121.0,121.0,0.0,121.0,121.0,112.2,0.7483314773547883,111.0,113.0,121.0,0.0,121.0,121.0,1.0,0.0,1.0,1.0,1.0,0.0,1.0,1.0,1.0,0.0,1.0,1.0,1.0,0.0,1.0,1.0,1.0,0.0,1.0,1.0,1.0,0.0,1.0,1.0,0.07272727272727272,0.00618455766408916,0.06611570247933884,0.08264462809917356,0.03774654710721013,0.0033338097710886947,0.03418803418803418,0.0431034482758621,8.8,0.7483314773547883,8.0,10.0,0.0,0.0,0.0,0.0,8.8,0.7483314773547883,8.0,10.0,1.0,0.0,1.0,1.0
PAIR_HARD_ENFORCE,POSITIVE_PAIR_EVIDENCE,1,rnafold,LOCAL_CONFLICT_EFFECT,pair,5.8,1.6,4.0,8.0,0.0,0.0,0.0,0.0,0.0,0.0,0.0,0.0,0.0,0.0,0.0,0.0,1.0,0.0,1.0,1.0,1.0,0.0,1.0,1.0,1.0,0.0,1.0,1.0,1.0,0.0,1.0,1.0,1.0,0.0,1.0,1.0,1.0,0.0,1.0,1.0,0.03471074380165289,0.013223140495867768,0.01652892561983471,0.049586776859504134,1.0,0.0,1.0,1.0,5.8,1.6,4.0,8.0,0.0,0.0,0.0,0.0,5.8,1.6,4.0,8.0,1.0,0.0,1.0,1.0
PAIR_HARD_ENFORCE,POSITIVE_PAIR_EVIDENCE,1,rnafold,NON_EVIDENCED_EFFECT,pair,1769.2,1.6,1767.0,1771.0,0.0,0.0,0.0,0.0,0.0,0.0,0.0,0.0,0.0,0.0,0.0,0.0,0.9031387960927605,0.0009995029225347543,0.90131480501018,0.9042564349791656,0.9128191812843222,0.0014271100127798639,0.9110955251074918,0.9152149364583081,0.9027023660818132,0.001214508408293438,0.9015394551436562,0.9049027958173762,0.864000638200473,0.0009202491466090157,0.8629441624365483,0.8652256834075016,0.8751125401929262,0.00048124210762365565,0.8745980707395499,0.8758842443729904,0.8695209496517993,0.0006504436056839083,0.868732034493772,0.8702046035805626,0.0,0.0,0.0,0.0,0.0,0.0,0.0,0.0,0.0,0.0,0.0,0.0,0.0,0.0,0.0,0.0,0.0,0.0,0.0,0.0,1.0,0.0,1.0,1.0
PAIR_HARD_ENFORCE,POSITIVE_PAIR_EVIDENCE,1,trrosettarna2_native_ss,DIRECT_EVIDENCE_EFFECT,pair,121.0,0.0,121.0,121.0,121.0,0.0,121.0,121.0,111.2,1.6,109.0,113.0,121.0,0.0,121.0,121.0,1.0,0.0,1.0,1.0,1.0,0.0,1.0,1.0,1.0,0.0,1.0,1.0,1.0,0.0,1.0,1.0,1.0,0.0,1.0,1.0,1.0,0.0,1.0,1.0,0.08099173553719008,0.013223140495867768,0.06611570247933884,0.09917355371900827,0.042254495462891284,0.007183725786113645,0.03418803418803418,0.05217391304347829,9.8,1.6,8.0,12.0,0.0,0.0,0.0,0.0,9.8,1.6,8.0,12.0,1.0,0.0,1.0,1.0
PAIR_HARD_ENFORCE,POSITIVE_PAIR_EVIDENCE,1,trrosettarna2_native_ss,LOCAL_CONFLICT_EFFECT,pair,17.4,1.7435595774162693,15.0,20.0,0.0,0.0,0.0,0.0,0.0,0.0,0.0,0.0,0.0,0.0,0.0,0.0,1.0,0.0,1.0,1.0,1.0,0.0,1.0,1.0,1.0,0.0,1.0,1.0,1.0,0.0,1.0,1.0,1.0,0.0,1.0,1.0,1.0,0.0,1.0,1.0,0.07603305785123968,0.009637937016273225,0.06611570247933884,0.09090909090909091,1.0,0.0,1.0,1.0,17.4,1.7435595774162693,15.0,20.0,0.0,0.0,0.0,0.0,17.4,1.7435595774162693,15.0,20.0,1.0,0.0,1.0,1.0
PAIR_HARD_ENFORCE,POSITIVE_PAIR_EVIDENCE,1,trrosettarna2_native_ss,NON_EVIDENCED_EFFECT,pair,1969.6,1.7435595774162693,1967.0,1972.0,0.0,0.0,0.0,0.0,0.0,0.0,0.0,0.0,0.0,0.0,0.0,0.0,0.7796972809055178,0.0014449508985769535,0.7778040998959983,0.7814591952970323,0.9117748567400834,0.0012545765704947349,0.9099486932521822,0.9133313646700443,0.8356335905717854,0.0013278558171430385,0.8337729182071006,0.8371391250325969,0.7650193675203794,0.0009625151017539727,0.7637393767705383,0.7664399092970522,0.8680385852090031,0.0010289389067524273,0.8668810289389067,0.8694533762057878,0.8132795478388395,0.0009895466850280748,0.8120481927710843,0.8147032238626092,0.0,0.0,0.0,0.0,0.0,0.0,0.0,0.0,0.0,0.0,0.0,0.0,0.0,0.0,0.0,0.0,0.0,0.0,0.0,0.0,1.0,0.0,1.0,1.0
PAIR_HARD_ENFORCE,POSITIVE_PAIR_EVIDENCE,5,petfold,DIRECT_EVIDENCE_EFFECT,pair,130.0,0.0,130.0,130.0,130.0,0.0,130.0,130.0,116.6,3.1368774282716245,111.0,120.0,130.0,0.0,130.0,130.0,1.0,0.0,1.0,1.0,1.0,0.0,1.0,1.0,1.0,0.0,1.0,1.0,1.0,0.0,1.0,1.0,1.0,0.0,1.0,1.0,1.0,0.0,1.0,1.0,0.08506887052341597,0.023970678281352364,0.06363636363636364,0.12975206611570247,0.05451140583084555,0.013553363413502908,0.040000000000000036,0.07883817427385897,13.4,3.1368774282716245,10.0,19.0,0.0,0.0,0.0,0.0,13.4,3.1368774282716245,10.0,19.0,1.0,0.0,1.0,1.0
PAIR_HARD_ENFORCE,POSITIVE_PAIR_EVIDENCE,5,petfold,LOCAL_CONFLICT_EFFECT,pair,10.4,2.939387691339814,8.0,16.0,0.0,0.0,0.0,0.0,0.0,0.0,0.0,0.0,0.0,0.0,0.0,0.0,1.0,0.0,1.0,1.0,1.0,0.0,1.0,1.0,1.0,0.0,1.0,1.0,1.0,0.0,1.0,1.0,1.0,0.0,1.0,1.0,1.0,0.0,1.0,1.0,0.05289256198347107,0.01236911532817832,0.04132231404958678,0.0743801652892562,1.0,0.0,1.0,1.0,10.4,2.939387691339814,8.0,16.0,0.0,0.0,0.0,0.0,10.4,2.939387691339814,8.0,16.0,1.0,0.0,1.0,1.0
PAIR_HARD_ENFORCE,POSITIVE_PAIR_EVIDENCE,5,petfold,NON_EVIDENCED_EFFECT,pair,1776.6,2.939387691339814,1771.0,1779.0,0.0,0.0,0.0,0.0,0.0,0.0,0.0,0.0,0.0,0.0,0.0,0.0,0.8912557673794602,0.0019190452976987234,0.8899712957745531,0.8950772939006734,0.9072813767235305,0.002373040393680995,0.9052066653186405,0.911774942502721,0.8941064820190606,0.0024734259213911513,0.8921515304830517,0.8988818889270708,0.8537730292144141,0.0018558476488437028,0.8521573604060914,0.8573240329740013,0.8708926261319535,0.0020290280907319523,0.8686934023285899,0.8745148771021992,0.8622476871476128,0.001903371317661904,0.860345932094811,0.8658341338456612,0.0,0.0,0.0,0.0,0.0,0.0,0.0,0.0,0.0,0.0,0.0,0.0,0.0,0.0,0.0,0.0,0.0,0.0,0.0,0.0,1.0,0.0,1.0,1.0
PAIR_HARD_ENFORCE,POSITIVE_PAIR_EVIDENCE,5,rnafold,DIRECT_EVIDENCE_EFFECT,pair,130.0,0.0,130.0,130.0,130.0,0.0,130.0,130.0,116.6,3.5552777669262356,110.0,120.0,130.0,0.0,130.0,130.0,1.0,0.0,1.0,1.0,1.0,0.0,1.0,1.0,1.0,0.0,1.0,1.0,1.0,0.0,1.0,1.0,1.0,0.0,1.0,1.0,1.0,0.0,1.0,1.0,0.08396694214876034,0.02575096039147689,0.06363636363636364,0.13250688705234162,0.054561541208105434,0.01543593849236481,0.040000000000000036,0.08333333333333337,13.4,3.5552777669262356,10.0,20.0,0.0,0.0,0.0,0.0,13.4,3.5552777669262356,10.0,20.0,1.0,0.0,1.0,1.0
PAIR_HARD_ENFORCE,POSITIVE_PAIR_EVIDENCE,5,rnafold,LOCAL_CONFLICT_EFFECT,pair,9.6,2.727636339397171,6.0,14.0,0.0,0.0,0.0,0.0,0.0,0.0,0.0,0.0,0.0,0.0,0.0,0.0,1.0,0.0,1.0,1.0,1.0,0.0,1.0,1.0,1.0,0.0,1.0,1.0,1.0,0.0,1.0,1.0,1.0,0.0,1.0,1.0,1.0,0.0,1.0,1.0,0.049586776859504134,0.012803250731264188,0.04132231404958678,0.0743801652892562,1.0,0.0,1.0,1.0,9.6,2.727636339397171,6.0,14.0,0.0,0.0,0.0,0.0,9.6,2.727636339397171,6.0,14.0,1.0,0.0,1.0,1.0
PAIR_HARD_ENFORCE,POSITIVE_PAIR_EVIDENCE,5,rnafold,NON_EVIDENCED_EFFECT,pair,1756.4,2.727636339397171,1752.0,1760.0,0.0,0.0,0.0,0.0,0.0,0.0,0.0,0.0,0.0,0.0,0.0,0.0,0.9035322606931409,0.0018635211970206588,0.902235455837893,0.9072210326019013,0.9137148499113985,0.0022890538155443986,0.911876075589953,0.9180911136378032,0.903587740401794,0.002433638355854012,0.9017465761691469,0.9083110134035686,0.8657127604372536,0.0017963142695480016,0.8634333120612636,0.868706182281708,0.8773609314359637,0.0022996622037038932,0.8751617076326003,0.8816300129366106,0.8714977697730314,0.0020249422336156655,0.8692579505300353,0.8751203852327448,0.0,0.0,0.0,0.0,0.0,0.0,0.0,0.0,0.0,0.0,0.0,0.0,0.0,0.0,0.0,0.0,0.0,0.0,0.0,0.0,1.0,0.0,1.0,1.0
PAIR_HARD_ENFORCE,POSITIVE_PAIR_EVIDENCE,5,trrosettarna2_native_ss,DIRECT_EVIDENCE_EFFECT,pair,130.0,0.0,130.0,130.0,130.0,0.0,130.0,130.0,117.4,2.0591260281974,114.0,120.0,130.0,0.0,130.0,130.0,1.0,0.0,1.0,1.0,1.0,0.0,1.0,1.0,1.0,0.0,1.0,1.0,1.0,0.0,1.0,1.0,1.0,0.0,1.0,1.0,1.0,0.0,1.0,1.0,0.07724517906336088,0.013485235392350806,0.0581267217630854,0.09917355371900827,0.05100272704276989,0.00877811117049019,0.040000000000000036,0.06557377049180324,12.6,2.0591260281974,10.0,16.0,0.0,0.0,0.0,0.0,12.6,2.0591260281974,10.0,16.0,1.0,0.0,1.0,1.0
PAIR_HARD_ENFORCE,POSITIVE_PAIR_EVIDENCE,5,trrosettarna2_native_ss,LOCAL_CONFLICT_EFFECT,pair,16.6,2.1540659228538015,14.0,20.0,0.0,0.0,0.0,0.0,0.0,0.0,0.0,0.0,0.0,0.0,0.0,0.0,1.0,0.0,1.0,1.0,1.0,0.0,1.0,1.0,1.0,0.0,1.0,1.0,1.0,0.0,1.0,1.0,1.0,0.0,1.0,1.0,1.0,0.0,1.0,1.0,0.06776859504132231,0.00618455766408916,0.05785123966942149,0.0743801652892562,1.0,0.0,1.0,1.0,16.6,2.1540659228538015,14.0,20.0,0.0,0.0,0.0,0.0,16.6,2.1540659228538015,14.0,20.0,1.0,0.0,1.0,1.0
PAIR_HARD_ENFORCE,POSITIVE_PAIR_EVIDENCE,5,trrosettarna2_native_ss,NON_EVIDENCED_EFFECT,pair,1961.4,2.1540659228538015,1958.0,1964.0,0.0,0.0,0.0,0.0,0.0,0.0,0.0,0.0,0.0,0.0,0.0,0.0,0.7779233606784819,0.000677673150153169,0.7771674277897437,0.7787713929695139,0.9109404978218514,0.0006997178991146216,0.9097647126101173,0.9119349997491873,0.8343893839040699,0.0006535528686977938,0.833346820014421,0.8352315472012845,0.763843259480504,0.0011828402580232893,0.7623649801023309,0.7657760090960773,0.8690815006468305,0.0013319055809814819,0.8673997412677878,0.871280724450194,0.8130711204486513,0.0012273094818156813,0.8114977307110439,0.8151285930408472,0.0,0.0,0.0,0.0,0.0,0.0,0.0,0.0,0.0,0.0,0.0,0.0,0.0,0.0,0.0,0.0,0.0,0.0,0.0,0.0,1.0,0.0,1.0,1.0
PAIR_HARD_ENFORCE,POSITIVE_PAIR_EVIDENCE,10,petfold,DIRECT_EVIDENCE_EFFECT,pair,180.0,0.0,180.0,180.0,180.0,0.0,180.0,180.0,159.4,3.9293765408777,153.0,165.0,180.0,0.0,180.0,180.0,1.0,0.0,1.0,1.0,1.0,0.0,1.0,1.0,1.0,0.0,1.0,1.0,1.0,0.0,1.0,1.0,1.0,0.0,1.0,1.0,1.0,0.0,1.0,1.0,0.07712055621146531,0.014366676972474573,0.05693296602387512,0.10035419126328217,0.060838020766434873,0.012324604983520672,0.04347826086956519,0.08108108108108103,20.6,3.9293765408777,15.0,27.0,0.0,0.0,0.0,0.0,20.6,3.9293765408777,15.0,27.0,1.0,0.0,1.0,1.0
PAIR_HARD_ENFORCE,POSITIVE_PAIR_EVIDENCE,10,petfold,LOCAL_CONFLICT_EFFECT,pair,16.4,2.0591260281974,14.0,20.0,0.0,0.0,0.0,0.0,0.0,0.0,0.0,0.0,0.0,0.0,0.0,0.0,1.0,0.0,1.0,1.0,1.0,0.0,1.0,1.0,1.0,0.0,1.0,1.0,1.0,0.0,1.0,1.0,1.0,0.0,1.0,1.0,1.0,0.0,1.0,1.0,0.06776859504132231,0.00618455766408916,0.05785123966942149,0.0743801652892562,1.0,0.0,1.0,1.0,16.4,2.0591260281974,14.0,20.0,0.0,0.0,0.0,0.0,16.4,2.0591260281974,14.0,20.0,1.0,0.0,1.0,1.0
PAIR_HARD_ENFORCE,POSITIVE_PAIR_EVIDENCE,10,petfold,NON_EVIDENCED_EFFECT,pair,1720.6,2.0591260281974,1717.0,1723.0,0.0,0.0,0.0,0.0,0.0,0.0,0.0,0.0,0.0,0.0,0.0,0.0,0.8896347718335897,0.0011531218097127409,0.888566614721391,0.8918505260915072,0.9068147422202365,0.0019524074678008846,0.905098045227351,0.9101616356814978,0.8930237302147235,0.0016161137100992868,0.8915746039271649,0.8959016920866972,0.8530282407994001,0.001478395694356288,0.8516339869281045,0.8556499020248204,0.8713903743315509,0.0026265885968433547,0.8676470588235294,0.8756684491978609,0.8621109762235205,0.0019948873456166385,0.8596026490066225,0.8655434423521638,0.0,0.0,0.0,0.0,0.0,0.0,0.0,0.0,0.0,0.0,0.0,0.0,0.0,0.0,0.0,0.0,0.0,0.0,0.0,0.0,1.0,0.0,1.0,1.0
PAIR_HARD_ENFORCE,POSITIVE_PAIR_EVIDENCE,10,rnafold,DIRECT_EVIDENCE_EFFECT,pair,180.0,0.0,180.0,180.0,180.0,0.0,180.0,180.0,160.2,3.655133376499413,154.0,165.0,180.0,0.0,180.0,180.0,1.0,0.0,1.0,1.0,1.0,0.0,1.0,1.0,1.0,0.0,1.0,1.0,1.0,0.0,1.0,1.0,1.0,0.0,1.0,1.0,1.0,0.0,1.0,1.0,0.07161091433818707,0.01198092176633366,0.05693296602387512,0.09208972845336481,0.05832390578447202,0.011434652314607814,0.04347826086956519,0.07784431137724546,19.8,3.655133376499413,15.0,26.0,0.0,0.0,0.0,0.0,19.8,3.655133376499413,15.0,26.0,1.0,0.0,1.0,1.0
PAIR_HARD_ENFORCE,POSITIVE_PAIR_EVIDENCE,10,rnafold,LOCAL_CONFLICT_EFFECT,pair,15.2,2.039607805437114,13.0,19.0,0.0,0.0,0.0,0.0,0.0,0.0,0.0,0.0,0.0,0.0,0.0,0.0,1.0,0.0,1.0,1.0,1.0,0.0,1.0,1.0,1.0,0.0,1.0,1.0,1.0,0.0,1.0,1.0,1.0,0.0,1.0,1.0,1.0,0.0,1.0,1.0,0.06115702479338843,0.008428131427426091,0.049586776859504134,0.0743801652892562,1.0,0.0,1.0,1.0,15.2,2.039607805437114,13.0,19.0,0.0,0.0,0.0,0.0,15.2,2.039607805437114,13.0,19.0,1.0,0.0,1.0,1.0
PAIR_HARD_ENFORCE,POSITIVE_PAIR_EVIDENCE,10,rnafold,NON_EVIDENCED_EFFECT,pair,1700.8,2.039607805437114,1697.0,1703.0,0.0,0.0,0.0,0.0,0.0,0.0,0.0,0.0,0.0,0.0,0.0,0.0,0.9019605740863655,0.0013888883451785765,0.9002444149675874,0.904450247824899,0.9130090903713818,0.0018766861914632869,0.9110308135379207,0.9162881728557412,0.902418260681981,0.001555683035319868,0.9010906906349005,0.9053908219504532,0.8650487539031626,0.0014583271613812883,0.8636363636363636,0.8677631578947368,0.8775401069518717,0.0024432709735958584,0.8743315508021391,0.8816844919786097,0.871249258533307,0.0019126845246388187,0.8691029900332226,0.8746684350132626,0.0,0.0,0.0,0.0,0.0,0.0,0.0,0.0,0.0,0.0,0.0,0.0,0.0,0.0,0.0,0.0,0.0,0.0,0.0,0.0,1.0,0.0,1.0,1.0
PAIR_HARD_ENFORCE,POSITIVE_PAIR_EVIDENCE,10,trrosettarna2_native_ss,DIRECT_EVIDENCE_EFFECT,pair,180.0,0.0,180.0,180.0,180.0,0.0,180.0,180.0,158.4,2.1540659228538015,156.0,161.0,180.0,0.0,180.0,180.0,1.0,0.0,1.0,1.0,1.0,0.0,1.0,1.0,1.0,0.0,1.0,1.0,1.0,0.0,1.0,1.0,1.0,0.0,1.0,1.0,1.0,0.0,1.0,1.0,0.08228256591892955,0.0066818519713446635,0.07162534435261708,0.0915322051685688,0.06387280757913474,0.006758438931544768,0.055718475073313734,0.0714285714285714,21.6,2.1540659228538015,19.0,24.0,0.0,0.0,0.0,0.0,21.6,2.1540659228538015,19.0,24.0,1.0,0.0,1.0,1.0
PAIR_HARD_ENFORCE,POSITIVE_PAIR_EVIDENCE,10,trrosettarna2_native_ss,LOCAL_CONFLICT_EFFECT,pair,29.6,0.8,29.0,31.0,0.0,0.0,0.0,0.0,0.0,0.0,0.0,0.0,0.0,0.0,0.0,0.0,1.0,0.0,1.0,1.0,1.0,0.0,1.0,1.0,1.0,0.0,1.0,1.0,1.0,0.0,1.0,1.0,1.0,0.0,1.0,1.0,1.0,0.0,1.0,1.0,0.08925619834710743,0.00618455766408916,0.08264462809917356,0.09917355371900827,1.0,0.0,1.0,1.0,29.6,0.8,29.0,31.0,0.0,0.0,0.0,0.0,29.6,0.8,29.0,31.0,1.0,0.0,1.0,1.0
PAIR_HARD_ENFORCE,POSITIVE_PAIR_EVIDENCE,10,trrosettarna2_native_ss,NON_EVIDENCED_EFFECT,pair,1898.4,0.8,1897.0,1899.0,0.0,0.0,0.0,0.0,0.0,0.0,0.0,0.0,0.0,0.0,0.0,0.0,0.7775109963193315,0.0008378641943515462,0.7765999623538032,0.7787471213421125,0.9118870814332094,0.0005975198144037534,0.9110936144123054,0.912796752263793,0.8345392836537051,0.0007644252293150305,0.8336799717911654,0.8357790589842451,0.7639879811115705,0.0005215149040844088,0.7633587786259542,0.764947245017585,0.8707219251336898,0.001439883638271251,0.8689839572192514,0.8723262032085561,0.8138701949513374,0.000872763247996061,0.8127539856205064,0.8151155527795128,0.0,0.0,0.0,0.0,0.0,0.0,0.0,0.0,0.0,0.0,0.0,0.0,0.0,0.0,0.0,0.0,0.0,0.0,0.0,0.0,1.0,0.0,1.0,1.0
PAIR_HARD_ENFORCE,POSITIVE_PAIR_EVIDENCE,20,petfold,DIRECT_EVIDENCE_EFFECT,pair,338.0,0.0,338.0,338.0,338.0,0.0,338.0,338.0,293.6,2.244994432064365,290.0,296.0,338.0,0.0,338.0,338.0,1.0,0.0,1.0,1.0,1.0,0.0,1.0,1.0,1.0,0.0,1.0,1.0,1.0,0.0,1.0,1.0,1.0,0.0,1.0,1.0,1.0,0.0,1.0,1.0,0.07475078722731154,0.006177230689635722,0.06792682934483717,0.08452831671110718,0.07031120605603816,0.0038119319309929288,0.06624605678233442,0.07643312101910826,44.4,2.244994432064365,42.0,48.0,0.0,0.0,0.0,0.0,44.4,2.244994432064365,42.0,48.0,1.0,0.0,1.0,1.0
PAIR_HARD_ENFORCE,POSITIVE_PAIR_EVIDENCE,20,petfold,LOCAL_CONFLICT_EFFECT,pair,39.2,6.11228271597445,31.0,50.0,0.0,0.0,0.0,0.0,0.0,0.0,0.0,0.0,0.0,0.0,0.0,0.0,1.0,0.0,1.0,1.0,1.0,0.0,1.0,1.0,1.0,0.0,1.0,1.0,1.0,0.0,1.0,1.0,1.0,0.0,1.0,1.0,1.0,0.0,1.0,1.0,0.10247933884297522,0.016194973506004483,0.09090909090909091,0.1322314049586777,1.0,0.0,1.0,1.0,39.2,6.11228271597445,31.0,50.0,0.0,0.0,0.0,0.0,39.2,6.11228271597445,31.0,50.0,1.0,0.0,1.0,1.0
PAIR_HARD_ENFORCE,POSITIVE_PAIR_EVIDENCE,20,petfold,NON_EVIDENCED_EFFECT,pair,1539.8,6.11228271597445,1529.0,1548.0,0.0,0.0,0.0,0.0,0.0,0.0,0.0,0.0,0.0,0.0,0.0,0.0,0.8881603413745986,0.00219261855200696,0.8860153185138084,0.8915699107118342,0.9079105874001353,0.0018489476557909067,0.9057248389103031,0.9107614041923716,0.8927629036821416,0.0017729827609957985,0.8911325868724914,0.8954915709547094,0.8528424046201287,0.003989171651240517,0.8476052249637155,0.8599706744868035,0.8739910313901346,0.0016778732676116339,0.8721973094170403,0.8766816143497758,0.8632846668040643,0.002720842310045967,0.8600883652430045,0.8682457438934122,0.0,0.0,0.0,0.0,0.0,0.0,0.0,0.0,0.0,0.0,0.0,0.0,0.0,0.0,0.0,0.0,0.0,0.0,0.0,0.0,1.0,0.0,1.0,1.0
PAIR_HARD_ENFORCE,POSITIVE_PAIR_EVIDENCE,20,rnafold,DIRECT_EVIDENCE_EFFECT,pair,338.0,0.0,338.0,338.0,338.0,0.0,338.0,338.0,295.4,1.7435595774162693,293.0,298.0,338.0,0.0,338.0,338.0,1.0,0.0,1.0,1.0,1.0,0.0,1.0,1.0,1.0,0.0,1.0,1.0,1.0,0.0,1.0,1.0,1.0,0.0,1.0,1.0,1.0,0.0,1.0,1.0,0.07127852028397022,0.006167943833350713,0.0641383546303844,0.08134059534156764,0.06726416418299094,0.002937444140924497,0.06289308176100628,0.07131537242472263,42.6,1.7435595774162693,40.0,45.0,0.0,0.0,0.0,0.0,42.6,1.7435595774162693,40.0,45.0,1.0,0.0,1.0,1.0
PAIR_HARD_ENFORCE,POSITIVE_PAIR_EVIDENCE,20,rnafold,LOCAL_CONFLICT_EFFECT,pair,37.8,5.979966555090421,33.0,49.0,0.0,0.0,0.0,0.0,0.0,0.0,0.0,0.0,0.0,0.0,0.0,0.0,1.0,0.0,1.0,1.0,1.0,0.0,1.0,1.0,1.0,0.0,1.0,1.0,1.0,0.0,1.0,1.0,1.0,0.0,1.0,1.0,1.0,0.0,1.0,1.0,0.09090909090909091,0.011687715391513183,0.0743801652892562,0.10743801652892562,1.0,0.0,1.0,1.0,37.8,5.979966555090421,33.0,49.0,0.0,0.0,0.0,0.0,37.8,5.979966555090421,33.0,49.0,1.0,0.0,1.0,1.0
PAIR_HARD_ENFORCE,POSITIVE_PAIR_EVIDENCE,20,rnafold,NON_EVIDENCED_EFFECT,pair,1520.2,5.979966555090421,1509.0,1525.0,0.0,0.0,0.0,0.0,0.0,0.0,0.0,0.0,0.0,0.0,0.0,0.0,0.9013655491274042,0.0018005507877755672,0.8983746576785807,0.9036573623869868,0.9140828788908516,0.001975635953416082,0.9115786341600635,0.9172940440259351,0.9026691671247626,0.0016864297490657692,0.8999295919096578,0.9047650628405918,0.8660236243135161,0.003936591625033157,0.8629032258064516,0.8734270910436713,0.8801195814648729,0.0013031088022542989,0.8781763826606876,0.8819133034379671,0.873011697468681,0.0024732165546811876,0.8706928492034087,0.8776496838973596,0.0,0.0,0.0,0.0,0.0,0.0,0.0,0.0,0.0,0.0,0.0,0.0,0.0,0.0,0.0,0.0,0.0,0.0,0.0,0.0,1.0,0.0,1.0,1.0
PAIR_HARD_ENFORCE,POSITIVE_PAIR_EVIDENCE,20,trrosettarna2_native_ss,DIRECT_EVIDENCE_EFFECT,pair,338.0,0.0,338.0,338.0,338.0,0.0,338.0,338.0,295.8,2.6381811916545836,293.0,299.0,338.0,0.0,338.0,338.0,1.0,0.0,1.0,1.0,1.0,0.0,1.0,1.0,1.0,0.0,1.0,1.0,1.0,0.0,1.0,1.0,1.0,0.0,1.0,1.0,1.0,0.0,1.0,1.0,0.0764996832692506,0.004927851437524828,0.0705010554184108,0.08389878365571123,0.06660097166913466,0.004433301493188472,0.061224489795918324,0.07131537242472263,42.2,2.6381811916545836,39.0,45.0,0.0,0.0,0.0,0.0,42.2,2.6381811916545836,39.0,45.0,1.0,0.0,1.0,1.0
PAIR_HARD_ENFORCE,POSITIVE_PAIR_EVIDENCE,20,trrosettarna2_native_ss,LOCAL_CONFLICT_EFFECT,pair,54.8,5.1536394906900505,45.0,60.0,0.0,0.0,0.0,0.0,0.0,0.0,0.0,0.0,0.0,0.0,0.0,0.0,1.0,0.0,1.0,1.0,1.0,0.0,1.0,1.0,1.0,0.0,1.0,1.0,1.0,0.0,1.0,1.0,1.0,0.0,1.0,1.0,1.0,0.0,1.0,1.0,0.10413223140495868,0.004048743376501121,0.09917355371900827,0.10743801652892562,1.0,0.0,1.0,1.0,54.8,5.1536394906900505,45.0,60.0,0.0,0.0,0.0,0.0,54.8,5.1536394906900505,45.0,60.0,1.0,0.0,1.0,1.0
PAIR_HARD_ENFORCE,POSITIVE_PAIR_EVIDENCE,20,trrosettarna2_native_ss,NON_EVIDENCED_EFFECT,pair,1715.2,5.1536394906900505,1710.0,1725.0,0.0,0.0,0.0,0.0,0.0,0.0,0.0,0.0,0.0,0.0,0.0,0.0,0.7672538619895611,0.001422893887342213,0.764672463535977,0.7688939296350642,0.9119394339143975,0.0016486990858119038,0.9101874862995427,0.9147618304035416,0.8280826065624203,0.0014882355878095077,0.8260379834084463,0.8303879919793519,0.7554521211363835,0.002773567586050249,0.750161394448031,0.7582846003898636,0.8708520179372197,0.001971734821864408,0.8684603886397608,0.8729446935724963,0.8090562366623489,0.0022465316363948417,0.804987876688604,0.8112617309697602,0.0,0.0,0.0,0.0,0.0,0.0,0.0,0.0,0.0,0.0,0.0,0.0,0.0,0.0,0.0,0.0,0.0,0.0,0.0,0.0,1.0,0.0,1.0,1.0
PAIR_HARD_ENFORCE,POSITIVE_PAIR_EVIDENCE,50,petfold,DIRECT_EVIDENCE_EFFECT,pair,875.0,0.0,875.0,875.0,875.0,0.0,875.0,875.0,762.4,3.2619012860600183,759.0,768.0,875.0,0.0,875.0,875.0,1.0,0.0,1.0,1.0,1.0,0.0,1.0,1.0,1.0,0.0,1.0,1.0,1.0,0.0,1.0,1.0,1.0,0.0,1.0,1.0,1.0,0.0,1.0,1.0,0.06910630145247669,0.0037588658839764325,0.06438317514158157,0.07488658744847045,0.068771793788142,0.002126108528585902,0.06512477175897746,0.07099143206854341,112.6,3.2619012860600183,107.0,116.0,0.0,0.0,0.0,0.0,112.6,3.2619012860600183,107.0,116.0,1.0,0.0,1.0,1.0
PAIR_HARD_ENFORCE,POSITIVE_PAIR_EVIDENCE,50,petfold,LOCAL_CONFLICT_EFFECT,pair,86.2,7.626270385975047,74.0,95.0,0.0,0.0,0.0,0.0,0.0,0.0,0.0,0.0,0.0,0.0,0.0,0.0,1.0,0.0,1.0,1.0,1.0,0.0,1.0,1.0,1.0,0.0,1.0,1.0,1.0,0.0,1.0,1.0,1.0,0.0,1.0,1.0,1.0,0.0,1.0,1.0,0.16363636363636364,0.012146230129503364,0.1487603305785124,0.18181818181818182,1.0,0.0,1.0,1.0,86.2,7.626270385975047,74.0,95.0,0.0,0.0,0.0,0.0,86.2,7.626270385975047,74.0,95.0,1.0,0.0,1.0,1.0
PAIR_HARD_ENFORCE,POSITIVE_PAIR_EVIDENCE,50,petfold,NON_EVIDENCED_EFFECT,pair,955.8,7.626270385975047,947.0,968.0,0.0,0.0,0.0,0.0,0.0,0.0,0.0,0.0,0.0,0.0,0.0,0.0,0.8670409878165041,0.00334234869833831,0.8633191546475455,0.8729304044143616,0.914114548066219,0.004704515197076308,0.9077472957234006,0.9206790609278931,0.8812452030840635,0.0035258892525135543,0.8769992969785922,0.885362985750688,0.8190784784285627,0.007794118877734113,0.8071593533487298,0.8282352941176471,0.8746566791510612,0.004072286249762829,0.867665418227216,0.8789013732833958,0.8459463829044991,0.005758988156159318,0.8386322735452909,0.8528164748637189,0.0,0.0,0.0,0.0,0.0,0.0,0.0,0.0,0.0,0.0,0.0,0.0,0.0,0.0,0.0,0.0,0.0,0.0,0.0,0.0,1.0,0.0,1.0,1.0
PAIR_HARD_ENFORCE,POSITIVE_PAIR_EVIDENCE,50,rnafold,DIRECT_EVIDENCE_EFFECT,pair,875.0,0.0,875.0,875.0,875.0,0.0,875.0,875.0,767.2,4.955804677345546,762.0,775.0,875.0,0.0,875.0,875.0,1.0,0.0,1.0,1.0,1.0,0.0,1.0,1.0,1.0,0.0,1.0,1.0,1.0,0.0,1.0,1.0,1.0,0.0,1.0,1.0,1.0,0.0,1.0,1.0,0.06588527601581783,0.003651018874995559,0.06250687841045047,0.07051151639588253,0.06565334339391196,0.0032125086523845897,0.06060606060606055,0.06902871105681119,107.8,4.955804677345546,100.0,113.0,0.0,0.0,0.0,0.0,107.8,4.955804677345546,100.0,113.0,1.0,0.0,1.0,1.0
PAIR_HARD_ENFORCE,POSITIVE_PAIR_EVIDENCE,50,rnafold,LOCAL_CONFLICT_EFFECT,pair,84.0,8.414273587185052,72.0,94.0,0.0,0.0,0.0,0.0,0.0,0.0,0.0,0.0,0.0,0.0,0.0,0.0,1.0,0.0,1.0,1.0,1.0,0.0,1.0,1.0,1.0,0.0,1.0,1.0,1.0,0.0,1.0,1.0,1.0,0.0,1.0,1.0,1.0,0.0,1.0,1.0,0.15867768595041323,0.013223140495867768,0.14049586776859505,0.17355371900826447,1.0,0.0,1.0,1.0,84.0,8.414273587185052,72.0,94.0,0.0,0.0,0.0,0.0,84.0,8.414273587185052,72.0,94.0,1.0,0.0,1.0,1.0
PAIR_HARD_ENFORCE,POSITIVE_PAIR_EVIDENCE,50,rnafold,NON_EVIDENCED_EFFECT,pair,937.0,8.414273587185052,927.0,949.0,0.0,0.0,0.0,0.0,0.0,0.0,0.0,0.0,0.0,0.0,0.0,0.0,0.885864841580933,0.003646985030443663,0.8813930712691043,0.8911353797717434,0.9209786114592079,0.004319439280765285,0.9140591621816919,0.9256607029334302,0.8950514480653468,0.0036990300643604942,0.8895677421374925,0.900814147738111,0.8384867378987597,0.009167967174273805,0.8260869565217391,0.8494623655913979,0.8811485642946317,0.006187022069095533,0.8714107365792759,0.8876404494382022,0.8592803655559905,0.007490229522108939,0.851089588377724,0.8681318681318682,0.0,0.0,0.0,0.0,0.0,0.0,0.0,0.0,0.0,0.0,0.0,0.0,0.0,0.0,0.0,0.0,0.0,0.0,0.0,0.0,1.0,0.0,1.0,1.0
PAIR_HARD_ENFORCE,POSITIVE_PAIR_EVIDENCE,50,trrosettarna2_native_ss,DIRECT_EVIDENCE_EFFECT,pair,875.0,0.0,875.0,875.0,875.0,0.0,875.0,875.0,762.6,4.758150901348127,755.0,767.0,875.0,0.0,875.0,875.0,1.0,0.0,1.0,1.0,1.0,0.0,1.0,1.0,1.0,0.0,1.0,1.0,1.0,0.0,1.0,1.0,1.0,0.0,1.0,1.0,1.0,0.0,1.0,1.0,0.07498605617877749,0.0022605863178637568,0.07257914828210191,0.07875166946505742,0.06864606734044901,0.003110429532686938,0.06577344701583432,0.07361963190184051,112.4,4.758150901348127,108.0,120.0,0.0,0.0,0.0,0.0,112.4,4.758150901348127,108.0,120.0,1.0,0.0,1.0,1.0
PAIR_HARD_ENFORCE,POSITIVE_PAIR_EVIDENCE,50,trrosettarna2_native_ss,LOCAL_CONFLICT_EFFECT,pair,123.2,2.7856776554368237,120.0,127.0,0.0,0.0,0.0,0.0,0.0,0.0,0.0,0.0,0.0,0.0,0.0,0.0,1.0,0.0,1.0,1.0,1.0,0.0,1.0,1.0,1.0,0.0,1.0,1.0,1.0,0.0,1.0,1.0,1.0,0.0,1.0,1.0,1.0,0.0,1.0,1.0,0.15041322314049588,0.00618455766408916,0.14049586776859505,0.15702479338842976,1.0,0.0,1.0,1.0,123.2,2.7856776554368237,120.0,127.0,0.0,0.0,0.0,0.0,123.2,2.7856776554368237,120.0,127.0,1.0,0.0,1.0,1.0
PAIR_HARD_ENFORCE,POSITIVE_PAIR_EVIDENCE,50,trrosettarna2_native_ss,NON_EVIDENCED_EFFECT,pair,1109.8,2.7856776554368237,1106.0,1113.0,0.0,0.0,0.0,0.0,0.0,0.0,0.0,0.0,0.0,0.0,0.0,0.0,0.7005625336576005,0.0025927504626059813,0.6970459462812622,0.7041895116336189,0.9163463063067807,0.0026767558036458745,0.9126749677639006,0.9203073990129327,0.7843413748595103,0.002521422996862865,0.7810049529155113,0.7881908074880118,0.6934013223416862,0.0032916226460322747,0.6898608349900597,0.6976284584980237,0.8719101123595505,0.00594026329756322,0.8664169787765293,0.8813982521847691,0.7724759480034917,0.004341626111249058,0.7681239623685667,0.7788196359624932,0.0,0.0,0.0,0.0,0.0,0.0,0.0,0.0,0.0,0.0,0.0,0.0,0.0,0.0,0.0,0.0,0.0,0.0,0.0,0.0,1.0,0.0,1.0,1.0
PAIR_PROTECT_ONLY,POSITIVE_PAIR_EVIDENCE,0,petfold,DIRECT_EVIDENCE_EFFECT,pair,0.0,0.0,0.0,0.0,0.0,0.0,0.0,0.0,0.0,0.0,0.0,0.0,0.0,0.0,0.0,0.0,1.0,0.0,1.0,1.0,1.0,0.0,1.0,1.0,1.0,0.0,1.0,1.0,1.0,0.0,1.0,1.0,1.0,0.0,1.0,1.0,1.0,0.0,1.0,1.0,0.0,0.0,0.0,0.0,0.0,0.0,0.0,0.0,0.0,0.0,0.0,0.0,0.0,0.0,0.0,0.0,0.0,0.0,0.0,0.0,1.0,0.0,1.0,1.0
PAIR_PROTECT_ONLY,POSITIVE_PAIR_EVIDENCE,0,petfold,LOCAL_CONFLICT_EFFECT,pair,0.0,0.0,0.0,0.0,0.0,0.0,0.0,0.0,0.0,0.0,0.0,0.0,0.0,0.0,0.0,0.0,1.0,0.0,1.0,1.0,1.0,0.0,1.0,1.0,1.0,0.0,1.0,1.0,1.0,0.0,1.0,1.0,1.0,0.0,1.0,1.0,1.0,0.0,1.0,1.0,0.0,0.0,0.0,0.0,0.0,0.0,0.0,0.0,0.0,0.0,0.0,0.0,0.0,0.0,0.0,0.0,0.0,0.0,0.0,0.0,1.0,0.0,1.0,1.0
PAIR_PROTECT_ONLY,POSITIVE_PAIR_EVIDENCE,0,petfold,NON_EVIDENCED_EFFECT,pair,1917.0,0.0,1917.0,1917.0,0.0,0.0,0.0,0.0,0.0,0.0,0.0,0.0,0.0,0.0,0.0,0.0,0.8952556023530504,0.0,0.8952556023530504,0.8952556023530504,0.9077787598919441,0.0,0.9077787598919441,0.9077787598919441,0.8968492212485739,0.0,0.8968492212485739,0.8968492212485739,0.8585680751173708,0.0,0.8585680751173709,0.8585680751173709,0.87291169451074,0.0,0.8729116945107399,0.8729116945107399,0.865680473372781,0.0,0.8656804733727811,0.8656804733727811,0.0,0.0,0.0,0.0,0.0,0.0,0.0,0.0,0.0,0.0,0.0,0.0,0.0,0.0,0.0,0.0,0.0,0.0,0.0,0.0,1.0,0.0,1.0,1.0
PAIR_PROTECT_ONLY,POSITIVE_PAIR_EVIDENCE,0,rnafold,DIRECT_EVIDENCE_EFFECT,pair,0.0,0.0,0.0,0.0,0.0,0.0,0.0,0.0,0.0,0.0,0.0,0.0,0.0,0.0,0.0,0.0,1.0,0.0,1.0,1.0,1.0,0.0,1.0,1.0,1.0,0.0,1.0,1.0,1.0,0.0,1.0,1.0,1.0,0.0,1.0,1.0,1.0,0.0,1.0,1.0,0.0,0.0,0.0,0.0,0.0,0.0,0.0,0.0,0.0,0.0,0.0,0.0,0.0,0.0,0.0,0.0,0.0,0.0,0.0,0.0,1.0,0.0,1.0,1.0
PAIR_PROTECT_ONLY,POSITIVE_PAIR_EVIDENCE,0,rnafold,LOCAL_CONFLICT_EFFECT,pair,0.0,0.0,0.0,0.0,0.0,0.0,0.0,0.0,0.0,0.0,0.0,0.0,0.0,0.0,0.0,0.0,1.0,0.0,1.0,1.0,1.0,0.0,1.0,1.0,1.0,0.0,1.0,1.0,1.0,0.0,1.0,1.0,1.0,0.0,1.0,1.0,1.0,0.0,1.0,1.0,0.0,0.0,0.0,0.0,0.0,0.0,0.0,0.0,0.0,0.0,0.0,0.0,0.0,0.0,0.0,0.0,0.0,0.0,0.0,0.0,1.0,0.0,1.0,1.0
PAIR_PROTECT_ONLY,POSITIVE_PAIR_EVIDENCE,0,rnafold,NON_EVIDENCED_EFFECT,pair,1896.0,0.0,1896.0,1896.0,0.0,0.0,0.0,0.0,0.0,0.0,0.0,0.0,0.0,0.0,0.0,0.0,0.9069374161618192,0.0,0.9069374161618192,0.9069374161618192,0.9138670306547281,0.0,0.9138670306547281,0.9138670306547281,0.905817611907956,0.0,0.9058176119079561,0.9058176119079561,0.87005316007088,0.0,0.8700531600708801,0.8700531600708801,0.8788782816229117,0.0,0.8788782816229117,0.8788782816229117,0.8744434550311665,0.0,0.8744434550311665,0.8744434550311665,0.0,0.0,0.0,0.0,0.0,0.0,0.0,0.0,0.0,0.0,0.0,0.0,0.0,0.0,0.0,0.0,0.0,0.0,0.0,0.0,1.0,0.0,1.0,1.0
PAIR_PROTECT_ONLY,POSITIVE_PAIR_EVIDENCE,0,trrosettarna2_native_ss,DIRECT_EVIDENCE_EFFECT,pair,0.0,0.0,0.0,0.0,0.0,0.0,0.0,0.0,0.0,0.0,0.0,0.0,0.0,0.0,0.0,0.0,1.0,0.0,1.0,1.0,1.0,0.0,1.0,1.0,1.0,0.0,1.0,1.0,1.0,0.0,1.0,1.0,1.0,0.0,1.0,1.0,1.0,0.0,1.0,1.0,0.0,0.0,0.0,0.0,0.0,0.0,0.0,0.0,0.0,0.0,0.0,0.0,0.0,0.0,0.0,0.0,0.0,0.0,0.0,0.0,1.0,0.0,1.0,1.0
PAIR_PROTECT_ONLY,POSITIVE_PAIR_EVIDENCE,0,trrosettarna2_native_ss,LOCAL_CONFLICT_EFFECT,pair,0.0,0.0,0.0,0.0,0.0,0.0,0.0,0.0,0.0,0.0,0.0,0.0,0.0,0.0,0.0,0.0,1.0,0.0,1.0,1.0,1.0,0.0,1.0,1.0,1.0,0.0,1.0,1.0,1.0,0.0,1.0,1.0,1.0,0.0,1.0,1.0,1.0,0.0,1.0,1.0,0.0,0.0,0.0,0.0,0.0,0.0,0.0,0.0,0.0,0.0,0.0,0.0,0.0,0.0,0.0,0.0,0.0,0.0,0.0,0.0,1.0,0.0,1.0,1.0
PAIR_PROTECT_ONLY,POSITIVE_PAIR_EVIDENCE,0,trrosettarna2_native_ss,NON_EVIDENCED_EFFECT,pair,2108.0,0.0,2108.0,2108.0,0.0,0.0,0.0,0.0,0.0,0.0,0.0,0.0,0.0,0.0,0.0,0.0,0.7905636556834104,0.0,0.7905636556834104,0.7905636556834104,0.9120849106151278,0.0,0.9120849106151278,0.9120849106151278,0.842871364213295,0.0,0.8428713642132949,0.8428713642132949,0.7717908082408875,0.0,0.7717908082408875,0.7717908082408875,0.8717183770883054,0.0,0.8717183770883055,0.8717183770883055,0.8187167273746148,0.0,0.8187167273746148,0.8187167273746148,0.0,0.0,0.0,0.0,0.0,0.0,0.0,0.0,0.0,0.0,0.0,0.0,0.0,0.0,0.0,0.0,0.0,0.0,0.0,0.0,1.0,0.0,1.0,1.0
PAIR_PROTECT_ONLY,POSITIVE_PAIR_EVIDENCE,1,petfold,DIRECT_EVIDENCE_EFFECT,pair,121.0,0.0,121.0,121.0,121.0,0.0,121.0,121.0,111.4,1.2,110.0,113.0,111.4,1.2,110.0,113.0,0.9206611570247933,0.009917355371900844,0.9090909090909091,0.9338842975206612,0.9206611570247933,0.009917355371900844,0.9090909090909091,0.9338842975206612,0.9206611570247933,0.009917355371900844,0.9090909090909091,0.9338842975206612,1.0,0.0,1.0,1.0,0.9206611570247933,0.009917355371900844,0.9090909090909091,0.9338842975206612,0.9586641303379502,0.005380118666376076,0.9523809523809523,0.9658119658119658,0.0,0.0,0.0,0.0,0.0,0.0,0.0,0.0,0.0,0.0,0.0,0.0,0.0,0.0,0.0,0.0,0.0,0.0,0.0,0.0,1.0,0.0,1.0,1.0
PAIR_PROTECT_ONLY,POSITIVE_PAIR_EVIDENCE,1,petfold,LOCAL_CONFLICT_EFFECT,pair,7.0,1.6733200530681511,4.0,9.0,0.0,0.0,0.0,0.0,0.0,0.0,0.0,0.0,0.0,0.0,0.0,0.0,1.0,0.0,1.0,1.0,1.0,0.0,1.0,1.0,1.0,0.0,1.0,1.0,1.0,0.0,1.0,1.0,1.0,0.0,1.0,1.0,1.0,0.0,1.0,1.0,0.04462809917355372,0.011210462782025237,0.024793388429752067,0.05785123966942149,1.0,0.0,1.0,1.0,7.0,1.6733200530681511,4.0,9.0,0.0,0.0,0.0,0.0,7.0,1.6733200530681511,4.0,9.0,1.0,0.0,1.0,1.0
PAIR_PROTECT_ONLY,POSITIVE_PAIR_EVIDENCE,1,petfold,NON_EVIDENCED_EFFECT,pair,1789.0,1.6733200530681511,1787.0,1792.0,0.0,0.0,0.0,0.0,0.0,0.0,0.0,0.0,0.0,0.0,0.0,0.0,0.8911562864564058,0.0005974858792400645,0.8904042597109907,0.8921977651647299,0.9065811967180682,0.0016863589091320598,0.9044304982826449,0.9090664385590811,0.8934702723956185,0.001373120781128617,0.8918060853838556,0.895708435032767,0.8524222683683573,0.0009803242186127695,0.8506616257088847,0.853627760252366,0.8691961414790997,0.0007717041800643291,0.8681672025723473,0.8700964630225081,0.8607273670944927,0.0008233286049005887,0.8593252705283259,0.8617834394904459,0.0,0.0,0.0,0.0,0.0,0.0,0.0,0.0,0.0,0.0,0.0,0.0,0.0,0.0,0.0,0.0,0.0,0.0,0.0,0.0,1.0,0.0,1.0,1.0
PAIR_PROTECT_ONLY,POSITIVE_PAIR_EVIDENCE,1,rnafold,DIRECT_EVIDENCE_EFFECT,pair,121.0,0.0,121.0,121.0,121.0,0.0,121.0,121.0,112.2,0.7483314773547883,111.0,113.0,112.2,0.7483314773547883,111.0,113.0,0.9272727272727274,0.006184557664089139,0.9173553719008265,0.9338842975206612,0.9272727272727274,0.006184557664089139,0.9173553719008265,0.9338842975206612,0.9272727272727274,0.006184557664089139,0.9173553719008265,0.9338842975206612,1.0,0.0,1.0,1.0,0.9272727272727274,0.006184557664089139,0.9173553719008265,0.9338842975206612,0.9622534528927899,0.0033338097710886947,0.9568965517241379,0.9658119658119658,0.0,0.0,0.0,0.0,0.0,0.0,0.0,0.0,0.0,0.0,0.0,0.0,0.0,0.0,0.0,0.0,0.0,0.0,0.0,0.0,1.0,0.0,1.0,1.0
PAIR_PROTECT_ONLY,POSITIVE_PAIR_EVIDENCE,1,rnafold,LOCAL_CONFLICT_EFFECT,pair,5.8,1.6,4.0,8.0,0.0,0.0,0.0,0.0,0.0,0.0,0.0,0.0,0.0,0.0,0.0,0.0,1.0,0.0,1.0,1.0,1.0,0.0,1.0,1.0,1.0,0.0,1.0,1.0,1.0,0.0,1.0,1.0,1.0,0.0,1.0,1.0,1.0,0.0,1.0,1.0,0.03471074380165289,0.013223140495867768,0.01652892561983471,0.049586776859504134,1.0,0.0,1.0,1.0,5.8,1.6,4.0,8.0,0.0,0.0,0.0,0.0,5.8,1.6,4.0,8.0,1.0,0.0,1.0,1.0
PAIR_PROTECT_ONLY,POSITIVE_PAIR_EVIDENCE,1,rnafold,NON_EVIDENCED_EFFECT,pair,1769.2,1.6,1767.0,1771.0,0.0,0.0,0.0,0.0,0.0,0.0,0.0,0.0,0.0,0.0,0.0,0.0,0.9031387960927605,0.0009995029225347543,0.90131480501018,0.9042564349791656,0.9128191812843222,0.0014271100127798639,0.9110955251074918,0.9152149364583081,0.9027023660818132,0.001214508408293438,0.9015394551436562,0.9049027958173762,0.864000638200473,0.0009202491466090157,0.8629441624365483,0.8652256834075016,0.8751125401929262,0.00048124210762365565,0.8745980707395499,0.8758842443729904,0.8695209496517993,0.0006504436056839083,0.868732034493772,0.8702046035805626,0.0,0.0,0.0,0.0,0.0,0.0,0.0,0.0,0.0,0.0,0.0,0.0,0.0,0.0,0.0,0.0,0.0,0.0,0.0,0.0,1.0,0.0,1.0,1.0
PAIR_PROTECT_ONLY,POSITIVE_PAIR_EVIDENCE,1,trrosettarna2_native_ss,DIRECT_EVIDENCE_EFFECT,pair,121.0,0.0,121.0,121.0,121.0,0.0,121.0,121.0,111.2,1.6,109.0,113.0,111.2,1.6,109.0,113.0,0.9190082644628099,0.013223140495867772,0.9008264462809917,0.9338842975206612,0.9190082644628099,0.013223140495867772,0.9008264462809917,0.9338842975206612,0.9190082644628099,0.013223140495867772,0.9008264462809917,0.9338842975206612,1.0,0.0,1.0,1.0,0.9190082644628099,0.013223140495867772,0.9008264462809917,0.9338842975206612,0.9577455045371087,0.007183725786113645,0.9478260869565217,0.9658119658119658,0.0,0.0,0.0,0.0,0.0,0.0,0.0,0.0,0.0,0.0,0.0,0.0,0.0,0.0,0.0,0.0,0.0,0.0,0.0,0.0,1.0,0.0,1.0,1.0
PAIR_PROTECT_ONLY,POSITIVE_PAIR_EVIDENCE,1,trrosettarna2_native_ss,LOCAL_CONFLICT_EFFECT,pair,17.4,1.7435595774162693,15.0,20.0,0.0,0.0,0.0,0.0,0.0,0.0,0.0,0.0,0.0,0.0,0.0,0.0,1.0,0.0,1.0,1.0,1.0,0.0,1.0,1.0,1.0,0.0,1.0,1.0,1.0,0.0,1.0,1.0,1.0,0.0,1.0,1.0,1.0,0.0,1.0,1.0,0.07603305785123968,0.009637937016273225,0.06611570247933884,0.09090909090909091,1.0,0.0,1.0,1.0,17.4,1.7435595774162693,15.0,20.0,0.0,0.0,0.0,0.0,17.4,1.7435595774162693,15.0,20.0,1.0,0.0,1.0,1.0
PAIR_PROTECT_ONLY,POSITIVE_PAIR_EVIDENCE,1,trrosettarna2_native_ss,NON_EVIDENCED_EFFECT,pair,1969.6,1.7435595774162693,1967.0,1972.0,0.0,0.0,0.0,0.0,0.0,0.0,0.0,0.0,0.0,0.0,0.0,0.0,0.7796972809055178,0.0014449508985769535,0.7778040998959983,0.7814591952970323,0.9117748567400834,0.0012545765704947349,0.9099486932521822,0.9133313646700443,0.8356335905717854,0.0013278558171430385,0.8337729182071006,0.8371391250325969,0.7650193675203794,0.0009625151017539727,0.7637393767705383,0.7664399092970522,0.8680385852090031,0.0010289389067524273,0.8668810289389067,0.8694533762057878,0.8132795478388395,0.0009895466850280748,0.8120481927710843,0.8147032238626092,0.0,0.0,0.0,0.0,0.0,0.0,0.0,0.0,0.0,0.0,0.0,0.0,0.0,0.0,0.0,0.0,0.0,0.0,0.0,0.0,1.0,0.0,1.0,1.0
PAIR_PROTECT_ONLY,POSITIVE_PAIR_EVIDENCE,5,petfold,DIRECT_EVIDENCE_EFFECT,pair,130.0,0.0,130.0,130.0,130.0,0.0,130.0,130.0,116.6,3.1368774282716245,111.0,120.0,116.6,3.1368774282716245,111.0,120.0,0.9223140495867769,0.024848423765905632,0.8760330578512396,0.9421487603305785,0.9115702479338843,0.023608027862951575,0.8677685950413223,0.9338842975206612,0.914931129476584,0.02397067828135238,0.8702479338842974,0.9363636363636363,1.0,0.0,1.0,1.0,0.8969230769230769,0.024129826371320204,0.8538461538461538,0.9230769230769231,0.9454885941691545,0.013553363413502908,0.921161825726141,0.96,0.0,0.0,0.0,0.0,0.0,0.0,0.0,0.0,0.0,0.0,0.0,0.0,0.0,0.0,0.0,0.0,0.0,0.0,0.0,0.0,1.0,0.0,1.0,1.0
PAIR_PROTECT_ONLY,POSITIVE_PAIR_EVIDENCE,5,petfold,LOCAL_CONFLICT_EFFECT,pair,10.4,2.939387691339814,8.0,16.0,0.0,0.0,0.0,0.0,0.0,0.0,0.0,0.0,0.0,0.0,0.0,0.0,1.0,0.0,1.0,1.0,1.0,0.0,1.0,1.0,1.0,0.0,1.0,1.0,1.0,0.0,1.0,1.0,1.0,0.0,1.0,1.0,1.0,0.0,1.0,1.0,0.05289256198347107,0.01236911532817832,0.04132231404958678,0.0743801652892562,1.0,0.0,1.0,1.0,10.4,2.939387691339814,8.0,16.0,0.0,0.0,0.0,0.0,10.4,2.939387691339814,8.0,16.0,1.0,0.0,1.0,1.0
PAIR_PROTECT_ONLY,POSITIVE_PAIR_EVIDENCE,5,petfold,NON_EVIDENCED_EFFECT,pair,1776.6,2.939387691339814,1771.0,1779.0,0.0,0.0,0.0,0.0,0.0,0.0,0.0,0.0,0.0,0.0,0.0,0.0,0.8912557673794602,0.0019190452976987234,0.8899712957745531,0.8950772939006734,0.9072813767235305,0.002373040393680995,0.9052066653186405,0.911774942502721,0.8941064820190606,0.0024734259213911513,0.8921515304830517,0.8988818889270708,0.8537730292144141,0.0018558476488437028,0.8521573604060914,0.8573240329740013,0.8708926261319535,0.0020290280907319523,0.8686934023285899,0.8745148771021992,0.8622476871476128,0.001903371317661904,0.860345932094811,0.8658341338456612,0.0,0.0,0.0,0.0,0.0,0.0,0.0,0.0,0.0,0.0,0.0,0.0,0.0,0.0,0.0,0.0,0.0,0.0,0.0,0.0,1.0,0.0,1.0,1.0
PAIR_PROTECT_ONLY,POSITIVE_PAIR_EVIDENCE,5,rnafold,DIRECT_EVIDENCE_EFFECT,pair,130.0,0.0,130.0,130.0,130.0,0.0,130.0,130.0,116.6,3.5552777669262356,110.0,120.0,116.6,3.5552777669262356,110.0,120.0,0.9239669421487603,0.025819007193079845,0.8760330578512396,0.9421487603305785,0.912396694214876,0.025792539726160718,0.8636363636363636,0.9338842975206612,0.9160330578512397,0.02575096039147688,0.8674931129476584,0.9363636363636363,1.0,0.0,1.0,1.0,0.8969230769230769,0.027348290514817204,0.8461538461538461,0.9230769230769231,0.9454384587918945,0.01543593849236481,0.9166666666666666,0.96,0.0,0.0,0.0,0.0,0.0,0.0,0.0,0.0,0.0,0.0,0.0,0.0,0.0,0.0,0.0,0.0,0.0,0.0,0.0,0.0,1.0,0.0,1.0,1.0
PAIR_PROTECT_ONLY,POSITIVE_PAIR_EVIDENCE,5,rnafold,LOCAL_CONFLICT_EFFECT,pair,9.6,2.727636339397171,6.0,14.0,0.0,0.0,0.0,0.0,0.0,0.0,0.0,0.0,0.0,0.0,0.0,0.0,1.0,0.0,1.0,1.0,1.0,0.0,1.0,1.0,1.0,0.0,1.0,1.0,1.0,0.0,1.0,1.0,1.0,0.0,1.0,1.0,1.0,0.0,1.0,1.0,0.049586776859504134,0.012803250731264188,0.04132231404958678,0.0743801652892562,1.0,0.0,1.0,1.0,9.6,2.727636339397171,6.0,14.0,0.0,0.0,0.0,0.0,9.6,2.727636339397171,6.0,14.0,1.0,0.0,1.0,1.0
PAIR_PROTECT_ONLY,POSITIVE_PAIR_EVIDENCE,5,rnafold,NON_EVIDENCED_EFFECT,pair,1756.4,2.727636339397171,1752.0,1760.0,0.0,0.0,0.0,0.0,0.0,0.0,0.0,0.0,0.0,0.0,0.0,0.0,0.9035322606931409,0.0018635211970206588,0.902235455837893,0.9072210326019013,0.9137148499113985,0.0022890538155443986,0.911876075589953,0.9180911136378032,0.903587740401794,0.002433638355854012,0.9017465761691469,0.9083110134035686,0.8657127604372536,0.0017963142695480016,0.8634333120612636,0.868706182281708,0.8773609314359637,0.0022996622037038932,0.8751617076326003,0.8816300129366106,0.8714977697730314,0.0020249422336156655,0.8692579505300353,0.8751203852327448,0.0,0.0,0.0,0.0,0.0,0.0,0.0,0.0,0.0,0.0,0.0,0.0,0.0,0.0,0.0,0.0,0.0,0.0,0.0,0.0,1.0,0.0,1.0,1.0
PAIR_PROTECT_ONLY,POSITIVE_PAIR_EVIDENCE,5,trrosettarna2_native_ss,DIRECT_EVIDENCE_EFFECT,pair,130.0,0.0,130.0,130.0,130.0,0.0,130.0,130.0,117.4,2.0591260281974,114.0,120.0,117.4,2.0591260281974,114.0,120.0,0.9272727272727274,0.01685626285485219,0.9008264462809917,0.9504132231404959,0.9206611570247933,0.012026931103549894,0.9008264462809917,0.9380165289256198,0.9227548209366392,0.013485235392350801,0.9008264462809917,0.9418732782369146,1.0,0.0,1.0,1.0,0.9030769230769231,0.015839430986133857,0.8769230769230769,0.9230769230769231,0.9489972729572301,0.00877811117049019,0.9344262295081968,0.96,0.0,0.0,0.0,0.0,0.0,0.0,0.0,0.0,0.0,0.0,0.0,0.0,0.0,0.0,0.0,0.0,0.0,0.0,0.0,0.0,1.0,0.0,1.0,1.0
PAIR_PROTECT_ONLY,POSITIVE_PAIR_EVIDENCE,5,trrosettarna2_native_ss,LOCAL_CONFLICT_EFFECT,pair,16.6,2.1540659228538015,14.0,20.0,0.0,0.0,0.0,0.0,0.0,0.0,0.0,0.0,0.0,0.0,0.0,0.0,1.0,0.0,1.0,1.0,1.0,0.0,1.0,1.0,1.0,0.0,1.0,1.0,1.0,0.0,1.0,1.0,1.0,0.0,1.0,1.0,1.0,0.0,1.0,1.0,0.06776859504132231,0.00618455766408916,0.05785123966942149,0.0743801652892562,1.0,0.0,1.0,1.0,16.6,2.1540659228538015,14.0,20.0,0.0,0.0,0.0,0.0,16.6,2.1540659228538015,14.0,20.0,1.0,0.0,1.0,1.0
PAIR_PROTECT_ONLY,POSITIVE_PAIR_EVIDENCE,5,trrosettarna2_native_ss,NON_EVIDENCED_EFFECT,pair,1961.4,2.1540659228538015,1958.0,1964.0,0.0,0.0,0.0,0.0,0.0,0.0,0.0,0.0,0.0,0.0,0.0,0.0,0.7779233606784819,0.000677673150153169,0.7771674277897437,0.7787713929695139,0.9109404978218514,0.0006997178991146216,0.9097647126101173,0.9119349997491873,0.8343893839040699,0.0006535528686977938,0.833346820014421,0.8352315472012845,0.763843259480504,0.0011828402580232893,0.7623649801023309,0.7657760090960773,0.8690815006468305,0.0013319055809814819,0.8673997412677878,0.871280724450194,0.8130711204486513,0.0012273094818156813,0.8114977307110439,0.8151285930408472,0.0,0.0,0.0,0.0,0.0,0.0,0.0,0.0,0.0,0.0,0.0,0.0,0.0,0.0,0.0,0.0,0.0,0.0,0.0,0.0,1.0,0.0,1.0,1.0
PAIR_PROTECT_ONLY,POSITIVE_PAIR_EVIDENCE,10,petfold,DIRECT_EVIDENCE_EFFECT,pair,180.0,0.0,180.0,180.0,180.0,0.0,180.0,180.0,159.4,3.9293765408777,153.0,165.0,159.4,3.9293765408777,153.0,165.0,0.9438016528925619,0.010964048893736866,0.9256198347107438,0.9586776859504132,0.9130853994490359,0.015478073652379864,0.8896694214876033,0.9353994490358127,0.9228794437885348,0.014366676972474565,0.8996458087367178,0.9430670339761249,1.0,0.0,1.0,1.0,0.8855555555555557,0.021829869671542778,0.85,0.9166666666666666,0.9391619792335651,0.012324604983520672,0.918918918918919,0.9565217391304348,0.0,0.0,0.0,0.0,0.0,0.0,0.0,0.0,0.0,0.0,0.0,0.0,0.0,0.0,0.0,0.0,0.0,0.0,0.0,0.0,1.0,0.0,1.0,1.0
PAIR_PROTECT_ONLY,POSITIVE_PAIR_EVIDENCE,10,petfold,LOCAL_CONFLICT_EFFECT,pair,16.4,2.0591260281974,14.0,20.0,0.0,0.0,0.0,0.0,0.0,0.0,0.0,0.0,0.0,0.0,0.0,0.0,1.0,0.0,1.0,1.0,1.0,0.0,1.0,1.0,1.0,0.0,1.0,1.0,1.0,0.0,1.0,1.0,1.0,0.0,1.0,1.0,1.0,0.0,1.0,1.0,0.06776859504132231,0.00618455766408916,0.05785123966942149,0.0743801652892562,1.0,0.0,1.0,1.0,16.4,2.0591260281974,14.0,20.0,0.0,0.0,0.0,0.0,16.4,2.0591260281974,14.0,20.0,1.0,0.0,1.0,1.0
PAIR_PROTECT_ONLY,POSITIVE_PAIR_EVIDENCE,10,petfold,NON_EVIDENCED_EFFECT,pair,1720.6,2.0591260281974,1717.0,1723.0,0.0,0.0,0.0,0.0,0.0,0.0,0.0,0.0,0.0,0.0,0.0,0.0,0.8896347718335897,0.0011531218097127409,0.888566614721391,0.8918505260915072,0.9068147422202365,0.0019524074678008846,0.905098045227351,0.9101616356814978,0.8930237302147235,0.0016161137100992868,0.8915746039271649,0.8959016920866972,0.8530282407994001,0.001478395694356288,0.8516339869281045,0.8556499020248204,0.8713903743315509,0.0026265885968433547,0.8676470588235294,0.8756684491978609,0.8621109762235205,0.0019948873456166385,0.8596026490066225,0.8655434423521638,0.0,0.0,0.0,0.0,0.0,0.0,0.0,0.0,0.0,0.0,0.0,0.0,0.0,0.0,0.0,0.0,0.0,0.0,0.0,0.0,1.0,0.0,1.0,1.0
PAIR_PROTECT_ONLY,POSITIVE_PAIR_EVIDENCE,10,rnafold,DIRECT_EVIDENCE_EFFECT,pair,180.0,0.0,180.0,180.0,180.0,0.0,180.0,180.0,160.2,3.655133376499413,154.0,165.0,160.2,3.655133376499413,154.0,165.0,0.9487603305785125,0.008097486753002255,0.9338842975206612,0.9586776859504132,0.918870523415978,0.013345394449233727,0.8979338842975207,0.9353994490358127,0.9283890856618129,0.011980921766333658,0.9079102715466352,0.9430670339761249,1.0,0.0,1.0,1.0,0.89,0.02030629653610786,0.8555555555555555,0.9166666666666666,0.941676094215528,0.011434652314607814,0.9221556886227545,0.9565217391304348,0.0,0.0,0.0,0.0,0.0,0.0,0.0,0.0,0.0,0.0,0.0,0.0,0.0,0.0,0.0,0.0,0.0,0.0,0.0,0.0,1.0,0.0,1.0,1.0
PAIR_PROTECT_ONLY,POSITIVE_PAIR_EVIDENCE,10,rnafold,LOCAL_CONFLICT_EFFECT,pair,15.2,2.039607805437114,13.0,19.0,0.0,0.0,0.0,0.0,0.0,0.0,0.0,0.0,0.0,0.0,0.0,0.0,1.0,0.0,1.0,1.0,1.0,0.0,1.0,1.0,1.0,0.0,1.0,1.0,1.0,0.0,1.0,1.0,1.0,0.0,1.0,1.0,1.0,0.0,1.0,1.0,0.06115702479338843,0.008428131427426091,0.049586776859504134,0.0743801652892562,1.0,0.0,1.0,1.0,15.2,2.039607805437114,13.0,19.0,0.0,0.0,0.0,0.0,15.2,2.039607805437114,13.0,19.0,1.0,0.0,1.0,1.0
PAIR_PROTECT_ONLY,POSITIVE_PAIR_EVIDENCE,10,rnafold,NON_EVIDENCED_EFFECT,pair,1700.8,2.039607805437114,1697.0,1703.0,0.0,0.0,0.0,0.0,0.0,0.0,0.0,0.0,0.0,0.0,0.0,0.0,0.9019605740863655,0.0013888883451785765,0.9002444149675874,0.904450247824899,0.9130090903713818,0.0018766861914632869,0.9110308135379207,0.9162881728557412,0.902418260681981,0.001555683035319868,0.9010906906349005,0.9053908219504532,0.8650487539031626,0.0014583271613812883,0.8636363636363636,0.8677631578947368,0.8775401069518717,0.0024432709735958584,0.8743315508021391,0.8816844919786097,0.871249258533307,0.0019126845246388187,0.8691029900332226,0.8746684350132626,0.0,0.0,0.0,0.0,0.0,0.0,0.0,0.0,0.0,0.0,0.0,0.0,0.0,0.0,0.0,0.0,0.0,0.0,0.0,0.0,1.0,0.0,1.0,1.0
PAIR_PROTECT_ONLY,POSITIVE_PAIR_EVIDENCE,10,trrosettarna2_native_ss,DIRECT_EVIDENCE_EFFECT,pair,180.0,0.0,180.0,180.0,180.0,0.0,180.0,180.0,158.4,2.1540659228538015,156.0,161.0,158.4,2.1540659228538015,156.0,161.0,0.9322314049586777,0.01096404889373686,0.9173553719008265,0.9504132231404959,0.9113774104683194,0.004988888685218683,0.9055096418732782,0.91831955922865,0.9177174340810705,0.006681851971344639,0.9084677948314313,0.9283746556473829,1.0,0.0,1.0,1.0,0.8800000000000001,0.011967032904743352,0.8666666666666667,0.8944444444444445,0.9361271924208653,0.006758438931544768,0.9285714285714286,0.9442815249266863,0.0,0.0,0.0,0.0,0.0,0.0,0.0,0.0,0.0,0.0,0.0,0.0,0.0,0.0,0.0,0.0,0.0,0.0,0.0,0.0,1.0,0.0,1.0,1.0
PAIR_PROTECT_ONLY,POSITIVE_PAIR_EVIDENCE,10,trrosettarna2_native_ss,LOCAL_CONFLICT_EFFECT,pair,29.6,0.8,29.0,31.0,0.0,0.0,0.0,0.0,0.0,0.0,0.0,0.0,0.0,0.0,0.0,0.0,1.0,0.0,1.0,1.0,1.0,0.0,1.0,1.0,1.0,0.0,1.0,1.0,1.0,0.0,1.0,1.0,1.0,0.0,1.0,1.0,1.0,0.0,1.0,1.0,0.08925619834710743,0.00618455766408916,0.08264462809917356,0.09917355371900827,1.0,0.0,1.0,1.0,29.6,0.8,29.0,31.0,0.0,0.0,0.0,0.0,29.6,0.8,29.0,31.0,1.0,0.0,1.0,1.0
PAIR_PROTECT_ONLY,POSITIVE_PAIR_EVIDENCE,10,trrosettarna2_native_ss,NON_EVIDENCED_EFFECT,pair,1898.4,0.8,1897.0,1899.0,0.0,0.0,0.0,0.0,0.0,0.0,0.0,0.0,0.0,0.0,0.0,0.0,0.7775109963193315,0.0008378641943515462,0.7765999623538032,0.7787471213421125,0.9118870814332094,0.0005975198144037534,0.9110936144123054,0.912796752263793,0.8345392836537051,0.0007644252293150305,0.8336799717911654,0.8357790589842451,0.7639879811115705,0.0005215149040844088,0.7633587786259542,0.764947245017585,0.8707219251336898,0.001439883638271251,0.8689839572192514,0.8723262032085561,0.8138701949513374,0.000872763247996061,0.8127539856205064,0.8151155527795128,0.0,0.0,0.0,0.0,0.0,0.0,0.0,0.0,0.0,0.0,0.0,0.0,0.0,0.0,0.0,0.0,0.0,0.0,0.0,0.0,1.0,0.0,1.0,1.0
PAIR_PROTECT_ONLY,POSITIVE_PAIR_EVIDENCE,20,petfold,DIRECT_EVIDENCE_EFFECT,pair,338.0,0.0,338.0,338.0,338.0,0.0,338.0,338.0,293.6,2.244994432064365,290.0,296.0,293.6,2.244994432064365,290.0,296.0,0.9669421487603305,0.005226905223418792,0.9586776859504132,0.9752066115702479,0.9058458254326023,0.007572827442226304,0.8923449369730362,0.9129071112542188,0.9252492127726886,0.006177230689635722,0.9154716832888928,0.9320731706551628,1.0,0.0,1.0,1.0,0.8686390532544379,0.006641995361137173,0.8579881656804734,0.8757396449704142,0.9296887939439618,0.0038119319309929288,0.9235668789808917,0.9337539432176656,0.0,0.0,0.0,0.0,0.0,0.0,0.0,0.0,0.0,0.0,0.0,0.0,0.0,0.0,0.0,0.0,0.0,0.0,0.0,0.0,1.0,0.0,1.0,1.0
PAIR_PROTECT_ONLY,POSITIVE_PAIR_EVIDENCE,20,petfold,LOCAL_CONFLICT_EFFECT,pair,39.2,6.11228271597445,31.0,50.0,0.0,0.0,0.0,0.0,0.0,0.0,0.0,0.0,0.0,0.0,0.0,0.0,1.0,0.0,1.0,1.0,1.0,0.0,1.0,1.0,1.0,0.0,1.0,1.0,1.0,0.0,1.0,1.0,1.0,0.0,1.0,1.0,1.0,0.0,1.0,1.0,0.10247933884297522,0.016194973506004483,0.09090909090909091,0.1322314049586777,1.0,0.0,1.0,1.0,39.2,6.11228271597445,31.0,50.0,0.0,0.0,0.0,0.0,39.2,6.11228271597445,31.0,50.0,1.0,0.0,1.0,1.0
PAIR_PROTECT_ONLY,POSITIVE_PAIR_EVIDENCE,20,petfold,NON_EVIDENCED_EFFECT,pair,1539.8,6.11228271597445,1529.0,1548.0,0.0,0.0,0.0,0.0,0.0,0.0,0.0,0.0,0.0,0.0,0.0,0.0,0.8881603413745986,0.00219261855200696,0.8860153185138084,0.8915699107118342,0.9079105874001353,0.0018489476557909067,0.9057248389103031,0.9107614041923716,0.8927629036821416,0.0017729827609957985,0.8911325868724914,0.8954915709547094,0.8528424046201287,0.003989171651240517,0.8476052249637155,0.8599706744868035,0.8739910313901346,0.0016778732676116339,0.8721973094170403,0.8766816143497758,0.8632846668040643,0.002720842310045967,0.8600883652430045,0.8682457438934122,0.0,0.0,0.0,0.0,0.0,0.0,0.0,0.0,0.0,0.0,0.0,0.0,0.0,0.0,0.0,0.0,0.0,0.0,0.0,0.0,1.0,0.0,1.0,1.0
PAIR_PROTECT_ONLY,POSITIVE_PAIR_EVIDENCE,20,rnafold,DIRECT_EVIDENCE_EFFECT,pair,338.0,0.0,338.0,338.0,338.0,0.0,338.0,338.0,295.4,1.7435595774162693,293.0,298.0,295.4,1.7435595774162693,293.0,298.0,0.9669421487603305,0.005226905223418792,0.9586776859504132,0.9752066115702479,0.911324699175939,0.008039304184455101,0.8972284831788964,0.9214965475296054,0.9287214797160297,0.006167943833350715,0.9186594046584323,0.9358616453696156,1.0,0.0,1.0,1.0,0.8739644970414201,0.005158460288213808,0.8668639053254438,0.8816568047337278,0.9327358358170091,0.002937444140924497,0.9286846275752774,0.9371069182389937,0.0,0.0,0.0,0.0,0.0,0.0,0.0,0.0,0.0,0.0,0.0,0.0,0.0,0.0,0.0,0.0,0.0,0.0,0.0,0.0,1.0,0.0,1.0,1.0
PAIR_PROTECT_ONLY,POSITIVE_PAIR_EVIDENCE,20,rnafold,LOCAL_CONFLICT_EFFECT,pair,37.8,5.979966555090421,33.0,49.0,0.0,0.0,0.0,0.0,0.0,0.0,0.0,0.0,0.0,0.0,0.0,0.0,1.0,0.0,1.0,1.0,1.0,0.0,1.0,1.0,1.0,0.0,1.0,1.0,1.0,0.0,1.0,1.0,1.0,0.0,1.0,1.0,1.0,0.0,1.0,1.0,0.09090909090909091,0.011687715391513183,0.0743801652892562,0.10743801652892562,1.0,0.0,1.0,1.0,37.8,5.979966555090421,33.0,49.0,0.0,0.0,0.0,0.0,37.8,5.979966555090421,33.0,49.0,1.0,0.0,1.0,1.0
PAIR_PROTECT_ONLY,POSITIVE_PAIR_EVIDENCE,20,rnafold,NON_EVIDENCED_EFFECT,pair,1520.2,5.979966555090421,1509.0,1525.0,0.0,0.0,0.0,0.0,0.0,0.0,0.0,0.0,0.0,0.0,0.0,0.0,0.9013655491274042,0.0018005507877755672,0.8983746576785807,0.9036573623869868,0.9140828788908516,0.001975635953416082,0.9115786341600635,0.9172940440259351,0.9026691671247626,0.0016864297490657692,0.8999295919096578,0.9047650628405918,0.8660236243135161,0.003936591625033157,0.8629032258064516,0.8734270910436713,0.8801195814648729,0.0013031088022542989,0.8781763826606876,0.8819133034379671,0.873011697468681,0.0024732165546811876,0.8706928492034087,0.8776496838973596,0.0,0.0,0.0,0.0,0.0,0.0,0.0,0.0,0.0,0.0,0.0,0.0,0.0,0.0,0.0,0.0,0.0,0.0,0.0,0.0,1.0,0.0,1.0,1.0
PAIR_PROTECT_ONLY,POSITIVE_PAIR_EVIDENCE,20,trrosettarna2_native_ss,DIRECT_EVIDENCE_EFFECT,pair,338.0,0.0,338.0,338.0,338.0,0.0,338.0,338.0,295.8,2.6381811916545836,293.0,299.0,295.8,2.6381811916545836,293.0,299.0,0.9454545454545455,0.0040487433765011615,0.9421487603305785,0.9504132231404959,0.9134418565823526,0.005225528186343256,0.9045579764588029,0.9188997412137908,0.9235003167307495,0.004927851437524808,0.9161012163442889,0.9294989445815892,1.0,0.0,1.0,1.0,0.8751479289940829,0.007805269797794613,0.8668639053254438,0.8846153846153846,0.9333990283308653,0.004433301493188472,0.9286846275752774,0.9387755102040817,0.0,0.0,0.0,0.0,0.0,0.0,0.0,0.0,0.0,0.0,0.0,0.0,0.0,0.0,0.0,0.0,0.0,0.0,0.0,0.0,1.0,0.0,1.0,1.0
PAIR_PROTECT_ONLY,POSITIVE_PAIR_EVIDENCE,20,trrosettarna2_native_ss,LOCAL_CONFLICT_EFFECT,pair,54.8,5.1536394906900505,45.0,60.0,0.0,0.0,0.0,0.0,0.0,0.0,0.0,0.0,0.0,0.0,0.0,0.0,1.0,0.0,1.0,1.0,1.0,0.0,1.0,1.0,1.0,0.0,1.0,1.0,1.0,0.0,1.0,1.0,1.0,0.0,1.0,1.0,1.0,0.0,1.0,1.0,0.10413223140495868,0.004048743376501121,0.09917355371900827,0.10743801652892562,1.0,0.0,1.0,1.0,54.8,5.1536394906900505,45.0,60.0,0.0,0.0,0.0,0.0,54.8,5.1536394906900505,45.0,60.0,1.0,0.0,1.0,1.0
PAIR_PROTECT_ONLY,POSITIVE_PAIR_EVIDENCE,20,trrosettarna2_native_ss,NON_EVIDENCED_EFFECT,pair,1715.2,5.1536394906900505,1710.0,1725.0,0.0,0.0,0.0,0.0,0.0,0.0,0.0,0.0,0.0,0.0,0.0,0.0,0.7672538619895611,0.001422893887342213,0.764672463535977,0.7688939296350642,0.9119394339143975,0.0016486990858119038,0.9101874862995427,0.9147618304035416,0.8280826065624203,0.0014882355878095077,0.8260379834084463,0.8303879919793519,0.7554521211363835,0.002773567586050249,0.750161394448031,0.7582846003898636,0.8708520179372197,0.001971734821864408,0.8684603886397608,0.8729446935724963,0.8090562366623489,0.0022465316363948417,0.804987876688604,0.8112617309697602,0.0,0.0,0.0,0.0,0.0,0.0,0.0,0.0,0.0,0.0,0.0,0.0,0.0,0.0,0.0,0.0,0.0,0.0,0.0,0.0,1.0,0.0,1.0,1.0
PAIR_PROTECT_ONLY,POSITIVE_PAIR_EVIDENCE,50,petfold,DIRECT_EVIDENCE_EFFECT,pair,875.0,0.0,875.0,875.0,875.0,0.0,875.0,875.0,762.4,3.2619012860600183,759.0,768.0,762.4,3.2619012860600183,759.0,768.0,0.9900826446280991,0.0033057851239669312,0.9834710743801653,0.9917355371900827,0.9016848296877253,0.004039985530024039,0.8958421292688165,0.9071044784808497,0.9308936985475234,0.0037588658839764386,0.9251134125515296,0.9356168248584185,1.0,0.0,1.0,1.0,0.8713142857142857,0.003727887184068579,0.8674285714285714,0.8777142857142857,0.931228206211858,0.002126108528585902,0.9290085679314566,0.9348752282410225,0.0,0.0,0.0,0.0,0.0,0.0,0.0,0.0,0.0,0.0,0.0,0.0,0.0,0.0,0.0,0.0,0.0,0.0,0.0,0.0,1.0,0.0,1.0,1.0
PAIR_PROTECT_ONLY,POSITIVE_PAIR_EVIDENCE,50,petfold,LOCAL_CONFLICT_EFFECT,pair,86.2,7.626270385975047,74.0,95.0,0.0,0.0,0.0,0.0,0.0,0.0,0.0,0.0,0.0,0.0,0.0,0.0,1.0,0.0,1.0,1.0,1.0,0.0,1.0,1.0,1.0,0.0,1.0,1.0,1.0,0.0,1.0,1.0,1.0,0.0,1.0,1.0,1.0,0.0,1.0,1.0,0.16363636363636364,0.012146230129503364,0.1487603305785124,0.18181818181818182,1.0,0.0,1.0,1.0,86.2,7.626270385975047,74.0,95.0,0.0,0.0,0.0,0.0,86.2,7.626270385975047,74.0,95.0,1.0,0.0,1.0,1.0
PAIR_PROTECT_ONLY,POSITIVE_PAIR_EVIDENCE,50,petfold,NON_EVIDENCED_EFFECT,pair,955.8,7.626270385975047,947.0,968.0,0.0,0.0,0.0,0.0,0.0,0.0,0.0,0.0,0.0,0.0,0.0,0.0,0.8670409878165041,0.00334234869833831,0.8633191546475455,0.8729304044143616,0.914114548066219,0.004704515197076308,0.9077472957234006,0.9206790609278931,0.8812452030840635,0.0035258892525135543,0.8769992969785922,0.885362985750688,0.8190784784285627,0.007794118877734113,0.8071593533487298,0.8282352941176471,0.8746566791510612,0.004072286249762829,0.867665418227216,0.8789013732833958,0.8459463829044991,0.005758988156159318,0.8386322735452909,0.8528164748637189,0.0,0.0,0.0,0.0,0.0,0.0,0.0,0.0,0.0,0.0,0.0,0.0,0.0,0.0,0.0,0.0,0.0,0.0,0.0,0.0,1.0,0.0,1.0,1.0
PAIR_PROTECT_ONLY,POSITIVE_PAIR_EVIDENCE,50,rnafold,DIRECT_EVIDENCE_EFFECT,pair,875.0,0.0,875.0,875.0,875.0,0.0,875.0,875.0,767.2,4.955804677345546,762.0,775.0,767.2,4.955804677345546,762.0,775.0,0.9900826446280991,0.0033057851239669312,0.9834710743801653,0.9917355371900827,0.907130365444394,0.0037480926642351675,0.9029533186742926,0.9130516803098232,0.9341147239841823,0.0036510188749955446,0.9294884836041175,0.9374931215895496,1.0,0.0,1.0,1.0,0.8768,0.005663776774109173,0.8708571428571429,0.8857142857142857,0.9343466566060881,0.0032125086523845897,0.9309712889431888,0.9393939393939394,0.0,0.0,0.0,0.0,0.0,0.0,0.0,0.0,0.0,0.0,0.0,0.0,0.0,0.0,0.0,0.0,0.0,0.0,0.0,0.0,1.0,0.0,1.0,1.0
PAIR_PROTECT_ONLY,POSITIVE_PAIR_EVIDENCE,50,rnafold,LOCAL_CONFLICT_EFFECT,pair,84.0,8.414273587185052,72.0,94.0,0.0,0.0,0.0,0.0,0.0,0.0,0.0,0.0,0.0,0.0,0.0,0.0,1.0,0.0,1.0,1.0,1.0,0.0,1.0,1.0,1.0,0.0,1.0,1.0,1.0,0.0,1.0,1.0,1.0,0.0,1.0,1.0,1.0,0.0,1.0,1.0,0.15867768595041323,0.013223140495867768,0.14049586776859505,0.17355371900826447,1.0,0.0,1.0,1.0,84.0,8.414273587185052,72.0,94.0,0.0,0.0,0.0,0.0,84.0,8.414273587185052,72.0,94.0,1.0,0.0,1.0,1.0
PAIR_PROTECT_ONLY,POSITIVE_PAIR_EVIDENCE,50,rnafold,NON_EVIDENCED_EFFECT,pair,937.0,8.414273587185052,927.0,949.0,0.0,0.0,0.0,0.0,0.0,0.0,0.0,0.0,0.0,0.0,0.0,0.0,0.885864841580933,0.003646985030443663,0.8813930712691043,0.8911353797717434,0.9209786114592079,0.004319439280765285,0.9140591621816919,0.9256607029334302,0.8950514480653468,0.0036990300643604942,0.8895677421374925,0.900814147738111,0.8384867378987597,0.009167967174273805,0.8260869565217391,0.8494623655913979,0.8811485642946317,0.006187022069095533,0.8714107365792759,0.8876404494382022,0.8592803655559905,0.007490229522108939,0.851089588377724,0.8681318681318682,0.0,0.0,0.0,0.0,0.0,0.0,0.0,0.0,0.0,0.0,0.0,0.0,0.0,0.0,0.0,0.0,0.0,0.0,0.0,0.0,1.0,0.0,1.0,1.0
PAIR_PROTECT_ONLY,POSITIVE_PAIR_EVIDENCE,50,trrosettarna2_native_ss,DIRECT_EVIDENCE_EFFECT,pair,875.0,0.0,875.0,875.0,875.0,0.0,875.0,875.0,762.6,4.758150901348127,755.0,767.0,762.6,4.758150901348127,755.0,767.0,0.9586776859504132,0.0,0.9586776859504132,0.9586776859504132,0.9081236265830229,0.002615812114944362,0.9042326520048403,0.9118006924870022,0.9250139438212225,0.0022605863178637464,0.9212483305349426,0.9274208517178981,1.0,0.0,1.0,1.0,0.8715428571428572,0.005437886744397854,0.8628571428571429,0.8765714285714286,0.931353932659551,0.003110429532686938,0.9263803680981595,0.9342265529841657,0.0,0.0,0.0,0.0,0.0,0.0,0.0,0.0,0.0,0.0,0.0,0.0,0.0,0.0,0.0,0.0,0.0,0.0,0.0,0.0,1.0,0.0,1.0,1.0
PAIR_PROTECT_ONLY,POSITIVE_PAIR_EVIDENCE,50,trrosettarna2_native_ss,LOCAL_CONFLICT_EFFECT,pair,123.2,2.7856776554368237,120.0,127.0,0.0,0.0,0.0,0.0,0.0,0.0,0.0,0.0,0.0,0.0,0.0,0.0,1.0,0.0,1.0,1.0,1.0,0.0,1.0,1.0,1.0,0.0,1.0,1.0,1.0,0.0,1.0,1.0,1.0,0.0,1.0,1.0,1.0,0.0,1.0,1.0,0.15041322314049588,0.00618455766408916,0.14049586776859505,0.15702479338842976,1.0,0.0,1.0,1.0,123.2,2.7856776554368237,120.0,127.0,0.0,0.0,0.0,0.0,123.2,2.7856776554368237,120.0,127.0,1.0,0.0,1.0,1.0
PAIR_PROTECT_ONLY,POSITIVE_PAIR_EVIDENCE,50,trrosettarna2_native_ss,NON_EVIDENCED_EFFECT,pair,1109.8,2.7856776554368237,1106.0,1113.0,0.0,0.0,0.0,0.0,0.0,0.0,0.0,0.0,0.0,0.0,0.0,0.0,0.7005625336576005,0.0025927504626059813,0.6970459462812622,0.7041895116336189,0.9163463063067807,0.0026767558036458745,0.9126749677639006,0.9203073990129327,0.7843413748595103,0.002521422996862865,0.7810049529155113,0.7881908074880118,0.6934013223416862,0.0032916226460322747,0.6898608349900597,0.6976284584980237,0.8719101123595505,0.00594026329756322,0.8664169787765293,0.8813982521847691,0.7724759480034917,0.004341626111249058,0.7681239623685667,0.7788196359624932,0.0,0.0,0.0,0.0,0.0,0.0,0.0,0.0,0.0,0.0,0.0,0.0,0.0,0.0,0.0,0.0,0.0,0.0,0.0,0.0,1.0,0.0,1.0,1.0
UNPAIRED_HARD_DELETE,UNPAIRED_NUCLEOTIDE_EVIDENCE,0,petfold,DIRECT_EVIDENCE_EFFECT,nucleotide,0.0,0.0,0.0,0.0,0.0,0.0,0.0,0.0,0.0,0.0,0.0,0.0,0.0,0.0,0.0,0.0,,,,,,,,,,,,,,,,,,,,,,,,,,,,,,,,,0.0,0.0,0.0,0.0,0.0,0.0,0.0,0.0,0.0,0.0,0.0,0.0,1.0,0.0,1.0,1.0
UNPAIRED_HARD_DELETE,UNPAIRED_NUCLEOTIDE_EVIDENCE,0,petfold,LOCAL_CONFLICT_EFFECT,pair,0.0,0.0,0.0,0.0,0.0,0.0,0.0,0.0,0.0,0.0,0.0,0.0,0.0,0.0,0.0,0.0,1.0,0.0,1.0,1.0,1.0,0.0,1.0,1.0,1.0,0.0,1.0,1.0,1.0,0.0,1.0,1.0,1.0,0.0,1.0,1.0,1.0,0.0,1.0,1.0,0.0,0.0,0.0,0.0,0.0,0.0,0.0,0.0,0.0,0.0,0.0,0.0,0.0,0.0,0.0,0.0,0.0,0.0,0.0,0.0,1.0,0.0,1.0,1.0
UNPAIRED_HARD_DELETE,UNPAIRED_NUCLEOTIDE_EVIDENCE,0,petfold,NON_EVIDENCED_EFFECT,pair,1917.0,0.0,1917.0,1917.0,0.0,0.0,0.0,0.0,0.0,0.0,0.0,0.0,0.0,0.0,0.0,0.0,0.8952556023530504,0.0,0.8952556023530504,0.8952556023530504,0.9077787598919441,0.0,0.9077787598919441,0.9077787598919441,0.8968492212485739,0.0,0.8968492212485739,0.8968492212485739,0.8585680751173708,0.0,0.8585680751173709,0.8585680751173709,0.87291169451074,0.0,0.8729116945107399,0.8729116945107399,0.865680473372781,0.0,0.8656804733727811,0.8656804733727811,0.0,0.0,0.0,0.0,0.0,0.0,0.0,0.0,0.0,0.0,0.0,0.0,0.0,0.0,0.0,0.0,0.0,0.0,0.0,0.0,1.0,0.0,1.0,1.0
UNPAIRED_HARD_DELETE,UNPAIRED_NUCLEOTIDE_EVIDENCE,0,rnafold,DIRECT_EVIDENCE_EFFECT,nucleotide,0.0,0.0,0.0,0.0,0.0,0.0,0.0,0.0,0.0,0.0,0.0,0.0,0.0,0.0,0.0,0.0,,,,,,,,,,,,,,,,,,,,,,,,,,,,,,,,,0.0,0.0,0.0,0.0,0.0,0.0,0.0,0.0,0.0,0.0,0.0,0.0,1.0,0.0,1.0,1.0
UNPAIRED_HARD_DELETE,UNPAIRED_NUCLEOTIDE_EVIDENCE,0,rnafold,LOCAL_CONFLICT_EFFECT,pair,0.0,0.0,0.0,0.0,0.0,0.0,0.0,0.0,0.0,0.0,0.0,0.0,0.0,0.0,0.0,0.0,1.0,0.0,1.0,1.0,1.0,0.0,1.0,1.0,1.0,0.0,1.0,1.0,1.0,0.0,1.0,1.0,1.0,0.0,1.0,1.0,1.0,0.0,1.0,1.0,0.0,0.0,0.0,0.0,0.0,0.0,0.0,0.0,0.0,0.0,0.0,0.0,0.0,0.0,0.0,0.0,0.0,0.0,0.0,0.0,1.0,0.0,1.0,1.0
UNPAIRED_HARD_DELETE,UNPAIRED_NUCLEOTIDE_EVIDENCE,0,rnafold,NON_EVIDENCED_EFFECT,pair,1896.0,0.0,1896.0,1896.0,0.0,0.0,0.0,0.0,0.0,0.0,0.0,0.0,0.0,0.0,0.0,0.0,0.9069374161618192,0.0,0.9069374161618192,0.9069374161618192,0.9138670306547281,0.0,0.9138670306547281,0.9138670306547281,0.905817611907956,0.0,0.9058176119079561,0.9058176119079561,0.87005316007088,0.0,0.8700531600708801,0.8700531600708801,0.8788782816229117,0.0,0.8788782816229117,0.8788782816229117,0.8744434550311665,0.0,0.8744434550311665,0.8744434550311665,0.0,0.0,0.0,0.0,0.0,0.0,0.0,0.0,0.0,0.0,0.0,0.0,0.0,0.0,0.0,0.0,0.0,0.0,0.0,0.0,1.0,0.0,1.0,1.0
UNPAIRED_HARD_DELETE,UNPAIRED_NUCLEOTIDE_EVIDENCE,0,trrosettarna2_native_ss,DIRECT_EVIDENCE_EFFECT,nucleotide,0.0,0.0,0.0,0.0,0.0,0.0,0.0,0.0,0.0,0.0,0.0,0.0,0.0,0.0,0.0,0.0,,,,,,,,,,,,,,,,,,,,,,,,,,,,,,,,,0.0,0.0,0.0,0.0,0.0,0.0,0.0,0.0,0.0,0.0,0.0,0.0,1.0,0.0,1.0,1.0
UNPAIRED_HARD_DELETE,UNPAIRED_NUCLEOTIDE_EVIDENCE,0,trrosettarna2_native_ss,LOCAL_CONFLICT_EFFECT,pair,0.0,0.0,0.0,0.0,0.0,0.0,0.0,0.0,0.0,0.0,0.0,0.0,0.0,0.0,0.0,0.0,1.0,0.0,1.0,1.0,1.0,0.0,1.0,1.0,1.0,0.0,1.0,1.0,1.0,0.0,1.0,1.0,1.0,0.0,1.0,1.0,1.0,0.0,1.0,1.0,0.0,0.0,0.0,0.0,0.0,0.0,0.0,0.0,0.0,0.0,0.0,0.0,0.0,0.0,0.0,0.0,0.0,0.0,0.0,0.0,1.0,0.0,1.0,1.0
UNPAIRED_HARD_DELETE,UNPAIRED_NUCLEOTIDE_EVIDENCE,0,trrosettarna2_native_ss,NON_EVIDENCED_EFFECT,pair,2108.0,0.0,2108.0,2108.0,0.0,0.0,0.0,0.0,0.0,0.0,0.0,0.0,0.0,0.0,0.0,0.0,0.7905636556834104,0.0,0.7905636556834104,0.7905636556834104,0.9120849106151278,0.0,0.9120849106151278,0.9120849106151278,0.842871364213295,0.0,0.8428713642132949,0.8428713642132949,0.7717908082408875,0.0,0.7717908082408875,0.7717908082408875,0.8717183770883054,0.0,0.8717183770883055,0.8717183770883055,0.8187167273746148,0.0,0.8187167273746148,0.8187167273746148,0.0,0.0,0.0,0.0,0.0,0.0,0.0,0.0,0.0,0.0,0.0,0.0,0.0,0.0,0.0,0.0,0.0,0.0,0.0,0.0,1.0,0.0,1.0,1.0
UNPAIRED_HARD_DELETE,UNPAIRED_NUCLEOTIDE_EVIDENCE,1,petfold,DIRECT_EVIDENCE_EFFECT,nucleotide,0.0,0.0,0.0,0.0,121.0,0.0,121.0,121.0,103.6,2.0591260281974,100.0,106.0,121.0,0.0,121.0,121.0,,,,,,,,,,,,,,,,,,,,,,,,,,,,,,,,,0.0,0.0,0.0,0.0,0.0,0.0,0.0,0.0,0.0,0.0,0.0,0.0,1.0,0.0,1.0,1.0
UNPAIRED_HARD_DELETE,UNPAIRED_NUCLEOTIDE_EVIDENCE,1,petfold,LOCAL_CONFLICT_EFFECT,pair,17.4,2.0591260281974,15.0,21.0,0.0,0.0,0.0,0.0,0.0,0.0,0.0,0.0,0.0,0.0,0.0,0.0,1.0,0.0,1.0,1.0,1.0,0.0,1.0,1.0,1.0,0.0,1.0,1.0,1.0,0.0,1.0,1.0,1.0,0.0,1.0,1.0,1.0,0.0,1.0,1.0,0.143801652892562,0.01701757048097025,0.12396694214876033,0.17355371900826447,1.0,0.0,1.0,1.0,17.4,2.0591260281974,15.0,21.0,0.0,0.0,0.0,0.0,17.4,2.0591260281974,15.0,21.0,1.0,0.0,1.0,1.0
UNPAIRED_HARD_DELETE,UNPAIRED_NUCLEOTIDE_EVIDENCE,1,petfold,NON_EVIDENCED_EFFECT,pair,1899.6,2.0591260281974,1896.0,1902.0,0.0,0.0,0.0,0.0,0.0,0.0,0.0,0.0,0.0,0.0,0.0,0.0,0.9044159087903235,0.0012534279641561806,0.9028956929259876,0.9059541488994135,0.9077787598919441,0.0,0.9077787598919441,0.9077787598919441,0.9015678292122329,0.0005638977786833,0.9008369518024504,0.9023795445307521,0.8674268839688155,0.001059917207215151,0.8661930136175252,0.869281045751634,0.87291169451074,0.0,0.8729116945107399,0.8729116945107399,0.8701603216785779,0.0005330788578940876,0.8695393759286776,0.8710925870794879,0.0,0.0,0.0,0.0,0.0,0.0,0.0,0.0,0.0,0.0,0.0,0.0,0.0,0.0,0.0,0.0,0.0,0.0,0.0,0.0,1.0,0.0,1.0,1.0
UNPAIRED_HARD_DELETE,UNPAIRED_NUCLEOTIDE_EVIDENCE,1,rnafold,DIRECT_EVIDENCE_EFFECT,nucleotide,0.0,0.0,0.0,0.0,121.0,0.0,121.0,121.0,106.4,3.2619012860600183,102.0,112.0,121.0,0.0,121.0,121.0,,,,,,,,,,,,,,,,,,,,,,,,,,,,,,,,,0.0,0.0,0.0,0.0,0.0,0.0,0.0,0.0,0.0,0.0,0.0,0.0,1.0,0.0,1.0,1.0
UNPAIRED_HARD_DELETE,UNPAIRED_NUCLEOTIDE_EVIDENCE,1,rnafold,LOCAL_CONFLICT_EFFECT,pair,14.6,3.2619012860600183,9.0,19.0,0.0,0.0,0.0,0.0,0.0,0.0,0.0,0.0,0.0,0.0,0.0,0.0,1.0,0.0,1.0,1.0,1.0,0.0,1.0,1.0,1.0,0.0,1.0,1.0,1.0,0.0,1.0,1.0,1.0,0.0,1.0,1.0,1.0,0.0,1.0,1.0,0.12066115702479338,0.026957861868264613,0.0743801652892562,0.15702479338842976,1.0,0.0,1.0,1.0,14.6,3.2619012860600183,9.0,19.0,0.0,0.0,0.0,0.0,14.6,3.2619012860600183,9.0,19.0,1.0,0.0,1.0,1.0
UNPAIRED_HARD_DELETE,UNPAIRED_NUCLEOTIDE_EVIDENCE,1,rnafold,NON_EVIDENCED_EFFECT,pair,1881.4,3.2619012860600183,1877.0,1887.0,0.0,0.0,0.0,0.0,0.0,0.0,0.0,0.0,0.0,0.0,0.0,0.0,0.9147432296740607,0.0017777028570882638,0.9131695811260415,0.9171879247220843,0.9138670306547281,0.0,0.9138670306547281,0.9138670306547281,0.9097939297352967,0.0008587114041163818,0.9088015726046772,0.9108919206112116,0.8776248559018935,0.0017039626079463147,0.8747030878859857,0.8799283154121864,0.8788782816229117,0.0,0.8788782816229117,0.8788782816229117,0.8782502934657013,0.0008536134661731421,0.8767857142857143,0.8794029850746269,0.0,0.0,0.0,0.0,0.0,0.0,0.0,0.0,0.0,0.0,0.0,0.0,0.0,0.0,0.0,0.0,0.0,0.0,0.0,0.0,1.0,0.0,1.0,1.0
UNPAIRED_HARD_DELETE,UNPAIRED_NUCLEOTIDE_EVIDENCE,1,trrosettarna2_native_ss,DIRECT_EVIDENCE_EFFECT,nucleotide,0.0,0.0,0.0,0.0,121.0,0.0,121.0,121.0,80.8,4.707440918375928,76.0,87.0,121.0,0.0,121.0,121.0,,,,,,,,,,,,,,,,,,,,,,,,,,,,,,,,,0.0,0.0,0.0,0.0,0.0,0.0,0.0,0.0,0.0,0.0,0.0,0.0,1.0,0.0,1.0,1.0
UNPAIRED_HARD_DELETE,UNPAIRED_NUCLEOTIDE_EVIDENCE,1,trrosettarna2_native_ss,LOCAL_CONFLICT_EFFECT,pair,40.2,4.707440918375928,34.0,45.0,0.0,0.0,0.0,0.0,0.0,0.0,0.0,0.0,0.0,0.0,0.0,0.0,1.0,0.0,1.0,1.0,1.0,0.0,1.0,1.0,1.0,0.0,1.0,1.0,1.0,0.0,1.0,1.0,1.0,0.0,1.0,1.0,1.0,0.0,1.0,1.0,0.3322314049586777,0.03890447039980106,0.2809917355371901,0.371900826446281,1.0,0.0,1.0,1.0,40.2,4.707440918375928,34.0,45.0,0.0,0.0,0.0,0.0,40.2,4.707440918375928,34.0,45.0,1.0,0.0,1.0,1.0
UNPAIRED_HARD_DELETE,UNPAIRED_NUCLEOTIDE_EVIDENCE,1,trrosettarna2_native_ss,NON_EVIDENCED_EFFECT,pair,2067.8,4.707440918375928,2063.0,2074.0,0.0,0.0,0.0,0.0,0.0,0.0,0.0,0.0,0.0,0.0,0.0,0.0,0.8126085454887214,0.0020086587797634205,0.810247744448208,0.8149146817498449,0.9120849106151278,0.0,0.9120849106151278,0.9120849106151278,0.8556781284969693,0.0010404964964095841,0.8543352069689977,0.8567099074388023,0.7885413549156313,0.0020015950524416917,0.7859064012910166,0.7905844155844156,0.8717183770883054,0.0,0.8717183770883055,0.8717183770883055,0.8280450003896117,0.0011040765827319172,0.8265912305516266,0.8291713961407492,0.0,0.0,0.0,0.0,0.0,0.0,0.0,0.0,0.0,0.0,0.0,0.0,0.0,0.0,0.0,0.0,0.0,0.0,0.0,0.0,1.0,0.0,1.0,1.0
UNPAIRED_HARD_DELETE,UNPAIRED_NUCLEOTIDE_EVIDENCE,5,petfold,DIRECT_EVIDENCE_EFFECT,nucleotide,0.0,0.0,0.0,0.0,134.0,0.0,134.0,134.0,112.4,2.0591260281974,110.0,116.0,134.0,0.0,134.0,134.0,,,,,,,,,,,,,,,,,,,,,,,,,,,,,,,,,0.0,0.0,0.0,0.0,0.0,0.0,0.0,0.0,0.0,0.0,0.0,0.0,1.0,0.0,1.0,1.0
UNPAIRED_HARD_DELETE,UNPAIRED_NUCLEOTIDE_EVIDENCE,5,petfold,LOCAL_CONFLICT_EFFECT,pair,21.2,1.9390719429665315,18.0,24.0,0.0,0.0,0.0,0.0,0.0,0.0,0.0,0.0,0.0,0.0,0.0,0.0,1.0,0.0,1.0,1.0,1.0,0.0,1.0,1.0,1.0,0.0,1.0,1.0,1.0,0.0,1.0,1.0,1.0,0.0,1.0,1.0,1.0,0.0,1.0,1.0,0.1652892561983471,0.015680715670256428,0.14049586776859505,0.19008264462809918,1.0,0.0,1.0,1.0,21.2,1.9390719429665315,18.0,24.0,0.0,0.0,0.0,0.0,21.2,1.9390719429665315,18.0,24.0,1.0,0.0,1.0,1.0
UNPAIRED_HARD_DELETE,UNPAIRED_NUCLEOTIDE_EVIDENCE,5,petfold,NON_EVIDENCED_EFFECT,pair,1895.8,1.9390719429665315,1893.0,1899.0,0.0,0.0,0.0,0.0,0.0,0.0,0.0,0.0,0.0,0.0,0.0,0.0,0.9056874804086222,0.0013699136677250009,0.9039680411438205,0.9075030853614654,0.9077787598919441,0.0,0.9077787598919441,0.9077787598919441,0.9024729308351717,0.0007901282000214478,0.9014857782477987,0.9033939591785879,0.8693855133704951,0.0010014592418054965,0.8677342823250297,0.8708333333333333,0.87291169451074,0.0,0.8729116945107399,0.8729116945107399,0.871144746648149,0.000502839522874468,0.8703152885187388,0.8718712753277712,0.0,0.0,0.0,0.0,0.0,0.0,0.0,0.0,0.0,0.0,0.0,0.0,0.0,0.0,0.0,0.0,0.0,0.0,0.0,0.0,1.0,0.0,1.0,1.0
UNPAIRED_HARD_DELETE,UNPAIRED_NUCLEOTIDE_EVIDENCE,5,rnafold,DIRECT_EVIDENCE_EFFECT,nucleotide,0.0,0.0,0.0,0.0,134.0,0.0,134.0,134.0,117.2,2.3151673805580453,114.0,121.0,134.0,0.0,134.0,134.0,,,,,,,,,,,,,,,,,,,,,,,,,,,,,,,,,0.0,0.0,0.0,0.0,0.0,0.0,0.0,0.0,0.0,0.0,0.0,0.0,1.0,0.0,1.0,1.0
UNPAIRED_HARD_DELETE,UNPAIRED_NUCLEOTIDE_EVIDENCE,5,rnafold,LOCAL_CONFLICT_EFFECT,pair,16.6,2.0591260281974,13.0,19.0,0.0,0.0,0.0,0.0,0.0,0.0,0.0,0.0,0.0,0.0,0.0,0.0,1.0,0.0,1.0,1.0,1.0,0.0,1.0,1.0,1.0,0.0,1.0,1.0,1.0,0.0,1.0,1.0,1.0,0.0,1.0,1.0,1.0,0.0,1.0,1.0,0.12892561983471076,0.01236911532817832,0.10743801652892562,0.14049586776859505,1.0,0.0,1.0,1.0,16.6,2.0591260281974,13.0,19.0,0.0,0.0,0.0,0.0,16.6,2.0591260281974,13.0,19.0,1.0,0.0,1.0,1.0
UNPAIRED_HARD_DELETE,UNPAIRED_NUCLEOTIDE_EVIDENCE,5,rnafold,NON_EVIDENCED_EFFECT,pair,1879.4,2.0591260281974,1877.0,1883.0,0.0,0.0,0.0,0.0,0.0,0.0,0.0,0.0,0.0,0.0,0.0,0.0,0.9152811370559355,0.0014553113064054632,0.9133169807859063,0.9174379759990472,0.9138670306547281,0.0,0.9138670306547281,0.9138670306547281,0.9103459101775278,0.000787358191198523,0.9094127526459833,0.9116285500022977,0.8786699000662077,0.0010783566931245713,0.8767857142857143,0.8799283154121864,0.8788782816229117,0.0,0.8788782816229117,0.8788782816229117,0.8787737474556685,0.0005395349948478897,0.8778307508939214,0.8794029850746269,0.0,0.0,0.0,0.0,0.0,0.0,0.0,0.0,0.0,0.0,0.0,0.0,0.0,0.0,0.0,0.0,0.0,0.0,0.0,0.0,1.0,0.0,1.0,1.0
UNPAIRED_HARD_DELETE,UNPAIRED_NUCLEOTIDE_EVIDENCE,5,trrosettarna2_native_ss,DIRECT_EVIDENCE_EFFECT,nucleotide,0.0,0.0,0.0,0.0,134.0,0.0,134.0,134.0,90.8,3.9698866482558417,84.0,96.0,134.0,0.0,134.0,134.0,,,,,,,,,,,,,,,,,,,,,,,,,,,,,,,,,0.0,0.0,0.0,0.0,0.0,0.0,0.0,0.0,0.0,0.0,0.0,0.0,1.0,0.0,1.0,1.0
UNPAIRED_HARD_DELETE,UNPAIRED_NUCLEOTIDE_EVIDENCE,5,trrosettarna2_native_ss,LOCAL_CONFLICT_EFFECT,pair,43.0,3.9496835316262997,38.0,50.0,0.0,0.0,0.0,0.0,0.0,0.0,0.0,0.0,0.0,0.0,0.0,0.0,1.0,0.0,1.0,1.0,1.0,0.0,1.0,1.0,1.0,0.0,1.0,1.0,1.0,0.0,1.0,1.0,1.0,0.0,1.0,1.0,1.0,0.0,1.0,1.0,0.343801652892562,0.029843752207054198,0.3140495867768595,0.39669421487603307,1.0,0.0,1.0,1.0,43.0,3.9496835316262997,38.0,50.0,0.0,0.0,0.0,0.0,43.0,3.9496835316262997,38.0,50.0,1.0,0.0,1.0,1.0
UNPAIRED_HARD_DELETE,UNPAIRED_NUCLEOTIDE_EVIDENCE,5,trrosettarna2_native_ss,NON_EVIDENCED_EFFECT,pair,2065.0,3.9496835316262997,2058.0,2070.0,0.0,0.0,0.0,0.0,0.0,0.0,0.0,0.0,0.0,0.0,0.0,0.0,0.8115128844284148,0.002735685363279525,0.807985144695637,0.8150063703023963,0.9120849106151278,0.0,0.9120849106151278,0.9120849106151278,0.8552681926777433,0.0015106480104454113,0.8534095208598254,0.8571769697596952,0.7897333346540575,0.0016885215417824842,0.7876010781671159,0.7927292457948997,0.8717183770883054,0.0,0.8717183770883055,0.8717183770883055,0.8287021183250092,0.0009289899646536593,0.8275276125743416,0.8303495311167945,0.0,0.0,0.0,0.0,0.0,0.0,0.0,0.0,0.0,0.0,0.0,0.0,0.0,0.0,0.0,0.0,0.0,0.0,0.0,0.0,1.0,0.0,1.0,1.0
UNPAIRED_HARD_DELETE,UNPAIRED_NUCLEOTIDE_EVIDENCE,10,petfold,DIRECT_EVIDENCE_EFFECT,nucleotide,0.0,0.0,0.0,0.0,185.0,0.0,185.0,185.0,156.4,2.5768197453450252,152.0,160.0,185.0,0.0,185.0,185.0,,,,,,,,,,,,,,,,,,,,,,,,,,,,,,,,,0.0,0.0,0.0,0.0,0.0,0.0,0.0,0.0,0.0,0.0,0.0,0.0,1.0,0.0,1.0,1.0
UNPAIRED_HARD_DELETE,UNPAIRED_NUCLEOTIDE_EVIDENCE,10,petfold,LOCAL_CONFLICT_EFFECT,pair,28.4,2.6532998322843198,25.0,33.0,0.0,0.0,0.0,0.0,0.0,0.0,0.0,0.0,0.0,0.0,0.0,0.0,1.0,0.0,1.0,1.0,1.0,0.0,1.0,1.0,1.0,0.0,1.0,1.0,1.0,0.0,1.0,1.0,1.0,0.0,1.0,1.0,1.0,0.0,1.0,1.0,0.19008264462809918,0.018845874795027074,0.17355371900826447,0.2231404958677686,1.0,0.0,1.0,1.0,28.4,2.6532998322843198,25.0,33.0,0.0,0.0,0.0,0.0,28.4,2.6532998322843198,25.0,33.0,1.0,0.0,1.0,1.0
UNPAIRED_HARD_DELETE,UNPAIRED_NUCLEOTIDE_EVIDENCE,10,petfold,NON_EVIDENCED_EFFECT,pair,1888.6,2.6532998322843198,1884.0,1892.0,0.0,0.0,0.0,0.0,0.0,0.0,0.0,0.0,0.0,0.0,0.0,0.0,0.9059160173728735,0.001665510164042649,0.9037214539205928,0.9084879439047145,0.9077787598919441,0.0,0.9077787598919441,0.9077787598919441,0.9025638264106947,0.000879614755643353,0.9015034730664205,0.903783626469207,0.8731222677646894,0.001383888513251351,0.8713519952352591,0.8755236385397965,0.87291169451074,0.0,0.8729116945107399,0.8729116945107399,0.8730164204036767,0.000691450517881706,0.8721311475409836,0.8742157155661787,0.0,0.0,0.0,0.0,0.0,0.0,0.0,0.0,0.0,0.0,0.0,0.0,0.0,0.0,0.0,0.0,0.0,0.0,0.0,0.0,1.0,0.0,1.0,1.0
UNPAIRED_HARD_DELETE,UNPAIRED_NUCLEOTIDE_EVIDENCE,10,rnafold,DIRECT_EVIDENCE_EFFECT,nucleotide,0.0,0.0,0.0,0.0,185.0,0.0,185.0,185.0,158.4,2.1540659228538015,155.0,161.0,185.0,0.0,185.0,185.0,,,,,,,,,,,,,,,,,,,,,,,,,,,,,,,,,0.0,0.0,0.0,0.0,0.0,0.0,0.0,0.0,0.0,0.0,0.0,0.0,1.0,0.0,1.0,1.0
UNPAIRED_HARD_DELETE,UNPAIRED_NUCLEOTIDE_EVIDENCE,10,rnafold,LOCAL_CONFLICT_EFFECT,pair,26.4,2.244994432064365,24.0,30.0,0.0,0.0,0.0,0.0,0.0,0.0,0.0,0.0,0.0,0.0,0.0,0.0,1.0,0.0,1.0,1.0,1.0,0.0,1.0,1.0,1.0,0.0,1.0,1.0,1.0,0.0,1.0,1.0,1.0,0.0,1.0,1.0,1.0,0.0,1.0,1.0,0.16859504132231407,0.01440958328443198,0.15702479338842976,0.19008264462809918,1.0,0.0,1.0,1.0,26.4,2.244994432064365,24.0,30.0,0.0,0.0,0.0,0.0,26.4,2.244994432064365,24.0,30.0,1.0,0.0,1.0,1.0
UNPAIRED_HARD_DELETE,UNPAIRED_NUCLEOTIDE_EVIDENCE,10,rnafold,NON_EVIDENCED_EFFECT,pair,1869.6,2.244994432064365,1866.0,1872.0,0.0,0.0,0.0,0.0,0.0,0.0,0.0,0.0,0.0,0.0,0.0,0.0,0.9165425586642847,0.0013276940068105672,0.9152760648079903,0.9182281440801763,0.9138670306547281,0.0,0.9138670306547281,0.9138670306547281,0.9109591146500611,0.0007908402831655461,0.9100178897715786,0.9120376220065184,0.8838369583788183,0.0011914662416515874,0.8825644098262433,0.8857486470234516,0.8788782816229117,0.0,0.8788782816229117,0.8788782816229117,0.8813502451396034,0.0005921634972167715,0.8807174887892377,0.8823000898472596,0.0,0.0,0.0,0.0,0.0,0.0,0.0,0.0,0.0,0.0,0.0,0.0,0.0,0.0,0.0,0.0,0.0,0.0,0.0,0.0,1.0,0.0,1.0,1.0
UNPAIRED_HARD_DELETE,UNPAIRED_NUCLEOTIDE_EVIDENCE,10,trrosettarna2_native_ss,DIRECT_EVIDENCE_EFFECT,nucleotide,0.0,0.0,0.0,0.0,185.0,0.0,185.0,185.0,125.8,5.418486873657627,117.0,131.0,185.0,0.0,185.0,185.0,,,,,,,,,,,,,,,,,,,,,,,,,,,,,,,,,0.0,0.0,0.0,0.0,0.0,0.0,0.0,0.0,0.0,0.0,0.0,0.0,1.0,0.0,1.0,1.0
UNPAIRED_HARD_DELETE,UNPAIRED_NUCLEOTIDE_EVIDENCE,10,trrosettarna2_native_ss,LOCAL_CONFLICT_EFFECT,pair,58.6,5.388877434122992,54.0,67.0,0.0,0.0,0.0,0.0,0.0,0.0,0.0,0.0,0.0,0.0,0.0,0.0,1.0,0.0,1.0,1.0,1.0,0.0,1.0,1.0,1.0,0.0,1.0,1.0,1.0,0.0,1.0,1.0,1.0,0.0,1.0,1.0,1.0,0.0,1.0,1.0,0.4,0.022542449085927035,0.36363636363636365,0.4297520661157025,1.0,0.0,1.0,1.0,58.6,5.388877434122992,54.0,67.0,0.0,0.0,0.0,0.0,58.6,5.388877434122992,54.0,67.0,1.0,0.0,1.0,1.0
UNPAIRED_HARD_DELETE,UNPAIRED_NUCLEOTIDE_EVIDENCE,10,trrosettarna2_native_ss,NON_EVIDENCED_EFFECT,pair,2049.4,5.388877434122992,2041.0,2054.0,0.0,0.0,0.0,0.0,0.0,0.0,0.0,0.0,0.0,0.0,0.0,0.0,0.8167293455975331,0.0013865364321373939,0.814364516892475,0.818236178497856,0.9120849106151278,0.0,0.9120849106151278,0.9120849106151278,0.8580872860957521,0.0007906580147758265,0.8569232202582633,0.8589847525368227,0.7964525889640395,0.0023435691978876978,0.7944535073409462,0.8001095290251917,0.8717183770883054,0.0,0.8717183770883055,0.8717183770883055,0.8323857372004466,0.0012789064599266198,0.8312944523470839,0.834380354083381,0.0,0.0,0.0,0.0,0.0,0.0,0.0,0.0,0.0,0.0,0.0,0.0,0.0,0.0,0.0,0.0,0.0,0.0,0.0,0.0,1.0,0.0,1.0,1.0
UNPAIRED_HARD_DELETE,UNPAIRED_NUCLEOTIDE_EVIDENCE,20,petfold,DIRECT_EVIDENCE_EFFECT,nucleotide,0.0,0.0,0.0,0.0,333.0,0.0,333.0,333.0,277.2,6.8527366796047255,267.0,288.0,333.0,0.0,333.0,333.0,,,,,,,,,,,,,,,,,,,,,,,,,,,,,,,,,0.0,0.0,0.0,0.0,0.0,0.0,0.0,0.0,0.0,0.0,0.0,0.0,1.0,0.0,1.0,1.0
UNPAIRED_HARD_DELETE,UNPAIRED_NUCLEOTIDE_EVIDENCE,20,petfold,LOCAL_CONFLICT_EFFECT,pair,52.6,5.083306010855534,44.0,59.0,0.0,0.0,0.0,0.0,0.0,0.0,0.0,0.0,0.0,0.0,0.0,0.0,1.0,0.0,1.0,1.0,1.0,0.0,1.0,1.0,1.0,0.0,1.0,1.0,1.0,0.0,1.0,1.0,1.0,0.0,1.0,1.0,1.0,0.0,1.0,1.0,0.27603305785123966,0.027952949628574805,0.2396694214876033,0.30578512396694213,1.0,0.0,1.0,1.0,52.6,5.083306010855534,44.0,59.0,0.0,0.0,0.0,0.0,52.6,5.083306010855534,44.0,59.0,1.0,0.0,1.0,1.0
UNPAIRED_HARD_DELETE,UNPAIRED_NUCLEOTIDE_EVIDENCE,20,petfold,NON_EVIDENCED_EFFECT,pair,1864.4,5.083306010855534,1858.0,1873.0,0.0,0.0,0.0,0.0,0.0,0.0,0.0,0.0,0.0,0.0,0.0,0.0,0.9133196730459245,0.002976931502687022,0.9078044239756322,0.9159472877382056,0.9077787598919441,0.0,0.9077787598919441,0.9077787598919441,0.9064336448047545,0.0014822008966287104,0.9036219622090245,0.9077192739266376,0.8859233622913063,0.0027227453888836236,0.8813253012048192,0.8893617021276595,0.87291169451074,0.0,0.8729116945107399,0.8729116945107399,0.8793673209264308,0.0013423661480034608,0.8770983213429256,0.8810599217103282,0.0,0.0,0.0,0.0,0.0,0.0,0.0,0.0,0.0,0.0,0.0,0.0,0.0,0.0,0.0,0.0,0.0,0.0,0.0,0.0,1.0,0.0,1.0,1.0
UNPAIRED_HARD_DELETE,UNPAIRED_NUCLEOTIDE_EVIDENCE,20,rnafold,DIRECT_EVIDENCE_EFFECT,nucleotide,0.0,0.0,0.0,0.0,333.0,0.0,333.0,333.0,282.8,3.9698866482558417,278.0,290.0,333.0,0.0,333.0,333.0,,,,,,,,,,,,,,,,,,,,,,,,,,,,,,,,,0.0,0.0,0.0,0.0,0.0,0.0,0.0,0.0,0.0,0.0,0.0,0.0,1.0,0.0,1.0,1.0
UNPAIRED_HARD_DELETE,UNPAIRED_NUCLEOTIDE_EVIDENCE,20,rnafold,LOCAL_CONFLICT_EFFECT,pair,47.6,3.8262252939417984,42.0,54.0,0.0,0.0,0.0,0.0,0.0,0.0,0.0,0.0,0.0,0.0,0.0,0.0,1.0,0.0,1.0,1.0,1.0,0.0,1.0,1.0,1.0,0.0,1.0,1.0,1.0,0.0,1.0,1.0,1.0,0.0,1.0,1.0,1.0,0.0,1.0,1.0,0.2396694214876033,0.021551082331248427,0.2231404958677686,0.2809917355371901,1.0,0.0,1.0,1.0,47.6,3.8262252939417984,42.0,54.0,0.0,0.0,0.0,0.0,47.6,3.8262252939417984,42.0,54.0,1.0,0.0,1.0,1.0
UNPAIRED_HARD_DELETE,UNPAIRED_NUCLEOTIDE_EVIDENCE,20,rnafold,NON_EVIDENCED_EFFECT,pair,1848.4,3.8262252939417984,1842.0,1854.0,0.0,0.0,0.0,0.0,0.0,0.0,0.0,0.0,0.0,0.0,0.0,0.0,0.9231823908360764,0.002448289203430576,0.9188156416011771,0.9257226248817326,0.9138670306547281,0.0,0.9138670306547281,0.9138670306547281,0.914442689817505,0.0012281211376183295,0.912204926095165,0.915671752571258,0.8952278905319562,0.002083283282809276,0.8921865536038764,0.8987187309334961,0.8788782816229117,0.0,0.8788782816229117,0.8788782816229117,0.8869765493438191,0.0010221546990498657,0.8854824165915239,0.8886877828054298,0.0,0.0,0.0,0.0,0.0,0.0,0.0,0.0,0.0,0.0,0.0,0.0,0.0,0.0,0.0,0.0,0.0,0.0,0.0,0.0,1.0,0.0,1.0,1.0
UNPAIRED_HARD_DELETE,UNPAIRED_NUCLEOTIDE_EVIDENCE,20,trrosettarna2_native_ss,DIRECT_EVIDENCE_EFFECT,nucleotide,0.0,0.0,0.0,0.0,333.0,0.0,333.0,333.0,222.2,3.9698866482558417,217.0,228.0,333.0,0.0,333.0,333.0,,,,,,,,,,,,,,,,,,,,,,,,,,,,,,,,,0.0,0.0,0.0,0.0,0.0,0.0,0.0,0.0,0.0,0.0,0.0,0.0,1.0,0.0,1.0,1.0
UNPAIRED_HARD_DELETE,UNPAIRED_NUCLEOTIDE_EVIDENCE,20,trrosettarna2_native_ss,LOCAL_CONFLICT_EFFECT,pair,103.4,1.3564659966250536,102.0,106.0,0.0,0.0,0.0,0.0,0.0,0.0,0.0,0.0,0.0,0.0,0.0,0.0,1.0,0.0,1.0,1.0,1.0,0.0,1.0,1.0,1.0,0.0,1.0,1.0,1.0,0.0,1.0,1.0,1.0,0.0,1.0,1.0,1.0,0.0,1.0,1.0,0.5553719008264463,0.03403514096194047,0.5206611570247934,0.6115702479338843,1.0,0.0,1.0,1.0,103.4,1.3564659966250536,102.0,106.0,0.0,0.0,0.0,0.0,103.4,1.3564659966250536,102.0,106.0,1.0,0.0,1.0,1.0
UNPAIRED_HARD_DELETE,UNPAIRED_NUCLEOTIDE_EVIDENCE,20,trrosettarna2_native_ss,NON_EVIDENCED_EFFECT,pair,2004.6,1.3564659966250536,2002.0,2006.0,0.0,0.0,0.0,0.0,0.0,0.0,0.0,0.0,0.0,0.0,0.0,0.0,0.8361928449805351,0.0027624182647191437,0.8315675972907787,0.8401798628102879,0.9120849106151278,0.0,0.9120849106151278,0.9120849106151278,0.8691371563861727,0.0014153624988877697,0.8667674405672888,0.8709964433564076,0.8163840188438272,0.0006193469270533806,0.8157453936348409,0.8175713486289872,0.8717183770883054,0.0,0.8717183770883055,0.8717183770883055,0.8431441735510173,0.00033016561099255407,0.842803576579175,0.8437770719029744,0.0,0.0,0.0,0.0,0.0,0.0,0.0,0.0,0.0,0.0,0.0,0.0,0.0,0.0,0.0,0.0,0.0,0.0,0.0,0.0,1.0,0.0,1.0,1.0
UNPAIRED_HARD_DELETE,UNPAIRED_NUCLEOTIDE_EVIDENCE,50,petfold,DIRECT_EVIDENCE_EFFECT,nucleotide,0.0,0.0,0.0,0.0,873.0,0.0,873.0,873.0,729.6,7.657675887630659,721.0,739.0,873.0,0.0,873.0,873.0,,,,,,,,,,,,,,,,,,,,,,,,,,,,,,,,,0.0,0.0,0.0,0.0,0.0,0.0,0.0,0.0,0.0,0.0,0.0,0.0,1.0,0.0,1.0,1.0
UNPAIRED_HARD_DELETE,UNPAIRED_NUCLEOTIDE_EVIDENCE,50,petfold,LOCAL_CONFLICT_EFFECT,pair,121.6,3.7202150475476548,117.0,128.0,0.0,0.0,0.0,0.0,0.0,0.0,0.0,0.0,0.0,0.0,0.0,0.0,1.0,0.0,1.0,1.0,1.0,0.0,1.0,1.0,1.0,0.0,1.0,1.0,1.0,0.0,1.0,1.0,1.0,0.0,1.0,1.0,1.0,0.0,1.0,1.0,0.424793388429752,0.01236911532817832,0.4049586776859504,0.4380165289256198,1.0,0.0,1.0,1.0,121.6,3.7202150475476548,117.0,128.0,0.0,0.0,0.0,0.0,121.6,3.7202150475476548,117.0,128.0,1.0,0.0,1.0,1.0
UNPAIRED_HARD_DELETE,UNPAIRED_NUCLEOTIDE_EVIDENCE,50,petfold,NON_EVIDENCED_EFFECT,pair,1795.4,3.7202150475476548,1789.0,1800.0,0.0,0.0,0.0,0.0,0.0,0.0,0.0,0.0,0.0,0.0,0.0,0.0,0.9422409634285716,0.001818378194516553,0.9395338648829393,0.9445297862653208,0.9077787598919441,0.0,0.9077787598919441,0.9077787598919441,0.9206280657852112,0.0009296926526049889,0.9192489767353023,0.9217715899407899,0.9245501120112409,0.0021765590174477175,0.921865154379332,0.9282994923857868,0.87291169451074,0.0,0.8729116945107399,0.8729116945107399,0.8979879132972606,0.0010259326630695934,0.8967208090714067,0.8997539975399754,0.0,0.0,0.0,0.0,0.0,0.0,0.0,0.0,0.0,0.0,0.0,0.0,0.0,0.0,0.0,0.0,0.0,0.0,0.0,0.0,1.0,0.0,1.0,1.0
UNPAIRED_HARD_DELETE,UNPAIRED_NUCLEOTIDE_EVIDENCE,50,rnafold,DIRECT_EVIDENCE_EFFECT,nucleotide,0.0,0.0,0.0,0.0,873.0,0.0,873.0,873.0,747.4,7.964923100695951,737.0,756.0,873.0,0.0,873.0,873.0,,,,,,,,,,,,,,,,,,,,,,,,,,,,,,,,,0.0,0.0,0.0,0.0,0.0,0.0,0.0,0.0,0.0,0.0,0.0,0.0,1.0,0.0,1.0,1.0
UNPAIRED_HARD_DELETE,UNPAIRED_NUCLEOTIDE_EVIDENCE,50,rnafold,LOCAL_CONFLICT_EFFECT,pair,107.0,4.147288270665544,103.0,112.0,0.0,0.0,0.0,0.0,0.0,0.0,0.0,0.0,0.0,0.0,0.0,0.0,1.0,0.0,1.0,1.0,1.0,0.0,1.0,1.0,1.0,0.0,1.0,1.0,1.0,0.0,1.0,1.0,1.0,0.0,1.0,1.0,1.0,0.0,1.0,1.0,0.3603305785123967,0.016194973506004483,0.33884297520661155,0.3884297520661157,1.0,0.0,1.0,1.0,107.0,4.147288270665544,103.0,112.0,0.0,0.0,0.0,0.0,107.0,4.147288270665544,103.0,112.0,1.0,0.0,1.0,1.0
UNPAIRED_HARD_DELETE,UNPAIRED_NUCLEOTIDE_EVIDENCE,50,rnafold,NON_EVIDENCED_EFFECT,pair,1789.0,4.147288270665544,1784.0,1793.0,0.0,0.0,0.0,0.0,0.0,0.0,0.0,0.0,0.0,0.0,0.0,0.0,0.9462794579600011,0.002370211740997029,0.9432841594373436,0.9500113228252205,0.9138670306547281,0.0,0.9138670306547281,0.9138670306547281,0.9258681409104366,0.0011619896131376576,0.9244053917474238,0.9274993982466011,0.9287579323534507,0.0024306764675826806,0.9264150943396227,0.9316888045540797,0.8788782816229117,0.0,0.8788782816229117,0.8788782816229117,0.9031283764521802,0.0011486993633263891,0.9020208205756277,0.9045133558489408,0.0,0.0,0.0,0.0,0.0,0.0,0.0,0.0,0.0,0.0,0.0,0.0,0.0,0.0,0.0,0.0,0.0,0.0,0.0,0.0,1.0,0.0,1.0,1.0
UNPAIRED_HARD_DELETE,UNPAIRED_NUCLEOTIDE_EVIDENCE,50,trrosettarna2_native_ss,DIRECT_EVIDENCE_EFFECT,nucleotide,0.0,0.0,0.0,0.0,873.0,0.0,873.0,873.0,588.2,5.5641710972974225,581.0,598.0,873.0,0.0,873.0,873.0,,,,,,,,,,,,,,,,,,,,,,,,,,,,,,,,,0.0,0.0,0.0,0.0,0.0,0.0,0.0,0.0,0.0,0.0,0.0,0.0,1.0,0.0,1.0,1.0
UNPAIRED_HARD_DELETE,UNPAIRED_NUCLEOTIDE_EVIDENCE,50,trrosettarna2_native_ss,LOCAL_CONFLICT_EFFECT,pair,225.6,4.6303347611160905,218.0,232.0,0.0,0.0,0.0,0.0,0.0,0.0,0.0,0.0,0.0,0.0,0.0,0.0,1.0,0.0,1.0,1.0,1.0,0.0,1.0,1.0,1.0,0.0,1.0,1.0,1.0,0.0,1.0,1.0,1.0,0.0,1.0,1.0,1.0,0.0,1.0,1.0,0.7966942148760331,0.017802197709535554,0.768595041322314,0.8181818181818182,1.0,0.0,1.0,1.0,225.6,4.6303347611160905,218.0,232.0,0.0,0.0,0.0,0.0,225.6,4.6303347611160905,218.0,232.0,1.0,0.0,1.0,1.0
UNPAIRED_HARD_DELETE,UNPAIRED_NUCLEOTIDE_EVIDENCE,50,trrosettarna2_native_ss,NON_EVIDENCED_EFFECT,pair,1882.4,4.6303347611160905,1876.0,1890.0,0.0,0.0,0.0,0.0,0.0,0.0,0.0,0.0,0.0,0.0,0.0,0.0,0.8967651711295499,0.0027172920249456905,0.8927098986130318,0.9012444995523115,0.9120849106151278,0.0,0.9120849106151278,0.9120849106151278,0.9020376019333899,0.0013594398924913972,0.9000632120468277,0.9043057261626475,0.8762212164612034,0.0024310066389877203,0.8722388059701492,0.8795906080674293,0.8717183770883054,0.0,0.8717183770883055,0.8717183770883055,0.8739623143510299,0.001209806062644063,0.8719785138764548,0.8756367995205274,0.0,0.0,0.0,0.0,0.0,0.0,0.0,0.0,0.0,0.0,0.0,0.0,0.0,0.0,0.0,0.0,0.0,0.0,0.0,0.0,1.0,0.0,1.0,1.0
