condition,evidence_channel,density_percent,evidence_seed,source_model,rna_count,actual_evidence_item_count,sum_tp,sum_fp,sum_fn,macro_precision,macro_recall,macro_f1,micro_precision,micro_recall,micro_f1,macro_delta_precision,macro_delta_recall,macro_delta_f1,micro_delta_precision,micro_delta_recall,micro_delta_f1,beneficial_edits,harmful_edits,modified_pair_count,modification_precision,correct_pair_preservation,modified_rna_count,modified_rna_fraction,evidence_compliant_before_count,evidence_compliant_after_count,evidence_compliance_before,evidence_compliance_after,direct_recovery_count,directly_inserted_pair_count,local_conflicting_pairs_before,local_conflicting_pairs_removed,local_conflict_correction_rate,non_evidenced_changed_pair_count
ORIGINAL,POSITIVE_PAIR_EVIDENCE,0,101,petfold,121,0,1463,241,213,0.8952556023530504,0.9077787598919441,0.8968492212485739,0.8585680751173709,0.8729116945107399,0.8656804733727811,0.0,0.0,0.0,0.0,0.0,0.0,0,0,0,,1.0,0,0.0,0,0,,,0,0,0,0,,0
ORIGINAL,POSITIVE_PAIR_EVIDENCE,0,101,rnafold,121,0,1473,220,203,0.9069374161618192,0.9138670306547281,0.9058176119079561,0.8700531600708801,0.8788782816229117,0.8744434550311665,0.0,0.0,0.0,0.0,0.0,0.0,0,0,0,,1.0,0,0.0,0,0,,,0,0,0,0,,0
ORIGINAL,POSITIVE_PAIR_EVIDENCE,0,101,trrosettarna2_native_ss,121,0,1461,432,215,0.7905636556834104,0.9120849106151278,0.8428713642132949,0.7717908082408875,0.8717183770883055,0.8187167273746148,0.0,0.0,0.0,0.0,0.0,0.0,0,0,0,,1.0,0,0.0,0,0,,,0,0,0,0,,0
ORIGINAL,POSITIVE_PAIR_EVIDENCE,0,103,petfold,121,0,1463,241,213,0.8952556023530504,0.9077787598919441,0.8968492212485739,0.8585680751173709,0.8729116945107399,0.8656804733727811,0.0,0.0,0.0,0.0,0.0,0.0,0,0,0,,1.0,0,0.0,0,0,,,0,0,0,0,,0
ORIGINAL,POSITIVE_PAIR_EVIDENCE,0,103,rnafold,121,0,1473,220,203,0.9069374161618192,0.9138670306547281,0.9058176119079561,0.8700531600708801,0.8788782816229117,0.8744434550311665,0.0,0.0,0.0,0.0,0.0,0.0,0,0,0,,1.0,0,0.0,0,0,,,0,0,0,0,,0
ORIGINAL,POSITIVE_PAIR_EVIDENCE,0,103,trrosettarna2_native_ss,121,0,1461,432,215,0.7905636556834104,0.9120849106151278,0.8428713642132949,0.7717908082408875,0.8717183770883055,0.8187167273746148,0.0,0.0,0.0,0.0,0.0,0.0,0,0,0,,1.0,0,0.0,0,0,,,0,0,0,0,,0
ORIGINAL,POSITIVE_PAIR_EVIDENCE,0,107,petfold,121,0,1463,241,213,0.8952556023530504,0.9077787598919441,0.8968492212485739,0.8585680751173709,0.8729116945107399,0.8656804733727811,0.0,0.0,0.0,0.0,0.0,0.0,0,0,0,,1.0,0,0.0,0,0,,,0,0,0,0,,0
ORIGINAL,POSITIVE_PAIR_EVIDENCE,0,107,rnafold,121,0,1473,220,203,0.9069374161618192,0.9138670306547281,0.9058176119079561,0.8700531600708801,0.8788782816229117,0.8744434550311665,0.0,0.0,0.0,0.0,0.0,0.0,0,0,0,,1.0,0,0.0,0,0,,,0,0,0,0,,0
ORIGINAL,POSITIVE_PAIR_EVIDENCE,0,107,trrosettarna2_native_ss,121,0,1461,432,215,0.7905636556834104,0.9120849106151278,0.8428713642132949,0.7717908082408875,0.8717183770883055,0.8187167273746148,0.0,0.0,0.0,0.0,0.0,0.0,0,0,0,,1.0,0,0.0,0,0,,,0,0,0,0,,0
ORIGINAL,POSITIVE_PAIR_EVIDENCE,0,109,petfold,121,0,1463,241,213,0.8952556023530504,0.9077787598919441,0.8968492212485739,0.8585680751173709,0.8729116945107399,0.8656804733727811,0.0,0.0,0.0,0.0,0.0,0.0,0,0,0,,1.0,0,0.0,0,0,,,0,0,0,0,,0
ORIGINAL,POSITIVE_PAIR_EVIDENCE,0,109,rnafold,121,0,1473,220,203,0.9069374161618192,0.9138670306547281,0.9058176119079561,0.8700531600708801,0.8788782816229117,0.8744434550311665,0.0,0.0,0.0,0.0,0.0,0.0,0,0,0,,1.0,0,0.0,0,0,,,0,0,0,0,,0
ORIGINAL,POSITIVE_PAIR_EVIDENCE,0,109,trrosettarna2_native_ss,121,0,1461,432,215,0.7905636556834104,0.9120849106151278,0.8428713642132949,0.7717908082408875,0.8717183770883055,0.8187167273746148,0.0,0.0,0.0,0.0,0.0,0.0,0,0,0,,1.0,0,0.0,0,0,,,0,0,0,0,,0
ORIGINAL,POSITIVE_PAIR_EVIDENCE,0,113,petfold,121,0,1463,241,213,0.8952556023530504,0.9077787598919441,0.8968492212485739,0.8585680751173709,0.8729116945107399,0.8656804733727811,0.0,0.0,0.0,0.0,0.0,0.0,0,0,0,,1.0,0,0.0,0,0,,,0,0,0,0,,0
ORIGINAL,POSITIVE_PAIR_EVIDENCE,0,113,rnafold,121,0,1473,220,203,0.9069374161618192,0.9138670306547281,0.9058176119079561,0.8700531600708801,0.8788782816229117,0.8744434550311665,0.0,0.0,0.0,0.0,0.0,0.0,0,0,0,,1.0,0,0.0,0,0,,,0,0,0,0,,0
ORIGINAL,POSITIVE_PAIR_EVIDENCE,0,113,trrosettarna2_native_ss,121,0,1461,432,215,0.7905636556834104,0.9120849106151278,0.8428713642132949,0.7717908082408875,0.8717183770883055,0.8187167273746148,0.0,0.0,0.0,0.0,0.0,0.0,0,0,0,,1.0,0,0.0,0,0,,,0,0,0,0,,0
ORIGINAL,POSITIVE_PAIR_EVIDENCE,1,101,petfold,121,121,1463,241,213,0.8952556023530504,0.9077787598919441,0.8968492212485739,0.8585680751173709,0.8729116945107399,0.8656804733727811,0.0,0.0,0.0,0.0,0.0,0.0,0,0,0,,1.0,0,0.0,110,110,0.9090909090909091,0.9090909090909091,0,0,9,0,0.0,0
ORIGINAL,POSITIVE_PAIR_EVIDENCE,1,101,rnafold,121,121,1473,220,203,0.9069374161618192,0.9138670306547281,0.9058176119079561,0.8700531600708801,0.8788782816229117,0.8744434550311665,0.0,0.0,0.0,0.0,0.0,0.0,0,0,0,,1.0,0,0.0,113,113,0.9338842975206612,0.9338842975206612,0,0,4,0,0.0,0
ORIGINAL,POSITIVE_PAIR_EVIDENCE,1,101,trrosettarna2_native_ss,121,121,1461,432,215,0.7905636556834104,0.9120849106151278,0.8428713642132949,0.7717908082408875,0.8717183770883055,0.8187167273746148,0.0,0.0,0.0,0.0,0.0,0.0,0,0,0,,1.0,0,0.0,111,111,0.9173553719008265,0.9173553719008265,0,0,18,0,0.0,0
ORIGINAL,POSITIVE_PAIR_EVIDENCE,1,103,petfold,121,121,1463,241,213,0.8952556023530504,0.9077787598919441,0.8968492212485739,0.8585680751173709,0.8729116945107399,0.8656804733727811,0.0,0.0,0.0,0.0,0.0,0.0,0,0,0,,1.0,0,0.0,112,112,0.9256198347107438,0.9256198347107438,0,0,7,0,0.0,0
ORIGINAL,POSITIVE_PAIR_EVIDENCE,1,103,rnafold,121,121,1473,220,203,0.9069374161618192,0.9138670306547281,0.9058176119079561,0.8700531600708801,0.8788782816229117,0.8744434550311665,0.0,0.0,0.0,0.0,0.0,0.0,0,0,0,,1.0,0,0.0,112,112,0.9256198347107438,0.9256198347107438,0,0,7,0,0.0,0
ORIGINAL,POSITIVE_PAIR_EVIDENCE,1,103,trrosettarna2_native_ss,121,121,1461,432,215,0.7905636556834104,0.9120849106151278,0.8428713642132949,0.7717908082408875,0.8717183770883055,0.8187167273746148,0.0,0.0,0.0,0.0,0.0,0.0,0,0,0,,1.0,0,0.0,110,110,0.9090909090909091,0.9090909090909091,0,0,18,0,0.0,0
ORIGINAL,POSITIVE_PAIR_EVIDENCE,1,107,petfold,121,121,1463,241,213,0.8952556023530504,0.9077787598919441,0.8968492212485739,0.8585680751173709,0.8729116945107399,0.8656804733727811,0.0,0.0,0.0,0.0,0.0,0.0,0,0,0,,1.0,0,0.0,113,113,0.9338842975206612,0.9338842975206612,0,0,4,0,0.0,0
ORIGINAL,POSITIVE_PAIR_EVIDENCE,1,107,rnafold,121,121,1473,220,203,0.9069374161618192,0.9138670306547281,0.9058176119079561,0.8700531600708801,0.8788782816229117,0.8744434550311665,0.0,0.0,0.0,0.0,0.0,0.0,0,0,0,,1.0,0,0.0,113,113,0.9338842975206612,0.9338842975206612,0,0,4,0,0.0,0
ORIGINAL,POSITIVE_PAIR_EVIDENCE,1,107,trrosettarna2_native_ss,121,121,1461,432,215,0.7905636556834104,0.9120849106151278,0.8428713642132949,0.7717908082408875,0.8717183770883055,0.8187167273746148,0.0,0.0,0.0,0.0,0.0,0.0,0,0,0,,1.0,0,0.0,113,113,0.9338842975206612,0.9338842975206612,0,0,15,0,0.0,0
ORIGINAL,POSITIVE_PAIR_EVIDENCE,1,109,petfold,121,121,1463,241,213,0.8952556023530504,0.9077787598919441,0.8968492212485739,0.8585680751173709,0.8729116945107399,0.8656804733727811,0.0,0.0,0.0,0.0,0.0,0.0,0,0,0,,1.0,0,0.0,112,112,0.9256198347107438,0.9256198347107438,0,0,8,0,0.0,0
ORIGINAL,POSITIVE_PAIR_EVIDENCE,1,109,rnafold,121,121,1473,220,203,0.9069374161618192,0.9138670306547281,0.9058176119079561,0.8700531600708801,0.8788782816229117,0.8744434550311665,0.0,0.0,0.0,0.0,0.0,0.0,0,0,0,,1.0,0,0.0,112,112,0.9256198347107438,0.9256198347107438,0,0,8,0,0.0,0
ORIGINAL,POSITIVE_PAIR_EVIDENCE,1,109,trrosettarna2_native_ss,121,121,1461,432,215,0.7905636556834104,0.9120849106151278,0.8428713642132949,0.7717908082408875,0.8717183770883055,0.8187167273746148,0.0,0.0,0.0,0.0,0.0,0.0,0,0,0,,1.0,0,0.0,113,113,0.9338842975206612,0.9338842975206612,0,0,16,0,0.0,0
ORIGINAL,POSITIVE_PAIR_EVIDENCE,1,113,petfold,121,121,1463,241,213,0.8952556023530504,0.9077787598919441,0.8968492212485739,0.8585680751173709,0.8729116945107399,0.8656804733727811,0.0,0.0,0.0,0.0,0.0,0.0,0,0,0,,1.0,0,0.0,110,110,0.9090909090909091,0.9090909090909091,0,0,7,0,0.0,0
ORIGINAL,POSITIVE_PAIR_EVIDENCE,1,113,rnafold,121,121,1473,220,203,0.9069374161618192,0.9138670306547281,0.9058176119079561,0.8700531600708801,0.8788782816229117,0.8744434550311665,0.0,0.0,0.0,0.0,0.0,0.0,0,0,0,,1.0,0,0.0,111,111,0.9173553719008265,0.9173553719008265,0,0,6,0,0.0,0
ORIGINAL,POSITIVE_PAIR_EVIDENCE,1,113,trrosettarna2_native_ss,121,121,1461,432,215,0.7905636556834104,0.9120849106151278,0.8428713642132949,0.7717908082408875,0.8717183770883055,0.8187167273746148,0.0,0.0,0.0,0.0,0.0,0.0,0,0,0,,1.0,0,0.0,109,109,0.9008264462809917,0.9008264462809917,0,0,20,0,0.0,0
ORIGINAL,POSITIVE_PAIR_EVIDENCE,5,101,petfold,121,130,1463,241,213,0.8952556023530504,0.9077787598919441,0.8968492212485739,0.8585680751173709,0.8729116945107399,0.8656804733727811,0.0,0.0,0.0,0.0,0.0,0.0,0,0,0,,1.0,0,0.0,116,116,0.8923076923076924,0.8923076923076924,0,0,10,0,0.0,0
ORIGINAL,POSITIVE_PAIR_EVIDENCE,5,101,rnafold,121,130,1473,220,203,0.9069374161618192,0.9138670306547281,0.9058176119079561,0.8700531600708801,0.8788782816229117,0.8744434550311665,0.0,0.0,0.0,0.0,0.0,0.0,0,0,0,,1.0,0,0.0,116,116,0.8923076923076924,0.8923076923076924,0,0,11,0,0.0,0
ORIGINAL,POSITIVE_PAIR_EVIDENCE,5,101,trrosettarna2_native_ss,121,130,1461,432,215,0.7905636556834104,0.9120849106151278,0.8428713642132949,0.7717908082408875,0.8717183770883055,0.8187167273746148,0.0,0.0,0.0,0.0,0.0,0.0,0,0,0,,1.0,0,0.0,114,114,0.8769230769230769,0.8769230769230769,0,0,20,0,0.0,0
ORIGINAL,POSITIVE_PAIR_EVIDENCE,5,103,petfold,121,130,1463,241,213,0.8952556023530504,0.9077787598919441,0.8968492212485739,0.8585680751173709,0.8729116945107399,0.8656804733727811,0.0,0.0,0.0,0.0,0.0,0.0,0,0,0,,1.0,0,0.0,120,120,0.9230769230769231,0.9230769230769231,0,0,8,0,0.0,0
ORIGINAL,POSITIVE_PAIR_EVIDENCE,5,103,rnafold,121,130,1473,220,203,0.9069374161618192,0.9138670306547281,0.9058176119079561,0.8700531600708801,0.8788782816229117,0.8744434550311665,0.0,0.0,0.0,0.0,0.0,0.0,0,0,0,,1.0,0,0.0,120,120,0.9230769230769231,0.9230769230769231,0,0,6,0,0.0,0
ORIGINAL,POSITIVE_PAIR_EVIDENCE,5,103,trrosettarna2_native_ss,121,130,1461,432,215,0.7905636556834104,0.9120849106151278,0.8428713642132949,0.7717908082408875,0.8717183770883055,0.8187167273746148,0.0,0.0,0.0,0.0,0.0,0.0,0,0,0,,1.0,0,0.0,117,117,0.9,0.9,0,0,15,0,0.0,0
ORIGINAL,POSITIVE_PAIR_EVIDENCE,5,107,petfold,121,130,1463,241,213,0.8952556023530504,0.9077787598919441,0.8968492212485739,0.8585680751173709,0.8729116945107399,0.8656804733727811,0.0,0.0,0.0,0.0,0.0,0.0,0,0,0,,1.0,0,0.0,119,119,0.9153846153846154,0.9153846153846154,0,0,10,0,0.0,0
ORIGINAL,POSITIVE_PAIR_EVIDENCE,5,107,rnafold,121,130,1473,220,203,0.9069374161618192,0.9138670306547281,0.9058176119079561,0.8700531600708801,0.8788782816229117,0.8744434550311665,0.0,0.0,0.0,0.0,0.0,0.0,0,0,0,,1.0,0,0.0,119,119,0.9153846153846154,0.9153846153846154,0,0,9,0,0.0,0
ORIGINAL,POSITIVE_PAIR_EVIDENCE,5,107,trrosettarna2_native_ss,121,130,1461,432,215,0.7905636556834104,0.9120849106151278,0.8428713642132949,0.7717908082408875,0.8717183770883055,0.8187167273746148,0.0,0.0,0.0,0.0,0.0,0.0,0,0,0,,1.0,0,0.0,119,119,0.9153846153846154,0.9153846153846154,0,0,16,0,0.0,0
ORIGINAL,POSITIVE_PAIR_EVIDENCE,5,109,petfold,121,130,1463,241,213,0.8952556023530504,0.9077787598919441,0.8968492212485739,0.8585680751173709,0.8729116945107399,0.8656804733727811,0.0,0.0,0.0,0.0,0.0,0.0,0,0,0,,1.0,0,0.0,117,117,0.9,0.9,0,0,8,0,0.0,0
ORIGINAL,POSITIVE_PAIR_EVIDENCE,5,109,rnafold,121,130,1473,220,203,0.9069374161618192,0.9138670306547281,0.9058176119079561,0.8700531600708801,0.8788782816229117,0.8744434550311665,0.0,0.0,0.0,0.0,0.0,0.0,0,0,0,,1.0,0,0.0,118,118,0.9076923076923077,0.9076923076923077,0,0,8,0,0.0,0
ORIGINAL,POSITIVE_PAIR_EVIDENCE,5,109,trrosettarna2_native_ss,121,130,1461,432,215,0.7905636556834104,0.9120849106151278,0.8428713642132949,0.7717908082408875,0.8717183770883055,0.8187167273746148,0.0,0.0,0.0,0.0,0.0,0.0,0,0,0,,1.0,0,0.0,120,120,0.9230769230769231,0.9230769230769231,0,0,14,0,0.0,0
ORIGINAL,POSITIVE_PAIR_EVIDENCE,5,113,petfold,121,130,1463,241,213,0.8952556023530504,0.9077787598919441,0.8968492212485739,0.8585680751173709,0.8729116945107399,0.8656804733727811,0.0,0.0,0.0,0.0,0.0,0.0,0,0,0,,1.0,0,0.0,111,111,0.8538461538461538,0.8538461538461538,0,0,16,0,0.0,0
ORIGINAL,POSITIVE_PAIR_EVIDENCE,5,113,rnafold,121,130,1473,220,203,0.9069374161618192,0.9138670306547281,0.9058176119079561,0.8700531600708801,0.8788782816229117,0.8744434550311665,0.0,0.0,0.0,0.0,0.0,0.0,0,0,0,,1.0,0,0.0,110,110,0.8461538461538461,0.8461538461538461,0,0,14,0,0.0,0
ORIGINAL,POSITIVE_PAIR_EVIDENCE,5,113,trrosettarna2_native_ss,121,130,1461,432,215,0.7905636556834104,0.9120849106151278,0.8428713642132949,0.7717908082408875,0.8717183770883055,0.8187167273746148,0.0,0.0,0.0,0.0,0.0,0.0,0,0,0,,1.0,0,0.0,117,117,0.9,0.9,0,0,18,0,0.0,0
ORIGINAL,POSITIVE_PAIR_EVIDENCE,10,101,petfold,121,180,1463,241,213,0.8952556023530504,0.9077787598919441,0.8968492212485739,0.8585680751173709,0.8729116945107399,0.8656804733727811,0.0,0.0,0.0,0.0,0.0,0.0,0,0,0,,1.0,0,0.0,165,165,0.9166666666666666,0.9166666666666666,0,0,15,0,0.0,0
ORIGINAL,POSITIVE_PAIR_EVIDENCE,10,101,rnafold,121,180,1473,220,203,0.9069374161618192,0.9138670306547281,0.9058176119079561,0.8700531600708801,0.8788782816229117,0.8744434550311665,0.0,0.0,0.0,0.0,0.0,0.0,0,0,0,,1.0,0,0.0,165,165,0.9166666666666666,0.9166666666666666,0,0,14,0,0.0,0
ORIGINAL,POSITIVE_PAIR_EVIDENCE,10,101,trrosettarna2_native_ss,121,180,1461,432,215,0.7905636556834104,0.9120849106151278,0.8428713642132949,0.7717908082408875,0.8717183770883055,0.8187167273746148,0.0,0.0,0.0,0.0,0.0,0.0,0,0,0,,1.0,0,0.0,161,161,0.8944444444444445,0.8944444444444445,0,0,29,0,0.0,0
ORIGINAL,POSITIVE_PAIR_EVIDENCE,10,103,petfold,121,180,1463,241,213,0.8952556023530504,0.9077787598919441,0.8968492212485739,0.8585680751173709,0.8729116945107399,0.8656804733727811,0.0,0.0,0.0,0.0,0.0,0.0,0,0,0,,1.0,0,0.0,160,160,0.8888888888888888,0.8888888888888888,0,0,14,0,0.0,0
ORIGINAL,POSITIVE_PAIR_EVIDENCE,10,103,rnafold,121,180,1473,220,203,0.9069374161618192,0.9138670306547281,0.9058176119079561,0.8700531600708801,0.8788782816229117,0.8744434550311665,0.0,0.0,0.0,0.0,0.0,0.0,0,0,0,,1.0,0,0.0,162,162,0.9,0.9,0,0,13,0,0.0,0
ORIGINAL,POSITIVE_PAIR_EVIDENCE,10,103,trrosettarna2_native_ss,121,180,1461,432,215,0.7905636556834104,0.9120849106151278,0.8428713642132949,0.7717908082408875,0.8717183770883055,0.8187167273746148,0.0,0.0,0.0,0.0,0.0,0.0,0,0,0,,1.0,0,0.0,157,157,0.8722222222222222,0.8722222222222222,0,0,29,0,0.0,0
ORIGINAL,POSITIVE_PAIR_EVIDENCE,10,107,petfold,121,180,1463,241,213,0.8952556023530504,0.9077787598919441,0.8968492212485739,0.8585680751173709,0.8729116945107399,0.8656804733727811,0.0,0.0,0.0,0.0,0.0,0.0,0,0,0,,1.0,0,0.0,158,158,0.8777777777777778,0.8777777777777778,0,0,17,0,0.0,0
ORIGINAL,POSITIVE_PAIR_EVIDENCE,10,107,rnafold,121,180,1473,220,203,0.9069374161618192,0.9138670306547281,0.9058176119079561,0.8700531600708801,0.8788782816229117,0.8744434550311665,0.0,0.0,0.0,0.0,0.0,0.0,0,0,0,,1.0,0,0.0,159,159,0.8833333333333333,0.8833333333333333,0,0,15,0,0.0,0
ORIGINAL,POSITIVE_PAIR_EVIDENCE,10,107,trrosettarna2_native_ss,121,180,1461,432,215,0.7905636556834104,0.9120849106151278,0.8428713642132949,0.7717908082408875,0.8717183770883055,0.8187167273746148,0.0,0.0,0.0,0.0,0.0,0.0,0,0,0,,1.0,0,0.0,157,157,0.8722222222222222,0.8722222222222222,0,0,29,0,0.0,0
ORIGINAL,POSITIVE_PAIR_EVIDENCE,10,109,petfold,121,180,1463,241,213,0.8952556023530504,0.9077787598919441,0.8968492212485739,0.8585680751173709,0.8729116945107399,0.8656804733727811,0.0,0.0,0.0,0.0,0.0,0.0,0,0,0,,1.0,0,0.0,153,153,0.85,0.85,0,0,20,0,0.0,0
ORIGINAL,POSITIVE_PAIR_EVIDENCE,10,109,rnafold,121,180,1473,220,203,0.9069374161618192,0.9138670306547281,0.9058176119079561,0.8700531600708801,0.8788782816229117,0.8744434550311665,0.0,0.0,0.0,0.0,0.0,0.0,0,0,0,,1.0,0,0.0,154,154,0.8555555555555555,0.8555555555555555,0,0,19,0,0.0,0
ORIGINAL,POSITIVE_PAIR_EVIDENCE,10,109,trrosettarna2_native_ss,121,180,1461,432,215,0.7905636556834104,0.9120849106151278,0.8428713642132949,0.7717908082408875,0.8717183770883055,0.8187167273746148,0.0,0.0,0.0,0.0,0.0,0.0,0,0,0,,1.0,0,0.0,156,156,0.8666666666666667,0.8666666666666667,0,0,31,0,0.0,0
ORIGINAL,POSITIVE_PAIR_EVIDENCE,10,113,petfold,121,180,1463,241,213,0.8952556023530504,0.9077787598919441,0.8968492212485739,0.8585680751173709,0.8729116945107399,0.8656804733727811,0.0,0.0,0.0,0.0,0.0,0.0,0,0,0,,1.0,0,0.0,161,161,0.8944444444444445,0.8944444444444445,0,0,16,0,0.0,0
ORIGINAL,POSITIVE_PAIR_EVIDENCE,10,113,rnafold,121,180,1473,220,203,0.9069374161618192,0.9138670306547281,0.9058176119079561,0.8700531600708801,0.8788782816229117,0.8744434550311665,0.0,0.0,0.0,0.0,0.0,0.0,0,0,0,,1.0,0,0.0,161,161,0.8944444444444445,0.8944444444444445,0,0,15,0,0.0,0
ORIGINAL,POSITIVE_PAIR_EVIDENCE,10,113,trrosettarna2_native_ss,121,180,1461,432,215,0.7905636556834104,0.9120849106151278,0.8428713642132949,0.7717908082408875,0.8717183770883055,0.8187167273746148,0.0,0.0,0.0,0.0,0.0,0.0,0,0,0,,1.0,0,0.0,161,161,0.8944444444444445,0.8944444444444445,0,0,30,0,0.0,0
ORIGINAL,POSITIVE_PAIR_EVIDENCE,20,101,petfold,121,338,1463,241,213,0.8952556023530504,0.9077787598919441,0.8968492212485739,0.8585680751173709,0.8729116945107399,0.8656804733727811,0.0,0.0,0.0,0.0,0.0,0.0,0,0,0,,1.0,0,0.0,295,295,0.8727810650887574,0.8727810650887574,0,0,38,0,0.0,0
ORIGINAL,POSITIVE_PAIR_EVIDENCE,20,101,rnafold,121,338,1473,220,203,0.9069374161618192,0.9138670306547281,0.9058176119079561,0.8700531600708801,0.8788782816229117,0.8744434550311665,0.0,0.0,0.0,0.0,0.0,0.0,0,0,0,,1.0,0,0.0,298,298,0.8816568047337278,0.8816568047337278,0,0,34,0,0.0,0
ORIGINAL,POSITIVE_PAIR_EVIDENCE,20,101,trrosettarna2_native_ss,121,338,1461,432,215,0.7905636556834104,0.9120849106151278,0.8428713642132949,0.7717908082408875,0.8717183770883055,0.8187167273746148,0.0,0.0,0.0,0.0,0.0,0.0,0,0,0,,1.0,0,0.0,299,299,0.8846153846153846,0.8846153846153846,0,0,45,0,0.0,0
ORIGINAL,POSITIVE_PAIR_EVIDENCE,20,103,petfold,121,338,1463,241,213,0.8952556023530504,0.9077787598919441,0.8968492212485739,0.8585680751173709,0.8729116945107399,0.8656804733727811,0.0,0.0,0.0,0.0,0.0,0.0,0,0,0,,1.0,0,0.0,295,295,0.8727810650887574,0.8727810650887574,0,0,31,0,0.0,0
ORIGINAL,POSITIVE_PAIR_EVIDENCE,20,103,rnafold,121,338,1473,220,203,0.9069374161618192,0.9138670306547281,0.9058176119079561,0.8700531600708801,0.8788782816229117,0.8744434550311665,0.0,0.0,0.0,0.0,0.0,0.0,0,0,0,,1.0,0,0.0,296,296,0.8757396449704142,0.8757396449704142,0,0,33,0,0.0,0
ORIGINAL,POSITIVE_PAIR_EVIDENCE,20,103,trrosettarna2_native_ss,121,338,1461,432,215,0.7905636556834104,0.9120849106151278,0.8428713642132949,0.7717908082408875,0.8717183770883055,0.8187167273746148,0.0,0.0,0.0,0.0,0.0,0.0,0,0,0,,1.0,0,0.0,294,294,0.8698224852071006,0.8698224852071006,0,0,60,0,0.0,0
ORIGINAL,POSITIVE_PAIR_EVIDENCE,20,107,petfold,121,338,1463,241,213,0.8952556023530504,0.9077787598919441,0.8968492212485739,0.8585680751173709,0.8729116945107399,0.8656804733727811,0.0,0.0,0.0,0.0,0.0,0.0,0,0,0,,1.0,0,0.0,290,290,0.8579881656804734,0.8579881656804734,0,0,50,0,0.0,0
ORIGINAL,POSITIVE_PAIR_EVIDENCE,20,107,rnafold,121,338,1473,220,203,0.9069374161618192,0.9138670306547281,0.9058176119079561,0.8700531600708801,0.8788782816229117,0.8744434550311665,0.0,0.0,0.0,0.0,0.0,0.0,0,0,0,,1.0,0,0.0,293,293,0.8668639053254438,0.8668639053254438,0,0,49,0,0.0,0
ORIGINAL,POSITIVE_PAIR_EVIDENCE,20,107,trrosettarna2_native_ss,121,338,1461,432,215,0.7905636556834104,0.9120849106151278,0.8428713642132949,0.7717908082408875,0.8717183770883055,0.8187167273746148,0.0,0.0,0.0,0.0,0.0,0.0,0,0,0,,1.0,0,0.0,293,293,0.8668639053254438,0.8668639053254438,0,0,55,0,0.0,0
ORIGINAL,POSITIVE_PAIR_EVIDENCE,20,109,petfold,121,338,1463,241,213,0.8952556023530504,0.9077787598919441,0.8968492212485739,0.8585680751173709,0.8729116945107399,0.8656804733727811,0.0,0.0,0.0,0.0,0.0,0.0,0,0,0,,1.0,0,0.0,296,296,0.8757396449704142,0.8757396449704142,0,0,39,0,0.0,0
ORIGINAL,POSITIVE_PAIR_EVIDENCE,20,109,rnafold,121,338,1473,220,203,0.9069374161618192,0.9138670306547281,0.9058176119079561,0.8700531600708801,0.8788782816229117,0.8744434550311665,0.0,0.0,0.0,0.0,0.0,0.0,0,0,0,,1.0,0,0.0,296,296,0.8757396449704142,0.8757396449704142,0,0,39,0,0.0,0
ORIGINAL,POSITIVE_PAIR_EVIDENCE,20,109,trrosettarna2_native_ss,121,338,1461,432,215,0.7905636556834104,0.9120849106151278,0.8428713642132949,0.7717908082408875,0.8717183770883055,0.8187167273746148,0.0,0.0,0.0,0.0,0.0,0.0,0,0,0,,1.0,0,0.0,299,299,0.8846153846153846,0.8846153846153846,0,0,57,0,0.0,0
ORIGINAL,POSITIVE_PAIR_EVIDENCE,20,113,petfold,121,338,1463,241,213,0.8952556023530504,0.9077787598919441,0.8968492212485739,0.8585680751173709,0.8729116945107399,0.8656804733727811,0.0,0.0,0.0,0.0,0.0,0.0,0,0,0,,1.0,0,0.0,292,292,0.863905325443787,0.863905325443787,0,0,38,0,0.0,0
ORIGINAL,POSITIVE_PAIR_EVIDENCE,20,113,rnafold,121,338,1473,220,203,0.9069374161618192,0.9138670306547281,0.9058176119079561,0.8700531600708801,0.8788782816229117,0.8744434550311665,0.0,0.0,0.0,0.0,0.0,0.0,0,0,0,,1.0,0,0.0,294,294,0.8698224852071006,0.8698224852071006,0,0,34,0,0.0,0
ORIGINAL,POSITIVE_PAIR_EVIDENCE,20,113,trrosettarna2_native_ss,121,338,1461,432,215,0.7905636556834104,0.9120849106151278,0.8428713642132949,0.7717908082408875,0.8717183770883055,0.8187167273746148,0.0,0.0,0.0,0.0,0.0,0.0,0,0,0,,1.0,0,0.0,294,294,0.8698224852071006,0.8698224852071006,0,0,57,0,0.0,0
ORIGINAL,POSITIVE_PAIR_EVIDENCE,50,101,petfold,121,875,1463,241,213,0.8952556023530504,0.9077787598919441,0.8968492212485739,0.8585680751173709,0.8729116945107399,0.8656804733727811,0.0,0.0,0.0,0.0,0.0,0.0,0,0,0,,1.0,0,0.0,759,759,0.8674285714285714,0.8674285714285714,0,0,95,0,0.0,0
ORIGINAL,POSITIVE_PAIR_EVIDENCE,50,101,rnafold,121,875,1473,220,203,0.9069374161618192,0.9138670306547281,0.9058176119079561,0.8700531600708801,0.8788782816229117,0.8744434550311665,0.0,0.0,0.0,0.0,0.0,0.0,0,0,0,,1.0,0,0.0,762,762,0.8708571428571429,0.8708571428571429,0,0,94,0,0.0,0
ORIGINAL,POSITIVE_PAIR_EVIDENCE,50,101,trrosettarna2_native_ss,121,875,1461,432,215,0.7905636556834104,0.9120849106151278,0.8428713642132949,0.7717908082408875,0.8717183770883055,0.8187167273746148,0.0,0.0,0.0,0.0,0.0,0.0,0,0,0,,1.0,0,0.0,766,766,0.8754285714285714,0.8754285714285714,0,0,121,0,0.0,0
ORIGINAL,POSITIVE_PAIR_EVIDENCE,50,103,petfold,121,875,1463,241,213,0.8952556023530504,0.9077787598919441,0.8968492212485739,0.8585680751173709,0.8729116945107399,0.8656804733727811,0.0,0.0,0.0,0.0,0.0,0.0,0,0,0,,1.0,0,0.0,760,760,0.8685714285714285,0.8685714285714285,0,0,93,0,0.0,0
ORIGINAL,POSITIVE_PAIR_EVIDENCE,50,103,rnafold,121,875,1473,220,203,0.9069374161618192,0.9138670306547281,0.9058176119079561,0.8700531600708801,0.8788782816229117,0.8744434550311665,0.0,0.0,0.0,0.0,0.0,0.0,0,0,0,,1.0,0,0.0,762,762,0.8708571428571429,0.8708571428571429,0,0,93,0,0.0,0
ORIGINAL,POSITIVE_PAIR_EVIDENCE,50,103,trrosettarna2_native_ss,121,875,1461,432,215,0.7905636556834104,0.9120849106151278,0.8428713642132949,0.7717908082408875,0.8717183770883055,0.8187167273746148,0.0,0.0,0.0,0.0,0.0,0.0,0,0,0,,1.0,0,0.0,755,755,0.8628571428571429,0.8628571428571429,0,0,126,0,0.0,0
ORIGINAL,POSITIVE_PAIR_EVIDENCE,50,107,petfold,121,875,1463,241,213,0.8952556023530504,0.9077787598919441,0.8968492212485739,0.8585680751173709,0.8729116945107399,0.8656804733727811,0.0,0.0,0.0,0.0,0.0,0.0,0,0,0,,1.0,0,0.0,764,764,0.8731428571428571,0.8731428571428571,0,0,74,0,0.0,0
ORIGINAL,POSITIVE_PAIR_EVIDENCE,50,107,rnafold,121,875,1473,220,203,0.9069374161618192,0.9138670306547281,0.9058176119079561,0.8700531600708801,0.8788782816229117,0.8744434550311665,0.0,0.0,0.0,0.0,0.0,0.0,0,0,0,,1.0,0,0.0,770,770,0.88,0.88,0,0,72,0,0.0,0
ORIGINAL,POSITIVE_PAIR_EVIDENCE,50,107,trrosettarna2_native_ss,121,875,1461,432,215,0.7905636556834104,0.9120849106151278,0.8428713642132949,0.7717908082408875,0.8717183770883055,0.8187167273746148,0.0,0.0,0.0,0.0,0.0,0.0,0,0,0,,1.0,0,0.0,759,759,0.8674285714285714,0.8674285714285714,0,0,127,0,0.0,0
ORIGINAL,POSITIVE_PAIR_EVIDENCE,50,109,petfold,121,875,1463,241,213,0.8952556023530504,0.9077787598919441,0.8968492212485739,0.8585680751173709,0.8729116945107399,0.8656804733727811,0.0,0.0,0.0,0.0,0.0,0.0,0,0,0,,1.0,0,0.0,768,768,0.8777142857142857,0.8777142857142857,0,0,82,0,0.0,0
ORIGINAL,POSITIVE_PAIR_EVIDENCE,50,109,rnafold,121,875,1473,220,203,0.9069374161618192,0.9138670306547281,0.9058176119079561,0.8700531600708801,0.8788782816229117,0.8744434550311665,0.0,0.0,0.0,0.0,0.0,0.0,0,0,0,,1.0,0,0.0,775,775,0.8857142857142857,0.8857142857142857,0,0,79,0,0.0,0
ORIGINAL,POSITIVE_PAIR_EVIDENCE,50,109,trrosettarna2_native_ss,121,875,1461,432,215,0.7905636556834104,0.9120849106151278,0.8428713642132949,0.7717908082408875,0.8717183770883055,0.8187167273746148,0.0,0.0,0.0,0.0,0.0,0.0,0,0,0,,1.0,0,0.0,766,766,0.8754285714285714,0.8754285714285714,0,0,122,0,0.0,0
ORIGINAL,POSITIVE_PAIR_EVIDENCE,50,113,petfold,121,875,1463,241,213,0.8952556023530504,0.9077787598919441,0.8968492212485739,0.8585680751173709,0.8729116945107399,0.8656804733727811,0.0,0.0,0.0,0.0,0.0,0.0,0,0,0,,1.0,0,0.0,761,761,0.8697142857142857,0.8697142857142857,0,0,87,0,0.0,0
ORIGINAL,POSITIVE_PAIR_EVIDENCE,50,113,rnafold,121,875,1473,220,203,0.9069374161618192,0.9138670306547281,0.9058176119079561,0.8700531600708801,0.8788782816229117,0.8744434550311665,0.0,0.0,0.0,0.0,0.0,0.0,0,0,0,,1.0,0,0.0,767,767,0.8765714285714286,0.8765714285714286,0,0,82,0,0.0,0
ORIGINAL,POSITIVE_PAIR_EVIDENCE,50,113,trrosettarna2_native_ss,121,875,1461,432,215,0.7905636556834104,0.9120849106151278,0.8428713642132949,0.7717908082408875,0.8717183770883055,0.8187167273746148,0.0,0.0,0.0,0.0,0.0,0.0,0,0,0,,1.0,0,0.0,767,767,0.8765714285714286,0.8765714285714286,0,0,120,0,0.0,0
ORIGINAL,UNPAIRED_NUCLEOTIDE_EVIDENCE,0,101,petfold,121,0,1463,241,213,0.8952556023530504,0.9077787598919441,0.8968492212485739,0.8585680751173709,0.8729116945107399,0.8656804733727811,0.0,0.0,0.0,0.0,0.0,0.0,0,0,0,,1.0,0,0.0,0,0,,,0,0,0,0,,0
ORIGINAL,UNPAIRED_NUCLEOTIDE_EVIDENCE,0,101,rnafold,121,0,1473,220,203,0.9069374161618192,0.9138670306547281,0.9058176119079561,0.8700531600708801,0.8788782816229117,0.8744434550311665,0.0,0.0,0.0,0.0,0.0,0.0,0,0,0,,1.0,0,0.0,0,0,,,0,0,0,0,,0
ORIGINAL,UNPAIRED_NUCLEOTIDE_EVIDENCE,0,101,trrosettarna2_native_ss,121,0,1461,432,215,0.7905636556834104,0.9120849106151278,0.8428713642132949,0.7717908082408875,0.8717183770883055,0.8187167273746148,0.0,0.0,0.0,0.0,0.0,0.0,0,0,0,,1.0,0,0.0,0,0,,,0,0,0,0,,0
ORIGINAL,UNPAIRED_NUCLEOTIDE_EVIDENCE,0,103,petfold,121,0,1463,241,213,0.8952556023530504,0.9077787598919441,0.8968492212485739,0.8585680751173709,0.8729116945107399,0.8656804733727811,0.0,0.0,0.0,0.0,0.0,0.0,0,0,0,,1.0,0,0.0,0,0,,,0,0,0,0,,0
ORIGINAL,UNPAIRED_NUCLEOTIDE_EVIDENCE,0,103,rnafold,121,0,1473,220,203,0.9069374161618192,0.9138670306547281,0.9058176119079561,0.8700531600708801,0.8788782816229117,0.8744434550311665,0.0,0.0,0.0,0.0,0.0,0.0,0,0,0,,1.0,0,0.0,0,0,,,0,0,0,0,,0
ORIGINAL,UNPAIRED_NUCLEOTIDE_EVIDENCE,0,103,trrosettarna2_native_ss,121,0,1461,432,215,0.7905636556834104,0.9120849106151278,0.8428713642132949,0.7717908082408875,0.8717183770883055,0.8187167273746148,0.0,0.0,0.0,0.0,0.0,0.0,0,0,0,,1.0,0,0.0,0,0,,,0,0,0,0,,0
ORIGINAL,UNPAIRED_NUCLEOTIDE_EVIDENCE,0,107,petfold,121,0,1463,241,213,0.8952556023530504,0.9077787598919441,0.8968492212485739,0.8585680751173709,0.8729116945107399,0.8656804733727811,0.0,0.0,0.0,0.0,0.0,0.0,0,0,0,,1.0,0,0.0,0,0,,,0,0,0,0,,0
ORIGINAL,UNPAIRED_NUCLEOTIDE_EVIDENCE,0,107,rnafold,121,0,1473,220,203,0.9069374161618192,0.9138670306547281,0.9058176119079561,0.8700531600708801,0.8788782816229117,0.8744434550311665,0.0,0.0,0.0,0.0,0.0,0.0,0,0,0,,1.0,0,0.0,0,0,,,0,0,0,0,,0
ORIGINAL,UNPAIRED_NUCLEOTIDE_EVIDENCE,0,107,trrosettarna2_native_ss,121,0,1461,432,215,0.7905636556834104,0.9120849106151278,0.8428713642132949,0.7717908082408875,0.8717183770883055,0.8187167273746148,0.0,0.0,0.0,0.0,0.0,0.0,0,0,0,,1.0,0,0.0,0,0,,,0,0,0,0,,0
ORIGINAL,UNPAIRED_NUCLEOTIDE_EVIDENCE,0,109,petfold,121,0,1463,241,213,0.8952556023530504,0.9077787598919441,0.8968492212485739,0.8585680751173709,0.8729116945107399,0.8656804733727811,0.0,0.0,0.0,0.0,0.0,0.0,0,0,0,,1.0,0,0.0,0,0,,,0,0,0,0,,0
ORIGINAL,UNPAIRED_NUCLEOTIDE_EVIDENCE,0,109,rnafold,121,0,1473,220,203,0.9069374161618192,0.9138670306547281,0.9058176119079561,0.8700531600708801,0.8788782816229117,0.8744434550311665,0.0,0.0,0.0,0.0,0.0,0.0,0,0,0,,1.0,0,0.0,0,0,,,0,0,0,0,,0
ORIGINAL,UNPAIRED_NUCLEOTIDE_EVIDENCE,0,109,trrosettarna2_native_ss,121,0,1461,432,215,0.7905636556834104,0.9120849106151278,0.8428713642132949,0.7717908082408875,0.8717183770883055,0.8187167273746148,0.0,0.0,0.0,0.0,0.0,0.0,0,0,0,,1.0,0,0.0,0,0,,,0,0,0,0,,0
ORIGINAL,UNPAIRED_NUCLEOTIDE_EVIDENCE,0,113,petfold,121,0,1463,241,213,0.8952556023530504,0.9077787598919441,0.8968492212485739,0.8585680751173709,0.8729116945107399,0.8656804733727811,0.0,0.0,0.0,0.0,0.0,0.0,0,0,0,,1.0,0,0.0,0,0,,,0,0,0,0,,0
ORIGINAL,UNPAIRED_NUCLEOTIDE_EVIDENCE,0,113,rnafold,121,0,1473,220,203,0.9069374161618192,0.9138670306547281,0.9058176119079561,0.8700531600708801,0.8788782816229117,0.8744434550311665,0.0,0.0,0.0,0.0,0.0,0.0,0,0,0,,1.0,0,0.0,0,0,,,0,0,0,0,,0
ORIGINAL,UNPAIRED_NUCLEOTIDE_EVIDENCE,0,113,trrosettarna2_native_ss,121,0,1461,432,215,0.7905636556834104,0.9120849106151278,0.8428713642132949,0.7717908082408875,0.8717183770883055,0.8187167273746148,0.0,0.0,0.0,0.0,0.0,0.0,0,0,0,,1.0,0,0.0,0,0,,,0,0,0,0,,0
ORIGINAL,UNPAIRED_NUCLEOTIDE_EVIDENCE,1,101,petfold,121,121,1463,241,213,0.8952556023530504,0.9077787598919441,0.8968492212485739,0.8585680751173709,0.8729116945107399,0.8656804733727811,0.0,0.0,0.0,0.0,0.0,0.0,0,0,0,,1.0,0,0.0,104,104,0.859504132231405,0.859504132231405,0,0,17,0,0.0,0
ORIGINAL,UNPAIRED_NUCLEOTIDE_EVIDENCE,1,101,rnafold,121,121,1473,220,203,0.9069374161618192,0.9138670306547281,0.9058176119079561,0.8700531600708801,0.8788782816229117,0.8744434550311665,0.0,0.0,0.0,0.0,0.0,0.0,0,0,0,,1.0,0,0.0,105,105,0.8677685950413223,0.8677685950413223,0,0,16,0,0.0,0
ORIGINAL,UNPAIRED_NUCLEOTIDE_EVIDENCE,1,101,trrosettarna2_native_ss,121,121,1461,432,215,0.7905636556834104,0.9120849106151278,0.8428713642132949,0.7717908082408875,0.8717183770883055,0.8187167273746148,0.0,0.0,0.0,0.0,0.0,0.0,0,0,0,,1.0,0,0.0,86,86,0.7107438016528925,0.7107438016528925,0,0,35,0,0.0,0
ORIGINAL,UNPAIRED_NUCLEOTIDE_EVIDENCE,1,103,petfold,121,121,1463,241,213,0.8952556023530504,0.9077787598919441,0.8968492212485739,0.8585680751173709,0.8729116945107399,0.8656804733727811,0.0,0.0,0.0,0.0,0.0,0.0,0,0,0,,1.0,0,0.0,105,105,0.8677685950413223,0.8677685950413223,0,0,16,0,0.0,0
ORIGINAL,UNPAIRED_NUCLEOTIDE_EVIDENCE,1,103,rnafold,121,121,1473,220,203,0.9069374161618192,0.9138670306547281,0.9058176119079561,0.8700531600708801,0.8788782816229117,0.8744434550311665,0.0,0.0,0.0,0.0,0.0,0.0,0,0,0,,1.0,0,0.0,107,107,0.8842975206611571,0.8842975206611571,0,0,14,0,0.0,0
ORIGINAL,UNPAIRED_NUCLEOTIDE_EVIDENCE,1,103,trrosettarna2_native_ss,121,121,1461,432,215,0.7905636556834104,0.9120849106151278,0.8428713642132949,0.7717908082408875,0.8717183770883055,0.8187167273746148,0.0,0.0,0.0,0.0,0.0,0.0,0,0,0,,1.0,0,0.0,87,87,0.71900826446281,0.71900826446281,0,0,34,0,0.0,0
ORIGINAL,UNPAIRED_NUCLEOTIDE_EVIDENCE,1,107,petfold,121,121,1463,241,213,0.8952556023530504,0.9077787598919441,0.8968492212485739,0.8585680751173709,0.8729116945107399,0.8656804733727811,0.0,0.0,0.0,0.0,0.0,0.0,0,0,0,,1.0,0,0.0,106,106,0.8760330578512396,0.8760330578512396,0,0,15,0,0.0,0
ORIGINAL,UNPAIRED_NUCLEOTIDE_EVIDENCE,1,107,rnafold,121,121,1473,220,203,0.9069374161618192,0.9138670306547281,0.9058176119079561,0.8700531600708801,0.8788782816229117,0.8744434550311665,0.0,0.0,0.0,0.0,0.0,0.0,0,0,0,,1.0,0,0.0,112,112,0.9256198347107438,0.9256198347107438,0,0,9,0,0.0,0
ORIGINAL,UNPAIRED_NUCLEOTIDE_EVIDENCE,1,107,trrosettarna2_native_ss,121,121,1461,432,215,0.7905636556834104,0.9120849106151278,0.8428713642132949,0.7717908082408875,0.8717183770883055,0.8187167273746148,0.0,0.0,0.0,0.0,0.0,0.0,0,0,0,,1.0,0,0.0,78,78,0.6446280991735537,0.6446280991735537,0,0,43,0,0.0,0
ORIGINAL,UNPAIRED_NUCLEOTIDE_EVIDENCE,1,109,petfold,121,121,1463,241,213,0.8952556023530504,0.9077787598919441,0.8968492212485739,0.8585680751173709,0.8729116945107399,0.8656804733727811,0.0,0.0,0.0,0.0,0.0,0.0,0,0,0,,1.0,0,0.0,100,100,0.8264462809917356,0.8264462809917356,0,0,21,0,0.0,0
ORIGINAL,UNPAIRED_NUCLEOTIDE_EVIDENCE,1,109,rnafold,121,121,1473,220,203,0.9069374161618192,0.9138670306547281,0.9058176119079561,0.8700531600708801,0.8788782816229117,0.8744434550311665,0.0,0.0,0.0,0.0,0.0,0.0,0,0,0,,1.0,0,0.0,102,102,0.8429752066115702,0.8429752066115702,0,0,19,0,0.0,0
ORIGINAL,UNPAIRED_NUCLEOTIDE_EVIDENCE,1,109,trrosettarna2_native_ss,121,121,1461,432,215,0.7905636556834104,0.9120849106151278,0.8428713642132949,0.7717908082408875,0.8717183770883055,0.8187167273746148,0.0,0.0,0.0,0.0,0.0,0.0,0,0,0,,1.0,0,0.0,76,76,0.628099173553719,0.628099173553719,0,0,45,0,0.0,0
ORIGINAL,UNPAIRED_NUCLEOTIDE_EVIDENCE,1,113,petfold,121,121,1463,241,213,0.8952556023530504,0.9077787598919441,0.8968492212485739,0.8585680751173709,0.8729116945107399,0.8656804733727811,0.0,0.0,0.0,0.0,0.0,0.0,0,0,0,,1.0,0,0.0,103,103,0.8512396694214877,0.8512396694214877,0,0,18,0,0.0,0
ORIGINAL,UNPAIRED_NUCLEOTIDE_EVIDENCE,1,113,rnafold,121,121,1473,220,203,0.9069374161618192,0.9138670306547281,0.9058176119079561,0.8700531600708801,0.8788782816229117,0.8744434550311665,0.0,0.0,0.0,0.0,0.0,0.0,0,0,0,,1.0,0,0.0,106,106,0.8760330578512396,0.8760330578512396,0,0,15,0,0.0,0
ORIGINAL,UNPAIRED_NUCLEOTIDE_EVIDENCE,1,113,trrosettarna2_native_ss,121,121,1461,432,215,0.7905636556834104,0.9120849106151278,0.8428713642132949,0.7717908082408875,0.8717183770883055,0.8187167273746148,0.0,0.0,0.0,0.0,0.0,0.0,0,0,0,,1.0,0,0.0,77,77,0.6363636363636364,0.6363636363636364,0,0,44,0,0.0,0
ORIGINAL,UNPAIRED_NUCLEOTIDE_EVIDENCE,5,101,petfold,121,134,1463,241,213,0.8952556023530504,0.9077787598919441,0.8968492212485739,0.8585680751173709,0.8729116945107399,0.8656804733727811,0.0,0.0,0.0,0.0,0.0,0.0,0,0,0,,1.0,0,0.0,112,112,0.835820895522388,0.835820895522388,0,0,21,0,0.0,0
ORIGINAL,UNPAIRED_NUCLEOTIDE_EVIDENCE,5,101,rnafold,121,134,1473,220,203,0.9069374161618192,0.9138670306547281,0.9058176119079561,0.8700531600708801,0.8788782816229117,0.8744434550311665,0.0,0.0,0.0,0.0,0.0,0.0,0,0,0,,1.0,0,0.0,116,116,0.8656716417910447,0.8656716417910447,0,0,18,0,0.0,0
ORIGINAL,UNPAIRED_NUCLEOTIDE_EVIDENCE,5,101,trrosettarna2_native_ss,121,134,1461,432,215,0.7905636556834104,0.9120849106151278,0.8428713642132949,0.7717908082408875,0.8717183770883055,0.8187167273746148,0.0,0.0,0.0,0.0,0.0,0.0,0,0,0,,1.0,0,0.0,90,90,0.6716417910447762,0.6716417910447762,0,0,43,0,0.0,0
ORIGINAL,UNPAIRED_NUCLEOTIDE_EVIDENCE,5,103,petfold,121,134,1463,241,213,0.8952556023530504,0.9077787598919441,0.8968492212485739,0.8585680751173709,0.8729116945107399,0.8656804733727811,0.0,0.0,0.0,0.0,0.0,0.0,0,0,0,,1.0,0,0.0,113,113,0.8432835820895522,0.8432835820895522,0,0,21,0,0.0,0
ORIGINAL,UNPAIRED_NUCLEOTIDE_EVIDENCE,5,103,rnafold,121,134,1473,220,203,0.9069374161618192,0.9138670306547281,0.9058176119079561,0.8700531600708801,0.8788782816229117,0.8744434550311665,0.0,0.0,0.0,0.0,0.0,0.0,0,0,0,,1.0,0,0.0,118,118,0.8805970149253731,0.8805970149253731,0,0,16,0,0.0,0
ORIGINAL,UNPAIRED_NUCLEOTIDE_EVIDENCE,5,103,trrosettarna2_native_ss,121,134,1461,432,215,0.7905636556834104,0.9120849106151278,0.8428713642132949,0.7717908082408875,0.8717183770883055,0.8187167273746148,0.0,0.0,0.0,0.0,0.0,0.0,0,0,0,,1.0,0,0.0,96,96,0.7164179104477612,0.7164179104477612,0,0,38,0,0.0,0
ORIGINAL,UNPAIRED_NUCLEOTIDE_EVIDENCE,5,107,petfold,121,134,1463,241,213,0.8952556023530504,0.9077787598919441,0.8968492212485739,0.8585680751173709,0.8729116945107399,0.8656804733727811,0.0,0.0,0.0,0.0,0.0,0.0,0,0,0,,1.0,0,0.0,111,111,0.8283582089552238,0.8283582089552238,0,0,22,0,0.0,0
ORIGINAL,UNPAIRED_NUCLEOTIDE_EVIDENCE,5,107,rnafold,121,134,1473,220,203,0.9069374161618192,0.9138670306547281,0.9058176119079561,0.8700531600708801,0.8788782816229117,0.8744434550311665,0.0,0.0,0.0,0.0,0.0,0.0,0,0,0,,1.0,0,0.0,114,114,0.8507462686567164,0.8507462686567164,0,0,19,0,0.0,0
ORIGINAL,UNPAIRED_NUCLEOTIDE_EVIDENCE,5,107,trrosettarna2_native_ss,121,134,1461,432,215,0.7905636556834104,0.9120849106151278,0.8428713642132949,0.7717908082408875,0.8717183770883055,0.8187167273746148,0.0,0.0,0.0,0.0,0.0,0.0,0,0,0,,1.0,0,0.0,84,84,0.6268656716417911,0.6268656716417911,0,0,50,0,0.0,0
ORIGINAL,UNPAIRED_NUCLEOTIDE_EVIDENCE,5,109,petfold,121,134,1463,241,213,0.8952556023530504,0.9077787598919441,0.8968492212485739,0.8585680751173709,0.8729116945107399,0.8656804733727811,0.0,0.0,0.0,0.0,0.0,0.0,0,0,0,,1.0,0,0.0,116,116,0.8656716417910447,0.8656716417910447,0,0,18,0,0.0,0
ORIGINAL,UNPAIRED_NUCLEOTIDE_EVIDENCE,5,109,rnafold,121,134,1473,220,203,0.9069374161618192,0.9138670306547281,0.9058176119079561,0.8700531600708801,0.8788782816229117,0.8744434550311665,0.0,0.0,0.0,0.0,0.0,0.0,0,0,0,,1.0,0,0.0,121,121,0.9029850746268657,0.9029850746268657,0,0,13,0,0.0,0
ORIGINAL,UNPAIRED_NUCLEOTIDE_EVIDENCE,5,109,trrosettarna2_native_ss,121,134,1461,432,215,0.7905636556834104,0.9120849106151278,0.8428713642132949,0.7717908082408875,0.8717183770883055,0.8187167273746148,0.0,0.0,0.0,0.0,0.0,0.0,0,0,0,,1.0,0,0.0,91,91,0.6791044776119403,0.6791044776119403,0,0,43,0,0.0,0
ORIGINAL,UNPAIRED_NUCLEOTIDE_EVIDENCE,5,113,petfold,121,134,1463,241,213,0.8952556023530504,0.9077787598919441,0.8968492212485739,0.8585680751173709,0.8729116945107399,0.8656804733727811,0.0,0.0,0.0,0.0,0.0,0.0,0,0,0,,1.0,0,0.0,110,110,0.8208955223880597,0.8208955223880597,0,0,24,0,0.0,0
ORIGINAL,UNPAIRED_NUCLEOTIDE_EVIDENCE,5,113,rnafold,121,134,1473,220,203,0.9069374161618192,0.9138670306547281,0.9058176119079561,0.8700531600708801,0.8788782816229117,0.8744434550311665,0.0,0.0,0.0,0.0,0.0,0.0,0,0,0,,1.0,0,0.0,117,117,0.8731343283582089,0.8731343283582089,0,0,17,0,0.0,0
ORIGINAL,UNPAIRED_NUCLEOTIDE_EVIDENCE,5,113,trrosettarna2_native_ss,121,134,1461,432,215,0.7905636556834104,0.9120849106151278,0.8428713642132949,0.7717908082408875,0.8717183770883055,0.8187167273746148,0.0,0.0,0.0,0.0,0.0,0.0,0,0,0,,1.0,0,0.0,93,93,0.6940298507462687,0.6940298507462687,0,0,41,0,0.0,0
ORIGINAL,UNPAIRED_NUCLEOTIDE_EVIDENCE,10,101,petfold,121,185,1463,241,213,0.8952556023530504,0.9077787598919441,0.8968492212485739,0.8585680751173709,0.8729116945107399,0.8656804733727811,0.0,0.0,0.0,0.0,0.0,0.0,0,0,0,,1.0,0,0.0,157,157,0.8486486486486486,0.8486486486486486,0,0,28,0,0.0,0
ORIGINAL,UNPAIRED_NUCLEOTIDE_EVIDENCE,10,101,rnafold,121,185,1473,220,203,0.9069374161618192,0.9138670306547281,0.9058176119079561,0.8700531600708801,0.8788782816229117,0.8744434550311665,0.0,0.0,0.0,0.0,0.0,0.0,0,0,0,,1.0,0,0.0,161,161,0.8702702702702703,0.8702702702702703,0,0,24,0,0.0,0
ORIGINAL,UNPAIRED_NUCLEOTIDE_EVIDENCE,10,101,trrosettarna2_native_ss,121,185,1461,432,215,0.7905636556834104,0.9120849106151278,0.8428713642132949,0.7717908082408875,0.8717183770883055,0.8187167273746148,0.0,0.0,0.0,0.0,0.0,0.0,0,0,0,,1.0,0,0.0,117,117,0.6324324324324324,0.6324324324324324,0,0,67,0,0.0,0
ORIGINAL,UNPAIRED_NUCLEOTIDE_EVIDENCE,10,103,petfold,121,185,1463,241,213,0.8952556023530504,0.9077787598919441,0.8968492212485739,0.8585680751173709,0.8729116945107399,0.8656804733727811,0.0,0.0,0.0,0.0,0.0,0.0,0,0,0,,1.0,0,0.0,157,157,0.8486486486486486,0.8486486486486486,0,0,27,0,0.0,0
ORIGINAL,UNPAIRED_NUCLEOTIDE_EVIDENCE,10,103,rnafold,121,185,1473,220,203,0.9069374161618192,0.9138670306547281,0.9058176119079561,0.8700531600708801,0.8788782816229117,0.8744434550311665,0.0,0.0,0.0,0.0,0.0,0.0,0,0,0,,1.0,0,0.0,159,159,0.8594594594594595,0.8594594594594595,0,0,25,0,0.0,0
ORIGINAL,UNPAIRED_NUCLEOTIDE_EVIDENCE,10,103,trrosettarna2_native_ss,121,185,1461,432,215,0.7905636556834104,0.9120849106151278,0.8428713642132949,0.7717908082408875,0.8717183770883055,0.8187167273746148,0.0,0.0,0.0,0.0,0.0,0.0,0,0,0,,1.0,0,0.0,129,129,0.6972972972972973,0.6972972972972973,0,0,54,0,0.0,0
ORIGINAL,UNPAIRED_NUCLEOTIDE_EVIDENCE,10,107,petfold,121,185,1463,241,213,0.8952556023530504,0.9077787598919441,0.8968492212485739,0.8585680751173709,0.8729116945107399,0.8656804733727811,0.0,0.0,0.0,0.0,0.0,0.0,0,0,0,,1.0,0,0.0,152,152,0.8216216216216217,0.8216216216216217,0,0,33,0,0.0,0
ORIGINAL,UNPAIRED_NUCLEOTIDE_EVIDENCE,10,107,rnafold,121,185,1473,220,203,0.9069374161618192,0.9138670306547281,0.9058176119079561,0.8700531600708801,0.8788782816229117,0.8744434550311665,0.0,0.0,0.0,0.0,0.0,0.0,0,0,0,,1.0,0,0.0,155,155,0.8378378378378378,0.8378378378378378,0,0,30,0,0.0,0
ORIGINAL,UNPAIRED_NUCLEOTIDE_EVIDENCE,10,107,trrosettarna2_native_ss,121,185,1461,432,215,0.7905636556834104,0.9120849106151278,0.8428713642132949,0.7717908082408875,0.8717183770883055,0.8187167273746148,0.0,0.0,0.0,0.0,0.0,0.0,0,0,0,,1.0,0,0.0,122,122,0.6594594594594595,0.6594594594594595,0,0,63,0,0.0,0
ORIGINAL,UNPAIRED_NUCLEOTIDE_EVIDENCE,10,109,petfold,121,185,1463,241,213,0.8952556023530504,0.9077787598919441,0.8968492212485739,0.8585680751173709,0.8729116945107399,0.8656804733727811,0.0,0.0,0.0,0.0,0.0,0.0,0,0,0,,1.0,0,0.0,160,160,0.8648648648648649,0.8648648648648649,0,0,25,0,0.0,0
ORIGINAL,UNPAIRED_NUCLEOTIDE_EVIDENCE,10,109,rnafold,121,185,1473,220,203,0.9069374161618192,0.9138670306547281,0.9058176119079561,0.8700531600708801,0.8788782816229117,0.8744434550311665,0.0,0.0,0.0,0.0,0.0,0.0,0,0,0,,1.0,0,0.0,160,160,0.8648648648648649,0.8648648648648649,0,0,25,0,0.0,0
ORIGINAL,UNPAIRED_NUCLEOTIDE_EVIDENCE,10,109,trrosettarna2_native_ss,121,185,1461,432,215,0.7905636556834104,0.9120849106151278,0.8428713642132949,0.7717908082408875,0.8717183770883055,0.8187167273746148,0.0,0.0,0.0,0.0,0.0,0.0,0,0,0,,1.0,0,0.0,130,130,0.7027027027027027,0.7027027027027027,0,0,55,0,0.0,0
ORIGINAL,UNPAIRED_NUCLEOTIDE_EVIDENCE,10,113,petfold,121,185,1463,241,213,0.8952556023530504,0.9077787598919441,0.8968492212485739,0.8585680751173709,0.8729116945107399,0.8656804733727811,0.0,0.0,0.0,0.0,0.0,0.0,0,0,0,,1.0,0,0.0,156,156,0.8432432432432433,0.8432432432432433,0,0,29,0,0.0,0
ORIGINAL,UNPAIRED_NUCLEOTIDE_EVIDENCE,10,113,rnafold,121,185,1473,220,203,0.9069374161618192,0.9138670306547281,0.9058176119079561,0.8700531600708801,0.8788782816229117,0.8744434550311665,0.0,0.0,0.0,0.0,0.0,0.0,0,0,0,,1.0,0,0.0,157,157,0.8486486486486486,0.8486486486486486,0,0,28,0,0.0,0
ORIGINAL,UNPAIRED_NUCLEOTIDE_EVIDENCE,10,113,trrosettarna2_native_ss,121,185,1461,432,215,0.7905636556834104,0.9120849106151278,0.8428713642132949,0.7717908082408875,0.8717183770883055,0.8187167273746148,0.0,0.0,0.0,0.0,0.0,0.0,0,0,0,,1.0,0,0.0,131,131,0.7081081081081081,0.7081081081081081,0,0,54,0,0.0,0
ORIGINAL,UNPAIRED_NUCLEOTIDE_EVIDENCE,20,101,petfold,121,333,1463,241,213,0.8952556023530504,0.9077787598919441,0.8968492212485739,0.8585680751173709,0.8729116945107399,0.8656804733727811,0.0,0.0,0.0,0.0,0.0,0.0,0,0,0,,1.0,0,0.0,267,267,0.8018018018018018,0.8018018018018018,0,0,59,0,0.0,0
ORIGINAL,UNPAIRED_NUCLEOTIDE_EVIDENCE,20,101,rnafold,121,333,1473,220,203,0.9069374161618192,0.9138670306547281,0.9058176119079561,0.8700531600708801,0.8788782816229117,0.8744434550311665,0.0,0.0,0.0,0.0,0.0,0.0,0,0,0,,1.0,0,0.0,281,281,0.8438438438438438,0.8438438438438438,0,0,47,0,0.0,0
ORIGINAL,UNPAIRED_NUCLEOTIDE_EVIDENCE,20,101,trrosettarna2_native_ss,121,333,1461,432,215,0.7905636556834104,0.9120849106151278,0.8428713642132949,0.7717908082408875,0.8717183770883055,0.8187167273746148,0.0,0.0,0.0,0.0,0.0,0.0,0,0,0,,1.0,0,0.0,217,217,0.6516516516516516,0.6516516516516516,0,0,103,0,0.0,0
ORIGINAL,UNPAIRED_NUCLEOTIDE_EVIDENCE,20,103,petfold,121,333,1463,241,213,0.8952556023530504,0.9077787598919441,0.8968492212485739,0.8585680751173709,0.8729116945107399,0.8656804733727811,0.0,0.0,0.0,0.0,0.0,0.0,0,0,0,,1.0,0,0.0,280,280,0.8408408408408409,0.8408408408408409,0,0,51,0,0.0,0
ORIGINAL,UNPAIRED_NUCLEOTIDE_EVIDENCE,20,103,rnafold,121,333,1473,220,203,0.9069374161618192,0.9138670306547281,0.9058176119079561,0.8700531600708801,0.8788782816229117,0.8744434550311665,0.0,0.0,0.0,0.0,0.0,0.0,0,0,0,,1.0,0,0.0,283,283,0.8498498498498499,0.8498498498498499,0,0,48,0,0.0,0
ORIGINAL,UNPAIRED_NUCLEOTIDE_EVIDENCE,20,103,trrosettarna2_native_ss,121,333,1461,432,215,0.7905636556834104,0.9120849106151278,0.8428713642132949,0.7717908082408875,0.8717183770883055,0.8187167273746148,0.0,0.0,0.0,0.0,0.0,0.0,0,0,0,,1.0,0,0.0,228,228,0.6846846846846847,0.6846846846846847,0,0,102,0,0.0,0
ORIGINAL,UNPAIRED_NUCLEOTIDE_EVIDENCE,20,107,petfold,121,333,1463,241,213,0.8952556023530504,0.9077787598919441,0.8968492212485739,0.8585680751173709,0.8729116945107399,0.8656804733727811,0.0,0.0,0.0,0.0,0.0,0.0,0,0,0,,1.0,0,0.0,288,288,0.8648648648648649,0.8648648648648649,0,0,44,0,0.0,0
ORIGINAL,UNPAIRED_NUCLEOTIDE_EVIDENCE,20,107,rnafold,121,333,1473,220,203,0.9069374161618192,0.9138670306547281,0.9058176119079561,0.8700531600708801,0.8788782816229117,0.8744434550311665,0.0,0.0,0.0,0.0,0.0,0.0,0,0,0,,1.0,0,0.0,290,290,0.8708708708708709,0.8708708708708709,0,0,42,0,0.0,0
ORIGINAL,UNPAIRED_NUCLEOTIDE_EVIDENCE,20,107,trrosettarna2_native_ss,121,333,1461,432,215,0.7905636556834104,0.9120849106151278,0.8428713642132949,0.7717908082408875,0.8717183770883055,0.8187167273746148,0.0,0.0,0.0,0.0,0.0,0.0,0,0,0,,1.0,0,0.0,222,222,0.6666666666666666,0.6666666666666666,0,0,103,0,0.0,0
ORIGINAL,UNPAIRED_NUCLEOTIDE_EVIDENCE,20,109,petfold,121,333,1463,241,213,0.8952556023530504,0.9077787598919441,0.8968492212485739,0.8585680751173709,0.8729116945107399,0.8656804733727811,0.0,0.0,0.0,0.0,0.0,0.0,0,0,0,,1.0,0,0.0,275,275,0.8258258258258259,0.8258258258258259,0,0,53,0,0.0,0
ORIGINAL,UNPAIRED_NUCLEOTIDE_EVIDENCE,20,109,rnafold,121,333,1473,220,203,0.9069374161618192,0.9138670306547281,0.9058176119079561,0.8700531600708801,0.8788782816229117,0.8744434550311665,0.0,0.0,0.0,0.0,0.0,0.0,0,0,0,,1.0,0,0.0,282,282,0.8468468468468469,0.8468468468468469,0,0,47,0,0.0,0
ORIGINAL,UNPAIRED_NUCLEOTIDE_EVIDENCE,20,109,trrosettarna2_native_ss,121,333,1461,432,215,0.7905636556834104,0.9120849106151278,0.8428713642132949,0.7717908082408875,0.8717183770883055,0.8187167273746148,0.0,0.0,0.0,0.0,0.0,0.0,0,0,0,,1.0,0,0.0,219,219,0.6576576576576577,0.6576576576576577,0,0,106,0,0.0,0
ORIGINAL,UNPAIRED_NUCLEOTIDE_EVIDENCE,20,113,petfold,121,333,1463,241,213,0.8952556023530504,0.9077787598919441,0.8968492212485739,0.8585680751173709,0.8729116945107399,0.8656804733727811,0.0,0.0,0.0,0.0,0.0,0.0,0,0,0,,1.0,0,0.0,276,276,0.8288288288288288,0.8288288288288288,0,0,56,0,0.0,0
ORIGINAL,UNPAIRED_NUCLEOTIDE_EVIDENCE,20,113,rnafold,121,333,1473,220,203,0.9069374161618192,0.9138670306547281,0.9058176119079561,0.8700531600708801,0.8788782816229117,0.8744434550311665,0.0,0.0,0.0,0.0,0.0,0.0,0,0,0,,1.0,0,0.0,278,278,0.8348348348348348,0.8348348348348348,0,0,54,0,0.0,0
ORIGINAL,UNPAIRED_NUCLEOTIDE_EVIDENCE,20,113,trrosettarna2_native_ss,121,333,1461,432,215,0.7905636556834104,0.9120849106151278,0.8428713642132949,0.7717908082408875,0.8717183770883055,0.8187167273746148,0.0,0.0,0.0,0.0,0.0,0.0,0,0,0,,1.0,0,0.0,225,225,0.6756756756756757,0.6756756756756757,0,0,103,0,0.0,0
ORIGINAL,UNPAIRED_NUCLEOTIDE_EVIDENCE,50,101,petfold,121,873,1463,241,213,0.8952556023530504,0.9077787598919441,0.8968492212485739,0.8585680751173709,0.8729116945107399,0.8656804733727811,0.0,0.0,0.0,0.0,0.0,0.0,0,0,0,,1.0,0,0.0,722,722,0.827033218785796,0.827033218785796,0,0,122,0,0.0,0
ORIGINAL,UNPAIRED_NUCLEOTIDE_EVIDENCE,50,101,rnafold,121,873,1473,220,203,0.9069374161618192,0.9138670306547281,0.9058176119079561,0.8700531600708801,0.8788782816229117,0.8744434550311665,0.0,0.0,0.0,0.0,0.0,0.0,0,0,0,,1.0,0,0.0,737,737,0.8442153493699885,0.8442153493699885,0,0,112,0,0.0,0
ORIGINAL,UNPAIRED_NUCLEOTIDE_EVIDENCE,50,101,trrosettarna2_native_ss,121,873,1461,432,215,0.7905636556834104,0.9120849106151278,0.8428713642132949,0.7717908082408875,0.8717183770883055,0.8187167273746148,0.0,0.0,0.0,0.0,0.0,0.0,0,0,0,,1.0,0,0.0,598,598,0.6849942726231386,0.6849942726231386,0,0,218,0,0.0,0
ORIGINAL,UNPAIRED_NUCLEOTIDE_EVIDENCE,50,103,petfold,121,873,1463,241,213,0.8952556023530504,0.9077787598919441,0.8968492212485739,0.8585680751173709,0.8729116945107399,0.8656804733727811,0.0,0.0,0.0,0.0,0.0,0.0,0,0,0,,1.0,0,0.0,738,738,0.845360824742268,0.845360824742268,0,0,119,0,0.0,0
ORIGINAL,UNPAIRED_NUCLEOTIDE_EVIDENCE,50,103,rnafold,121,873,1473,220,203,0.9069374161618192,0.9138670306547281,0.9058176119079561,0.8700531600708801,0.8788782816229117,0.8744434550311665,0.0,0.0,0.0,0.0,0.0,0.0,0,0,0,,1.0,0,0.0,755,755,0.8648339060710195,0.8648339060710195,0,0,103,0,0.0,0
ORIGINAL,UNPAIRED_NUCLEOTIDE_EVIDENCE,50,103,trrosettarna2_native_ss,121,873,1461,432,215,0.7905636556834104,0.9120849106151278,0.8428713642132949,0.7717908082408875,0.8717183770883055,0.8187167273746148,0.0,0.0,0.0,0.0,0.0,0.0,0,0,0,,1.0,0,0.0,581,581,0.6655211912943871,0.6655211912943871,0,0,226,0,0.0,0
ORIGINAL,UNPAIRED_NUCLEOTIDE_EVIDENCE,50,107,petfold,121,873,1463,241,213,0.8952556023530504,0.9077787598919441,0.8968492212485739,0.8585680751173709,0.8729116945107399,0.8656804733727811,0.0,0.0,0.0,0.0,0.0,0.0,0,0,0,,1.0,0,0.0,728,728,0.8339060710194731,0.8339060710194731,0,0,122,0,0.0,0
ORIGINAL,UNPAIRED_NUCLEOTIDE_EVIDENCE,50,107,rnafold,121,873,1473,220,203,0.9069374161618192,0.9138670306547281,0.9058176119079561,0.8700531600708801,0.8788782816229117,0.8744434550311665,0.0,0.0,0.0,0.0,0.0,0.0,0,0,0,,1.0,0,0.0,750,750,0.8591065292096219,0.8591065292096219,0,0,105,0,0.0,0
ORIGINAL,UNPAIRED_NUCLEOTIDE_EVIDENCE,50,107,trrosettarna2_native_ss,121,873,1461,432,215,0.7905636556834104,0.9120849106151278,0.8428713642132949,0.7717908082408875,0.8717183770883055,0.8187167273746148,0.0,0.0,0.0,0.0,0.0,0.0,0,0,0,,1.0,0,0.0,589,589,0.6746849942726232,0.6746849942726232,0,0,224,0,0.0,0
ORIGINAL,UNPAIRED_NUCLEOTIDE_EVIDENCE,50,109,petfold,121,873,1463,241,213,0.8952556023530504,0.9077787598919441,0.8968492212485739,0.8585680751173709,0.8729116945107399,0.8656804733727811,0.0,0.0,0.0,0.0,0.0,0.0,0,0,0,,1.0,0,0.0,739,739,0.8465063001145475,0.8465063001145475,0,0,117,0,0.0,0
ORIGINAL,UNPAIRED_NUCLEOTIDE_EVIDENCE,50,109,rnafold,121,873,1473,220,203,0.9069374161618192,0.9138670306547281,0.9058176119079561,0.8700531600708801,0.8788782816229117,0.8744434550311665,0.0,0.0,0.0,0.0,0.0,0.0,0,0,0,,1.0,0,0.0,756,756,0.865979381443299,0.865979381443299,0,0,103,0,0.0,0
ORIGINAL,UNPAIRED_NUCLEOTIDE_EVIDENCE,50,109,trrosettarna2_native_ss,121,873,1461,432,215,0.7905636556834104,0.9120849106151278,0.8428713642132949,0.7717908082408875,0.8717183770883055,0.8187167273746148,0.0,0.0,0.0,0.0,0.0,0.0,0,0,0,,1.0,0,0.0,586,586,0.6712485681557846,0.6712485681557846,0,0,228,0,0.0,0
ORIGINAL,UNPAIRED_NUCLEOTIDE_EVIDENCE,50,113,petfold,121,873,1463,241,213,0.8952556023530504,0.9077787598919441,0.8968492212485739,0.8585680751173709,0.8729116945107399,0.8656804733727811,0.0,0.0,0.0,0.0,0.0,0.0,0,0,0,,1.0,0,0.0,721,721,0.8258877434135166,0.8258877434135166,0,0,128,0,0.0,0
ORIGINAL,UNPAIRED_NUCLEOTIDE_EVIDENCE,50,113,rnafold,121,873,1473,220,203,0.9069374161618192,0.9138670306547281,0.9058176119079561,0.8700531600708801,0.8788782816229117,0.8744434550311665,0.0,0.0,0.0,0.0,0.0,0.0,0,0,0,,1.0,0,0.0,739,739,0.8465063001145475,0.8465063001145475,0,0,112,0,0.0,0
ORIGINAL,UNPAIRED_NUCLEOTIDE_EVIDENCE,50,113,trrosettarna2_native_ss,121,873,1461,432,215,0.7905636556834104,0.9120849106151278,0.8428713642132949,0.7717908082408875,0.8717183770883055,0.8187167273746148,0.0,0.0,0.0,0.0,0.0,0.0,0,0,0,,1.0,0,0.0,587,587,0.6723940435280642,0.6723940435280642,0,0,232,0,0.0,0
PAIR_HARD_ENFORCE,POSITIVE_PAIR_EVIDENCE,0,101,petfold,121,0,1463,241,213,0.8952556023530504,0.9077787598919441,0.8968492212485739,0.8585680751173709,0.8729116945107399,0.8656804733727811,0.0,0.0,0.0,0.0,0.0,0.0,0,0,0,,1.0,0,0.0,0,0,,,0,0,0,0,,0
PAIR_HARD_ENFORCE,POSITIVE_PAIR_EVIDENCE,0,101,rnafold,121,0,1473,220,203,0.9069374161618192,0.9138670306547281,0.9058176119079561,0.8700531600708801,0.8788782816229117,0.8744434550311665,0.0,0.0,0.0,0.0,0.0,0.0,0,0,0,,1.0,0,0.0,0,0,,,0,0,0,0,,0
PAIR_HARD_ENFORCE,POSITIVE_PAIR_EVIDENCE,0,101,trrosettarna2_native_ss,121,0,1461,432,215,0.7905636556834104,0.9120849106151278,0.8428713642132949,0.7717908082408875,0.8717183770883055,0.8187167273746148,0.0,0.0,0.0,0.0,0.0,0.0,0,0,0,,1.0,0,0.0,0,0,,,0,0,0,0,,0
PAIR_HARD_ENFORCE,POSITIVE_PAIR_EVIDENCE,0,103,petfold,121,0,1463,241,213,0.8952556023530504,0.9077787598919441,0.8968492212485739,0.8585680751173709,0.8729116945107399,0.8656804733727811,0.0,0.0,0.0,0.0,0.0,0.0,0,0,0,,1.0,0,0.0,0,0,,,0,0,0,0,,0
PAIR_HARD_ENFORCE,POSITIVE_PAIR_EVIDENCE,0,103,rnafold,121,0,1473,220,203,0.9069374161618192,0.9138670306547281,0.9058176119079561,0.8700531600708801,0.8788782816229117,0.8744434550311665,0.0,0.0,0.0,0.0,0.0,0.0,0,0,0,,1.0,0,0.0,0,0,,,0,0,0,0,,0
PAIR_HARD_ENFORCE,POSITIVE_PAIR_EVIDENCE,0,103,trrosettarna2_native_ss,121,0,1461,432,215,0.7905636556834104,0.9120849106151278,0.8428713642132949,0.7717908082408875,0.8717183770883055,0.8187167273746148,0.0,0.0,0.0,0.0,0.0,0.0,0,0,0,,1.0,0,0.0,0,0,,,0,0,0,0,,0
PAIR_HARD_ENFORCE,POSITIVE_PAIR_EVIDENCE,0,107,petfold,121,0,1463,241,213,0.8952556023530504,0.9077787598919441,0.8968492212485739,0.8585680751173709,0.8729116945107399,0.8656804733727811,0.0,0.0,0.0,0.0,0.0,0.0,0,0,0,,1.0,0,0.0,0,0,,,0,0,0,0,,0
PAIR_HARD_ENFORCE,POSITIVE_PAIR_EVIDENCE,0,107,rnafold,121,0,1473,220,203,0.9069374161618192,0.9138670306547281,0.9058176119079561,0.8700531600708801,0.8788782816229117,0.8744434550311665,0.0,0.0,0.0,0.0,0.0,0.0,0,0,0,,1.0,0,0.0,0,0,,,0,0,0,0,,0
PAIR_HARD_ENFORCE,POSITIVE_PAIR_EVIDENCE,0,107,trrosettarna2_native_ss,121,0,1461,432,215,0.7905636556834104,0.9120849106151278,0.8428713642132949,0.7717908082408875,0.8717183770883055,0.8187167273746148,0.0,0.0,0.0,0.0,0.0,0.0,0,0,0,,1.0,0,0.0,0,0,,,0,0,0,0,,0
PAIR_HARD_ENFORCE,POSITIVE_PAIR_EVIDENCE,0,109,petfold,121,0,1463,241,213,0.8952556023530504,0.9077787598919441,0.8968492212485739,0.8585680751173709,0.8729116945107399,0.8656804733727811,0.0,0.0,0.0,0.0,0.0,0.0,0,0,0,,1.0,0,0.0,0,0,,,0,0,0,0,,0
PAIR_HARD_ENFORCE,POSITIVE_PAIR_EVIDENCE,0,109,rnafold,121,0,1473,220,203,0.9069374161618192,0.9138670306547281,0.9058176119079561,0.8700531600708801,0.8788782816229117,0.8744434550311665,0.0,0.0,0.0,0.0,0.0,0.0,0,0,0,,1.0,0,0.0,0,0,,,0,0,0,0,,0
PAIR_HARD_ENFORCE,POSITIVE_PAIR_EVIDENCE,0,109,trrosettarna2_native_ss,121,0,1461,432,215,0.7905636556834104,0.9120849106151278,0.8428713642132949,0.7717908082408875,0.8717183770883055,0.8187167273746148,0.0,0.0,0.0,0.0,0.0,0.0,0,0,0,,1.0,0,0.0,0,0,,,0,0,0,0,,0
PAIR_HARD_ENFORCE,POSITIVE_PAIR_EVIDENCE,0,113,petfold,121,0,1463,241,213,0.8952556023530504,0.9077787598919441,0.8968492212485739,0.8585680751173709,0.8729116945107399,0.8656804733727811,0.0,0.0,0.0,0.0,0.0,0.0,0,0,0,,1.0,0,0.0,0,0,,,0,0,0,0,,0
PAIR_HARD_ENFORCE,POSITIVE_PAIR_EVIDENCE,0,113,rnafold,121,0,1473,220,203,0.9069374161618192,0.9138670306547281,0.9058176119079561,0.8700531600708801,0.8788782816229117,0.8744434550311665,0.0,0.0,0.0,0.0,0.0,0.0,0,0,0,,1.0,0,0.0,0,0,,,0,0,0,0,,0
PAIR_HARD_ENFORCE,POSITIVE_PAIR_EVIDENCE,0,113,trrosettarna2_native_ss,121,0,1461,432,215,0.7905636556834104,0.9120849106151278,0.8428713642132949,0.7717908082408875,0.8717183770883055,0.8187167273746148,0.0,0.0,0.0,0.0,0.0,0.0,0,0,0,,1.0,0,0.0,0,0,,,0,0,0,0,,0
PAIR_HARD_ENFORCE,POSITIVE_PAIR_EVIDENCE,1,101,petfold,121,121,1474,232,202,0.9001649207805182,0.9159216557931046,0.9036720175945346,0.8640093786635404,0.8794749403341289,0.8716735659373152,0.0049093184274679735,0.008142895901160364,0.0068227963459608285,0.0054413035461695625,0.0065632458233889635,0.005993092564534064,20,0,20,1.0,1.0,11,0.09090909090909091,110,121,0.9090909090909091,1.0,11,11,9,9,1.0,0
PAIR_HARD_ENFORCE,POSITIVE_PAIR_EVIDENCE,1,101,rnafold,121,121,1481,216,195,0.9094239156062789,0.9205043155461452,0.9108037102564461,0.8727165586328816,0.8836515513126492,0.8781500148235992,0.0024864994444597777,0.006637284891417123,0.004986098348490029,0.0026633985620014844,0.004773269689737458,0.0037065597924327287,12,0,12,1.0,1.0,8,0.06611570247933884,113,121,0.9338842975206612,1.0,8,8,4,4,1.0,0
PAIR_HARD_ENFORCE,POSITIVE_PAIR_EVIDENCE,1,101,trrosettarna2_native_ss,121,121,1471,414,205,0.7959976619444413,0.9170564797295555,0.8481292573568602,0.7803713527851459,0.8776849642004774,0.8261724234765515,0.005434006261031009,0.004971569114427872,0.005257893143565331,0.008580544544258384,0.005966587112171906,0.0074556961019367485,28,0,28,1.0,1.0,10,0.08264462809917356,111,121,0.9173553719008265,1.0,10,10,18,18,1.0,0
PAIR_HARD_ENFORCE,POSITIVE_PAIR_EVIDENCE,1,103,petfold,121,121,1472,234,204,0.899706465712776,0.9132400929354727,0.9017623547755784,0.8628370457209847,0.8782816229116945,0.8704908338261383,0.004450863359725758,0.0054613330435285155,0.004913133527004616,0.004268970603613864,0.005369928400954627,0.004810360453357254,16,0,16,1.0,1.0,9,0.0743801652892562,112,121,0.9256198347107438,1.0,9,9,7,7,1.0,0
PAIR_HARD_ENFORCE,POSITIVE_PAIR_EVIDENCE,1,103,rnafold,121,121,1482,213,194,0.9114044368290912,0.9193283636982564,0.9107399307228851,0.8743362831858407,0.8842482100238663,0.8792643132601602,0.004467020667272029,0.0054613330435285155,0.0049223188149289466,0.004283123114960596,0.005369928400954627,0.004820858228993696,16,0,16,1.0,1.0,9,0.0743801652892562,112,121,0.9256198347107438,1.0,9,9,7,7,1.0,0
PAIR_HARD_ENFORCE,POSITIVE_PAIR_EVIDENCE,1,103,trrosettarna2_native_ss,121,121,1472,414,204,0.7982272624252925,0.9191177830507404,0.8501841069992374,0.7804878048780488,0.8782816229116945,0.8265019651880966,0.007663606741882136,0.007032872435612618,0.0073127427859425685,0.00869699663716128,0.0065632458233890745,0.007785237813481838,29,0,29,1.0,1.0,11,0.09090909090909091,110,121,0.9090909090909091,1.0,11,11,18,18,1.0,0
PAIR_HARD_ENFORCE,POSITIVE_PAIR_EVIDENCE,1,107,petfold,121,121,1471,237,205,0.8992996643516578,0.9150580615158547,0.9028697997869889,0.8612412177985949,0.8776849642004774,0.8693853427895981,0.0040440619986074535,0.007279301623910504,0.006020578538415091,0.0026731426812239834,0.004773269689737458,0.003704869416817025,12,0,12,1.0,1.0,8,0.06611570247933884,113,121,0.9338842975206612,1.0,8,8,4,4,1.0,0
PAIR_HARD_ENFORCE,POSITIVE_PAIR_EVIDENCE,1,107,rnafold,121,121,1481,216,195,0.910952619459319,0.9211463322786385,0.9118412918562259,0.8727165586328816,0.8836515513126492,0.8781500148235992,0.0040152032974999485,0.007279301623910504,0.006023679948269672,0.0026633985620014844,0.004773269689737458,0.0037065597924327287,12,0,12,1.0,1.0,8,0.06611570247933884,113,121,0.9338842975206612,1.0,8,8,4,4,1.0,0
PAIR_HARD_ENFORCE,POSITIVE_PAIR_EVIDENCE,1,107,trrosettarna2_native_ss,121,121,1469,417,207,0.7965660190630222,0.9178087929554417,0.8487332045389484,0.778897136797455,0.8764916467780429,0.8248175182481752,0.006002363379611799,0.005723882340314037,0.005861840325653474,0.007106328556567454,0.004773269689737458,0.006100790873560413,23,0,23,1.0,1.0,8,0.06611570247933884,113,121,0.9338842975206612,1.0,8,8,15,15,1.0,0
PAIR_HARD_ENFORCE,POSITIVE_PAIR_EVIDENCE,1,109,petfold,121,121,1472,233,204,0.8998587762621724,0.9137597741067263,0.9022134200812625,0.8633431085043989,0.8782816229116945,0.8707482993197279,0.004603173909122147,0.0059810142147820634,0.005364198832688559,0.004775033387028005,0.005369928400954627,0.005067825946946769,17,0,17,1.0,1.0,9,0.0743801652892562,112,121,0.9256198347107438,1.0,9,9,8,8,1.0,0
PAIR_HARD_ENFORCE,POSITIVE_PAIR_EVIDENCE,1,109,rnafold,121,121,1482,212,194,0.9115841006607185,0.9198480448695101,0.9111991325543756,0.8748524203069658,0.8842482100238663,0.8795252225519288,0.004646684498899346,0.0059810142147820634,0.005381520646419463,0.004799260236085678,0.005369928400954627,0.0050817675207622814,17,0,17,1.0,1.0,9,0.0743801652892562,112,121,0.9256198347107438,1.0,9,9,8,8,1.0,0
PAIR_HARD_ENFORCE,POSITIVE_PAIR_EVIDENCE,1,109,trrosettarna2_native_ss,121,121,1469,416,207,0.7952193180794408,0.9162129227595165,0.8472697708615433,0.7793103448275862,0.8764916467780429,0.8250491434990171,0.004655662396030416,0.00412801214438869,0.00439840664824839,0.007519536586698683,0.004773269689737458,0.006332416124402385,24,0,24,1.0,1.0,8,0.06611570247933884,113,121,0.9338842975206612,1.0,8,8,16,16,1.0,0
PAIR_HARD_ENFORCE,POSITIVE_PAIR_EVIDENCE,1,113,petfold,121,121,1474,234,202,0.9009108273650432,0.9171408248741406,0.9049286208180869,0.8629976580796253,0.8794749403341289,0.8711583924349882,0.005655225011993031,0.009362064982196468,0.008079399569513084,0.004429582962254375,0.0065632458233889635,0.005477919062207071,18,0,18,1.0,1.0,11,0.09090909090909091,110,121,0.9090909090909091,1.0,11,11,7,7,1.0,0
PAIR_HARD_ENFORCE,POSITIVE_PAIR_EVIDENCE,1,113,rnafold,121,121,1483,214,193,0.9120788709716988,0.922742950765753,0.9133999632357214,0.8738951090159104,0.8848448687350835,0.8793359027571894,0.005141454809879588,0.008875920111024858,0.007582351327765229,0.0038419489450303157,0.005966587112171795,0.00489244772602293,16,0,16,1.0,1.0,10,0.08264462809917356,111,121,0.9173553719008265,1.0,10,10,6,6,1.0,0
PAIR_HARD_ENFORCE,POSITIVE_PAIR_EVIDENCE,1,113,trrosettarna2_native_ss,121,121,1473,412,203,0.7985100423083801,0.9188459637967229,0.8502493869940662,0.7814323607427056,0.8788782816229117,0.827295703454086,0.00794638662496975,0.006761053181595222,0.007378022780771212,0.009641552501818085,0.007159904534606243,0.008578976079471223,32,0,32,1.0,1.0,12,0.09917355371900827,109,121,0.9008264462809917,1.0,12,12,20,20,1.0,0
PAIR_HARD_ENFORCE,POSITIVE_PAIR_EVIDENCE,5,101,petfold,121,130,1477,231,199,0.8997897986814085,0.9160782510842941,0.904001232447714,0.8647540983606558,0.8812649164677804,0.8729314420803782,0.004534196328358237,0.008299491192349951,0.007152011199140186,0.006186023243284877,0.008353221957040469,0.007250968707597116,24,0,24,1.0,1.0,12,0.09917355371900827,116,130,0.8923076923076924,1.0,14,14,10,10,1.0,0
PAIR_HARD_ENFORCE,POSITIVE_PAIR_EVIDENCE,5,101,rnafold,121,130,1487,209,189,0.9110572665016686,0.922166521847078,0.9127644298147589,0.8767688679245284,0.8872315035799523,0.8819691577698695,0.004119850339849569,0.008299491192349951,0.006946817906802744,0.006715707853648278,0.00835322195704058,0.007525702738703011,25,0,25,1.0,1.0,12,0.09917355371900827,116,130,0.8923076923076924,1.0,14,14,11,11,1.0,0
PAIR_HARD_ENFORCE,POSITIVE_PAIR_EVIDENCE,5,101,trrosettarna2_native_ss,121,130,1477,412,199,0.796511281492436,0.9185268324295439,0.8491447281482141,0.7818951826363155,0.8812649164677804,0.8286115007012623,0.005947625809025525,0.00644192181441619,0.006273363934919203,0.010104374395427995,0.009546539379474916,0.009894773326647566,36,0,36,1.0,1.0,12,0.09917355371900827,114,130,0.8769230769230769,1.0,16,16,20,20,1.0,0
PAIR_HARD_ENFORCE,POSITIVE_PAIR_EVIDENCE,5,103,petfold,121,130,1473,233,203,0.8998146066130115,0.9145069088156333,0.9025056391211106,0.8634232121922626,0.8788782816229117,0.8710821998817267,0.0045590042599611994,0.0067281489236892325,0.005656417872536822,0.004855137074891713,0.005966587112171795,0.005401726508945659,18,0,18,1.0,1.0,9,0.0743801652892562,120,130,0.9230769230769231,1.0,10,10,8,8,1.0,0
PAIR_HARD_ENFORCE,POSITIVE_PAIR_EVIDENCE,5,103,rnafold,121,130,1483,214,193,0.9112332891601971,0.9205951795784172,0.911348291977418,0.8738951090159104,0.8848448687350835,0.8793359027571894,0.0042958729983779255,0.0067281489236892325,0.005530680069461812,0.0038419489450303157,0.005966587112171795,0.00489244772602293,16,0,16,1.0,1.0,9,0.0743801652892562,120,130,0.9230769230769231,1.0,10,10,6,6,1.0,0
PAIR_HARD_ENFORCE,POSITIVE_PAIR_EVIDENCE,5,103,trrosettarna2_native_ss,121,130,1474,417,202,0.7951051193990998,0.917519977625748,0.8480707758872635,0.7794817556848228,0.8794749403341289,0.8264648163723016,0.004541463715689273,0.005435067010620228,0.005199411673968598,0.007690947443935281,0.007756563245823411,0.007748088997686864,28,0,28,1.0,1.0,11,0.09090909090909091,117,130,0.9,1.0,13,13,15,15,1.0,0
PAIR_HARD_ENFORCE,POSITIVE_PAIR_EVIDENCE,5,107,petfold,121,130,1474,231,202,0.8998853926313186,0.9143780079900191,0.902737387444382,0.864516129032258,0.8794749403341289,0.8719313812481514,0.004629790278268341,0.006599248098074973,0.005888166195808287,0.005948053914887175,0.0065632458233889635,0.006250907875370304,21,0,21,1.0,1.0,10,0.08264462809917356,119,130,0.9153846153846154,1.0,11,11,10,10,1.0,0
PAIR_HARD_ENFORCE,POSITIVE_PAIR_EVIDENCE,5,107,rnafold,121,130,1484,211,192,0.9114990161399685,0.920466278752803,0.9116734225505293,0.8755162241887906,0.8854415274463007,0.8804509047760308,0.0045615999781493735,0.006599248098074973,0.00585581064257318,0.005463064117910532,0.0065632458233889635,0.006007449744864335,20,0,20,1.0,1.0,10,0.08264462809917356,119,130,0.9153846153846154,1.0,11,11,9,9,1.0,0
PAIR_HARD_ENFORCE,POSITIVE_PAIR_EVIDENCE,5,107,trrosettarna2_native_ss,121,130,1472,416,204,0.7965512610937188,0.9177915753245878,0.8487983999967461,0.7796610169491526,0.8782816229116945,0.8260381593714927,0.005987605410308376,0.005706664709460044,0.005927035783451138,0.007870208708265047,0.0065632458233890745,0.007321431996877958,27,0,27,1.0,1.0,10,0.08264462809917356,119,130,0.9153846153846154,1.0,11,11,16,16,1.0,0
PAIR_HARD_ENFORCE,POSITIVE_PAIR_EVIDENCE,5,109,petfold,121,130,1476,233,200,0.8994200279817772,0.9158666305998019,0.9033541344272789,0.863662960795787,0.8806682577565632,0.872082717872969,0.004164425628726878,0.008087870707857726,0.006504913178704979,0.0050948856784160945,0.0077565632458233,0.0064022445001878925,21,0,21,1.0,1.0,12,0.09917355371900827,117,130,0.9,1.0,13,13,8,8,1.0,0
PAIR_HARD_ENFORCE,POSITIVE_PAIR_EVIDENCE,5,109,rnafold,121,130,1485,212,191,0.9108245553668235,0.9212035865616842,0.9118653865251063,0.8750736593989393,0.886038186157518,0.8805217906907797,0.0038871392050043893,0.007336555906956146,0.006047774617150216,0.005020499328059258,0.007159904534606243,0.006078335659613243,20,0,20,1.0,1.0,11,0.09090909090909091,118,130,0.9076923076923077,1.0,12,12,8,8,1.0,0
PAIR_HARD_ENFORCE,POSITIVE_PAIR_EVIDENCE,5,109,trrosettarna2_native_ss,121,130,1471,418,205,0.7950712475783601,0.9164828680924791,0.8473545529297964,0.7787188988883007,0.8776849642004774,0.8252454417952314,0.004507591894949779,0.004397957477351398,0.004483188716501533,0.0069280906474131765,0.005966587112171906,0.006528714420616644,24,0,24,1.0,1.0,9,0.0743801652892562,120,130,0.9230769230769231,1.0,10,10,14,14,1.0,0
PAIR_HARD_ENFORCE,POSITIVE_PAIR_EVIDENCE,5,113,petfold,121,130,1482,225,194,0.9040909283773715,0.9202065565102839,0.9083797459928113,0.8681898066783831,0.8842482100238663,0.8761454330475908,0.008835326024321242,0.01242779661833981,0.011530524744237497,0.009621731561012203,0.011336515513126422,0.01046495967480976,35,0,35,1.0,1.0,17,0.14049586776859505,111,130,0.8538461538461538,1.0,19,19,16,16,1.0,0
PAIR_HARD_ENFORCE,POSITIVE_PAIR_EVIDENCE,5,113,rnafold,121,130,1493,206,183,0.9153420618335631,0.92602053774258,0.9170922890279282,0.8787522071806946,0.8908114558472554,0.8847407407407407,0.0084046456717439,0.012153507087851933,0.01127467711997204,0.008699047109814506,0.011933174224343701,0.010297285709574222,34,0,34,1.0,1.0,18,0.1487603305785124,110,130,0.8461538461538461,1.0,20,20,14,14,1.0,0
PAIR_HARD_ENFORCE,POSITIVE_PAIR_EVIDENCE,5,113,trrosettarna2_native_ss,121,130,1474,414,202,0.7956039567812835,0.9175241586327525,0.8482099899201823,0.7807203389830508,0.8794749403341289,0.8271604938271605,0.005040301097873063,0.005439248017624745,0.0053386257068873235,0.008929530742163294,0.007756563245823411,0.008443766452545742,31,0,31,1.0,1.0,10,0.08264462809917356,117,130,0.9,1.0,13,13,18,18,1.0,0
PAIR_HARD_ENFORCE,POSITIVE_PAIR_EVIDENCE,10,101,petfold,121,180,1478,226,198,0.9008848448380731,0.916339625122539,0.9044560753238042,0.8673708920187794,0.8818615751789977,0.8745562130177514,0.005629242485022858,0.008560865230594884,0.007606854075230487,0.008802816901408494,0.008949880668257748,0.008875739644970349,30,0,30,1.0,1.0,12,0.09917355371900827,165,180,0.9166666666666666,1.0,15,15,15,15,1.0,0
PAIR_HARD_ENFORCE,POSITIVE_PAIR_EVIDENCE,10,101,rnafold,121,180,1488,206,188,0.9123820494554808,0.9224278958853229,0.9133352121733802,0.8783943329397875,0.8878281622911695,0.8830860534124629,0.0054446332936617,0.008560865230594883,0.007517600265424092,0.008341172868907454,0.008949880668257748,0.00864259838129644,29,0,29,1.0,1.0,12,0.09917355371900827,165,180,0.9166666666666666,1.0,15,15,14,14,1.0,0
PAIR_HARD_ENFORCE,POSITIVE_PAIR_EVIDENCE,10,101,trrosettarna2_native_ss,121,180,1480,403,196,0.7988665430071341,0.9205223111041285,0.8514565243065129,0.7859798194370685,0.883054892601432,0.8316942961506041,0.008302887323723643,0.008437400489000808,0.008585160093217945,0.01418901119618099,0.011336515513126533,0.012977568775989323,48,0,48,1.0,1.0,14,0.11570247933884298,161,180,0.8944444444444445,1.0,19,19,29,29,1.0,0
PAIR_HARD_ENFORCE,POSITIVE_PAIR_EVIDENCE,10,103,petfold,121,180,1483,227,193,0.901485190470628,0.9169960242091393,0.9049717957917917,0.867251461988304,0.8848448687350835,0.8759598346131128,0.00622958811757775,0.009217264317195191,0.008122574543217903,0.008683386870933174,0.01193317422434359,0.010279361240331686,34,0,34,1.0,1.0,14,0.11570247933884298,160,180,0.8888888888888888,1.0,20,20,14,14,1.0,0
PAIR_HARD_ENFORCE,POSITIVE_PAIR_EVIDENCE,10,103,rnafold,121,180,1491,207,185,0.9125327023634424,0.92184683529985,0.9129916202118298,0.8780918727915195,0.889618138424821,0.8838174273858921,0.005595286201623308,0.007979804645122006,0.007174008303873553,0.008038712720639385,0.010739856801909253,0.00937397235472559,31,0,31,1.0,1.0,12,0.09917355371900827,162,180,0.9,1.0,18,18,13,13,1.0,0
PAIR_HARD_ENFORCE,POSITIVE_PAIR_EVIDENCE,10,103,trrosettarna2_native_ss,121,180,1484,403,192,0.7998988082331469,0.9211826126719319,0.8521743690491171,0.7864334923158453,0.8854415274463007,0.8330058939096268,0.009335152549736514,0.0090977020568042,0.009303004835822254,0.014642684074957724,0.013723150357995206,0.014289166535011999,52,0,52,1.0,1.0,14,0.11570247933884298,157,180,0.8722222222222222,1.0,23,23,29,29,1.0,0
PAIR_HARD_ENFORCE,POSITIVE_PAIR_EVIDENCE,10,107,petfold,121,180,1485,224,191,0.9011898230548342,0.9189156892785767,0.9061549397404004,0.868929198361615,0.886038186157518,0.8774002954209749,0.00593422070178394,0.011136929386632539,0.009305718491826626,0.010361123244244097,0.013126491646778038,0.011719822048193773,39,0,39,1.0,1.0,18,0.1487603305785124,158,180,0.8777777777777778,1.0,22,22,17,17,1.0,0
PAIR_HARD_ENFORCE,POSITIVE_PAIR_EVIDENCE,10,107,rnafold,121,180,1494,205,182,0.9113511069187515,0.924252645240459,0.914101812882923,0.8793407886992348,0.8914081145584726,0.8853333333333333,0.004413690756932366,0.01038561458573096,0.008284200974966844,0.00928762862835475,0.01252983293556087,0.010889878302166811,36,0,36,1.0,1.0,17,0.14049586776859505,159,180,0.8833333333333333,1.0,21,21,15,15,1.0,0
PAIR_HARD_ENFORCE,POSITIVE_PAIR_EVIDENCE,10,107,trrosettarna2_native_ss,121,180,1484,403,192,0.7984528117930899,0.9200785370967488,0.850975254318675,0.7864334923158453,0.8854415274463007,0.8330058939096268,0.007889156109679453,0.007993626481621045,0.008103890105380086,0.014642684074957724,0.013723150357995206,0.014289166535011999,52,0,52,1.0,1.0,14,0.11570247933884298,157,180,0.8722222222222222,1.0,23,23,29,29,1.0,0
PAIR_HARD_ENFORCE,POSITIVE_PAIR_EVIDENCE,10,109,petfold,121,180,1490,221,186,0.9035914460037378,0.9208719575174755,0.9080663939456516,0.8708357685563998,0.8890214797136038,0.8798346619427222,0.008335843650687427,0.013093197625531431,0.011217172697077721,0.012267693439028893,0.01610978520286388,0.014154188569941106,47,0,47,1.0,1.0,17,0.14049586776859505,153,180,0.85,1.0,27,27,20,20,1.0,0
PAIR_HARD_ENFORCE,POSITIVE_PAIR_EVIDENCE,10,109,rnafold,121,180,1499,201,177,0.9149783017727727,0.9263699095081225,0.9166097729519795,0.8817647058823529,0.8943914081145584,0.8880331753554502,0.008040885610953612,0.012502878853394477,0.010792161044023297,0.011711545811472823,0.015513126491646712,0.013589720324283738,45,0,45,1.0,1.0,16,0.1322314049586777,154,180,0.8555555555555555,1.0,26,26,19,19,1.0,0
PAIR_HARD_ENFORCE,POSITIVE_PAIR_EVIDENCE,10,109,trrosettarna2_native_ss,121,180,1485,401,191,0.8003299229472424,0.9215803705622441,0.8528030927804537,0.7873806998939554,0.886038186157518,0.8338012352610893,0.009766267263832042,0.009495459947116387,0.00993172856715882,0.0155898916530679,0.014319809069212486,0.01508450788647453,55,0,55,1.0,1.0,13,0.10743801652892562,156,180,0.8666666666666667,1.0,24,24,31,31,1.0,0
PAIR_HARD_ENFORCE,POSITIVE_PAIR_EVIDENCE,10,113,petfold,121,180,1482,225,194,0.9014134307888696,0.9166900572192881,0.9045497327552627,0.8681898066783831,0.8842482100238663,0.8761454330475908,0.00615782843581933,0.008911297327343906,0.0077005115066889115,0.009621731561012203,0.011336515513126422,0.01046495967480976,35,0,35,1.0,1.0,14,0.11570247933884298,161,180,0.8944444444444445,1.0,19,19,16,16,1.0,0
PAIR_HARD_ENFORCE,POSITIVE_PAIR_EVIDENCE,10,113,rnafold,121,180,1492,205,184,0.9130457532500992,0.9227783279820719,0.9134978792322411,0.8791985857395404,0.8902147971360382,0.8846723984583457,0.006108337088280104,0.008911297327343904,0.007680267324285019,0.009145425668660279,0.011336515513126533,0.010228943427179171,34,0,34,1.0,1.0,14,0.11570247933884298,161,180,0.8944444444444445,1.0,19,19,15,15,1.0,0
PAIR_HARD_ENFORCE,POSITIVE_PAIR_EVIDENCE,10,113,trrosettarna2_native_ss,121,180,1480,402,196,0.7987676164349771,0.9205493606412899,0.8512766239527504,0.7863974495217854,0.883054892601432,0.8319280494659921,0.008203960751566746,0.008464450026162161,0.008405259739455502,0.014606641280897836,0.011336515513126533,0.01321132209137732,49,0,49,1.0,1.0,12,0.09917355371900827,161,180,0.8944444444444445,1.0,19,19,30,30,1.0,0
PAIR_HARD_ENFORCE,POSITIVE_PAIR_EVIDENCE,20,101,petfold,121,338,1506,203,170,0.9071092079857656,0.9257937572197218,0.9128134219474725,0.8812170860152135,0.8985680190930787,0.889807976366322,0.011853605632715224,0.01801499732777762,0.015964200698898725,0.02264901089784266,0.025656324582338796,0.02412750299354094,81,0,81,1.0,1.0,21,0.17355371900826447,295,338,0.8727810650887574,1.0,43,43,38,38,1.0,0
PAIR_HARD_ENFORCE,POSITIVE_PAIR_EVIDENCE,20,101,rnafold,121,338,1513,186,163,0.9172544513362996,0.9297533027132845,0.9199335296898181,0.8905238375515009,0.902744630071599,0.8965925925925926,0.010317035174480462,0.015886272058556476,0.014115917781861931,0.020470677480620814,0.02386634844868729,0.022149137561426113,74,0,74,1.0,1.0,18,0.1487603305785124,298,338,0.8816568047337278,1.0,40,40,34,34,1.0,0
PAIR_HARD_ENFORCE,POSITIVE_PAIR_EVIDENCE,20,101,trrosettarna2_native_ss,121,338,1500,387,176,0.8056889069568155,0.9277029247426994,0.8585629180766968,0.794912559618442,0.8949880668257757,0.8419870895312939,0.01512525127340508,0.015618014127571639,0.015691553863402,0.023121751377554456,0.023269689737470234,0.023270362156679103,84,0,84,1.0,1.0,17,0.14049586776859505,299,338,0.8846153846153846,1.0,39,39,45,45,1.0,0
PAIR_HARD_ENFORCE,POSITIVE_PAIR_EVIDENCE,20,103,petfold,121,338,1506,210,170,0.9076894357687678,0.9261680011374951,0.9134206035299988,0.8776223776223776,0.8985680190930787,0.8879716981132075,0.012433833415717568,0.01838924124555088,0.016571382281424903,0.019054302505006726,0.025656324582338796,0.02229122474042644,74,0,74,1.0,1.0,20,0.1652892561983471,295,338,0.8727810650887574,1.0,43,43,31,31,1.0,0
PAIR_HARD_ENFORCE,POSITIVE_PAIR_EVIDENCE,20,103,rnafold,121,338,1515,187,161,0.9198299442117428,0.9318955215395285,0.9223901232015252,0.8901292596944771,0.9039379474940334,0.8969804618117229,0.012892528049923663,0.01802849088480052,0.016572511293569115,0.02007609962359702,0.02505966587112174,0.022537006780556368,75,0,75,1.0,1.0,19,0.15702479338842976,296,338,0.8757396449704142,1.0,42,42,33,33,1.0,0
PAIR_HARD_ENFORCE,POSITIVE_PAIR_EVIDENCE,20,103,trrosettarna2_native_ss,121,338,1505,372,171,0.8084431089432426,0.9288394735821881,0.8603658141518274,0.8018114011720832,0.8979713603818615,0.8471714044469463,0.017879453259832093,0.016754562967060363,0.01749444993853255,0.030020592931195633,0.026252983293556076,0.028454677072331513,104,0,104,1.0,1.0,17,0.14049586776859505,294,338,0.8698224852071006,1.0,44,44,60,60,1.0,0
PAIR_HARD_ENFORCE,POSITIVE_PAIR_EVIDENCE,20,107,petfold,121,338,1511,191,165,0.9106310283951385,0.9278120242639668,0.9154280286901699,0.8877790834312573,0.9015513126491647,0.8946121965660154,0.015375426042088308,0.020033264372022568,0.01857880744159603,0.029211008313886455,0.02863961813842475,0.028931723193234338,98,0,98,1.0,1.0,21,0.17355371900826447,290,338,0.8579881656804734,1.0,48,48,50,50,1.0,0
PAIR_HARD_ENFORCE,POSITIVE_PAIR_EVIDENCE,20,107,rnafold,121,338,1518,171,158,0.9219464126857343,0.9321635600884346,0.9233426289870942,0.8987566607460036,0.905727923627685,0.9022288261515602,0.01500899652391515,0.018296529433706597,0.017525017079137978,0.028703500675123506,0.026849642004773244,0.027785371120393698,94,0,94,1.0,1.0,18,0.1487603305785124,293,338,0.8668639053254438,1.0,45,45,49,49,1.0,0
PAIR_HARD_ENFORCE,POSITIVE_PAIR_EVIDENCE,20,107,trrosettarna2_native_ss,121,338,1506,377,170,0.8092263709046332,0.9311765248616517,0.8620459074231076,0.7997875730217737,0.8985680190930787,0.8463051418937904,0.018662715221222783,0.019091614246524054,0.019174543209812694,0.027996764780886196,0.026849642004773244,0.027588414519175597,100,0,100,1.0,1.0,19,0.15702479338842976,293,338,0.8668639053254438,1.0,45,45,55,55,1.0,0
PAIR_HARD_ENFORCE,POSITIVE_PAIR_EVIDENCE,20,109,petfold,121,338,1505,202,171,0.9080695824512861,0.9251425427156392,0.9129995548155362,0.8816637375512595,0.8979713603818615,0.8897428318060893,0.012813980098235773,0.017363782823695016,0.016150333566962376,0.02309566243388861,0.025059665871121628,0.024062358433308173,81,0,81,1.0,1.0,19,0.15702479338842976,296,338,0.8757396449704142,1.0,42,42,39,39,1.0,0
PAIR_HARD_ENFORCE,POSITIVE_PAIR_EVIDENCE,20,109,rnafold,121,338,1515,181,161,0.9196825980545404,0.9305629780998438,0.9216579408393788,0.8932783018867925,0.9039379474940334,0.8985765124555161,0.012745181892721323,0.016695947445115836,0.015840328931422634,0.023225141815912398,0.02505966587112174,0.02413305742434957,81,0,81,1.0,1.0,18,0.1487603305785124,296,338,0.8757396449704142,1.0,42,42,39,39,1.0,0
PAIR_HARD_ENFORCE,POSITIVE_PAIR_EVIDENCE,20,109,trrosettarna2_native_ss,121,338,1500,375,176,0.8079797705188699,0.9279396322016938,0.8596870130271228,0.8,0.8949880668257757,0.8448324415657561,0.01741611483545952,0.015854721586566176,0.016815648813827837,0.028209191759112517,0.023269689737470234,0.026115714191141337,96,0,96,1.0,1.0,15,0.12396694214876033,299,338,0.8846153846153846,1.0,39,39,57,57,1.0,0
PAIR_HARD_ENFORCE,POSITIVE_PAIR_EVIDENCE,20,113,petfold,121,338,1509,203,167,0.9117201909999995,0.9291721126479494,0.9165169513465391,0.8814252336448598,0.9003579952267303,0.8907910271546635,0.01646458864694919,0.021393352756005204,0.019667730097965217,0.02285715852748893,0.027446300715990413,0.025110553781882428,84,0,84,1.0,1.0,24,0.19834710743801653,292,338,0.863905325443787,1.0,46,46,38,38,1.0,0
PAIR_HARD_ENFORCE,POSITIVE_PAIR_EVIDENCE,20,113,rnafold,121,338,1517,186,159,0.920875879150747,0.9343531353492671,0.9239513176793321,0.8907809747504404,0.9051312649164678,0.8978987866232613,0.013938462988927846,0.020486104694539146,0.018133705771376078,0.020727814679560308,0.026252983293556076,0.023455331592094786,78,0,78,1.0,1.0,23,0.19008264462809918,294,338,0.8698224852071006,1.0,44,44,34,34,1.0,0
PAIR_HARD_ENFORCE,POSITIVE_PAIR_EVIDENCE,20,113,trrosettarna2_native_ss,121,338,1505,375,171,0.8087839509530133,0.9295208454654903,0.860997243505241,0.800531914893617,0.8979713603818615,0.8464566929133859,0.018220295269602768,0.017435934850362624,0.01812587929194613,0.028741106652729442,0.026252983293556076,0.027739965538771116,101,0,101,1.0,1.0,16,0.1322314049586777,294,338,0.8698224852071006,1.0,44,44,57,57,1.0,0
PAIR_HARD_ENFORCE,POSITIVE_PAIR_EVIDENCE,50,101,petfold,121,875,1579,146,97,0.9313832473276631,0.9592267155018817,0.9424767720993824,0.9153623188405797,0.9421241050119332,0.9285504263451926,0.036127644974612835,0.05144795560993741,0.04562755085080854,0.05679424372320885,0.06921241050119331,0.06286995297241149,211,0,211,1.0,1.0,33,0.2727272727272727,759,875,0.8674285714285714,1.0,116,116,95,95,1.0,0
PAIR_HARD_ENFORCE,POSITIVE_PAIR_EVIDENCE,50,101,rnafold,121,875,1586,126,90,0.9408550630951401,0.9637518284563805,0.9497819146567116,0.9264018691588785,0.9463007159904535,0.9362455726092089,0.03391764693332094,0.04988479780165251,0.04396430274875541,0.05634870908799838,0.0674224343675418,0.06180211757804244,207,0,207,1.0,1.0,31,0.256198347107438,762,875,0.8708571428571429,1.0,113,113,94,94,1.0,0
PAIR_HARD_ENFORCE,POSITIVE_PAIR_EVIDENCE,50,101,trrosettarna2_native_ss,121,875,1570,311,106,0.8424827723567477,0.9583391607437648,0.8917727665410878,0.834662413609782,0.9367541766109785,0.8827663761596851,0.051919116673337255,0.0462542501286371,0.048901402327792984,0.06287160536889447,0.06503579952267302,0.06404964878507036,230,0,230,1.0,1.0,24,0.19834710743801653,766,875,0.8754285714285714,1.0,109,109,121,121,1.0,0
PAIR_HARD_ENFORCE,POSITIVE_PAIR_EVIDENCE,50,103,petfold,121,875,1578,148,98,0.9290654202265122,0.9554937186162838,0.9393150975924646,0.9142526071842411,0.9415274463007159,0.927689594356261,0.033809817873461975,0.047714958724339715,0.042465876343890804,0.055684532066870185,0.06861575178997603,0.06200912098347988,208,0,208,1.0,1.0,33,0.2727272727272727,760,875,0.8685714285714285,1.0,115,115,93,93,1.0,0
PAIR_HARD_ENFORCE,POSITIVE_PAIR_EVIDENCE,50,103,rnafold,121,875,1586,127,90,0.940137933225655,0.9605368349601547,0.94756656960128,0.9258610624635143,0.9463007159904535,0.935969312481558,0.03320051706383586,0.04666980430542679,0.04174895769332385,0.05580790239263422,0.0674224343675418,0.06152585745039152,206,0,206,1.0,1.0,32,0.2644628099173554,762,875,0.8708571428571429,1.0,113,113,93,93,1.0,0
PAIR_HARD_ENFORCE,POSITIVE_PAIR_EVIDENCE,50,103,trrosettarna2_native_ss,121,875,1581,306,95,0.8430115652848928,0.9600775033767776,0.8931324396292329,0.8378378378378378,0.9433174224343676,0.8874543923659837,0.052447909601482386,0.04799259276164981,0.05026107541593809,0.0660470295969503,0.0715990453460621,0.06873766499136891,246,0,246,1.0,1.0,23,0.19008264462809918,755,875,0.8628571428571429,1.0,120,120,126,126,1.0,0
PAIR_HARD_ENFORCE,POSITIVE_PAIR_EVIDENCE,50,107,petfold,121,875,1574,167,102,0.9265195917972064,0.9593264247449933,0.9401476757426426,0.9040781160252729,0.9391408114558473,0.9212759730757974,0.031263989444156134,0.051547664853049124,0.04329845449406872,0.045510040907902005,0.06622911694510736,0.05559549970301636,185,0,185,1.0,1.0,36,0.2975206611570248,764,875,0.8731428571428571,1.0,111,111,74,74,1.0,0
PAIR_HARD_ENFORCE,POSITIVE_PAIR_EVIDENCE,50,107,rnafold,121,875,1578,148,98,0.9360568085179809,0.9615893133715183,0.9462141818864953,0.9142526071842411,0.9415274463007159,0.927689594356261,0.029119392356161757,0.047722282716790264,0.04039656997853911,0.04419944711336099,0.06264916467780424,0.05324613932509448,177,0,177,1.0,1.0,33,0.2727272727272727,770,875,0.88,1.0,105,105,72,72,1.0,0
PAIR_HARD_ENFORCE,POSITIVE_PAIR_EVIDENCE,50,107,trrosettarna2_native_ss,121,875,1577,305,99,0.8447491438429179,0.9612196150524708,0.8944909836048442,0.8379383634431455,0.9409307875894988,0.8864530635188308,0.054185488159507404,0.04913470443734303,0.05161961939154942,0.06614755520225801,0.06921241050119331,0.06773633614421604,243,0,243,1.0,1.0,25,0.2066115702479339,759,875,0.8674285714285714,1.0,116,116,127,127,1.0,0
PAIR_HARD_ENFORCE,POSITIVE_PAIR_EVIDENCE,50,109,petfold,121,875,1570,159,106,0.9281216032038165,0.9564586040009208,0.939272889202121,0.9080393290919607,0.9367541766109785,0.922173274596182,0.03286600085076632,0.04867984410897656,0.04242366795354723,0.049471253974589846,0.06384248210023857,0.056492801223400946,189,0,189,1.0,1.0,32,0.2644628099173554,768,875,0.8777142857142857,1.0,107,107,82,82,1.0,0
PAIR_HARD_ENFORCE,POSITIVE_PAIR_EVIDENCE,50,109,rnafold,121,875,1573,141,103,0.9381299360532104,0.9583962053295616,0.945406626077887,0.9177362893815636,0.9385441527446301,0.928023598820059,0.03119251989139122,0.04452917467483362,0.03958901416993076,0.047683129310683525,0.059665871121718395,0.05358014378889253,179,0,179,1.0,1.0,27,0.2231404958677686,775,875,0.8857142857142857,1.0,100,100,79,79,1.0,0
PAIR_HARD_ENFORCE,POSITIVE_PAIR_EVIDENCE,50,109,trrosettarna2_native_ss,121,875,1570,310,106,0.8419413600675171,0.9592313560649114,0.8921026533295835,0.8351063829787234,0.9367541766109785,0.8830146231721034,0.05137770438410668,0.04714644544978369,0.04923128911628858,0.06331557473783589,0.06503579952267302,0.06429789579748868,231,0,231,1.0,1.0,24,0.19834710743801653,766,875,0.8754285714285714,1.0,109,109,122,122,1.0,0
PAIR_HARD_ENFORCE,POSITIVE_PAIR_EVIDENCE,50,113,petfold,121,875,1577,154,99,0.929140789147583,0.9614638091027674,0.9424884076476953,0.9110340843443097,0.9409307875894988,0.9257411212210156,0.03388518679453272,0.05368504921082323,0.0456391863991214,0.05246600922693878,0.06801909307875886,0.060060647848234505,201,0,201,1.0,1.0,36,0.2975206611570248,761,875,0.8697142857142857,1.0,114,114,87,87,1.0,0
PAIR_HARD_ENFORCE,POSITIVE_PAIR_EVIDENCE,50,113,rnafold,121,875,1581,138,95,0.9379943767300232,0.9635314110681921,0.9481802724902055,0.9197207678883071,0.9433174224343676,0.9313696612665685,0.03105696056820402,0.04966438041346402,0.042362660582249426,0.04966760781742707,0.06443914081145585,0.05692620623540201,190,0,190,1.0,1.0,31,0.256198347107438,767,875,0.8765714285714286,1.0,108,108,82,82,1.0,0
PAIR_HARD_ENFORCE,POSITIVE_PAIR_EVIDENCE,50,113,trrosettarna2_native_ss,121,875,1569,312,107,0.841893677781145,0.9574201919340788,0.8910239426151391,0.8341307814992025,0.9361575178997613,0.8822041045825133,0.051330022097734476,0.045335281318951134,0.04815257840184416,0.062339973258314973,0.06443914081145585,0.06348737720789854,228,0,228,1.0,1.0,22,0.18181818181818182,767,875,0.8765714285714286,1.0,108,108,120,120,1.0,0
PAIR_PROTECT_ONLY,POSITIVE_PAIR_EVIDENCE,0,101,petfold,121,0,1463,241,213,0.8952556023530504,0.9077787598919441,0.8968492212485739,0.8585680751173709,0.8729116945107399,0.8656804733727811,0.0,0.0,0.0,0.0,0.0,0.0,0,0,0,,1.0,0,0.0,0,0,,,0,0,0,0,,0
PAIR_PROTECT_ONLY,POSITIVE_PAIR_EVIDENCE,0,101,rnafold,121,0,1473,220,203,0.9069374161618192,0.9138670306547281,0.9058176119079561,0.8700531600708801,0.8788782816229117,0.8744434550311665,0.0,0.0,0.0,0.0,0.0,0.0,0,0,0,,1.0,0,0.0,0,0,,,0,0,0,0,,0
PAIR_PROTECT_ONLY,POSITIVE_PAIR_EVIDENCE,0,101,trrosettarna2_native_ss,121,0,1461,432,215,0.7905636556834104,0.9120849106151278,0.8428713642132949,0.7717908082408875,0.8717183770883055,0.8187167273746148,0.0,0.0,0.0,0.0,0.0,0.0,0,0,0,,1.0,0,0.0,0,0,,,0,0,0,0,,0
PAIR_PROTECT_ONLY,POSITIVE_PAIR_EVIDENCE,0,103,petfold,121,0,1463,241,213,0.8952556023530504,0.9077787598919441,0.8968492212485739,0.8585680751173709,0.8729116945107399,0.8656804733727811,0.0,0.0,0.0,0.0,0.0,0.0,0,0,0,,1.0,0,0.0,0,0,,,0,0,0,0,,0
PAIR_PROTECT_ONLY,POSITIVE_PAIR_EVIDENCE,0,103,rnafold,121,0,1473,220,203,0.9069374161618192,0.9138670306547281,0.9058176119079561,0.8700531600708801,0.8788782816229117,0.8744434550311665,0.0,0.0,0.0,0.0,0.0,0.0,0,0,0,,1.0,0,0.0,0,0,,,0,0,0,0,,0
PAIR_PROTECT_ONLY,POSITIVE_PAIR_EVIDENCE,0,103,trrosettarna2_native_ss,121,0,1461,432,215,0.7905636556834104,0.9120849106151278,0.8428713642132949,0.7717908082408875,0.8717183770883055,0.8187167273746148,0.0,0.0,0.0,0.0,0.0,0.0,0,0,0,,1.0,0,0.0,0,0,,,0,0,0,0,,0
PAIR_PROTECT_ONLY,POSITIVE_PAIR_EVIDENCE,0,107,petfold,121,0,1463,241,213,0.8952556023530504,0.9077787598919441,0.8968492212485739,0.8585680751173709,0.8729116945107399,0.8656804733727811,0.0,0.0,0.0,0.0,0.0,0.0,0,0,0,,1.0,0,0.0,0,0,,,0,0,0,0,,0
PAIR_PROTECT_ONLY,POSITIVE_PAIR_EVIDENCE,0,107,rnafold,121,0,1473,220,203,0.9069374161618192,0.9138670306547281,0.9058176119079561,0.8700531600708801,0.8788782816229117,0.8744434550311665,0.0,0.0,0.0,0.0,0.0,0.0,0,0,0,,1.0,0,0.0,0,0,,,0,0,0,0,,0
PAIR_PROTECT_ONLY,POSITIVE_PAIR_EVIDENCE,0,107,trrosettarna2_native_ss,121,0,1461,432,215,0.7905636556834104,0.9120849106151278,0.8428713642132949,0.7717908082408875,0.8717183770883055,0.8187167273746148,0.0,0.0,0.0,0.0,0.0,0.0,0,0,0,,1.0,0,0.0,0,0,,,0,0,0,0,,0
PAIR_PROTECT_ONLY,POSITIVE_PAIR_EVIDENCE,0,109,petfold,121,0,1463,241,213,0.8952556023530504,0.9077787598919441,0.8968492212485739,0.8585680751173709,0.8729116945107399,0.8656804733727811,0.0,0.0,0.0,0.0,0.0,0.0,0,0,0,,1.0,0,0.0,0,0,,,0,0,0,0,,0
PAIR_PROTECT_ONLY,POSITIVE_PAIR_EVIDENCE,0,109,rnafold,121,0,1473,220,203,0.9069374161618192,0.9138670306547281,0.9058176119079561,0.8700531600708801,0.8788782816229117,0.8744434550311665,0.0,0.0,0.0,0.0,0.0,0.0,0,0,0,,1.0,0,0.0,0,0,,,0,0,0,0,,0
PAIR_PROTECT_ONLY,POSITIVE_PAIR_EVIDENCE,0,109,trrosettarna2_native_ss,121,0,1461,432,215,0.7905636556834104,0.9120849106151278,0.8428713642132949,0.7717908082408875,0.8717183770883055,0.8187167273746148,0.0,0.0,0.0,0.0,0.0,0.0,0,0,0,,1.0,0,0.0,0,0,,,0,0,0,0,,0
PAIR_PROTECT_ONLY,POSITIVE_PAIR_EVIDENCE,0,113,petfold,121,0,1463,241,213,0.8952556023530504,0.9077787598919441,0.8968492212485739,0.8585680751173709,0.8729116945107399,0.8656804733727811,0.0,0.0,0.0,0.0,0.0,0.0,0,0,0,,1.0,0,0.0,0,0,,,0,0,0,0,,0
PAIR_PROTECT_ONLY,POSITIVE_PAIR_EVIDENCE,0,113,rnafold,121,0,1473,220,203,0.9069374161618192,0.9138670306547281,0.9058176119079561,0.8700531600708801,0.8788782816229117,0.8744434550311665,0.0,0.0,0.0,0.0,0.0,0.0,0,0,0,,1.0,0,0.0,0,0,,,0,0,0,0,,0
PAIR_PROTECT_ONLY,POSITIVE_PAIR_EVIDENCE,0,113,trrosettarna2_native_ss,121,0,1461,432,215,0.7905636556834104,0.9120849106151278,0.8428713642132949,0.7717908082408875,0.8717183770883055,0.8187167273746148,0.0,0.0,0.0,0.0,0.0,0.0,0,0,0,,1.0,0,0.0,0,0,,,0,0,0,0,,0
PAIR_PROTECT_ONLY,POSITIVE_PAIR_EVIDENCE,1,101,petfold,121,121,1463,232,213,0.8979008608242507,0.9077787598919441,0.8980417976866586,0.8631268436578171,0.8729116945107399,0.8679916938593889,0.0026452584712003493,0.0,0.0011925764380847392,0.004558768540446234,0.0,0.0023112204866078123,9,0,9,1.0,1.0,7,0.05785123966942149,110,110,0.9090909090909091,0.9090909090909091,0,0,9,9,1.0,0
PAIR_PROTECT_ONLY,POSITIVE_PAIR_EVIDENCE,1,101,rnafold,121,121,1473,216,203,0.9074571647248482,0.9138670306547281,0.9060670625933779,0.872113676731794,0.8788782816229117,0.875482912332838,0.0005197485630289754,0.0,0.0002494506854217515,0.0020605166609138914,0.0,0.0010394573016715425,4,0,4,1.0,1.0,2,0.01652892561983471,113,113,0.9338842975206612,0.9338842975206612,0,0,4,4,1.0,0
PAIR_PROTECT_ONLY,POSITIVE_PAIR_EVIDENCE,1,101,trrosettarna2_native_ss,121,121,1461,414,215,0.7915409668894166,0.9120849106151278,0.8434045863150182,0.7792,0.8717183770883055,0.8228667980850465,0.000977311206006166,0.0,0.0005332221017233745,0.007409191759112477,0.0,0.004150070710431719,18,0,18,1.0,1.0,9,0.0743801652892562,111,111,0.9173553719008265,0.9173553719008265,0,0,18,18,1.0,0
PAIR_PROTECT_ONLY,POSITIVE_PAIR_EVIDENCE,1,103,petfold,121,121,1463,234,213,0.8977920816917156,0.9077787598919441,0.8978949739846132,0.8621096051856216,0.8729116945107399,0.8674770234212867,0.0025364793386654233,0.0,0.0010457527360392212,0.0035415300682507533,0.0,0.0017965500485056518,7,0,7,1.0,1.0,6,0.049586776859504134,112,112,0.9256198347107438,0.9256198347107438,0,0,7,7,1.0,0
PAIR_PROTECT_ONLY,POSITIVE_PAIR_EVIDENCE,1,103,rnafold,121,121,1473,213,203,0.9094929813200237,0.9138670306547281,0.9068690183470799,0.8736654804270463,0.8788782816229117,0.8762641284949435,0.0025555651582044544,0.0,0.0010514064391236803,0.00361232035616621,0.0,0.0018206734637770117,7,0,7,1.0,1.0,6,0.049586776859504134,112,112,0.9256198347107438,0.9256198347107438,0,0,7,7,1.0,0
PAIR_PROTECT_ONLY,POSITIVE_PAIR_EVIDENCE,1,103,trrosettarna2_native_ss,121,121,1461,414,215,0.7941611349066182,0.9120849106151278,0.8446687343865422,0.7792,0.8717183770883055,0.8228667980850465,0.0035974792232077815,0.0,0.00179737017324723,0.007409191759112477,0.0,0.004150070710431719,18,0,18,1.0,1.0,11,0.09090909090909091,110,110,0.9090909090909091,0.9090909090909091,0,0,18,18,1.0,0
PAIR_PROTECT_ONLY,POSITIVE_PAIR_EVIDENCE,1,107,petfold,121,121,1463,237,213,0.8972518782727712,0.9077787598919441,0.89759114495439,0.8605882352941177,0.8729116945107399,0.8667061611374408,0.0019962759197208954,0.0,0.0007419237058161499,0.002020160176746777,0.0,0.0010256877646597218,4,0,4,1.0,1.0,3,0.024793388429752067,113,113,0.9338842975206612,0.9338842975206612,0,0,4,4,1.0,0
PAIR_PROTECT_ONLY,POSITIVE_PAIR_EVIDENCE,1,107,rnafold,121,121,1473,216,203,0.9089370078743295,0.9138670306547281,0.9065602199640501,0.872113676731794,0.8788782816229117,0.875482912332838,0.0019995917125103725,0.0,0.0007426080560939967,0.0020605166609138914,0.0,0.0010394573016715425,4,0,4,1.0,1.0,3,0.024793388429752067,113,113,0.9338842975206612,0.9338842975206612,0,0,4,4,1.0,0
PAIR_PROTECT_ONLY,POSITIVE_PAIR_EVIDENCE,1,107,trrosettarna2_native_ss,121,121,1461,417,215,0.7922306161739003,0.9120849106151278,0.8437593220736463,0.7779552715654952,0.8717183770883055,0.8221722003376477,0.0016669604904899027,0.0,0.0008879578603514285,0.0061644633246076275,0.0,0.003455472963032946,15,0,15,1.0,1.0,8,0.06611570247933884,113,113,0.9338842975206612,0.9338842975206612,0,0,15,15,1.0,0
PAIR_PROTECT_ONLY,POSITIVE_PAIR_EVIDENCE,1,109,petfold,121,121,1463,233,213,0.897543416567684,0.9077787598919441,0.8977813273561701,0.8626179245283019,0.8729116945107399,0.8677342823250297,0.00228781421463373,0.0,0.0009321061075962667,0.004049849410931006,0.0,0.0020538089522486036,8,0,8,1.0,1.0,6,0.049586776859504134,112,112,0.9256198347107438,0.9256198347107438,0,0,8,8,1.0,0
PAIR_PROTECT_ONLY,POSITIVE_PAIR_EVIDENCE,1,109,rnafold,121,121,1473,212,203,0.9093051745965259,0.9138670306547281,0.9067779514155464,0.8741839762611276,0.8788782816229117,0.8765248437964891,0.0023677584347068254,0.0,0.0009603395075902073,0.004130816190247577,0.0,0.0020813887653226004,8,0,8,1.0,1.0,6,0.049586776859504134,112,112,0.9256198347107438,0.9256198347107438,0,0,8,8,1.0,0
PAIR_PROTECT_ONLY,POSITIVE_PAIR_EVIDENCE,1,109,trrosettarna2_native_ss,121,121,1461,416,215,0.7912657618013773,0.9120849106151278,0.8432388918185377,0.7783697389451252,0.8717183770883055,0.8224036025893611,0.0007021061179668531,0.0,0.00036752760524286725,0.006578930704237651,0.0,0.00368687521474631,16,0,16,1.0,1.0,8,0.06611570247933884,113,113,0.9338842975206612,0.9338842975206612,0,0,16,16,1.0,0
PAIR_PROTECT_ONLY,POSITIVE_PAIR_EVIDENCE,1,113,petfold,121,121,1463,234,213,0.8984430612223273,0.9077787598919441,0.8983678146430639,0.8621096051856216,0.8729116945107399,0.8674770234212867,0.0031874588692770516,0.0,0.001518593394490095,0.0035415300682507533,0.0,0.0017965500485056518,7,0,7,1.0,1.0,5,0.04132231404958678,110,110,0.9090909090909091,0.9090909090909091,0,0,7,7,1.0,0
PAIR_PROTECT_ONLY,POSITIVE_PAIR_EVIDENCE,1,113,rnafold,121,121,1473,214,203,0.9097529950539531,0.9138670306547281,0.9071654236824472,0.8731475992886781,0.8788782816229117,0.8760035682426405,0.0028155788921339167,0.0,0.001347811774491077,0.0030944392177980617,0.0,0.001560113211473979,6,0,6,1.0,1.0,4,0.03305785123966942,111,111,0.9173553719008265,0.9173553719008265,0,0,6,6,1.0,0
PAIR_PROTECT_ONLY,POSITIVE_PAIR_EVIDENCE,1,113,trrosettarna2_native_ss,121,121,1461,412,215,0.7943319793304047,0.9120849106151278,0.8448373277625517,0.7800320341697811,0.8717183770883055,0.8233305156382079,0.0037683236469942994,0.0,0.001965963549256757,0.008241225928893536,0.0,0.004613788263593155,20,0,20,1.0,1.0,10,0.08264462809917356,109,109,0.9008264462809917,0.9008264462809917,0,0,20,20,1.0,0
PAIR_PROTECT_ONLY,POSITIVE_PAIR_EVIDENCE,5,101,petfold,121,130,1463,231,213,0.8972747067651001,0.9077787598919441,0.8978020021586816,0.8636363636363636,0.8729116945107399,0.8682492581602373,0.0020191044120498425,0.0,0.0009527809101076937,0.0050682885189927696,0.0,0.0025687847874562575,10,0,10,1.0,1.0,7,0.05785123966942149,116,116,0.8923076923076924,0.8923076923076924,0,0,10,10,1.0,0
PAIR_PROTECT_ONLY,POSITIVE_PAIR_EVIDENCE,5,101,rnafold,121,130,1473,209,203,0.9085729024833834,0.9138670306547281,0.9065728772788879,0.8757431629013079,0.8788782816229117,0.8773079213817748,0.0016354863215643166,0.0,0.0007552653709317333,0.005690002830427865,0.0,0.00286446635060833,11,0,11,1.0,1.0,6,0.049586776859504134,116,116,0.8923076923076924,0.8923076923076924,0,0,11,11,1.0,0
PAIR_PROTECT_ONLY,POSITIVE_PAIR_EVIDENCE,5,101,trrosettarna2_native_ss,121,130,1461,412,215,0.7916263876936535,0.9120849106151278,0.843448267408094,0.7800320341697811,0.8717183770883055,0.8233305156382079,0.001062732010243038,0.0,0.0005769031947990477,0.008241225928893536,0.0,0.004613788263593155,20,0,20,1.0,1.0,9,0.0743801652892562,114,114,0.8769230769230769,0.8769230769230769,0,0,20,20,1.0,0
PAIR_PROTECT_ONLY,POSITIVE_PAIR_EVIDENCE,5,103,petfold,121,130,1463,233,213,0.8969343036083558,0.9077787598919441,0.8976960170785534,0.8626179245283019,0.8729116945107399,0.8677342823250297,0.0016787012553055114,0.0,0.0008467958299796138,0.004049849410931006,0.0,0.0020538089522486036,8,0,8,1.0,1.0,6,0.049586776859504134,120,120,0.9230769230769231,0.9230769230769231,0,0,8,8,1.0,0
PAIR_PROTECT_ONLY,POSITIVE_PAIR_EVIDENCE,5,103,rnafold,121,130,1473,214,203,0.9083576833574875,0.9138670306547281,0.9065514619438889,0.8731475992886781,0.8788782816229117,0.8760035682426405,0.0014202671956682657,0.0,0.0007338500359327234,0.0030944392177980617,0.0,0.001560113211473979,6,0,6,1.0,1.0,5,0.04132231404958678,120,120,0.9230769230769231,0.9230769230769231,0,0,6,6,1.0,0
PAIR_PROTECT_ONLY,POSITIVE_PAIR_EVIDENCE,5,103,trrosettarna2_native_ss,121,130,1461,417,215,0.7910180826418172,0.9120849106151278,0.8431399878676737,0.7779552715654952,0.8717183770883055,0.8221722003376477,0.0004544269584067355,0.0,0.00026862365437889174,0.0061644633246076275,0.0,0.003455472963032946,15,0,15,1.0,1.0,8,0.06611570247933884,117,117,0.9,0.9,0,0,15,15,1.0,0
PAIR_PROTECT_ONLY,POSITIVE_PAIR_EVIDENCE,5,107,petfold,121,130,1463,231,213,0.8970612624183522,0.9077787598919441,0.8977129219609978,0.8636363636363636,0.8729116945107399,0.8682492581602373,0.0018056600653019131,0.0,0.0008637007124239379,0.0050682885189927696,0.0,0.0025687847874562575,10,0,10,1.0,1.0,5,0.04132231404958678,119,119,0.9153846153846154,0.9153846153846154,0,0,10,10,1.0,0
PAIR_PROTECT_ONLY,POSITIVE_PAIR_EVIDENCE,5,107,rnafold,121,130,1473,211,203,0.9086745420133755,0.9138670306547281,0.9066540122499454,0.8747030878859857,0.8788782816229117,0.8767857142857143,0.0017371258515563126,0.0,0.0008364003419892562,0.004649927815105648,0.0,0.002342259254547785,9,0,9,1.0,1.0,5,0.04132231404958678,119,119,0.9153846153846154,0.9153846153846154,0,0,9,9,1.0,0
PAIR_PROTECT_ONLY,POSITIVE_PAIR_EVIDENCE,5,107,trrosettarna2_native_ss,121,130,1461,416,215,0.7920770561272921,0.9120849106151278,0.84363495190909,0.7783697389451252,0.8717183770883055,0.8224036025893611,0.0015134004438817274,0.0,0.0007635876957950707,0.006578930704237651,0.0,0.00368687521474631,16,0,16,1.0,1.0,9,0.0743801652892562,119,119,0.9153846153846154,0.9153846153846154,0,0,16,16,1.0,0
PAIR_PROTECT_ONLY,POSITIVE_PAIR_EVIDENCE,5,109,petfold,121,130,1463,233,213,0.8968563743412934,0.9077787598919441,0.897640505352651,0.8626179245283019,0.8729116945107399,0.8677342823250297,0.0016007719882431305,0.0,0.0007912841040772932,0.004049849410931006,0.0,0.0020538089522486036,8,0,8,1.0,1.0,5,0.04132231404958678,117,117,0.9,0.9,0,0,8,8,1.0,0
PAIR_PROTECT_ONLY,POSITIVE_PAIR_EVIDENCE,5,109,rnafold,121,130,1473,212,203,0.9085080114982461,0.9138670306547281,0.9066000845332078,0.8741839762611276,0.8788782816229117,0.8765248437964891,0.0015705953364270283,0.0,0.0007824726252517022,0.004130816190247577,0.0,0.0020813887653226004,8,0,8,1.0,1.0,5,0.04132231404958678,118,118,0.9076923076923077,0.9076923076923077,0,0,8,8,1.0,0
PAIR_PROTECT_ONLY,POSITIVE_PAIR_EVIDENCE,5,109,trrosettarna2_native_ss,121,130,1461,418,215,0.7910656252376044,0.9120849106151278,0.8431242013142369,0.7775412453432677,0.8717183770883055,0.8219409282700422,0.0005019695541939258,0.0,0.0002528371009419738,0.0057504371023802126,0.0,0.0032242008954274093,14,0,14,1.0,1.0,7,0.05785123966942149,120,120,0.9230769230769231,0.9230769230769231,0,0,14,14,1.0,0
PAIR_PROTECT_ONLY,POSITIVE_PAIR_EVIDENCE,5,113,petfold,121,130,1463,225,213,0.900329393367082,0.9077787598919441,0.8992660481669068,0.8667061611374408,0.8729116945107399,0.8697978596908442,0.005073791014031634,0.0,0.002416826918332866,0.008138086020069935,0.0,0.004117386318063132,16,0,16,1.0,1.0,9,0.0743801652892562,111,111,0.8538461538461538,0.8538461538461538,0,0,16,16,1.0,0
PAIR_PROTECT_ONLY,POSITIVE_PAIR_EVIDENCE,5,113,rnafold,121,130,1473,206,203,0.9116039055032311,0.9138670306547281,0.9081294217178946,0.8773079213817748,0.8788782816229117,0.8780923994038748,0.004666489341411942,0.0,0.002311809809938466,0.007254761310894753,0.0,0.0036489443727083515,14,0,14,1.0,1.0,9,0.0743801652892562,110,110,0.8461538461538461,0.8461538461538461,0,0,14,14,1.0,0
PAIR_PROTECT_ONLY,POSITIVE_PAIR_EVIDENCE,5,113,trrosettarna2_native_ss,121,130,1461,414,215,0.7912025690880167,0.9120849106151278,0.8432371700183131,0.7792,0.8717183770883055,0.8228667980850465,0.0006389134046062502,0.0,0.0003658058050182727,0.007409191759112477,0.0,0.004150070710431719,18,0,18,1.0,1.0,8,0.06611570247933884,117,117,0.9,0.9,0,0,18,18,1.0,0
PAIR_PROTECT_ONLY,POSITIVE_PAIR_EVIDENCE,10,101,petfold,121,180,1463,226,213,0.8976433785169775,0.9077787598919441,0.8980306108466312,0.8661930136175252,0.8729116945107399,0.8695393759286776,0.002387776163927208,0.0,0.0011813895980574247,0.007624938500154332,0.0,0.003858902555896493,15,0,15,1.0,1.0,7,0.05785123966942149,165,165,0.9166666666666666,0.9166666666666666,0,0,15,15,1.0,0
PAIR_PROTECT_ONLY,POSITIVE_PAIR_EVIDENCE,10,101,rnafold,121,180,1473,206,203,0.9091727050975738,0.9138670306547281,0.9069269926340645,0.8773079213817748,0.8788782816229117,0.8780923994038748,0.002235288935754663,0.0,0.0011093807261082717,0.007254761310894753,0.0,0.0036489443727083515,14,0,14,1.0,1.0,6,0.049586776859504134,165,165,0.9166666666666666,0.9166666666666666,0,0,14,14,1.0,0
PAIR_PROTECT_ONLY,POSITIVE_PAIR_EVIDENCE,10,101,trrosettarna2_native_ss,121,180,1461,403,215,0.7925624312143825,0.9120849106151278,0.8439928463205423,0.7837982832618026,0.8717183770883055,0.8254237288135593,0.001998775530972077,0.0,0.00112148210724735,0.012007475020915037,0.0,0.006707001438944538,29,0,29,1.0,1.0,12,0.09917355371900827,161,161,0.8944444444444445,0.8944444444444445,0,0,29,29,1.0,0
PAIR_PROTECT_ONLY,POSITIVE_PAIR_EVIDENCE,10,103,petfold,121,180,1463,227,213,0.897917659018028,0.9077787598919441,0.8979257738018449,0.8656804733727811,0.8729116945107399,0.869281045751634,0.0026620566649776444,0.0,0.0010765525532711315,0.007112398255410213,0.0,0.0036005723788529176,14,0,14,1.0,1.0,8,0.06611570247933884,160,160,0.8888888888888888,0.8888888888888888,0,0,14,14,1.0,0
PAIR_PROTECT_ONLY,POSITIVE_PAIR_EVIDENCE,10,103,rnafold,121,180,1473,207,203,0.9092590714152777,0.9138670306547281,0.90673589000352,0.8767857142857143,0.8788782816229117,0.8778307508939214,0.0023216552534585534,0.0,0.0009182780955638471,0.006732554214834208,0.0,0.00338729586275488,13,0,13,1.0,1.0,7,0.05785123966942149,162,162,0.9,0.9,0,0,13,13,1.0,0
PAIR_PROTECT_ONLY,POSITIVE_PAIR_EVIDENCE,10,103,trrosettarna2_native_ss,121,180,1461,403,215,0.7934889527380367,0.9120849106151278,0.8443252187395908,0.7837982832618026,0.8717183770883055,0.8254237288135593,0.0029252970546262648,0.0,0.001453854526295834,0.012007475020915037,0.0,0.006707001438944538,29,0,29,1.0,1.0,11,0.09090909090909091,157,157,0.8722222222222222,0.8722222222222222,0,0,29,29,1.0,0
PAIR_PROTECT_ONLY,POSITIVE_PAIR_EVIDENCE,10,107,petfold,121,180,1463,224,213,0.8985354223421007,0.9077787598919441,0.8983572870776291,0.8672199170124482,0.8729116945107399,0.8700564971751412,0.0032798199890503527,0.0,0.0015080658290551829,0.008651841895077284,0.0,0.0043760238023601294,17,0,17,1.0,1.0,9,0.0743801652892562,158,158,0.8777777777777778,0.8777777777777778,0,0,17,17,1.0,0
PAIR_PROTECT_ONLY,POSITIVE_PAIR_EVIDENCE,10,107,rnafold,121,180,1473,205,203,0.9088604381051314,0.9138670306547281,0.9067706927191269,0.8778307508939214,0.8788782816229117,0.8783542039355993,0.0019230219433122378,0.0,0.000953080811170718,0.007777590823041303,0.0,0.00391074890443277,15,0,15,1.0,1.0,7,0.05785123966942149,159,159,0.8833333333333333,0.8833333333333333,0,0,15,15,1.0,0
PAIR_PROTECT_ONLY,POSITIVE_PAIR_EVIDENCE,10,107,trrosettarna2_native_ss,121,180,1461,403,215,0.7923459852564184,0.9120849106151278,0.8438876305783188,0.7837982832618026,0.8717183770883055,0.8254237288135593,0.001782329573008002,0.0,0.0010162663650240072,0.012007475020915037,0.0,0.006707001438944538,29,0,29,1.0,1.0,11,0.09090909090909091,157,157,0.8722222222222222,0.8722222222222222,0,0,29,29,1.0,0
PAIR_PROTECT_ONLY,POSITIVE_PAIR_EVIDENCE,10,109,petfold,121,180,1463,221,213,0.8992417184373589,0.9077787598919441,0.8987862114725463,0.8687648456057007,0.8729116945107399,0.8708333333333333,0.003986116084308666,0.0,0.0019369902239725078,0.010196770488329787,0.0,0.0051528599605522585,20,0,20,1.0,1.0,9,0.0743801652892562,153,153,0.85,0.85,0,0,20,20,1.0,0
PAIR_PROTECT_ONLY,POSITIVE_PAIR_EVIDENCE,10,109,rnafold,121,180,1473,201,203,0.9106916772227682,0.9138670306547281,0.9076687208537091,0.8799283154121864,0.8788782816229117,0.8794029850746269,0.003754261060949111,0.0,0.001851108945752973,0.009875155341306341,0.0,0.004959530043460392,19,0,19,1.0,1.0,9,0.0743801652892562,154,154,0.8555555555555555,0.8555555555555555,0,0,19,19,1.0,0
PAIR_PROTECT_ONLY,POSITIVE_PAIR_EVIDENCE,10,109,trrosettarna2_native_ss,121,180,1461,401,215,0.793927888741579,0.9120849106151278,0.8445948097504731,0.784640171858217,0.8717183770883055,0.8258903335217637,0.00336423305816866,0.0,0.0017234455371781061,0.012849363617329468,0.0,0.007173606147148903,31,0,31,1.0,1.0,10,0.08264462809917356,156,156,0.8666666666666667,0.8666666666666667,0,0,31,31,1.0,0
PAIR_PROTECT_ONLY,POSITIVE_PAIR_EVIDENCE,10,113,petfold,121,180,1463,225,213,0.8983211866425319,0.9077787598919441,0.8980872410409039,0.8667061611374408,0.8729116945107399,0.8697978596908442,0.003065584289481636,0.0,0.0012380197923300448,0.008138086020069935,0.0,0.004117386318063132,16,0,16,1.0,1.0,8,0.06611570247933884,161,161,0.8944444444444445,0.8944444444444445,0,0,16,16,1.0,0
PAIR_PROTECT_ONLY,POSITIVE_PAIR_EVIDENCE,10,113,rnafold,121,180,1473,205,203,0.9099932111566625,0.9138670306547281,0.9070536901513782,0.8778307508939214,0.8788782816229117,0.8783542039355993,0.0030557949948434217,0.0,0.0012360782434220402,0.007777590823041303,0.0,0.00391074890443277,15,0,15,1.0,1.0,8,0.06611570247933884,161,161,0.8944444444444445,0.8944444444444445,0,0,15,15,1.0,0
PAIR_PROTECT_ONLY,POSITIVE_PAIR_EVIDENCE,10,113,trrosettarna2_native_ss,121,180,1461,402,215,0.7923355997939182,0.9120849106151278,0.8438326966668296,0.784219001610306,0.8717183770883055,0.8256569652444193,0.0017719441105078107,0.0,0.0009613324535347472,0.012428193369418472,0.0,0.0069402378698045775,30,0,30,1.0,1.0,10,0.08264462809917356,161,161,0.8944444444444445,0.8944444444444445,0,0,30,30,1.0,0
PAIR_PROTECT_ONLY,POSITIVE_PAIR_EVIDENCE,20,101,petfold,121,338,1463,203,213,0.9014931485873343,0.9077787598919441,0.8995202187324132,0.8781512605042017,0.8729116945107399,0.8755236385397965,0.006237546234283946,0.0,0.002670997483839308,0.019583185386830793,0.0,0.009843165167015444,38,0,38,1.0,1.0,11,0.09090909090909091,295,295,0.8727810650887574,0.8727810650887574,0,0,38,38,1.0,0
PAIR_PROTECT_ONLY,POSITIVE_PAIR_EVIDENCE,20,101,rnafold,121,338,1473,186,203,0.9118051272875993,0.9138670306547281,0.9078661177168923,0.8878842676311031,0.8788782816229117,0.8833583208395802,0.004867711125780182,0.0,0.0020485058089361806,0.017831107560222992,0.0,0.008914865808413719,34,0,34,1.0,1.0,9,0.0743801652892562,298,298,0.8816568047337278,0.8816568047337278,0,0,34,34,1.0,0
PAIR_PROTECT_ONLY,POSITIVE_PAIR_EVIDENCE,20,101,trrosettarna2_native_ss,121,338,1461,387,215,0.7941314507876301,0.9120849106151278,0.8446579046082302,0.7905844155844156,0.8717183770883055,0.8291713961407492,0.003567795104219767,0.0,0.001786540394935308,0.018793607343528085,0.0,0.010454668766134434,45,0,45,1.0,1.0,12,0.09917355371900827,299,299,0.8846153846153846,0.8846153846153846,0,0,45,45,1.0,0
PAIR_PROTECT_ONLY,POSITIVE_PAIR_EVIDENCE,20,103,petfold,121,338,1463,210,213,0.9014773261661003,0.9077787598919441,0.899703741736758,0.8744769874476988,0.8729116945107399,0.8736936398925053,0.006221723813050093,0.0,0.002854520488184242,0.015908912330327873,0.0,0.008013166519724169,31,0,31,1.0,1.0,11,0.09090909090909091,295,295,0.8727810650887574,0.8727810650887574,0,0,31,31,1.0,0
PAIR_PROTECT_ONLY,POSITIVE_PAIR_EVIDENCE,20,103,rnafold,121,338,1473,187,203,0.9138913093058962,0.9138670306547281,0.908873524459992,0.8873493975903615,0.8788782816229117,0.8830935251798561,0.006953893144077154,0.0,0.003055912552035871,0.017296237519481394,0.0,0.00865007014868957,33,0,33,1.0,1.0,10,0.08264462809917356,296,296,0.8757396449704142,0.8757396449704142,0,0,33,33,1.0,0
PAIR_PROTECT_ONLY,POSITIVE_PAIR_EVIDENCE,20,103,trrosettarna2_native_ss,121,338,1461,372,215,0.7955633513817543,0.9120849106151278,0.8453818437331156,0.7970540098199672,0.8717183770883055,0.8327158734682245,0.004999695698343767,0.0,0.002510479519820742,0.025263201579079686,0.0,0.013999146093609749,60,0,60,1.0,1.0,13,0.10743801652892562,294,294,0.8698224852071006,0.8698224852071006,0,0,60,60,1.0,0
PAIR_PROTECT_ONLY,POSITIVE_PAIR_EVIDENCE,20,107,petfold,121,338,1463,191,213,0.9042867293923865,0.9077787598919441,0.9009267567061711,0.8845223700120919,0.8729116945107399,0.8786786786786787,0.009031127039336203,0.0,0.004077535457597193,0.02595429489472101,0.0,0.01299820530589757,50,0,50,1.0,1.0,13,0.10743801652892562,290,290,0.8579881656804734,0.8579881656804734,0,0,50,50,1.0,0
PAIR_PROTECT_ONLY,POSITIVE_PAIR_EVIDENCE,20,107,rnafold,121,338,1473,171,203,0.9156962420750716,0.9138670306547281,0.9097616071415665,0.8959854014598541,0.8788782816229117,0.8873493975903615,0.008758825913252432,0.0,0.003943995233610362,0.025932241388973987,0.0,0.012905942559194972,49,0,49,1.0,1.0,12,0.09917355371900827,293,293,0.8668639053254438,0.8668639053254438,0,0,49,49,1.0,0
PAIR_PROTECT_ONLY,POSITIVE_PAIR_EVIDENCE,20,107,trrosettarna2_native_ss,121,338,1461,377,215,0.7966054607239639,0.9120849106151278,0.8457732359161114,0.794885745375408,0.8717183770883055,0.8315310187820149,0.006041805040553477,0.0,0.002901871702816513,0.023094937134520488,0.0,0.012814291407400091,55,0,55,1.0,1.0,13,0.10743801652892562,293,293,0.8668639053254438,0.8668639053254438,0,0,55,55,1.0,0
PAIR_PROTECT_ONLY,POSITIVE_PAIR_EVIDENCE,20,109,petfold,121,338,1463,202,213,0.9026140042433167,0.9077787598919441,0.9001296469601728,0.8786786786786787,0.8729116945107399,0.8757856929063155,0.0073584018902664505,0.0,0.00328042571159903,0.020110603561307783,0.0,0.010105219533534382,39,0,39,1.0,1.0,11,0.09090909090909091,296,296,0.8757396449704142,0.8757396449704142,0,0,39,39,1.0,0
PAIR_PROTECT_ONLY,POSITIVE_PAIR_EVIDENCE,20,109,rnafold,121,338,1473,181,203,0.9143863333841884,0.9138670306547281,0.9091674659998702,0.8905683192261185,0.8788782816229117,0.8846846846846846,0.007448917222369235,0.0,0.00334985409191404,0.020515159155238383,0.0,0.010241229653518147,39,0,39,1.0,1.0,11,0.09090909090909091,296,296,0.8757396449704142,0.8757396449704142,0,0,39,39,1.0,0
PAIR_PROTECT_ONLY,POSITIVE_PAIR_EVIDENCE,20,109,trrosettarna2_native_ss,121,338,1461,375,215,0.7957729269745609,0.9120849106151278,0.8454672563818082,0.795751633986928,0.8717183770883055,0.8320045558086561,0.0052092712911505,0.0,0.002595892168513325,0.023960825746040526,0.0,0.013287828434041304,57,0,57,1.0,1.0,13,0.10743801652892562,299,299,0.8846153846153846,0.8846153846153846,0,0,57,57,1.0,0
PAIR_PROTECT_ONLY,POSITIVE_PAIR_EVIDENCE,20,113,petfold,121,338,1463,203,213,0.9054780869499828,0.9077787598919441,0.9012359438281945,0.8781512605042017,0.8729116945107399,0.8755236385397965,0.010222484596932473,0.0,0.004386722579620733,0.019583185386830793,0.0,0.009843165167015444,38,0,38,1.0,1.0,16,0.1322314049586777,292,292,0.863905325443787,0.863905325443787,0,0,38,38,1.0,0
PAIR_PROTECT_ONLY,POSITIVE_PAIR_EVIDENCE,20,113,rnafold,121,338,1473,186,203,0.9149934157197126,0.9138670306547281,0.9092588698047274,0.8878842676311031,0.8788782816229117,0.8833583208395802,0.008055999557893491,0.0,0.0034412578967712936,0.017831107560222992,0.0,0.008914865808413719,34,0,34,1.0,1.0,13,0.10743801652892562,294,294,0.8698224852071006,0.8698224852071006,0,0,34,34,1.0,0
PAIR_PROTECT_ONLY,POSITIVE_PAIR_EVIDENCE,20,113,trrosettarna2_native_ss,121,338,1461,375,215,0.7957395089569078,0.9120849106151278,0.8453280236903122,0.795751633986928,0.8717183770883055,0.8320045558086561,0.005175853273497466,0.0,0.002456659477017323,0.023960825746040526,0.0,0.013287828434041304,57,0,57,1.0,1.0,12,0.09917355371900827,294,294,0.8698224852071006,0.8698224852071006,0,0,57,57,1.0,0
PAIR_PROTECT_ONLY,POSITIVE_PAIR_EVIDENCE,50,101,petfold,121,875,1463,146,213,0.9217500835282779,0.9077787598919441,0.9072859115157749,0.9092604101926662,0.8729116945107399,0.8907153729071537,0.026494481175227562,0.0,0.010436690267200998,0.05069233507529536,0.0,0.025034899534372657,95,0,95,1.0,1.0,22,0.18181818181818182,759,759,0.8674285714285714,0.8674285714285714,0,0,95,95,1.0,0
PAIR_PROTECT_ONLY,POSITIVE_PAIR_EVIDENCE,50,101,rnafold,121,875,1473,126,203,0.93143329999131,0.9138670306547281,0.9155606544679676,0.9212007504690432,0.8788782816229117,0.8995419847328244,0.024495883829490885,0.0,0.009743042560011487,0.05114759039816308,0.0,0.025098529701657935,94,0,94,1.0,1.0,21,0.17355371900826447,762,762,0.8708571428571429,0.8708571428571429,0,0,94,94,1.0,0
PAIR_PROTECT_ONLY,POSITIVE_PAIR_EVIDENCE,50,101,trrosettarna2_native_ss,121,875,1461,311,215,0.8050449186429116,0.9120849106151278,0.8498552756745653,0.8244920993227991,0.8717183770883055,0.8474477958236659,0.01448126295950111,0.0,0.006983911461270411,0.05270129108191157,0.0,0.028731068449051156,121,0,121,1.0,1.0,19,0.15702479338842976,766,766,0.8754285714285714,0.8754285714285714,0,0,121,121,1.0,0
PAIR_PROTECT_ONLY,POSITIVE_PAIR_EVIDENCE,50,103,petfold,121,875,1463,148,213,0.9187373624814662,0.9077787598919441,0.9064234807808088,0.9081315952824333,0.8729116945107399,0.8901734104046243,0.023481760128416008,0.0,0.009574259532235075,0.04956352016506238,0.0,0.024492937031843187,93,0,93,1.0,1.0,19,0.15702479338842976,760,760,0.8685714285714285,0.8685714285714285,0,0,93,93,1.0,0
PAIR_PROTECT_ONLY,POSITIVE_PAIR_EVIDENCE,50,103,rnafold,121,875,1473,127,203,0.9306503373995039,0.9138670306547281,0.9153282464566384,0.920625,0.8788782816229117,0.8992673992673993,0.02371292123768469,0.0,0.009510634548682109,0.050571839929119955,0.0,0.024823944236232798,93,0,93,1.0,1.0,19,0.15702479338842976,762,762,0.8708571428571429,0.8708571428571429,0,0,93,93,1.0,0
PAIR_PROTECT_ONLY,POSITIVE_PAIR_EVIDENCE,50,103,trrosettarna2_native_ss,121,875,1461,306,215,0.8071878054120579,0.9120849106151278,0.8506963738228295,0.8268251273344652,0.8717183770883055,0.8486784780714494,0.016624149728647467,0.0,0.007825009609534564,0.0550343190935777,0.0,0.0299617506968346,126,0,126,1.0,1.0,18,0.1487603305785124,755,755,0.8628571428571429,0.8628571428571429,0,0,126,126,1.0,0
PAIR_PROTECT_ONLY,POSITIVE_PAIR_EVIDENCE,50,107,petfold,121,875,1463,167,213,0.9162018446489956,0.9077787598919441,0.9056992663493585,0.8975460122699387,0.8729116945107399,0.8850574712643678,0.020946242295945293,0.0,0.008850045100784602,0.03897793715256781,0.0,0.019376997891586756,74,0,74,1.0,1.0,21,0.17355371900826447,764,764,0.8731428571428571,0.8731428571428571,0,0,74,74,1.0,0
PAIR_PROTECT_ONLY,POSITIVE_PAIR_EVIDENCE,50,107,rnafold,121,875,1473,148,203,0.926105267361534,0.9138670306547281,0.9139403554030198,0.9086983343615053,0.8788782816229117,0.8935395814376706,0.01916785119971486,0.0,0.008122743495063593,0.038645174290625195,0.0,0.019096126406504155,72,0,72,1.0,1.0,21,0.17355371900826447,770,770,0.88,0.88,0,0,72,72,1.0,0
PAIR_PROTECT_ONLY,POSITIVE_PAIR_EVIDENCE,50,107,trrosettarna2_native_ss,121,875,1461,305,215,0.8072704037416026,0.9120849106151278,0.8505143103857655,0.8272933182332955,0.8717183770883055,0.8489250435793143,0.016706748058192222,0.0,0.0076429461724706015,0.05550250999240802,0.0,0.030208316204699548,127,0,127,1.0,1.0,19,0.15702479338842976,759,759,0.8674285714285714,0.8674285714285714,0,0,127,127,1.0,0
PAIR_PROTECT_ONLY,POSITIVE_PAIR_EVIDENCE,50,109,petfold,121,875,1463,159,213,0.9182545403196811,0.9077787598919441,0.9059395191178674,0.9019728729963009,0.8729116945107399,0.8872043662825955,0.022998937966630793,0.0,0.00909029786929361,0.043404797878930035,0.0,0.02152389290981438,82,0,82,1.0,1.0,18,0.1487603305785124,768,768,0.8777142857142857,0.8777142857142857,0,0,82,82,1.0,0
PAIR_PROTECT_ONLY,POSITIVE_PAIR_EVIDENCE,50,109,rnafold,121,875,1473,141,203,0.9287954244811484,0.9138670306547281,0.9144322397705656,0.912639405204461,0.8788782816229117,0.8954407294832827,0.021858008319329273,0.0,0.008614627862609478,0.04258624513358089,0.0,0.020997274452116188,79,0,79,1.0,1.0,18,0.1487603305785124,775,775,0.8857142857142857,0.8857142857142857,0,0,79,79,1.0,0
PAIR_PROTECT_ONLY,POSITIVE_PAIR_EVIDENCE,50,109,trrosettarna2_native_ss,121,875,1461,310,215,0.8052055628498845,0.9120849106151278,0.849790192953022,0.8249576510446076,0.8717183770883055,0.8476936466492603,0.014641907166474122,0.0,0.00691882873972707,0.05316684280372008,0.0,0.02897691927464552,122,0,122,1.0,1.0,17,0.14049586776859505,766,766,0.8754285714285714,0.8754285714285714,0,0,122,122,1.0,0
PAIR_PROTECT_ONLY,POSITIVE_PAIR_EVIDENCE,50,113,petfold,121,875,1463,154,213,0.9190290475171268,0.9077787598919441,0.9063387225071662,0.9047619047619048,0.8729116945107399,0.8885514728211358,0.023773445164076513,0.0,0.009489501258592397,0.04619382964453389,0.0,0.02287099944835469,87,0,87,1.0,1.0,19,0.15702479338842976,761,761,0.8697142857142857,0.8697142857142857,0,0,87,87,1.0,0
PAIR_PROTECT_ONLY,POSITIVE_PAIR_EVIDENCE,50,113,rnafold,121,875,1473,138,203,0.9281928246068106,0.9138670306547281,0.9143237481567548,0.9143389199255121,0.8788782816229117,0.8962579860054761,0.021255408444991544,0.0,0.008506136248798568,0.04428575985463201,0.0,0.02181453097430963,82,0,82,1.0,1.0,17,0.14049586776859505,767,767,0.8765714285714286,0.8765714285714286,0,0,82,82,1.0,0
PAIR_PROTECT_ONLY,POSITIVE_PAIR_EVIDENCE,50,113,trrosettarna2_native_ss,121,875,1461,312,215,0.8037403800880506,0.9120849106151278,0.8493069193170495,0.8240270727580372,0.8717183770883055,0.8472020875616121,0.01317672440464022,0.0,0.006435555103754575,0.05223626451714969,0.0,0.02848536018699732,120,0,120,1.0,1.0,18,0.1487603305785124,767,767,0.8765714285714286,0.8765714285714286,0,0,120,120,1.0,0
UNPAIRED_HARD_DELETE,UNPAIRED_NUCLEOTIDE_EVIDENCE,0,101,petfold,121,0,1463,241,213,0.8952556023530504,0.9077787598919441,0.8968492212485739,0.8585680751173709,0.8729116945107399,0.8656804733727811,0.0,0.0,0.0,0.0,0.0,0.0,0,0,0,,1.0,0,0.0,0,0,,,0,0,0,0,,0
UNPAIRED_HARD_DELETE,UNPAIRED_NUCLEOTIDE_EVIDENCE,0,101,rnafold,121,0,1473,220,203,0.9069374161618192,0.9138670306547281,0.9058176119079561,0.8700531600708801,0.8788782816229117,0.8744434550311665,0.0,0.0,0.0,0.0,0.0,0.0,0,0,0,,1.0,0,0.0,0,0,,,0,0,0,0,,0
UNPAIRED_HARD_DELETE,UNPAIRED_NUCLEOTIDE_EVIDENCE,0,101,trrosettarna2_native_ss,121,0,1461,432,215,0.7905636556834104,0.9120849106151278,0.8428713642132949,0.7717908082408875,0.8717183770883055,0.8187167273746148,0.0,0.0,0.0,0.0,0.0,0.0,0,0,0,,1.0,0,0.0,0,0,,,0,0,0,0,,0
UNPAIRED_HARD_DELETE,UNPAIRED_NUCLEOTIDE_EVIDENCE,0,103,petfold,121,0,1463,241,213,0.8952556023530504,0.9077787598919441,0.8968492212485739,0.8585680751173709,0.8729116945107399,0.8656804733727811,0.0,0.0,0.0,0.0,0.0,0.0,0,0,0,,1.0,0,0.0,0,0,,,0,0,0,0,,0
UNPAIRED_HARD_DELETE,UNPAIRED_NUCLEOTIDE_EVIDENCE,0,103,rnafold,121,0,1473,220,203,0.9069374161618192,0.9138670306547281,0.9058176119079561,0.8700531600708801,0.8788782816229117,0.8744434550311665,0.0,0.0,0.0,0.0,0.0,0.0,0,0,0,,1.0,0,0.0,0,0,,,0,0,0,0,,0
UNPAIRED_HARD_DELETE,UNPAIRED_NUCLEOTIDE_EVIDENCE,0,103,trrosettarna2_native_ss,121,0,1461,432,215,0.7905636556834104,0.9120849106151278,0.8428713642132949,0.7717908082408875,0.8717183770883055,0.8187167273746148,0.0,0.0,0.0,0.0,0.0,0.0,0,0,0,,1.0,0,0.0,0,0,,,0,0,0,0,,0
UNPAIRED_HARD_DELETE,UNPAIRED_NUCLEOTIDE_EVIDENCE,0,107,petfold,121,0,1463,241,213,0.8952556023530504,0.9077787598919441,0.8968492212485739,0.8585680751173709,0.8729116945107399,0.8656804733727811,0.0,0.0,0.0,0.0,0.0,0.0,0,0,0,,1.0,0,0.0,0,0,,,0,0,0,0,,0
UNPAIRED_HARD_DELETE,UNPAIRED_NUCLEOTIDE_EVIDENCE,0,107,rnafold,121,0,1473,220,203,0.9069374161618192,0.9138670306547281,0.9058176119079561,0.8700531600708801,0.8788782816229117,0.8744434550311665,0.0,0.0,0.0,0.0,0.0,0.0,0,0,0,,1.0,0,0.0,0,0,,,0,0,0,0,,0
UNPAIRED_HARD_DELETE,UNPAIRED_NUCLEOTIDE_EVIDENCE,0,107,trrosettarna2_native_ss,121,0,1461,432,215,0.7905636556834104,0.9120849106151278,0.8428713642132949,0.7717908082408875,0.8717183770883055,0.8187167273746148,0.0,0.0,0.0,0.0,0.0,0.0,0,0,0,,1.0,0,0.0,0,0,,,0,0,0,0,,0
UNPAIRED_HARD_DELETE,UNPAIRED_NUCLEOTIDE_EVIDENCE,0,109,petfold,121,0,1463,241,213,0.8952556023530504,0.9077787598919441,0.8968492212485739,0.8585680751173709,0.8729116945107399,0.8656804733727811,0.0,0.0,0.0,0.0,0.0,0.0,0,0,0,,1.0,0,0.0,0,0,,,0,0,0,0,,0
UNPAIRED_HARD_DELETE,UNPAIRED_NUCLEOTIDE_EVIDENCE,0,109,rnafold,121,0,1473,220,203,0.9069374161618192,0.9138670306547281,0.9058176119079561,0.8700531600708801,0.8788782816229117,0.8744434550311665,0.0,0.0,0.0,0.0,0.0,0.0,0,0,0,,1.0,0,0.0,0,0,,,0,0,0,0,,0
UNPAIRED_HARD_DELETE,UNPAIRED_NUCLEOTIDE_EVIDENCE,0,109,trrosettarna2_native_ss,121,0,1461,432,215,0.7905636556834104,0.9120849106151278,0.8428713642132949,0.7717908082408875,0.8717183770883055,0.8187167273746148,0.0,0.0,0.0,0.0,0.0,0.0,0,0,0,,1.0,0,0.0,0,0,,,0,0,0,0,,0
UNPAIRED_HARD_DELETE,UNPAIRED_NUCLEOTIDE_EVIDENCE,0,113,petfold,121,0,1463,241,213,0.8952556023530504,0.9077787598919441,0.8968492212485739,0.8585680751173709,0.8729116945107399,0.8656804733727811,0.0,0.0,0.0,0.0,0.0,0.0,0,0,0,,1.0,0,0.0,0,0,,,0,0,0,0,,0
UNPAIRED_HARD_DELETE,UNPAIRED_NUCLEOTIDE_EVIDENCE,0,113,rnafold,121,0,1473,220,203,0.9069374161618192,0.9138670306547281,0.9058176119079561,0.8700531600708801,0.8788782816229117,0.8744434550311665,0.0,0.0,0.0,0.0,0.0,0.0,0,0,0,,1.0,0,0.0,0,0,,,0,0,0,0,,0
UNPAIRED_HARD_DELETE,UNPAIRED_NUCLEOTIDE_EVIDENCE,0,113,trrosettarna2_native_ss,121,0,1461,432,215,0.7905636556834104,0.9120849106151278,0.8428713642132949,0.7717908082408875,0.8717183770883055,0.8187167273746148,0.0,0.0,0.0,0.0,0.0,0.0,0,0,0,,1.0,0,0.0,0,0,,,0,0,0,0,,0
UNPAIRED_HARD_DELETE,UNPAIRED_NUCLEOTIDE_EVIDENCE,1,101,petfold,121,121,1463,224,213,0.9059541488994135,0.9077787598919441,0.9020326598094781,0.8672199170124482,0.8729116945107399,0.8700564971751412,0.010698546546363177,0.0,0.0051834385609042565,0.008651841895077284,0.0,0.0043760238023601294,17,0,17,1.0,1.0,17,0.14049586776859505,104,121,0.859504132231405,1.0,0,0,17,17,1.0,0
UNPAIRED_HARD_DELETE,UNPAIRED_NUCLEOTIDE_EVIDENCE,1,101,rnafold,121,121,1473,204,203,0.9171879247220843,0.9138670306547281,0.9107428567565491,0.8783542039355993,0.8788782816229117,0.8786161646286907,0.010250508560265164,0.0,0.004925244848592991,0.008301043864719193,0.0,0.004172709597524249,16,0,16,1.0,1.0,16,0.1322314049586777,105,121,0.8677685950413223,1.0,0,0,16,16,1.0,0
UNPAIRED_HARD_DELETE,UNPAIRED_NUCLEOTIDE_EVIDENCE,1,101,trrosettarna2_native_ss,121,121,1461,397,215,0.8102918708017104,0.9120849106151278,0.8545136056606705,0.7863293864370291,0.8717183770883055,0.8268251273344652,0.019728215118300058,0.0,0.011642241447375593,0.014538578196141572,0.0,0.008108399959850465,35,0,35,1.0,1.0,35,0.2892561983471074,86,121,0.7107438016528925,1.0,0,0,35,35,1.0,0
UNPAIRED_HARD_DELETE,UNPAIRED_NUCLEOTIDE_EVIDENCE,1,103,petfold,121,121,1463,225,213,0.9032994945259615,0.9077787598919441,0.9011687106882,0.8667061611374408,0.8729116945107399,0.8697978596908442,0.00804389217291125,0.0,0.00431948943962613,0.008138086020069935,0.0,0.004117386318063132,16,0,16,1.0,1.0,16,0.1322314049586777,105,121,0.8677685950413223,1.0,0,0,16,16,1.0,0
UNPAIRED_HARD_DELETE,UNPAIRED_NUCLEOTIDE_EVIDENCE,1,103,rnafold,121,121,1473,206,203,0.9135693057037123,0.9138670306547281,0.9094081732769976,0.8773079213817748,0.8788782816229117,0.8780923994038748,0.006631889541893098,0.0,0.003590561369041547,0.007254761310894753,0.0,0.0036489443727083515,14,0,14,1.0,1.0,14,0.11570247933884298,107,121,0.8842975206611571,1.0,0,0,14,14,1.0,0
UNPAIRED_HARD_DELETE,UNPAIRED_NUCLEOTIDE_EVIDENCE,1,103,trrosettarna2_native_ss,121,121,1461,398,215,0.810247744448208,0.9120849106151278,0.8543352069689977,0.7859064012910166,0.8717183770883055,0.8265912305516266,0.019684088764797603,0.0,0.011463842755702726,0.014115593050129105,0.0,0.007874503177011882,34,0,34,1.0,1.0,34,0.2809917355371901,87,121,0.71900826446281,1.0,0,0,34,34,1.0,0
UNPAIRED_HARD_DELETE,UNPAIRED_NUCLEOTIDE_EVIDENCE,1,107,petfold,121,121,1463,226,213,0.9041500705885364,0.9077787598919441,0.9014212792302841,0.8661930136175252,0.8729116945107399,0.8695393759286776,0.008894468235486067,0.0,0.004572057981710373,0.007624938500154332,0.0,0.003858902555896493,15,0,15,1.0,1.0,15,0.12396694214876033,106,121,0.8760330578512396,1.0,0,0,15,15,1.0,0
UNPAIRED_HARD_DELETE,UNPAIRED_NUCLEOTIDE_EVIDENCE,1,107,rnafold,121,121,1473,211,203,0.9131695811260415,0.9138670306547281,0.9088015726046772,0.8747030878859857,0.8788782816229117,0.8767857142857143,0.006232164964222381,0.0,0.0029839606967210744,0.004649927815105648,0.0,0.002342259254547785,9,0,9,1.0,1.0,9,0.0743801652892562,112,121,0.9256198347107438,1.0,0,0,9,9,1.0,0
UNPAIRED_HARD_DELETE,UNPAIRED_NUCLEOTIDE_EVIDENCE,1,107,trrosettarna2_native_ss,121,121,1461,389,215,0.8130514846442716,0.9120849106151278,0.8561920738209233,0.7897297297297298,0.8717183770883055,0.8287010777084515,0.022487828960861073,0.0,0.013320709607628486,0.01793892148884224,0.0,0.009984350333836711,43,0,43,1.0,1.0,43,0.35537190082644626,78,121,0.6446280991735537,1.0,0,0,43,43,1.0,0
UNPAIRED_HARD_DELETE,UNPAIRED_NUCLEOTIDE_EVIDENCE,1,109,petfold,121,121,1463,220,213,0.9057801370117188,0.9077787598919441,0.9023795445307521,0.869281045751634,0.8729116945107399,0.8710925870794879,0.010524534658668452,0.0,0.00553032328217825,0.01071297063426313,0.0,0.0054121137067068,21,0,21,1.0,1.0,21,0.17355371900826447,100,121,0.8264462809917356,1.0,0,0,21,21,1.0,0
UNPAIRED_HARD_DELETE,UNPAIRED_NUCLEOTIDE_EVIDENCE,1,109,rnafold,121,121,1473,201,203,0.9166157536396622,0.9138670306547281,0.9108919206112116,0.8799283154121864,0.8788782816229117,0.8794029850746269,0.009678337477843005,0.0,0.005074308703255393,0.009875155341306341,0.0,0.004959530043460392,19,0,19,1.0,1.0,19,0.15702479338842976,102,121,0.8429752066115702,1.0,0,0,19,19,1.0,0
UNPAIRED_HARD_DELETE,UNPAIRED_NUCLEOTIDE_EVIDENCE,1,109,trrosettarna2_native_ss,121,121,1461,387,215,0.8145369457995719,0.9120849106151278,0.8567099074388023,0.7905844155844156,0.8717183770883055,0.8291713961407492,0.023973290116161453,0.0,0.01383854322550739,0.018793607343528085,0.0,0.010454668766134434,45,0,45,1.0,1.0,45,0.371900826446281,76,121,0.628099173553719,1.0,0,0,45,45,1.0,0
UNPAIRED_HARD_DELETE,UNPAIRED_NUCLEOTIDE_EVIDENCE,1,113,petfold,121,121,1463,223,213,0.9028956929259876,0.9077787598919441,0.9008369518024504,0.8677342823250297,0.8729116945107399,0.8703152885187388,0.007640090572937401,0.0,0.0039877305538765645,0.009166207207658816,0.0,0.00463481514595776,18,0,18,1.0,1.0,18,0.1487603305785124,103,121,0.8512396694214877,1.0,0,0,18,18,1.0,0
UNPAIRED_HARD_DELETE,UNPAIRED_NUCLEOTIDE_EVIDENCE,1,113,rnafold,121,121,1473,205,203,0.9131735831788031,0.9138670306547281,0.9091251254270484,0.8778307508939214,0.8788782816229117,0.8783542039355993,0.00623616701698397,0.0,0.003307513519092205,0.007777590823041303,0.0,0.00391074890443277,15,0,15,1.0,1.0,15,0.12396694214876033,106,121,0.8760330578512396,1.0,0,0,15,15,1.0,0
UNPAIRED_HARD_DELETE,UNPAIRED_NUCLEOTIDE_EVIDENCE,1,113,trrosettarna2_native_ss,121,121,1461,388,215,0.8149146817498449,0.9120849106151278,0.8566398485954532,0.7901568415359654,0.8717183770883055,0.828936170212766,0.024351026066434592,0.0,0.01376848438215827,0.01836603329507791,0.0,0.010219442838151238,44,0,44,1.0,1.0,44,0.36363636363636365,77,121,0.6363636363636364,1.0,0,0,44,44,1.0,0
UNPAIRED_HARD_DELETE,UNPAIRED_NUCLEOTIDE_EVIDENCE,5,101,petfold,121,134,1463,220,213,0.9068886441426117,0.9077787598919441,0.9031962854314166,0.869281045751634,0.8729116945107399,0.8710925870794879,0.011633041789561453,0.0,0.006347064182842847,0.01071297063426313,0.0,0.0054121137067068,21,0,21,1.0,1.0,20,0.1652892561983471,112,134,0.835820895522388,1.0,0,0,21,21,1.0,0
UNPAIRED_HARD_DELETE,UNPAIRED_NUCLEOTIDE_EVIDENCE,5,101,rnafold,121,134,1473,202,203,0.9174379759990472,0.9138670306547281,0.9116285500022977,0.8794029850746269,0.8788782816229117,0.8791405550581916,0.010500559837227955,0.0,0.005810938094341526,0.009349825003746814,0.0,0.0046971000270250585,18,0,18,1.0,1.0,17,0.14049586776859505,116,134,0.8656716417910447,1.0,0,0,18,18,1.0,0
UNPAIRED_HARD_DELETE,UNPAIRED_NUCLEOTIDE_EVIDENCE,5,101,trrosettarna2_native_ss,121,134,1461,389,215,0.814430870482851,0.9120849106151278,0.8569416987342018,0.7897297297297298,0.8717183770883055,0.8287010777084515,0.023867214799440557,0.0,0.01407033452090685,0.01793892148884224,0.0,0.009984350333836711,43,0,43,1.0,1.0,43,0.35537190082644626,90,134,0.6716417910447762,1.0,0,0,43,43,1.0,0
UNPAIRED_HARD_DELETE,UNPAIRED_NUCLEOTIDE_EVIDENCE,5,103,petfold,121,134,1463,220,213,0.9056892380313576,0.9077787598919441,0.9026732446156555,0.869281045751634,0.8729116945107399,0.8710925870794879,0.010433635678307272,0.0,0.005824023367081663,0.01071297063426313,0.0,0.0054121137067068,21,0,21,1.0,1.0,20,0.1652892561983471,113,134,0.8432835820895522,1.0,0,0,21,21,1.0,0
UNPAIRED_HARD_DELETE,UNPAIRED_NUCLEOTIDE_EVIDENCE,5,103,rnafold,121,134,1473,204,203,0.9145995072048332,0.9138670306547281,0.910093793200329,0.8783542039355993,0.8788782816229117,0.8786161646286907,0.007662091043014023,0.0,0.004276181292372822,0.008301043864719193,0.0,0.004172709597524249,16,0,16,1.0,1.0,15,0.12396694214876033,118,134,0.8805970149253731,1.0,0,0,16,16,1.0,0
UNPAIRED_HARD_DELETE,UNPAIRED_NUCLEOTIDE_EVIDENCE,5,103,trrosettarna2_native_ss,121,134,1461,394,215,0.8102922450902937,0.9120849106151278,0.8545207453773556,0.7876010781671159,0.8717183770883055,0.8275276125743416,0.019728589406883386,0.0,0.011649381164060705,0.01581026992622836,0.0,0.008810885199726837,38,0,38,1.0,1.0,38,0.3140495867768595,96,134,0.7164179104477612,1.0,0,0,38,38,1.0,0
UNPAIRED_HARD_DELETE,UNPAIRED_NUCLEOTIDE_EVIDENCE,5,107,petfold,121,134,1463,219,213,0.9043883933638562,0.9077787598919441,0.9014857782477987,0.8697978596908442,0.8729116945107399,0.8713519952352591,0.009132791010805935,0.0,0.004636556999224865,0.011229784573473345,0.0,0.005671521862477991,22,0,22,1.0,1.0,20,0.1652892561983471,111,134,0.8283582089552238,1.0,0,0,22,22,1.0,0
UNPAIRED_HARD_DELETE,UNPAIRED_NUCLEOTIDE_EVIDENCE,5,107,rnafold,121,134,1473,201,203,0.9146608456514996,0.9138670306547281,0.9097895791496269,0.8799283154121864,0.8788782816229117,0.8794029850746269,0.00772342948968051,0.0,0.003971967241670673,0.009875155341306341,0.0,0.004959530043460392,19,0,19,1.0,1.0,17,0.14049586776859505,114,134,0.8507462686567164,1.0,0,0,19,19,1.0,0
UNPAIRED_HARD_DELETE,UNPAIRED_NUCLEOTIDE_EVIDENCE,5,107,trrosettarna2_native_ss,121,134,1461,382,215,0.8150063703023963,0.9120849106151278,0.8571769697596952,0.7927292457948997,0.8717183770883055,0.8303495311167945,0.02444271461898592,0.0,0.01430560554640019,0.020938437554012146,0.0,0.011632803742179787,50,0,50,1.0,1.0,48,0.39669421487603307,84,134,0.6268656716417911,1.0,0,0,50,50,1.0,0
UNPAIRED_HARD_DELETE,UNPAIRED_NUCLEOTIDE_EVIDENCE,5,109,petfold,121,134,1463,223,213,0.9039680411438205,0.9077787598919441,0.9016153867023994,0.8677342823250297,0.8729116945107399,0.8703152885187388,0.0087124387907701,0.0,0.004766165453825529,0.009166207207658816,0.0,0.00463481514595776,18,0,18,1.0,1.0,17,0.14049586776859505,116,134,0.8656716417910447,1.0,0,0,18,18,1.0,0
UNPAIRED_HARD_DELETE,UNPAIRED_NUCLEOTIDE_EVIDENCE,5,109,rnafold,121,134,1473,207,203,0.9133169807859063,0.9138670306547281,0.9094127526459833,0.8767857142857143,0.8788782816229117,0.8778307508939214,0.006379564624087229,0.0,0.0035951407380271057,0.006732554214834208,0.0,0.00338729586275488,13,0,13,1.0,1.0,13,0.10743801652892562,121,134,0.9029850746268657,1.0,0,0,13,13,1.0,0
UNPAIRED_HARD_DELETE,UNPAIRED_NUCLEOTIDE_EVIDENCE,5,109,trrosettarna2_native_ss,121,134,1461,389,215,0.8098497915708964,0.9120849106151278,0.854292028657639,0.7897297297297298,0.8717183770883055,0.8287010777084515,0.019286135887486094,0.0,0.011420664444344048,0.01793892148884224,0.0,0.009984350333836711,43,0,43,1.0,1.0,40,0.3305785123966942,91,134,0.6791044776119403,1.0,0,0,43,43,1.0,0
UNPAIRED_HARD_DELETE,UNPAIRED_NUCLEOTIDE_EVIDENCE,5,113,petfold,121,134,1463,217,213,0.9075030853614654,0.9077787598919441,0.9033939591785879,0.8708333333333333,0.8729116945107399,0.8718712753277712,0.01224748300841517,0.0,0.006544737930013956,0.012265258215962471,0.0,0.0061908019549901105,24,0,24,1.0,1.0,23,0.19008264462809918,110,134,0.8208955223880597,1.0,0,0,24,24,1.0,0
UNPAIRED_HARD_DELETE,UNPAIRED_NUCLEOTIDE_EVIDENCE,5,113,rnafold,121,134,1473,203,203,0.9163903756383914,0.9138670306547281,0.9108048758894017,0.8788782816229117,0.8788782816229117,0.8788782816229117,0.009452959476572226,0.0,0.004987263981445574,0.008825121552031634,0.0,0.004434826591745211,17,0,17,1.0,1.0,16,0.1322314049586777,117,134,0.8731343283582089,1.0,0,0,17,17,1.0,0
UNPAIRED_HARD_DELETE,UNPAIRED_NUCLEOTIDE_EVIDENCE,5,113,trrosettarna2_native_ss,121,134,1461,391,215,0.807985144695637,0.9120849106151278,0.8534095208598254,0.7888768898488121,0.8717183770883055,0.8282312925170068,0.01742148901222659,0.0,0.010538156646530438,0.017086081607924575,0.0,0.009514565142392017,41,0,41,1.0,1.0,39,0.32231404958677684,93,134,0.6940298507462687,1.0,0,0,41,41,1.0,0
UNPAIRED_HARD_DELETE,UNPAIRED_NUCLEOTIDE_EVIDENCE,10,101,petfold,121,185,1463,213,213,0.9053109757939267,0.9077787598919441,0.9018565476556093,0.8729116945107399,0.8729116945107399,0.8729116945107399,0.010055373440876503,0.0,0.00500732640703538,0.014343619393369034,0.0,0.007231221137958821,28,0,28,1.0,1.0,22,0.18181818181818182,157,185,0.8486486486486486,1.0,0,0,28,28,1.0,0
UNPAIRED_HARD_DELETE,UNPAIRED_NUCLEOTIDE_EVIDENCE,10,101,rnafold,121,185,1473,196,203,0.9155426161984299,0.9138670306547281,0.9100178897715786,0.8825644098262433,0.8788782816229117,0.8807174887892377,0.008605200036610762,0.0,0.004200277863622456,0.012511249755363218,0.0,0.006274033758071229,24,0,24,1.0,1.0,19,0.15702479338842976,161,185,0.8702702702702703,1.0,0,0,24,24,1.0,0
UNPAIRED_HARD_DELETE,UNPAIRED_NUCLEOTIDE_EVIDENCE,10,101,trrosettarna2_native_ss,121,185,1461,365,215,0.818236178497856,0.9120849106151278,0.8589555856140959,0.8001095290251917,0.8717183770883055,0.834380354083381,0.0276725228144456,0.0,0.016084221400801024,0.028318720784304197,0.0,0.0156636267087662,67,0,67,1.0,1.0,50,0.4132231404958678,117,185,0.6324324324324324,1.0,0,0,67,67,1.0,0
UNPAIRED_HARD_DELETE,UNPAIRED_NUCLEOTIDE_EVIDENCE,10,103,petfold,121,185,1463,214,213,0.9050182461146201,0.9077787598919441,0.902287267188994,0.8723911747167561,0.8729116945107399,0.872651356993737,0.009762643761569876,0.0,0.005438045940420173,0.013823099599385213,0.0,0.006970883620955881,27,0,27,1.0,1.0,21,0.17355371900826447,157,185,0.8486486486486486,1.0,0,0,27,27,1.0,0
UNPAIRED_HARD_DELETE,UNPAIRED_NUCLEOTIDE_EVIDENCE,10,103,rnafold,121,185,1473,195,203,0.9155680585912195,0.9138670306547281,0.9106375198156561,0.8830935251798561,0.8788782816229117,0.8809808612440191,0.008630642429400393,0.0,0.004819907907700007,0.013040365108975993,0.0,0.006537406212852592,25,0,25,1.0,1.0,19,0.15702479338842976,159,185,0.8594594594594595,1.0,0,0,25,25,1.0,0
UNPAIRED_HARD_DELETE,UNPAIRED_NUCLEOTIDE_EVIDENCE,10,103,trrosettarna2_native_ss,121,185,1461,378,215,0.814364516892475,0.9120849106151278,0.8569232202582633,0.7944535073409462,0.8717183770883055,0.8312944523470839,0.02380086120906451,0.0,0.014051856044968348,0.022662699100058692,0.0,0.012577724972469118,54,0,54,1.0,1.0,47,0.3884297520661157,129,185,0.6972972972972973,1.0,0,0,54,54,1.0,0
UNPAIRED_HARD_DELETE,UNPAIRED_NUCLEOTIDE_EVIDENCE,10,107,petfold,121,185,1463,208,213,0.9084879439047145,0.9077787598919441,0.903783626469207,0.8755236385397965,0.8729116945107399,0.8742157155661787,0.013232341551664265,0.0,0.006934405220633122,0.016955563422425657,0.0,0.00853524219339763,33,0,33,1.0,1.0,27,0.2231404958677686,152,185,0.8216216216216217,1.0,0,0,33,33,1.0,0
UNPAIRED_HARD_DELETE,UNPAIRED_NUCLEOTIDE_EVIDENCE,10,107,rnafold,121,185,1473,190,203,0.9182281440801763,0.9138670306547281,0.9117432428716773,0.8857486470234516,0.8788782816229117,0.8823000898472596,0.011290727918357167,0.0,0.00592563096372117,0.015695486952571502,0.0,0.007856634816093111,30,0,30,1.0,1.0,23,0.19008264462809918,155,185,0.8378378378378378,1.0,0,0,30,30,1.0,0
UNPAIRED_HARD_DELETE,UNPAIRED_NUCLEOTIDE_EVIDENCE,10,107,trrosettarna2_native_ss,121,185,1461,369,215,0.8179963228982006,0.9120849106151278,0.8589847525368227,0.7983606557377049,0.8717183770883055,0.8334284084426697,0.027432667214790128,0.0,0.016113388323527753,0.026569847496817345,0.0,0.014711681068054983,63,0,63,1.0,1.0,52,0.4297520661157025,122,185,0.6594594594594595,1.0,0,0,63,63,1.0,0
UNPAIRED_HARD_DELETE,UNPAIRED_NUCLEOTIDE_EVIDENCE,10,109,petfold,121,185,1463,216,213,0.9037214539205928,0.9077787598919441,0.9015034730664205,0.8713519952352591,0.8729116945107399,0.8721311475409836,0.008465851567542466,0.0,0.004654251817846696,0.012783920117888203,0.0,0.006450674168202553,25,0,25,1.0,1.0,21,0.17355371900826447,160,185,0.8648648648648649,1.0,0,0,25,25,1.0,0
UNPAIRED_HARD_DELETE,UNPAIRED_NUCLEOTIDE_EVIDENCE,10,109,rnafold,121,185,1473,195,203,0.9152760648079903,0.9138670306547281,0.910359298784875,0.8830935251798561,0.8788782816229117,0.8809808612440191,0.00833864864617117,0.0,0.004541686876918801,0.013040365108975993,0.0,0.006537406212852592,25,0,25,1.0,1.0,19,0.15702479338842976,160,185,0.8648648648648649,1.0,0,0,25,25,1.0,0
UNPAIRED_HARD_DELETE,UNPAIRED_NUCLEOTIDE_EVIDENCE,10,109,trrosettarna2_native_ss,121,185,1461,377,215,0.8163507977008412,0.9120849106151278,0.8576634733923506,0.794885745375408,0.8717183770883055,0.8315310187820149,0.02578714201743082,0.0,0.014792109179055718,0.023094937134520488,0.0,0.012814291407400091,55,0,55,1.0,1.0,44,0.36363636363636365,130,185,0.7027027027027027,1.0,0,0,55,55,1.0,0
UNPAIRED_HARD_DELETE,UNPAIRED_NUCLEOTIDE_EVIDENCE,10,113,petfold,121,185,1463,212,213,0.9070414671305137,0.9077787598919441,0.9033882176732423,0.8734328358208955,0.8729116945107399,0.8731721874067443,0.011785864777463385,0.0,0.006538996424668388,0.014864760703524604,0.0,0.007491714033963204,29,0,29,1.0,1.0,24,0.19834710743801653,156,185,0.8432432432432433,1.0,0,0,29,29,1.0,0
UNPAIRED_HARD_DELETE,UNPAIRED_NUCLEOTIDE_EVIDENCE,10,113,rnafold,121,185,1473,192,203,0.9180979096436079,0.9138670306547281,0.9120376220065184,0.8846846846846846,0.8788782816229117,0.881771924573481,0.011160493481788812,0.0,0.00622001009856226,0.01463152461380457,0.0,0.007328469542314475,28,0,28,1.0,1.0,22,0.18181818181818182,157,185,0.8486486486486486,1.0,0,0,28,28,1.0,0
UNPAIRED_HARD_DELETE,UNPAIRED_NUCLEOTIDE_EVIDENCE,10,113,trrosettarna2_native_ss,121,185,1461,378,215,0.8166989119982926,0.9120849106151278,0.8579093986772279,0.7944535073409462,0.8717183770883055,0.8312944523470839,0.026135256314882126,0.0,0.015038034463933052,0.022662699100058692,0.0,0.012577724972469118,54,0,54,1.0,1.0,49,0.4049586776859504,131,185,0.7081081081081081,1.0,0,0,54,54,1.0,0
UNPAIRED_HARD_DELETE,UNPAIRED_NUCLEOTIDE_EVIDENCE,20,101,petfold,121,333,1463,182,213,0.9159472877382056,0.9077787598919441,0.9077192739266376,0.8893617021276595,0.8729116945107399,0.8810599217103282,0.02069168538515527,0.0,0.01087005267806384,0.03079362701028865,0.0,0.01537944833754712,59,0,59,1.0,1.0,37,0.30578512396694213,267,333,0.8018018018018018,1.0,0,0,59,59,1.0,0
UNPAIRED_HARD_DELETE,UNPAIRED_NUCLEOTIDE_EVIDENCE,20,101,rnafold,121,333,1473,173,203,0.9226358376555206,0.9138670306547281,0.9141465285411048,0.8948967193195626,0.8788782816229117,0.8868151715833835,0.015698421493701476,0.0,0.008328916633148675,0.024843559248682534,0.0,0.012371716552217027,47,0,47,1.0,1.0,28,0.23140495867768596,281,333,0.8438438438438438,1.0,0,0,47,47,1.0,0
UNPAIRED_HARD_DELETE,UNPAIRED_NUCLEOTIDE_EVIDENCE,20,101,trrosettarna2_native_ss,121,333,1461,329,215,0.8315675972907787,0.9120849106151278,0.8667674405672888,0.8162011173184358,0.8717183770883055,0.8430467397576457,0.04100394160736818,0.0,0.02389607635399389,0.04441030907754828,0.0,0.024330012383030897,103,0,103,1.0,1.0,63,0.5206611570247934,217,333,0.6516516516516516,1.0,0,0,103,103,1.0,0
UNPAIRED_HARD_DELETE,UNPAIRED_NUCLEOTIDE_EVIDENCE,20,103,petfold,121,333,1463,190,213,0.9127049390812103,0.9077787598919441,0.9063637290866551,0.8850574712643678,0.8729116945107399,0.8789426254130369,0.01744933672815993,0.0,0.009514507838081202,0.02648939614699697,0.0,0.013262152040255826,51,0,51,1.0,1.0,29,0.2396694214876033,280,333,0.8408408408408409,1.0,0,0,51,51,1.0,0
UNPAIRED_HARD_DELETE,UNPAIRED_NUCLEOTIDE_EVIDENCE,20,103,rnafold,121,333,1473,172,203,0.9235519595664053,0.9138670306547281,0.9148899604262469,0.8954407294832827,0.8788782816229117,0.8870822041553749,0.01661454340458621,0.0,0.009072348518290715,0.02538756941240261,0.0,0.01263874912420837,48,0,48,1.0,1.0,27,0.2231404958677686,283,333,0.8498498498498499,1.0,0,0,48,48,1.0,0
UNPAIRED_HARD_DELETE,UNPAIRED_NUCLEOTIDE_EVIDENCE,20,103,trrosettarna2_native_ss,121,333,1461,330,215,0.8370839016174983,0.9120849106151278,0.8700230878306571,0.8157453936348409,0.8717183770883055,0.842803576579175,0.046520245934087934,0.0,0.027151723617362164,0.04395458539395336,0.0,0.02408684920456028,102,0,102,1.0,1.0,63,0.5206611570247934,228,333,0.6846846846846847,1.0,0,0,102,102,1.0,0
UNPAIRED_HARD_DELETE,UNPAIRED_NUCLEOTIDE_EVIDENCE,20,107,petfold,121,333,1463,197,213,0.9078044239756322,0.9077787598919441,0.9036219622090245,0.8813253012048192,0.8729116945107399,0.8770983213429256,0.012548821622581969,0.0,0.006772740960450641,0.022757226087448346,0.0,0.011417847970144557,44,0,44,1.0,1.0,30,0.24793388429752067,288,333,0.8648648648648649,1.0,0,0,44,44,1.0,0
UNPAIRED_HARD_DELETE,UNPAIRED_NUCLEOTIDE_EVIDENCE,20,107,rnafold,121,333,1473,178,203,0.9188156416011771,0.9138670306547281,0.912204926095165,0.8921865536038764,0.8788782816229117,0.8854824165915239,0.01187822543935799,0.0,0.006387314187208869,0.02213339353299637,0.0,0.011038961560357441,42,0,42,1.0,1.0,27,0.2231404958677686,290,333,0.8708708708708709,1.0,0,0,42,42,1.0,0
UNPAIRED_HARD_DELETE,UNPAIRED_NUCLEOTIDE_EVIDENCE,20,107,trrosettarna2_native_ss,121,333,1461,329,215,0.8362071500344426,0.9120849106151278,0.8687391929427094,0.8162011173184358,0.8717183770883055,0.8430467397576457,0.04564349435103217,0.0,0.025867828729414483,0.04441030907754828,0.0,0.024330012383030897,103,0,103,1.0,1.0,67,0.5537190082644629,222,333,0.6666666666666666,1.0,0,0,103,103,1.0,0
UNPAIRED_HARD_DELETE,UNPAIRED_NUCLEOTIDE_EVIDENCE,20,109,petfold,121,333,1463,188,213,0.9155592652068638,0.9077787598919441,0.9075034282171451,0.886129618413083,0.8729116945107399,0.8794709948902916,0.02030366285381355,0.0,0.010654206968571361,0.027561543295712143,0.0,0.013790521517510479,53,0,53,1.0,1.0,34,0.2809917355371901,275,333,0.8258258258258259,1.0,0,0,53,53,1.0,0
UNPAIRED_HARD_DELETE,UNPAIRED_NUCLEOTIDE_EVIDENCE,20,109,rnafold,121,333,1473,173,203,0.9251858904755464,0.9138670306547281,0.9153002814537501,0.8948967193195626,0.8788782816229117,0.8868151715833835,0.018248474313727295,0.0,0.009482669545793864,0.024843559248682534,0.0,0.012371716552217027,47,0,47,1.0,1.0,29,0.2396694214876033,282,333,0.8468468468468469,1.0,0,0,47,47,1.0,0
UNPAIRED_HARD_DELETE,UNPAIRED_NUCLEOTIDE_EVIDENCE,20,109,trrosettarna2_native_ss,121,333,1461,326,215,0.8401798628102879,0.9120849106151278,0.8709964433564076,0.8175713486289872,0.8717183770883055,0.8437770719029744,0.0496162071268775,0.0,0.028125079143112602,0.045780540388099644,0.0,0.02506034452835959,106,0,106,1.0,1.0,74,0.6115702479338843,219,333,0.6576576576576577,1.0,0,0,106,106,1.0,0
UNPAIRED_HARD_DELETE,UNPAIRED_NUCLEOTIDE_EVIDENCE,20,113,petfold,121,333,1463,185,213,0.9145824492277108,0.9077787598919441,0.9069598305843096,0.8877427184466019,0.8729116945107399,0.8802647412755716,0.019326846874660575,0.0,0.010110609335735782,0.02917464332923103,0.0,0.014584267902790549,56,0,56,1.0,1.0,37,0.30578512396694213,276,333,0.8288288288288288,1.0,0,0,56,56,1.0,0
UNPAIRED_HARD_DELETE,UNPAIRED_NUCLEOTIDE_EVIDENCE,20,113,rnafold,121,333,1473,166,203,0.9257226248817326,0.9138670306547281,0.915671752571258,0.8987187309334961,0.8788782816229117,0.8886877828054298,0.018785208719913446,0.0,0.009854140663301817,0.028665570862616008,0.0,0.014244327774263321,54,0,54,1.0,1.0,34,0.2809917355371901,278,333,0.8348348348348348,1.0,0,0,54,54,1.0,0
UNPAIRED_HARD_DELETE,UNPAIRED_NUCLEOTIDE_EVIDENCE,20,113,trrosettarna2_native_ss,121,333,1461,329,215,0.8359257131496683,0.9120849106151278,0.8691596172338008,0.8162011173184358,0.8717183770883055,0.8430467397576457,0.04536205746625803,0.0,0.02628825302050586,0.04441030907754828,0.0,0.024330012383030897,103,0,103,1.0,1.0,69,0.5702479338842975,225,333,0.6756756756756757,1.0,0,0,103,103,1.0,0
UNPAIRED_HARD_DELETE,UNPAIRED_NUCLEOTIDE_EVIDENCE,50,101,petfold,121,873,1463,119,213,0.9439118099496078,0.9077787598919441,0.9213924449631312,0.9247787610619469,0.8729116945107399,0.898096992019644,0.04865620759655748,0.0,0.024543223714557392,0.06621068594457602,0.0,0.0324165186468629,122,0,122,1.0,1.0,51,0.4214876033057851,722,873,0.827033218785796,1.0,0,0,122,122,1.0,0
UNPAIRED_HARD_DELETE,UNPAIRED_NUCLEOTIDE_EVIDENCE,50,101,rnafold,121,873,1473,108,203,0.9500113228252205,0.9138670306547281,0.9274993982466011,0.9316888045540797,0.8788782816229117,0.9045133558489408,0.04307390666340136,0.0,0.02168178633864491,0.06163564448319958,0.0,0.030069900817774275,112,0,112,1.0,1.0,47,0.3884297520661157,737,873,0.8442153493699885,1.0,0,0,112,112,1.0,0
UNPAIRED_HARD_DELETE,UNPAIRED_NUCLEOTIDE_EVIDENCE,50,101,trrosettarna2_native_ss,121,873,1461,214,215,0.8927098986130318,0.9120849106151278,0.9000632120468277,0.8722388059701492,0.8717183770883055,0.8719785138764548,0.10214624292962138,0.0,0.05719184783353279,0.10044799772926172,0.0,0.05326178650183999,218,0,218,1.0,1.0,95,0.7851239669421488,598,873,0.6849942726231386,1.0,0,0,218,218,1.0,0
UNPAIRED_HARD_DELETE,UNPAIRED_NUCLEOTIDE_EVIDENCE,50,103,petfold,121,873,1463,122,213,0.9411735381007641,0.9077787598919441,0.9199231985211205,0.9230283911671924,0.8729116945107399,0.8972707758356332,0.04591793574771375,0.0,0.023073977272546703,0.0644603160498215,0.0,0.031590302462852105,119,0,119,1.0,1.0,49,0.4049586776859504,738,873,0.845360824742268,1.0,0,0,119,119,1.0,0
UNPAIRED_HARD_DELETE,UNPAIRED_NUCLEOTIDE_EVIDENCE,50,103,rnafold,121,873,1473,117,203,0.9443823966908016,0.9138670306547281,0.924709479821964,0.9264150943396227,0.8788782816229117,0.9020208205756277,0.03744498052898237,0.0,0.018891867914007886,0.056361934268742586,0.0,0.02757736554446122,103,0,103,1.0,1.0,41,0.33884297520661155,755,873,0.8648339060710195,1.0,0,0,103,103,1.0,0
UNPAIRED_HARD_DELETE,UNPAIRED_NUCLEOTIDE_EVIDENCE,50,103,trrosettarna2_native_ss,121,873,1461,206,215,0.8970198373140094,0.9120849106151278,0.902262535971675,0.8764247150569886,0.8717183770883055,0.8740652108884236,0.10645618163059897,0.0,0.05939117175838021,0.10463390681610107,0.0,0.05534848351380883,226,0,226,1.0,1.0,97,0.8016528925619835,581,873,0.6655211912943871,1.0,0,0,226,226,1.0,0
UNPAIRED_HARD_DELETE,UNPAIRED_NUCLEOTIDE_EVIDENCE,50,107,petfold,121,873,1463,119,213,0.9395338648829393,0.9077787598919441,0.9192489767353023,0.9247787610619469,0.8729116945107399,0.898096992019644,0.0442782625298891,0.0,0.02239975548672846,0.06621068594457602,0.0,0.0324165186468629,122,0,122,1.0,1.0,51,0.4214876033057851,728,873,0.8339060710194731,1.0,0,0,122,122,1.0,0
UNPAIRED_HARD_DELETE,UNPAIRED_NUCLEOTIDE_EVIDENCE,50,107,rnafold,121,873,1473,115,203,0.9432841594373436,0.9138670306547281,0.9244053917474238,0.9275818639798489,0.8788782816229117,0.9025735294117647,0.03634674327552438,0.0,0.018587779839467574,0.057528703908968803,0.0,0.028130074380598225,105,0,105,1.0,1.0,43,0.35537190082644626,750,873,0.8591065292096219,1.0,0,0,105,105,1.0,0
UNPAIRED_HARD_DELETE,UNPAIRED_NUCLEOTIDE_EVIDENCE,50,107,trrosettarna2_native_ss,121,873,1461,208,215,0.8961875090788818,0.9120849106151278,0.9016986518001273,0.8753744757339724,0.8717183770883055,0.873542600896861,0.10562385339547141,0.0,0.058827287586832394,0.1035836674930849,0.0,0.054825873522246216,224,0,224,1.0,1.0,98,0.8099173553719008,589,873,0.6746849942726232,1.0,0,0,224,224,1.0,0
UNPAIRED_HARD_DELETE,UNPAIRED_NUCLEOTIDE_EVIDENCE,50,109,petfold,121,873,1463,124,213,0.9420558179442255,0.9077787598919441,0.9208041187657124,0.921865154379332,0.8729116945107399,0.8967208090714067,0.04680021559117522,0.0,0.023954897517138647,0.06329707926196115,0.0,0.031040335698625632,117,0,117,1.0,1.0,53,0.4380165289256198,739,873,0.8465063001145475,1.0,0,0,117,117,1.0,0
UNPAIRED_HARD_DELETE,UNPAIRED_NUCLEOTIDE_EVIDENCE,50,109,rnafold,121,873,1473,117,203,0.9461819613059589,0.9138670306547281,0.9261205583700001,0.9264150943396227,0.8788782816229117,0.9020208205756277,0.039244545144139775,0.0,0.02030294646204397,0.056361934268742586,0.0,0.02757736554446122,103,0,103,1.0,1.0,44,0.36363636363636365,756,873,0.865979381443299,1.0,0,0,103,103,1.0,0
UNPAIRED_HARD_DELETE,UNPAIRED_NUCLEOTIDE_EVIDENCE,50,109,trrosettarna2_native_ss,121,873,1461,204,215,0.8966641110895148,0.9120849106151278,0.9018578836856721,0.8774774774774775,0.8717183770883055,0.8745884465728824,0.10610045540610437,0.0,0.05898651947237717,0.10568666923658998,0.0,0.05587171919826761,228,0,228,1.0,1.0,93,0.768595041322314,586,873,0.6712485681557846,1.0,0,0,228,228,1.0,0
UNPAIRED_HARD_DELETE,UNPAIRED_NUCLEOTIDE_EVIDENCE,50,113,petfold,121,873,1463,113,213,0.9445297862653208,0.9077787598919441,0.9217715899407899,0.9282994923857868,0.8729116945107399,0.8997539975399754,0.04927418391227053,0.0,0.024922368692216132,0.06973141726841592,0.0,0.034073524167194336,128,0,128,1.0,1.0,53,0.4380165289256198,721,873,0.8258877434135166,1.0,0,0,128,128,1.0,0
UNPAIRED_HARD_DELETE,UNPAIRED_NUCLEOTIDE_EVIDENCE,50,113,rnafold,121,873,1473,108,203,0.9475374495406809,0.9138670306547281,0.9266058763661935,0.9316888045540797,0.8788782816229117,0.9045133558489408,0.04060003337886169,0.0,0.02078826445823731,0.06163564448319958,0.0,0.030069900817774275,112,0,112,1.0,1.0,43,0.35537190082644626,739,873,0.8465063001145475,1.0,0,0,112,112,1.0,0
UNPAIRED_HARD_DELETE,UNPAIRED_NUCLEOTIDE_EVIDENCE,50,113,trrosettarna2_native_ss,121,873,1461,200,215,0.9012444995523115,0.9120849106151278,0.9043057261626475,0.8795906080674293,0.8717183770883055,0.8756367995205274,0.11068084386890101,0.0,0.061434361949352624,0.10779979982654175,0.0,0.05692007214591266,232,0,232,1.0,1.0,99,0.8181818181818182,587,873,0.6723940435280642,1.0,0,0,232,232,1.0,0
