condition,evidence_channel,density_percent,source_model,actual_evidence_item_count_mean,actual_evidence_item_count_std,actual_evidence_item_count_min,actual_evidence_item_count_max,macro_precision_mean,macro_precision_std,macro_precision_min,macro_precision_max,macro_recall_mean,macro_recall_std,macro_recall_min,macro_recall_max,macro_f1_mean,macro_f1_std,macro_f1_min,macro_f1_max,micro_precision_mean,micro_precision_std,micro_precision_min,micro_precision_max,micro_recall_mean,micro_recall_std,micro_recall_min,micro_recall_max,micro_f1_mean,micro_f1_std,micro_f1_min,micro_f1_max,macro_delta_precision_mean,macro_delta_precision_std,macro_delta_precision_min,macro_delta_precision_max,macro_delta_recall_mean,macro_delta_recall_std,macro_delta_recall_min,macro_delta_recall_max,macro_delta_f1_mean,macro_delta_f1_std,macro_delta_f1_min,macro_delta_f1_max,micro_delta_precision_mean,micro_delta_precision_std,micro_delta_precision_min,micro_delta_precision_max,micro_delta_recall_mean,micro_delta_recall_std,micro_delta_recall_min,micro_delta_recall_max,micro_delta_f1_mean,micro_delta_f1_std,micro_delta_f1_min,micro_delta_f1_max,beneficial_edits_mean,beneficial_edits_std,beneficial_edits_min,beneficial_edits_max,harmful_edits_mean,harmful_edits_std,harmful_edits_min,harmful_edits_max,modified_pair_count_mean,modified_pair_count_std,modified_pair_count_min,modified_pair_count_max,modification_precision_mean,modification_precision_std,modification_precision_min,modification_precision_max,correct_pair_preservation_mean,correct_pair_preservation_std,correct_pair_preservation_min,correct_pair_preservation_max,modified_rna_fraction_mean,modified_rna_fraction_std,modified_rna_fraction_min,modified_rna_fraction_max,evidence_compliance_before_mean,evidence_compliance_before_std,evidence_compliance_before_min,evidence_compliance_before_max,evidence_compliance_after_mean,evidence_compliance_after_std,evidence_compliance_after_min,evidence_compliance_after_max,direct_recovery_count_mean,direct_recovery_count_std,direct_recovery_count_min,direct_recovery_count_max,directly_inserted_pair_count_mean,directly_inserted_pair_count_std,directly_inserted_pair_count_min,directly_inserted_pair_count_max,local_conflicting_pairs_before_mean,local_conflicting_pairs_before_std,local_conflicting_pairs_before_min,local_conflicting_pairs_before_max,local_conflicting_pairs_removed_mean,local_conflicting_pairs_removed_std,local_conflicting_pairs_removed_min,local_conflicting_pairs_removed_max,local_conflict_correction_rate_mean,local_conflict_correction_rate_std,local_conflict_correction_rate_min,local_conflict_correction_rate_max,non_evidenced_changed_pair_count_mean,non_evidenced_changed_pair_count_std,non_evidenced_changed_pair_count_min,non_evidenced_changed_pair_count_max
ORIGINAL,POSITIVE_PAIR_EVIDENCE,0,petfold,0.0,0.0,0.0,0.0,0.8952556023530504,0.0,0.8952556023530504,0.8952556023530504,0.9077787598919441,0.0,0.9077787598919441,0.9077787598919441,0.8968492212485739,0.0,0.8968492212485739,0.8968492212485739,0.8585680751173708,0.0,0.8585680751173709,0.8585680751173709,0.87291169451074,0.0,0.8729116945107399,0.8729116945107399,0.865680473372781,0.0,0.8656804733727811,0.8656804733727811,0.0,0.0,0.0,0.0,0.0,0.0,0.0,0.0,0.0,0.0,0.0,0.0,0.0,0.0,0.0,0.0,0.0,0.0,0.0,0.0,0.0,0.0,0.0,0.0,0.0,0.0,0.0,0.0,0.0,0.0,0.0,0.0,0.0,0.0,0.0,0.0,,,,,1.0,0.0,1.0,1.0,0.0,0.0,0.0,0.0,,,,,,,,,0.0,0.0,0.0,0.0,0.0,0.0,0.0,0.0,0.0,0.0,0.0,0.0,0.0,0.0,0.0,0.0,,,,,0.0,0.0,0.0,0.0
ORIGINAL,POSITIVE_PAIR_EVIDENCE,0,rnafold,0.0,0.0,0.0,0.0,0.9069374161618192,0.0,0.9069374161618192,0.9069374161618192,0.9138670306547281,0.0,0.9138670306547281,0.9138670306547281,0.905817611907956,0.0,0.9058176119079561,0.9058176119079561,0.87005316007088,0.0,0.8700531600708801,0.8700531600708801,0.8788782816229117,0.0,0.8788782816229117,0.8788782816229117,0.8744434550311665,0.0,0.8744434550311665,0.8744434550311665,0.0,0.0,0.0,0.0,0.0,0.0,0.0,0.0,0.0,0.0,0.0,0.0,0.0,0.0,0.0,0.0,0.0,0.0,0.0,0.0,0.0,0.0,0.0,0.0,0.0,0.0,0.0,0.0,0.0,0.0,0.0,0.0,0.0,0.0,0.0,0.0,,,,,1.0,0.0,1.0,1.0,0.0,0.0,0.0,0.0,,,,,,,,,0.0,0.0,0.0,0.0,0.0,0.0,0.0,0.0,0.0,0.0,0.0,0.0,0.0,0.0,0.0,0.0,,,,,0.0,0.0,0.0,0.0
ORIGINAL,POSITIVE_PAIR_EVIDENCE,0,trrosettarna2_native_ss,0.0,0.0,0.0,0.0,0.7905636556834104,0.0,0.7905636556834104,0.7905636556834104,0.9120849106151278,0.0,0.9120849106151278,0.9120849106151278,0.842871364213295,0.0,0.8428713642132949,0.8428713642132949,0.7717908082408875,0.0,0.7717908082408875,0.7717908082408875,0.8717183770883054,0.0,0.8717183770883055,0.8717183770883055,0.8187167273746148,0.0,0.8187167273746148,0.8187167273746148,0.0,0.0,0.0,0.0,0.0,0.0,0.0,0.0,0.0,0.0,0.0,0.0,0.0,0.0,0.0,0.0,0.0,0.0,0.0,0.0,0.0,0.0,0.0,0.0,0.0,0.0,0.0,0.0,0.0,0.0,0.0,0.0,0.0,0.0,0.0,0.0,,,,,1.0,0.0,1.0,1.0,0.0,0.0,0.0,0.0,,,,,,,,,0.0,0.0,0.0,0.0,0.0,0.0,0.0,0.0,0.0,0.0,0.0,0.0,0.0,0.0,0.0,0.0,,,,,0.0,0.0,0.0,0.0
ORIGINAL,POSITIVE_PAIR_EVIDENCE,1,petfold,121.0,0.0,121.0,121.0,0.8952556023530504,0.0,0.8952556023530504,0.8952556023530504,0.9077787598919441,0.0,0.9077787598919441,0.9077787598919441,0.8968492212485739,0.0,0.8968492212485739,0.8968492212485739,0.8585680751173708,0.0,0.8585680751173709,0.8585680751173709,0.87291169451074,0.0,0.8729116945107399,0.8729116945107399,0.865680473372781,0.0,0.8656804733727811,0.8656804733727811,0.0,0.0,0.0,0.0,0.0,0.0,0.0,0.0,0.0,0.0,0.0,0.0,0.0,0.0,0.0,0.0,0.0,0.0,0.0,0.0,0.0,0.0,0.0,0.0,0.0,0.0,0.0,0.0,0.0,0.0,0.0,0.0,0.0,0.0,0.0,0.0,,,,,1.0,0.0,1.0,1.0,0.0,0.0,0.0,0.0,0.9206611570247933,0.009917355371900844,0.9090909090909091,0.9338842975206612,0.9206611570247933,0.009917355371900844,0.9090909090909091,0.9338842975206612,0.0,0.0,0.0,0.0,0.0,0.0,0.0,0.0,7.0,1.6733200530681511,4.0,9.0,0.0,0.0,0.0,0.0,0.0,0.0,0.0,0.0,0.0,0.0,0.0,0.0
ORIGINAL,POSITIVE_PAIR_EVIDENCE,1,rnafold,121.0,0.0,121.0,121.0,0.9069374161618192,0.0,0.9069374161618192,0.9069374161618192,0.9138670306547281,0.0,0.9138670306547281,0.9138670306547281,0.905817611907956,0.0,0.9058176119079561,0.9058176119079561,0.87005316007088,0.0,0.8700531600708801,0.8700531600708801,0.8788782816229117,0.0,0.8788782816229117,0.8788782816229117,0.8744434550311665,0.0,0.8744434550311665,0.8744434550311665,0.0,0.0,0.0,0.0,0.0,0.0,0.0,0.0,0.0,0.0,0.0,0.0,0.0,0.0,0.0,0.0,0.0,0.0,0.0,0.0,0.0,0.0,0.0,0.0,0.0,0.0,0.0,0.0,0.0,0.0,0.0,0.0,0.0,0.0,0.0,0.0,,,,,1.0,0.0,1.0,1.0,0.0,0.0,0.0,0.0,0.9272727272727274,0.006184557664089139,0.9173553719008265,0.9338842975206612,0.9272727272727274,0.006184557664089139,0.9173553719008265,0.9338842975206612,0.0,0.0,0.0,0.0,0.0,0.0,0.0,0.0,5.8,1.6,4.0,8.0,0.0,0.0,0.0,0.0,0.0,0.0,0.0,0.0,0.0,0.0,0.0,0.0
ORIGINAL,POSITIVE_PAIR_EVIDENCE,1,trrosettarna2_native_ss,121.0,0.0,121.0,121.0,0.7905636556834104,0.0,0.7905636556834104,0.7905636556834104,0.9120849106151278,0.0,0.9120849106151278,0.9120849106151278,0.842871364213295,0.0,0.8428713642132949,0.8428713642132949,0.7717908082408875,0.0,0.7717908082408875,0.7717908082408875,0.8717183770883054,0.0,0.8717183770883055,0.8717183770883055,0.8187167273746148,0.0,0.8187167273746148,0.8187167273746148,0.0,0.0,0.0,0.0,0.0,0.0,0.0,0.0,0.0,0.0,0.0,0.0,0.0,0.0,0.0,0.0,0.0,0.0,0.0,0.0,0.0,0.0,0.0,0.0,0.0,0.0,0.0,0.0,0.0,0.0,0.0,0.0,0.0,0.0,0.0,0.0,,,,,1.0,0.0,1.0,1.0,0.0,0.0,0.0,0.0,0.9190082644628099,0.013223140495867772,0.9008264462809917,0.9338842975206612,0.9190082644628099,0.013223140495867772,0.9008264462809917,0.9338842975206612,0.0,0.0,0.0,0.0,0.0,0.0,0.0,0.0,17.4,1.7435595774162693,15.0,20.0,0.0,0.0,0.0,0.0,0.0,0.0,0.0,0.0,0.0,0.0,0.0,0.0
ORIGINAL,POSITIVE_PAIR_EVIDENCE,5,petfold,130.0,0.0,130.0,130.0,0.8952556023530504,0.0,0.8952556023530504,0.8952556023530504,0.9077787598919441,0.0,0.9077787598919441,0.9077787598919441,0.8968492212485739,0.0,0.8968492212485739,0.8968492212485739,0.8585680751173708,0.0,0.8585680751173709,0.8585680751173709,0.87291169451074,0.0,0.8729116945107399,0.8729116945107399,0.865680473372781,0.0,0.8656804733727811,0.8656804733727811,0.0,0.0,0.0,0.0,0.0,0.0,0.0,0.0,0.0,0.0,0.0,0.0,0.0,0.0,0.0,0.0,0.0,0.0,0.0,0.0,0.0,0.0,0.0,0.0,0.0,0.0,0.0,0.0,0.0,0.0,0.0,0.0,0.0,0.0,0.0,0.0,,,,,1.0,0.0,1.0,1.0,0.0,0.0,0.0,0.0,0.8969230769230769,0.024129826371320204,0.8538461538461538,0.9230769230769231,0.8969230769230769,0.024129826371320204,0.8538461538461538,0.9230769230769231,0.0,0.0,0.0,0.0,0.0,0.0,0.0,0.0,10.4,2.939387691339814,8.0,16.0,0.0,0.0,0.0,0.0,0.0,0.0,0.0,0.0,0.0,0.0,0.0,0.0
ORIGINAL,POSITIVE_PAIR_EVIDENCE,5,rnafold,130.0,0.0,130.0,130.0,0.9069374161618192,0.0,0.9069374161618192,0.9069374161618192,0.9138670306547281,0.0,0.9138670306547281,0.9138670306547281,0.905817611907956,0.0,0.9058176119079561,0.9058176119079561,0.87005316007088,0.0,0.8700531600708801,0.8700531600708801,0.8788782816229117,0.0,0.8788782816229117,0.8788782816229117,0.8744434550311665,0.0,0.8744434550311665,0.8744434550311665,0.0,0.0,0.0,0.0,0.0,0.0,0.0,0.0,0.0,0.0,0.0,0.0,0.0,0.0,0.0,0.0,0.0,0.0,0.0,0.0,0.0,0.0,0.0,0.0,0.0,0.0,0.0,0.0,0.0,0.0,0.0,0.0,0.0,0.0,0.0,0.0,,,,,1.0,0.0,1.0,1.0,0.0,0.0,0.0,0.0,0.8969230769230769,0.027348290514817204,0.8461538461538461,0.9230769230769231,0.8969230769230769,0.027348290514817204,0.8461538461538461,0.9230769230769231,0.0,0.0,0.0,0.0,0.0,0.0,0.0,0.0,9.6,2.727636339397171,6.0,14.0,0.0,0.0,0.0,0.0,0.0,0.0,0.0,0.0,0.0,0.0,0.0,0.0
ORIGINAL,POSITIVE_PAIR_EVIDENCE,5,trrosettarna2_native_ss,130.0,0.0,130.0,130.0,0.7905636556834104,0.0,0.7905636556834104,0.7905636556834104,0.9120849106151278,0.0,0.9120849106151278,0.9120849106151278,0.842871364213295,0.0,0.8428713642132949,0.8428713642132949,0.7717908082408875,0.0,0.7717908082408875,0.7717908082408875,0.8717183770883054,0.0,0.8717183770883055,0.8717183770883055,0.8187167273746148,0.0,0.8187167273746148,0.8187167273746148,0.0,0.0,0.0,0.0,0.0,0.0,0.0,0.0,0.0,0.0,0.0,0.0,0.0,0.0,0.0,0.0,0.0,0.0,0.0,0.0,0.0,0.0,0.0,0.0,0.0,0.0,0.0,0.0,0.0,0.0,0.0,0.0,0.0,0.0,0.0,0.0,,,,,1.0,0.0,1.0,1.0,0.0,0.0,0.0,0.0,0.9030769230769231,0.015839430986133857,0.8769230769230769,0.9230769230769231,0.9030769230769231,0.015839430986133857,0.8769230769230769,0.9230769230769231,0.0,0.0,0.0,0.0,0.0,0.0,0.0,0.0,16.6,2.1540659228538015,14.0,20.0,0.0,0.0,0.0,0.0,0.0,0.0,0.0,0.0,0.0,0.0,0.0,0.0
ORIGINAL,POSITIVE_PAIR_EVIDENCE,10,petfold,180.0,0.0,180.0,180.0,0.8952556023530504,0.0,0.8952556023530504,0.8952556023530504,0.9077787598919441,0.0,0.9077787598919441,0.9077787598919441,0.8968492212485739,0.0,0.8968492212485739,0.8968492212485739,0.8585680751173708,0.0,0.8585680751173709,0.8585680751173709,0.87291169451074,0.0,0.8729116945107399,0.8729116945107399,0.865680473372781,0.0,0.8656804733727811,0.8656804733727811,0.0,0.0,0.0,0.0,0.0,0.0,0.0,0.0,0.0,0.0,0.0,0.0,0.0,0.0,0.0,0.0,0.0,0.0,0.0,0.0,0.0,0.0,0.0,0.0,0.0,0.0,0.0,0.0,0.0,0.0,0.0,0.0,0.0,0.0,0.0,0.0,,,,,1.0,0.0,1.0,1.0,0.0,0.0,0.0,0.0,0.8855555555555557,0.021829869671542778,0.85,0.9166666666666666,0.8855555555555557,0.021829869671542778,0.85,0.9166666666666666,0.0,0.0,0.0,0.0,0.0,0.0,0.0,0.0,16.4,2.0591260281974,14.0,20.0,0.0,0.0,0.0,0.0,0.0,0.0,0.0,0.0,0.0,0.0,0.0,0.0
ORIGINAL,POSITIVE_PAIR_EVIDENCE,10,rnafold,180.0,0.0,180.0,180.0,0.9069374161618192,0.0,0.9069374161618192,0.9069374161618192,0.9138670306547281,0.0,0.9138670306547281,0.9138670306547281,0.905817611907956,0.0,0.9058176119079561,0.9058176119079561,0.87005316007088,0.0,0.8700531600708801,0.8700531600708801,0.8788782816229117,0.0,0.8788782816229117,0.8788782816229117,0.8744434550311665,0.0,0.8744434550311665,0.8744434550311665,0.0,0.0,0.0,0.0,0.0,0.0,0.0,0.0,0.0,0.0,0.0,0.0,0.0,0.0,0.0,0.0,0.0,0.0,0.0,0.0,0.0,0.0,0.0,0.0,0.0,0.0,0.0,0.0,0.0,0.0,0.0,0.0,0.0,0.0,0.0,0.0,,,,,1.0,0.0,1.0,1.0,0.0,0.0,0.0,0.0,0.89,0.02030629653610786,0.8555555555555555,0.9166666666666666,0.89,0.02030629653610786,0.8555555555555555,0.9166666666666666,0.0,0.0,0.0,0.0,0.0,0.0,0.0,0.0,15.2,2.039607805437114,13.0,19.0,0.0,0.0,0.0,0.0,0.0,0.0,0.0,0.0,0.0,0.0,0.0,0.0
ORIGINAL,POSITIVE_PAIR_EVIDENCE,10,trrosettarna2_native_ss,180.0,0.0,180.0,180.0,0.7905636556834104,0.0,0.7905636556834104,0.7905636556834104,0.9120849106151278,0.0,0.9120849106151278,0.9120849106151278,0.842871364213295,0.0,0.8428713642132949,0.8428713642132949,0.7717908082408875,0.0,0.7717908082408875,0.7717908082408875,0.8717183770883054,0.0,0.8717183770883055,0.8717183770883055,0.8187167273746148,0.0,0.8187167273746148,0.8187167273746148,0.0,0.0,0.0,0.0,0.0,0.0,0.0,0.0,0.0,0.0,0.0,0.0,0.0,0.0,0.0,0.0,0.0,0.0,0.0,0.0,0.0,0.0,0.0,0.0,0.0,0.0,0.0,0.0,0.0,0.0,0.0,0.0,0.0,0.0,0.0,0.0,,,,,1.0,0.0,1.0,1.0,0.0,0.0,0.0,0.0,0.8800000000000001,0.011967032904743352,0.8666666666666667,0.8944444444444445,0.8800000000000001,0.011967032904743352,0.8666666666666667,0.8944444444444445,0.0,0.0,0.0,0.0,0.0,0.0,0.0,0.0,29.6,0.8,29.0,31.0,0.0,0.0,0.0,0.0,0.0,0.0,0.0,0.0,0.0,0.0,0.0,0.0
ORIGINAL,POSITIVE_PAIR_EVIDENCE,20,petfold,338.0,0.0,338.0,338.0,0.8952556023530504,0.0,0.8952556023530504,0.8952556023530504,0.9077787598919441,0.0,0.9077787598919441,0.9077787598919441,0.8968492212485739,0.0,0.8968492212485739,0.8968492212485739,0.8585680751173708,0.0,0.8585680751173709,0.8585680751173709,0.87291169451074,0.0,0.8729116945107399,0.8729116945107399,0.865680473372781,0.0,0.8656804733727811,0.8656804733727811,0.0,0.0,0.0,0.0,0.0,0.0,0.0,0.0,0.0,0.0,0.0,0.0,0.0,0.0,0.0,0.0,0.0,0.0,0.0,0.0,0.0,0.0,0.0,0.0,0.0,0.0,0.0,0.0,0.0,0.0,0.0,0.0,0.0,0.0,0.0,0.0,,,,,1.0,0.0,1.0,1.0,0.0,0.0,0.0,0.0,0.8686390532544379,0.006641995361137173,0.8579881656804734,0.8757396449704142,0.8686390532544379,0.006641995361137173,0.8579881656804734,0.8757396449704142,0.0,0.0,0.0,0.0,0.0,0.0,0.0,0.0,39.2,6.11228271597445,31.0,50.0,0.0,0.0,0.0,0.0,0.0,0.0,0.0,0.0,0.0,0.0,0.0,0.0
ORIGINAL,POSITIVE_PAIR_EVIDENCE,20,rnafold,338.0,0.0,338.0,338.0,0.9069374161618192,0.0,0.9069374161618192,0.9069374161618192,0.9138670306547281,0.0,0.9138670306547281,0.9138670306547281,0.905817611907956,0.0,0.9058176119079561,0.9058176119079561,0.87005316007088,0.0,0.8700531600708801,0.8700531600708801,0.8788782816229117,0.0,0.8788782816229117,0.8788782816229117,0.8744434550311665,0.0,0.8744434550311665,0.8744434550311665,0.0,0.0,0.0,0.0,0.0,0.0,0.0,0.0,0.0,0.0,0.0,0.0,0.0,0.0,0.0,0.0,0.0,0.0,0.0,0.0,0.0,0.0,0.0,0.0,0.0,0.0,0.0,0.0,0.0,0.0,0.0,0.0,0.0,0.0,0.0,0.0,,,,,1.0,0.0,1.0,1.0,0.0,0.0,0.0,0.0,0.8739644970414201,0.005158460288213808,0.8668639053254438,0.8816568047337278,0.8739644970414201,0.005158460288213808,0.8668639053254438,0.8816568047337278,0.0,0.0,0.0,0.0,0.0,0.0,0.0,0.0,37.8,5.979966555090421,33.0,49.0,0.0,0.0,0.0,0.0,0.0,0.0,0.0,0.0,0.0,0.0,0.0,0.0
ORIGINAL,POSITIVE_PAIR_EVIDENCE,20,trrosettarna2_native_ss,338.0,0.0,338.0,338.0,0.7905636556834104,0.0,0.7905636556834104,0.7905636556834104,0.9120849106151278,0.0,0.9120849106151278,0.9120849106151278,0.842871364213295,0.0,0.8428713642132949,0.8428713642132949,0.7717908082408875,0.0,0.7717908082408875,0.7717908082408875,0.8717183770883054,0.0,0.8717183770883055,0.8717183770883055,0.8187167273746148,0.0,0.8187167273746148,0.8187167273746148,0.0,0.0,0.0,0.0,0.0,0.0,0.0,0.0,0.0,0.0,0.0,0.0,0.0,0.0,0.0,0.0,0.0,0.0,0.0,0.0,0.0,0.0,0.0,0.0,0.0,0.0,0.0,0.0,0.0,0.0,0.0,0.0,0.0,0.0,0.0,0.0,,,,,1.0,0.0,1.0,1.0,0.0,0.0,0.0,0.0,0.8751479289940829,0.007805269797794613,0.8668639053254438,0.8846153846153846,0.8751479289940829,0.007805269797794613,0.8668639053254438,0.8846153846153846,0.0,0.0,0.0,0.0,0.0,0.0,0.0,0.0,54.8,5.1536394906900505,45.0,60.0,0.0,0.0,0.0,0.0,0.0,0.0,0.0,0.0,0.0,0.0,0.0,0.0
ORIGINAL,POSITIVE_PAIR_EVIDENCE,50,petfold,875.0,0.0,875.0,875.0,0.8952556023530504,0.0,0.8952556023530504,0.8952556023530504,0.9077787598919441,0.0,0.9077787598919441,0.9077787598919441,0.8968492212485739,0.0,0.8968492212485739,0.8968492212485739,0.8585680751173708,0.0,0.8585680751173709,0.8585680751173709,0.87291169451074,0.0,0.8729116945107399,0.8729116945107399,0.865680473372781,0.0,0.8656804733727811,0.8656804733727811,0.0,0.0,0.0,0.0,0.0,0.0,0.0,0.0,0.0,0.0,0.0,0.0,0.0,0.0,0.0,0.0,0.0,0.0,0.0,0.0,0.0,0.0,0.0,0.0,0.0,0.0,0.0,0.0,0.0,0.0,0.0,0.0,0.0,0.0,0.0,0.0,,,,,1.0,0.0,1.0,1.0,0.0,0.0,0.0,0.0,0.8713142857142857,0.003727887184068579,0.8674285714285714,0.8777142857142857,0.8713142857142857,0.003727887184068579,0.8674285714285714,0.8777142857142857,0.0,0.0,0.0,0.0,0.0,0.0,0.0,0.0,86.2,7.626270385975047,74.0,95.0,0.0,0.0,0.0,0.0,0.0,0.0,0.0,0.0,0.0,0.0,0.0,0.0
ORIGINAL,POSITIVE_PAIR_EVIDENCE,50,rnafold,875.0,0.0,875.0,875.0,0.9069374161618192,0.0,0.9069374161618192,0.9069374161618192,0.9138670306547281,0.0,0.9138670306547281,0.9138670306547281,0.905817611907956,0.0,0.9058176119079561,0.9058176119079561,0.87005316007088,0.0,0.8700531600708801,0.8700531600708801,0.8788782816229117,0.0,0.8788782816229117,0.8788782816229117,0.8744434550311665,0.0,0.8744434550311665,0.8744434550311665,0.0,0.0,0.0,0.0,0.0,0.0,0.0,0.0,0.0,0.0,0.0,0.0,0.0,0.0,0.0,0.0,0.0,0.0,0.0,0.0,0.0,0.0,0.0,0.0,0.0,0.0,0.0,0.0,0.0,0.0,0.0,0.0,0.0,0.0,0.0,0.0,,,,,1.0,0.0,1.0,1.0,0.0,0.0,0.0,0.0,0.8768,0.005663776774109173,0.8708571428571429,0.8857142857142857,0.8768,0.005663776774109173,0.8708571428571429,0.8857142857142857,0.0,0.0,0.0,0.0,0.0,0.0,0.0,0.0,84.0,8.414273587185052,72.0,94.0,0.0,0.0,0.0,0.0,0.0,0.0,0.0,0.0,0.0,0.0,0.0,0.0
ORIGINAL,POSITIVE_PAIR_EVIDENCE,50,trrosettarna2_native_ss,875.0,0.0,875.0,875.0,0.7905636556834104,0.0,0.7905636556834104,0.7905636556834104,0.9120849106151278,0.0,0.9120849106151278,0.9120849106151278,0.842871364213295,0.0,0.8428713642132949,0.8428713642132949,0.7717908082408875,0.0,0.7717908082408875,0.7717908082408875,0.8717183770883054,0.0,0.8717183770883055,0.8717183770883055,0.8187167273746148,0.0,0.8187167273746148,0.8187167273746148,0.0,0.0,0.0,0.0,0.0,0.0,0.0,0.0,0.0,0.0,0.0,0.0,0.0,0.0,0.0,0.0,0.0,0.0,0.0,0.0,0.0,0.0,0.0,0.0,0.0,0.0,0.0,0.0,0.0,0.0,0.0,0.0,0.0,0.0,0.0,0.0,,,,,1.0,0.0,1.0,1.0,0.0,0.0,0.0,0.0,0.8715428571428572,0.005437886744397854,0.8628571428571429,0.8765714285714286,0.8715428571428572,0.005437886744397854,0.8628571428571429,0.8765714285714286,0.0,0.0,0.0,0.0,0.0,0.0,0.0,0.0,123.2,2.7856776554368237,120.0,127.0,0.0,0.0,0.0,0.0,0.0,0.0,0.0,0.0,0.0,0.0,0.0,0.0
ORIGINAL,UNPAIRED_NUCLEOTIDE_EVIDENCE,0,petfold,0.0,0.0,0.0,0.0,0.8952556023530504,0.0,0.8952556023530504,0.8952556023530504,0.9077787598919441,0.0,0.9077787598919441,0.9077787598919441,0.8968492212485739,0.0,0.8968492212485739,0.8968492212485739,0.8585680751173708,0.0,0.8585680751173709,0.8585680751173709,0.87291169451074,0.0,0.8729116945107399,0.8729116945107399,0.865680473372781,0.0,0.8656804733727811,0.8656804733727811,0.0,0.0,0.0,0.0,0.0,0.0,0.0,0.0,0.0,0.0,0.0,0.0,0.0,0.0,0.0,0.0,0.0,0.0,0.0,0.0,0.0,0.0,0.0,0.0,0.0,0.0,0.0,0.0,0.0,0.0,0.0,0.0,0.0,0.0,0.0,0.0,,,,,1.0,0.0,1.0,1.0,0.0,0.0,0.0,0.0,,,,,,,,,0.0,0.0,0.0,0.0,0.0,0.0,0.0,0.0,0.0,0.0,0.0,0.0,0.0,0.0,0.0,0.0,,,,,0.0,0.0,0.0,0.0
ORIGINAL,UNPAIRED_NUCLEOTIDE_EVIDENCE,0,rnafold,0.0,0.0,0.0,0.0,0.9069374161618192,0.0,0.9069374161618192,0.9069374161618192,0.9138670306547281,0.0,0.9138670306547281,0.9138670306547281,0.905817611907956,0.0,0.9058176119079561,0.9058176119079561,0.87005316007088,0.0,0.8700531600708801,0.8700531600708801,0.8788782816229117,0.0,0.8788782816229117,0.8788782816229117,0.8744434550311665,0.0,0.8744434550311665,0.8744434550311665,0.0,0.0,0.0,0.0,0.0,0.0,0.0,0.0,0.0,0.0,0.0,0.0,0.0,0.0,0.0,0.0,0.0,0.0,0.0,0.0,0.0,0.0,0.0,0.0,0.0,0.0,0.0,0.0,0.0,0.0,0.0,0.0,0.0,0.0,0.0,0.0,,,,,1.0,0.0,1.0,1.0,0.0,0.0,0.0,0.0,,,,,,,,,0.0,0.0,0.0,0.0,0.0,0.0,0.0,0.0,0.0,0.0,0.0,0.0,0.0,0.0,0.0,0.0,,,,,0.0,0.0,0.0,0.0
ORIGINAL,UNPAIRED_NUCLEOTIDE_EVIDENCE,0,trrosettarna2_native_ss,0.0,0.0,0.0,0.0,0.7905636556834104,0.0,0.7905636556834104,0.7905636556834104,0.9120849106151278,0.0,0.9120849106151278,0.9120849106151278,0.842871364213295,0.0,0.8428713642132949,0.8428713642132949,0.7717908082408875,0.0,0.7717908082408875,0.7717908082408875,0.8717183770883054,0.0,0.8717183770883055,0.8717183770883055,0.8187167273746148,0.0,0.8187167273746148,0.8187167273746148,0.0,0.0,0.0,0.0,0.0,0.0,0.0,0.0,0.0,0.0,0.0,0.0,0.0,0.0,0.0,0.0,0.0,0.0,0.0,0.0,0.0,0.0,0.0,0.0,0.0,0.0,0.0,0.0,0.0,0.0,0.0,0.0,0.0,0.0,0.0,0.0,,,,,1.0,0.0,1.0,1.0,0.0,0.0,0.0,0.0,,,,,,,,,0.0,0.0,0.0,0.0,0.0,0.0,0.0,0.0,0.0,0.0,0.0,0.0,0.0,0.0,0.0,0.0,,,,,0.0,0.0,0.0,0.0
ORIGINAL,UNPAIRED_NUCLEOTIDE_EVIDENCE,1,petfold,121.0,0.0,121.0,121.0,0.8952556023530504,0.0,0.8952556023530504,0.8952556023530504,0.9077787598919441,0.0,0.9077787598919441,0.9077787598919441,0.8968492212485739,0.0,0.8968492212485739,0.8968492212485739,0.8585680751173708,0.0,0.8585680751173709,0.8585680751173709,0.87291169451074,0.0,0.8729116945107399,0.8729116945107399,0.865680473372781,0.0,0.8656804733727811,0.8656804733727811,0.0,0.0,0.0,0.0,0.0,0.0,0.0,0.0,0.0,0.0,0.0,0.0,0.0,0.0,0.0,0.0,0.0,0.0,0.0,0.0,0.0,0.0,0.0,0.0,0.0,0.0,0.0,0.0,0.0,0.0,0.0,0.0,0.0,0.0,0.0,0.0,,,,,1.0,0.0,1.0,1.0,0.0,0.0,0.0,0.0,0.8561983471074381,0.01701757048097023,0.8264462809917356,0.8760330578512396,0.8561983471074381,0.01701757048097023,0.8264462809917356,0.8760330578512396,0.0,0.0,0.0,0.0,0.0,0.0,0.0,0.0,17.4,2.0591260281974,15.0,21.0,0.0,0.0,0.0,0.0,0.0,0.0,0.0,0.0,0.0,0.0,0.0,0.0
ORIGINAL,UNPAIRED_NUCLEOTIDE_EVIDENCE,1,rnafold,121.0,0.0,121.0,121.0,0.9069374161618192,0.0,0.9069374161618192,0.9069374161618192,0.9138670306547281,0.0,0.9138670306547281,0.9138670306547281,0.905817611907956,0.0,0.9058176119079561,0.9058176119079561,0.87005316007088,0.0,0.8700531600708801,0.8700531600708801,0.8788782816229117,0.0,0.8788782816229117,0.8788782816229117,0.8744434550311665,0.0,0.8744434550311665,0.8744434550311665,0.0,0.0,0.0,0.0,0.0,0.0,0.0,0.0,0.0,0.0,0.0,0.0,0.0,0.0,0.0,0.0,0.0,0.0,0.0,0.0,0.0,0.0,0.0,0.0,0.0,0.0,0.0,0.0,0.0,0.0,0.0,0.0,0.0,0.0,0.0,0.0,,,,,1.0,0.0,1.0,1.0,0.0,0.0,0.0,0.0,0.8793388429752067,0.026957861868264633,0.8429752066115702,0.9256198347107438,0.8793388429752067,0.026957861868264633,0.8429752066115702,0.9256198347107438,0.0,0.0,0.0,0.0,0.0,0.0,0.0,0.0,14.6,3.2619012860600183,9.0,19.0,0.0,0.0,0.0,0.0,0.0,0.0,0.0,0.0,0.0,0.0,0.0,0.0
ORIGINAL,UNPAIRED_NUCLEOTIDE_EVIDENCE,1,trrosettarna2_native_ss,121.0,0.0,121.0,121.0,0.7905636556834104,0.0,0.7905636556834104,0.7905636556834104,0.9120849106151278,0.0,0.9120849106151278,0.9120849106151278,0.842871364213295,0.0,0.8428713642132949,0.8428713642132949,0.7717908082408875,0.0,0.7717908082408875,0.7717908082408875,0.8717183770883054,0.0,0.8717183770883055,0.8717183770883055,0.8187167273746148,0.0,0.8187167273746148,0.8187167273746148,0.0,0.0,0.0,0.0,0.0,0.0,0.0,0.0,0.0,0.0,0.0,0.0,0.0,0.0,0.0,0.0,0.0,0.0,0.0,0.0,0.0,0.0,0.0,0.0,0.0,0.0,0.0,0.0,0.0,0.0,0.0,0.0,0.0,0.0,0.0,0.0,,,,,1.0,0.0,1.0,1.0,0.0,0.0,0.0,0.0,0.6677685950413224,0.038904470399801064,0.628099173553719,0.71900826446281,0.6677685950413224,0.038904470399801064,0.628099173553719,0.71900826446281,0.0,0.0,0.0,0.0,0.0,0.0,0.0,0.0,40.2,4.707440918375928,34.0,45.0,0.0,0.0,0.0,0.0,0.0,0.0,0.0,0.0,0.0,0.0,0.0,0.0
ORIGINAL,UNPAIRED_NUCLEOTIDE_EVIDENCE,5,petfold,134.0,0.0,134.0,134.0,0.8952556023530504,0.0,0.8952556023530504,0.8952556023530504,0.9077787598919441,0.0,0.9077787598919441,0.9077787598919441,0.8968492212485739,0.0,0.8968492212485739,0.8968492212485739,0.8585680751173708,0.0,0.8585680751173709,0.8585680751173709,0.87291169451074,0.0,0.8729116945107399,0.8729116945107399,0.865680473372781,0.0,0.8656804733727811,0.8656804733727811,0.0,0.0,0.0,0.0,0.0,0.0,0.0,0.0,0.0,0.0,0.0,0.0,0.0,0.0,0.0,0.0,0.0,0.0,0.0,0.0,0.0,0.0,0.0,0.0,0.0,0.0,0.0,0.0,0.0,0.0,0.0,0.0,0.0,0.0,0.0,0.0,,,,,1.0,0.0,1.0,1.0,0.0,0.0,0.0,0.0,0.8388059701492537,0.015366612150726846,0.8208955223880597,0.8656716417910447,0.8388059701492537,0.015366612150726846,0.8208955223880597,0.8656716417910447,0.0,0.0,0.0,0.0,0.0,0.0,0.0,0.0,21.2,1.9390719429665315,18.0,24.0,0.0,0.0,0.0,0.0,0.0,0.0,0.0,0.0,0.0,0.0,0.0,0.0
ORIGINAL,UNPAIRED_NUCLEOTIDE_EVIDENCE,5,rnafold,134.0,0.0,134.0,134.0,0.9069374161618192,0.0,0.9069374161618192,0.9069374161618192,0.9138670306547281,0.0,0.9138670306547281,0.9138670306547281,0.905817611907956,0.0,0.9058176119079561,0.9058176119079561,0.87005316007088,0.0,0.8700531600708801,0.8700531600708801,0.8788782816229117,0.0,0.8788782816229117,0.8788782816229117,0.8744434550311665,0.0,0.8744434550311665,0.8744434550311665,0.0,0.0,0.0,0.0,0.0,0.0,0.0,0.0,0.0,0.0,0.0,0.0,0.0,0.0,0.0,0.0,0.0,0.0,0.0,0.0,0.0,0.0,0.0,0.0,0.0,0.0,0.0,0.0,0.0,0.0,0.0,0.0,0.0,0.0,0.0,0.0,,,,,1.0,0.0,1.0,1.0,0.0,0.0,0.0,0.0,0.8746268656716417,0.01727736851162722,0.8507462686567164,0.9029850746268657,0.8746268656716417,0.01727736851162722,0.8507462686567164,0.9029850746268657,0.0,0.0,0.0,0.0,0.0,0.0,0.0,0.0,16.6,2.0591260281974,13.0,19.0,0.0,0.0,0.0,0.0,0.0,0.0,0.0,0.0,0.0,0.0,0.0,0.0
ORIGINAL,UNPAIRED_NUCLEOTIDE_EVIDENCE,5,trrosettarna2_native_ss,134.0,0.0,134.0,134.0,0.7905636556834104,0.0,0.7905636556834104,0.7905636556834104,0.9120849106151278,0.0,0.9120849106151278,0.9120849106151278,0.842871364213295,0.0,0.8428713642132949,0.8428713642132949,0.7717908082408875,0.0,0.7717908082408875,0.7717908082408875,0.8717183770883054,0.0,0.8717183770883055,0.8717183770883055,0.8187167273746148,0.0,0.8187167273746148,0.8187167273746148,0.0,0.0,0.0,0.0,0.0,0.0,0.0,0.0,0.0,0.0,0.0,0.0,0.0,0.0,0.0,0.0,0.0,0.0,0.0,0.0,0.0,0.0,0.0,0.0,0.0,0.0,0.0,0.0,0.0,0.0,0.0,0.0,0.0,0.0,0.0,0.0,,,,,1.0,0.0,1.0,1.0,0.0,0.0,0.0,0.0,0.6776119402985075,0.02962601976310327,0.6268656716417911,0.7164179104477612,0.6776119402985075,0.02962601976310327,0.6268656716417911,0.7164179104477612,0.0,0.0,0.0,0.0,0.0,0.0,0.0,0.0,43.0,3.9496835316262997,38.0,50.0,0.0,0.0,0.0,0.0,0.0,0.0,0.0,0.0,0.0,0.0,0.0,0.0
ORIGINAL,UNPAIRED_NUCLEOTIDE_EVIDENCE,10,petfold,185.0,0.0,185.0,185.0,0.8952556023530504,0.0,0.8952556023530504,0.8952556023530504,0.9077787598919441,0.0,0.9077787598919441,0.9077787598919441,0.8968492212485739,0.0,0.8968492212485739,0.8968492212485739,0.8585680751173708,0.0,0.8585680751173709,0.8585680751173709,0.87291169451074,0.0,0.8729116945107399,0.8729116945107399,0.865680473372781,0.0,0.8656804733727811,0.8656804733727811,0.0,0.0,0.0,0.0,0.0,0.0,0.0,0.0,0.0,0.0,0.0,0.0,0.0,0.0,0.0,0.0,0.0,0.0,0.0,0.0,0.0,0.0,0.0,0.0,0.0,0.0,0.0,0.0,0.0,0.0,0.0,0.0,0.0,0.0,0.0,0.0,,,,,1.0,0.0,1.0,1.0,0.0,0.0,0.0,0.0,0.8454054054054054,0.013928755380243374,0.8216216216216217,0.8648648648648649,0.8454054054054054,0.013928755380243374,0.8216216216216217,0.8648648648648649,0.0,0.0,0.0,0.0,0.0,0.0,0.0,0.0,28.4,2.6532998322843198,25.0,33.0,0.0,0.0,0.0,0.0,0.0,0.0,0.0,0.0,0.0,0.0,0.0,0.0
ORIGINAL,UNPAIRED_NUCLEOTIDE_EVIDENCE,10,rnafold,185.0,0.0,185.0,185.0,0.9069374161618192,0.0,0.9069374161618192,0.9069374161618192,0.9138670306547281,0.0,0.9138670306547281,0.9138670306547281,0.905817611907956,0.0,0.9058176119079561,0.9058176119079561,0.87005316007088,0.0,0.8700531600708801,0.8700531600708801,0.8788782816229117,0.0,0.8788782816229117,0.8788782816229117,0.8744434550311665,0.0,0.8744434550311665,0.8744434550311665,0.0,0.0,0.0,0.0,0.0,0.0,0.0,0.0,0.0,0.0,0.0,0.0,0.0,0.0,0.0,0.0,0.0,0.0,0.0,0.0,0.0,0.0,0.0,0.0,0.0,0.0,0.0,0.0,0.0,0.0,0.0,0.0,0.0,0.0,0.0,0.0,,,,,1.0,0.0,1.0,1.0,0.0,0.0,0.0,0.0,0.8562162162162161,0.011643599582993531,0.8378378378378378,0.8702702702702703,0.8562162162162161,0.011643599582993531,0.8378378378378378,0.8702702702702703,0.0,0.0,0.0,0.0,0.0,0.0,0.0,0.0,26.4,2.244994432064365,24.0,30.0,0.0,0.0,0.0,0.0,0.0,0.0,0.0,0.0,0.0,0.0,0.0,0.0
ORIGINAL,UNPAIRED_NUCLEOTIDE_EVIDENCE,10,trrosettarna2_native_ss,185.0,0.0,185.0,185.0,0.7905636556834104,0.0,0.7905636556834104,0.7905636556834104,0.9120849106151278,0.0,0.9120849106151278,0.9120849106151278,0.842871364213295,0.0,0.8428713642132949,0.8428713642132949,0.7717908082408875,0.0,0.7717908082408875,0.7717908082408875,0.8717183770883054,0.0,0.8717183770883055,0.8717183770883055,0.8187167273746148,0.0,0.8187167273746148,0.8187167273746148,0.0,0.0,0.0,0.0,0.0,0.0,0.0,0.0,0.0,0.0,0.0,0.0,0.0,0.0,0.0,0.0,0.0,0.0,0.0,0.0,0.0,0.0,0.0,0.0,0.0,0.0,0.0,0.0,0.0,0.0,0.0,0.0,0.0,0.0,0.0,0.0,,,,,1.0,0.0,1.0,1.0,0.0,0.0,0.0,0.0,0.6799999999999999,0.029289118235987174,0.6324324324324324,0.7081081081081081,0.6799999999999999,0.029289118235987174,0.6324324324324324,0.7081081081081081,0.0,0.0,0.0,0.0,0.0,0.0,0.0,0.0,58.6,5.388877434122992,54.0,67.0,0.0,0.0,0.0,0.0,0.0,0.0,0.0,0.0,0.0,0.0,0.0,0.0
ORIGINAL,UNPAIRED_NUCLEOTIDE_EVIDENCE,20,petfold,333.0,0.0,333.0,333.0,0.8952556023530504,0.0,0.8952556023530504,0.8952556023530504,0.9077787598919441,0.0,0.9077787598919441,0.9077787598919441,0.8968492212485739,0.0,0.8968492212485739,0.8968492212485739,0.8585680751173708,0.0,0.8585680751173709,0.8585680751173709,0.87291169451074,0.0,0.8729116945107399,0.8729116945107399,0.865680473372781,0.0,0.8656804733727811,0.8656804733727811,0.0,0.0,0.0,0.0,0.0,0.0,0.0,0.0,0.0,0.0,0.0,0.0,0.0,0.0,0.0,0.0,0.0,0.0,0.0,0.0,0.0,0.0,0.0,0.0,0.0,0.0,0.0,0.0,0.0,0.0,0.0,0.0,0.0,0.0,0.0,0.0,,,,,1.0,0.0,1.0,1.0,0.0,0.0,0.0,0.0,0.8324324324324325,0.020578788827641827,0.8018018018018018,0.8648648648648649,0.8324324324324325,0.020578788827641827,0.8018018018018018,0.8648648648648649,0.0,0.0,0.0,0.0,0.0,0.0,0.0,0.0,52.6,5.083306010855534,44.0,59.0,0.0,0.0,0.0,0.0,0.0,0.0,0.0,0.0,0.0,0.0,0.0,0.0
ORIGINAL,UNPAIRED_NUCLEOTIDE_EVIDENCE,20,rnafold,333.0,0.0,333.0,333.0,0.9069374161618192,0.0,0.9069374161618192,0.9069374161618192,0.9138670306547281,0.0,0.9138670306547281,0.9138670306547281,0.905817611907956,0.0,0.9058176119079561,0.9058176119079561,0.87005316007088,0.0,0.8700531600708801,0.8700531600708801,0.8788782816229117,0.0,0.8788782816229117,0.8788782816229117,0.8744434550311665,0.0,0.8744434550311665,0.8744434550311665,0.0,0.0,0.0,0.0,0.0,0.0,0.0,0.0,0.0,0.0,0.0,0.0,0.0,0.0,0.0,0.0,0.0,0.0,0.0,0.0,0.0,0.0,0.0,0.0,0.0,0.0,0.0,0.0,0.0,0.0,0.0,0.0,0.0,0.0,0.0,0.0,,,,,1.0,0.0,1.0,1.0,0.0,0.0,0.0,0.0,0.8492492492492492,0.011921581526293842,0.8348348348348348,0.8708708708708709,0.8492492492492492,0.011921581526293842,0.8348348348348348,0.8708708708708709,0.0,0.0,0.0,0.0,0.0,0.0,0.0,0.0,47.6,3.8262252939417984,42.0,54.0,0.0,0.0,0.0,0.0,0.0,0.0,0.0,0.0,0.0,0.0,0.0,0.0
ORIGINAL,UNPAIRED_NUCLEOTIDE_EVIDENCE,20,trrosettarna2_native_ss,333.0,0.0,333.0,333.0,0.7905636556834104,0.0,0.7905636556834104,0.7905636556834104,0.9120849106151278,0.0,0.9120849106151278,0.9120849106151278,0.842871364213295,0.0,0.8428713642132949,0.8428713642132949,0.7717908082408875,0.0,0.7717908082408875,0.7717908082408875,0.8717183770883054,0.0,0.8717183770883055,0.8717183770883055,0.8187167273746148,0.0,0.8187167273746148,0.8187167273746148,0.0,0.0,0.0,0.0,0.0,0.0,0.0,0.0,0.0,0.0,0.0,0.0,0.0,0.0,0.0,0.0,0.0,0.0,0.0,0.0,0.0,0.0,0.0,0.0,0.0,0.0,0.0,0.0,0.0,0.0,0.0,0.0,0.0,0.0,0.0,0.0,,,,,1.0,0.0,1.0,1.0,0.0,0.0,0.0,0.0,0.6672672672672673,0.011921581526293816,0.6516516516516516,0.6846846846846847,0.6672672672672673,0.011921581526293816,0.6516516516516516,0.6846846846846847,0.0,0.0,0.0,0.0,0.0,0.0,0.0,0.0,103.4,1.3564659966250536,102.0,106.0,0.0,0.0,0.0,0.0,0.0,0.0,0.0,0.0,0.0,0.0,0.0,0.0
ORIGINAL,UNPAIRED_NUCLEOTIDE_EVIDENCE,50,petfold,873.0,0.0,873.0,873.0,0.8952556023530504,0.0,0.8952556023530504,0.8952556023530504,0.9077787598919441,0.0,0.9077787598919441,0.9077787598919441,0.8968492212485739,0.0,0.8968492212485739,0.8968492212485739,0.8585680751173708,0.0,0.8585680751173709,0.8585680751173709,0.87291169451074,0.0,0.8729116945107399,0.8729116945107399,0.865680473372781,0.0,0.8656804733727811,0.8656804733727811,0.0,0.0,0.0,0.0,0.0,0.0,0.0,0.0,0.0,0.0,0.0,0.0,0.0,0.0,0.0,0.0,0.0,0.0,0.0,0.0,0.0,0.0,0.0,0.0,0.0,0.0,0.0,0.0,0.0,0.0,0.0,0.0,0.0,0.0,0.0,0.0,,,,,1.0,0.0,1.0,1.0,0.0,0.0,0.0,0.0,0.8357388316151203,0.008771679138179464,0.8258877434135166,0.8465063001145475,0.8357388316151203,0.008771679138179464,0.8258877434135166,0.8465063001145475,0.0,0.0,0.0,0.0,0.0,0.0,0.0,0.0,121.6,3.7202150475476548,117.0,128.0,0.0,0.0,0.0,0.0,0.0,0.0,0.0,0.0,0.0,0.0,0.0,0.0
ORIGINAL,UNPAIRED_NUCLEOTIDE_EVIDENCE,50,rnafold,873.0,0.0,873.0,873.0,0.9069374161618192,0.0,0.9069374161618192,0.9069374161618192,0.9138670306547281,0.0,0.9138670306547281,0.9138670306547281,0.905817611907956,0.0,0.9058176119079561,0.9058176119079561,0.87005316007088,0.0,0.8700531600708801,0.8700531600708801,0.8788782816229117,0.0,0.8788782816229117,0.8788782816229117,0.8744434550311665,0.0,0.8744434550311665,0.8744434550311665,0.0,0.0,0.0,0.0,0.0,0.0,0.0,0.0,0.0,0.0,0.0,0.0,0.0,0.0,0.0,0.0,0.0,0.0,0.0,0.0,0.0,0.0,0.0,0.0,0.0,0.0,0.0,0.0,0.0,0.0,0.0,0.0,0.0,0.0,0.0,0.0,,,,,1.0,0.0,1.0,1.0,0.0,0.0,0.0,0.0,0.8561282932416953,0.009123623253947265,0.8442153493699885,0.865979381443299,0.8561282932416953,0.009123623253947265,0.8442153493699885,0.865979381443299,0.0,0.0,0.0,0.0,0.0,0.0,0.0,0.0,107.0,4.147288270665544,103.0,112.0,0.0,0.0,0.0,0.0,0.0,0.0,0.0,0.0,0.0,0.0,0.0,0.0
ORIGINAL,UNPAIRED_NUCLEOTIDE_EVIDENCE,50,trrosettarna2_native_ss,873.0,0.0,873.0,873.0,0.7905636556834104,0.0,0.7905636556834104,0.7905636556834104,0.9120849106151278,0.0,0.9120849106151278,0.9120849106151278,0.842871364213295,0.0,0.8428713642132949,0.8428713642132949,0.7717908082408875,0.0,0.7717908082408875,0.7717908082408875,0.8717183770883054,0.0,0.8717183770883055,0.8717183770883055,0.8187167273746148,0.0,0.8187167273746148,0.8187167273746148,0.0,0.0,0.0,0.0,0.0,0.0,0.0,0.0,0.0,0.0,0.0,0.0,0.0,0.0,0.0,0.0,0.0,0.0,0.0,0.0,0.0,0.0,0.0,0.0,0.0,0.0,0.0,0.0,0.0,0.0,0.0,0.0,0.0,0.0,0.0,0.0,,,,,1.0,0.0,1.0,1.0,0.0,0.0,0.0,0.0,0.6737686139747996,0.006373620959103592,0.6655211912943871,0.6849942726231386,0.6737686139747996,0.006373620959103592,0.6655211912943871,0.6849942726231386,0.0,0.0,0.0,0.0,0.0,0.0,0.0,0.0,225.6,4.6303347611160905,218.0,232.0,0.0,0.0,0.0,0.0,0.0,0.0,0.0,0.0,0.0,0.0,0.0,0.0
PAIR_HARD_ENFORCE,POSITIVE_PAIR_EVIDENCE,0,petfold,0.0,0.0,0.0,0.0,0.8952556023530504,0.0,0.8952556023530504,0.8952556023530504,0.9077787598919441,0.0,0.9077787598919441,0.9077787598919441,0.8968492212485739,0.0,0.8968492212485739,0.8968492212485739,0.8585680751173708,0.0,0.8585680751173709,0.8585680751173709,0.87291169451074,0.0,0.8729116945107399,0.8729116945107399,0.865680473372781,0.0,0.8656804733727811,0.8656804733727811,0.0,0.0,0.0,0.0,0.0,0.0,0.0,0.0,0.0,0.0,0.0,0.0,0.0,0.0,0.0,0.0,0.0,0.0,0.0,0.0,0.0,0.0,0.0,0.0,0.0,0.0,0.0,0.0,0.0,0.0,0.0,0.0,0.0,0.0,0.0,0.0,,,,,1.0,0.0,1.0,1.0,0.0,0.0,0.0,0.0,,,,,,,,,0.0,0.0,0.0,0.0,0.0,0.0,0.0,0.0,0.0,0.0,0.0,0.0,0.0,0.0,0.0,0.0,,,,,0.0,0.0,0.0,0.0
PAIR_HARD_ENFORCE,POSITIVE_PAIR_EVIDENCE,0,rnafold,0.0,0.0,0.0,0.0,0.9069374161618192,0.0,0.9069374161618192,0.9069374161618192,0.9138670306547281,0.0,0.9138670306547281,0.9138670306547281,0.905817611907956,0.0,0.9058176119079561,0.9058176119079561,0.87005316007088,0.0,0.8700531600708801,0.8700531600708801,0.8788782816229117,0.0,0.8788782816229117,0.8788782816229117,0.8744434550311665,0.0,0.8744434550311665,0.8744434550311665,0.0,0.0,0.0,0.0,0.0,0.0,0.0,0.0,0.0,0.0,0.0,0.0,0.0,0.0,0.0,0.0,0.0,0.0,0.0,0.0,0.0,0.0,0.0,0.0,0.0,0.0,0.0,0.0,0.0,0.0,0.0,0.0,0.0,0.0,0.0,0.0,,,,,1.0,0.0,1.0,1.0,0.0,0.0,0.0,0.0,,,,,,,,,0.0,0.0,0.0,0.0,0.0,0.0,0.0,0.0,0.0,0.0,0.0,0.0,0.0,0.0,0.0,0.0,,,,,0.0,0.0,0.0,0.0
PAIR_HARD_ENFORCE,POSITIVE_PAIR_EVIDENCE,0,trrosettarna2_native_ss,0.0,0.0,0.0,0.0,0.7905636556834104,0.0,0.7905636556834104,0.7905636556834104,0.9120849106151278,0.0,0.9120849106151278,0.9120849106151278,0.842871364213295,0.0,0.8428713642132949,0.8428713642132949,0.7717908082408875,0.0,0.7717908082408875,0.7717908082408875,0.8717183770883054,0.0,0.8717183770883055,0.8717183770883055,0.8187167273746148,0.0,0.8187167273746148,0.8187167273746148,0.0,0.0,0.0,0.0,0.0,0.0,0.0,0.0,0.0,0.0,0.0,0.0,0.0,0.0,0.0,0.0,0.0,0.0,0.0,0.0,0.0,0.0,0.0,0.0,0.0,0.0,0.0,0.0,0.0,0.0,0.0,0.0,0.0,0.0,0.0,0.0,,,,,1.0,0.0,1.0,1.0,0.0,0.0,0.0,0.0,,,,,,,,,0.0,0.0,0.0,0.0,0.0,0.0,0.0,0.0,0.0,0.0,0.0,0.0,0.0,0.0,0.0,0.0,,,,,0.0,0.0,0.0,0.0
PAIR_HARD_ENFORCE,POSITIVE_PAIR_EVIDENCE,1,petfold,121.0,0.0,121.0,121.0,0.8999881308944335,0.0005390134537587485,0.8992996643516578,0.9009108273650432,0.9150240818450598,0.0014190479307012904,0.9132400929354727,0.9171408248741406,0.9030892426112903,0.0011223894559853579,0.9017623547755784,0.9049286208180869,0.8628856817534288,0.0009155435367393433,0.8612412177985949,0.8640093786635404,0.8786396181384248,0.0007159904534606021,0.8776849642004774,0.8794749403341289,0.8706912868615536,0.0007657651804936728,0.8693853427895981,0.8716735659373152,0.004732528541383273,0.0005390134537587736,0.0040440619986074535,0.005655225011993031,0.007245321953115583,0.0014190479307013009,0.0054613330435285155,0.009362064982196468,0.006240021362716436,0.0011223894559853752,0.004913133527004616,0.008079399569513084,0.004317606636057958,0.0009155435367393433,0.0026731426812239834,0.0054413035461695625,0.005727923627684928,0.0007159904534606021,0.004773269689737458,0.0065632458233889635,0.005010813488772437,0.0007657651804936728,0.003704869416817025,0.005993092564534064,16.6,2.6532998322843198,12.0,20.0,0.0,0.0,0.0,0.0,16.6,2.6532998322843198,12.0,20.0,1.0,0.0,1.0,1.0,1.0,0.0,1.0,1.0,0.07933884297520662,0.009917355371900827,0.06611570247933884,0.09090909090909091,0.9206611570247933,0.009917355371900844,0.9090909090909091,0.9338842975206612,1.0,0.0,1.0,1.0,9.6,1.2,8.0,11.0,9.6,1.2,8.0,11.0,7.0,1.6733200530681511,4.0,9.0,7.0,1.6733200530681511,4.0,9.0,1.0,0.0,1.0,1.0,0.0,0.0,0.0,0.0
PAIR_HARD_ENFORCE,POSITIVE_PAIR_EVIDENCE,1,rnafold,121.0,0.0,121.0,121.0,0.9110887887054213,0.0009072568616291653,0.9094239156062789,0.9120788709716988,0.9207140014316607,0.0011846844497934302,0.9193283636982564,0.922742950765753,0.9115968057251308,0.0009831103314437623,0.9107399307228851,0.9133999632357214,0.873703385954896,0.0008608429480743748,0.8727165586328816,0.8748524203069658,0.8841288782816228,0.00044649849484174764,0.8836515513126492,0.8848448687350835,0.8788850936432955,0.0006062150009666538,0.8781500148235992,0.8795252225519288,0.004151372543602138,0.0009072568616291292,0.0024864994444597777,0.005141454809879588,0.006846970776932612,0.0011846844497933823,0.0054613330435285155,0.008875920111024858,0.005779193817174668,0.0009831103314437463,0.0049223188149289466,0.007582351327765229,0.0036502258840159117,0.0008608429480743748,0.0026633985620014844,0.004799260236085678,0.005250596658711193,0.00044649849484174764,0.004773269689737458,0.005966587112171795,0.004441638612128873,0.0006062150009666538,0.0037065597924327287,0.0050817675207622814,14.6,2.1540659228538015,12.0,17.0,0.0,0.0,0.0,0.0,14.6,2.1540659228538015,12.0,17.0,1.0,0.0,1.0,1.0,1.0,0.0,1.0,1.0,0.07272727272727272,0.00618455766408916,0.06611570247933884,0.08264462809917356,0.9272727272727274,0.006184557664089139,0.9173553719008265,0.9338842975206612,1.0,0.0,1.0,1.0,8.8,0.7483314773547883,8.0,10.0,8.8,0.7483314773547883,8.0,10.0,5.8,1.6,4.0,8.0,5.8,1.6,4.0,8.0,1.0,0.0,1.0,1.0,0.0,0.0,0.0,0.0
PAIR_HARD_ENFORCE,POSITIVE_PAIR_EVIDENCE,1,trrosettarna2_native_ss,121.0,0.0,121.0,121.0,0.7969040607641154,0.0012731243680182852,0.7952193180794408,0.7985100423083801,0.9178083884583954,0.0010864579584678358,0.9162129227595165,0.9191177830507404,0.8489131453501312,0.0011617593585377193,0.8472697708615433,0.8502493869940662,0.7800998000061883,0.0009021801462587205,0.778897136797455,0.7814323607427056,0.8775656324582339,0.0009546539379475194,0.8764916467780429,0.8788782816229117,0.8259673507731853,0.0009227792439212517,0.8248175182481752,0.827295703454086,0.006340405080705022,0.0012731243680182888,0.004655662396030416,0.00794638662496975,0.005723477843267688,0.0010864579584678332,0.00412801214438869,0.007032872435612618,0.0060417811368361956,0.001161759358537722,0.00439840664824839,0.007378022780771212,0.008308991765300778,0.0009021801462587205,0.007106328556567454,0.009641552501818085,0.005847255369928428,0.0009546539379475194,0.004773269689737458,0.007159904534606243,0.0072506233985705215,0.0009227792439212517,0.006100790873560413,0.008578976079471223,27.2,3.3105890714493698,23.0,32.0,0.0,0.0,0.0,0.0,27.2,3.3105890714493698,23.0,32.0,1.0,0.0,1.0,1.0,1.0,0.0,1.0,1.0,0.08099173553719008,0.013223140495867768,0.06611570247933884,0.09917355371900827,0.9190082644628099,0.013223140495867772,0.9008264462809917,0.9338842975206612,1.0,0.0,1.0,1.0,9.8,1.6,8.0,12.0,9.8,1.6,8.0,12.0,17.4,1.7435595774162693,15.0,20.0,17.4,1.7435595774162693,15.0,20.0,1.0,0.0,1.0,1.0,0.0,0.0,0.0,0.0
PAIR_HARD_ENFORCE,POSITIVE_PAIR_EVIDENCE,5,petfold,130.0,0.0,130.0,130.0,0.9006001508569774,0.00175287463478045,0.8994200279817772,0.9040909283773715,0.9162072710000064,0.0021149185010950846,0.9143780079900191,0.9202065565102839,0.9041956278866593,0.0021557027796181016,0.9025056391211106,0.9083797459928113,0.8649092414118693,0.0017147719027758516,0.8634232121922626,0.8681898066783831,0.8809069212410501,0.0018716452435988127,0.8788782816229117,0.8842482100238663,0.8728346348261633,0.001756304692964813,0.8710821998817267,0.8761454330475908,0.00534454850392718,0.0017528746347804751,0.004164425628726878,0.008835326024321242,0.008428511108062338,0.002114918501095087,0.006599248098074973,0.01242779661833981,0.007346406638085554,0.002155702779618076,0.005656417872536822,0.011530524744237497,0.006341166294498412,0.0017147719027758516,0.004855137074891713,0.009621731561012203,0.00799522673031019,0.0018716452435988127,0.005966587112171795,0.011336515513126422,0.007154161453382146,0.001756304692964813,0.005401726508945659,0.01046495967480976,23.8,5.912698199637793,18.0,35.0,0.0,0.0,0.0,0.0,23.8,5.912698199637793,18.0,35.0,1.0,0.0,1.0,1.0,1.0,0.0,1.0,1.0,0.09917355371900827,0.022783551656347475,0.0743801652892562,0.14049586776859505,0.8969230769230769,0.024129826371320204,0.8538461538461538,0.9230769230769231,1.0,0.0,1.0,1.0,13.4,3.1368774282716245,10.0,19.0,13.4,3.1368774282716245,10.0,19.0,10.4,2.939387691339814,8.0,16.0,10.4,2.939387691339814,8.0,16.0,1.0,0.0,1.0,1.0,0.0,0.0,0.0,0.0
PAIR_HARD_ENFORCE,POSITIVE_PAIR_EVIDENCE,5,rnafold,130.0,0.0,130.0,130.0,0.9119912378004441,0.001689866284241275,0.9108245553668235,0.9153420618335631,0.9220904208965125,0.0020548318285525695,0.920466278752803,0.92602053774258,0.9129487639791481,0.002124358350647486,0.911348291977418,0.9170922890279282,0.8760012135417726,0.0016546000656958557,0.8738951090159104,0.8787522071806946,0.886873508353222,0.0021212874504333377,0.8848448687350835,0.8908114558472554,0.881403699346922,0.0018663842905870082,0.8793359027571894,0.8847407407407407,0.005053821638625031,0.0016898662842412214,0.0038871392050043893,0.0084046456717439,0.008223390241784447,0.002054831828552551,0.006599248098074973,0.012153507087851933,0.0071311520711919985,0.0021243583506474844,0.005530680069461812,0.01127467711997204,0.005948053470892578,0.0016546000656958557,0.0038419489450303157,0.008699047109814506,0.007995226730310256,0.0021212874504333377,0.005966587112171795,0.011933174224343701,0.006960244315755548,0.0018663842905870082,0.00489244772602293,0.010297285709574222,23.0,6.196773353931867,16.0,34.0,0.0,0.0,0.0,0.0,23.0,6.196773353931867,16.0,34.0,1.0,0.0,1.0,1.0,1.0,0.0,1.0,1.0,0.09917355371900827,0.026134526117094044,0.0743801652892562,0.1487603305785124,0.8969230769230769,0.027348290514817204,0.8461538461538461,0.9230769230769231,1.0,0.0,1.0,1.0,13.4,3.5552777669262356,10.0,20.0,13.4,3.5552777669262356,10.0,20.0,9.6,2.727636339397171,6.0,14.0,9.6,2.727636339397171,6.0,14.0,1.0,0.0,1.0,1.0,0.0,0.0,0.0,0.0
PAIR_HARD_ENFORCE,POSITIVE_PAIR_EVIDENCE,5,trrosettarna2_native_ss,130.0,0.0,130.0,130.0,0.7957685732689797,0.0006508069576245377,0.7950712475783601,0.7965512610937188,0.9175690824210223,0.0006559084030814144,0.9164828680924791,0.9185268324295439,0.8483156893764405,0.0006189108319235226,0.8473545529297964,0.8491447281482141,0.7800954386283285,0.0011036094919835465,0.7787188988883007,0.7818951826363155,0.8792362768496421,0.0012285954822179874,0.8776849642004774,0.8812649164677804,0.8267040824134897,0.0011379710095270185,0.8252454417952314,0.8286115007012623,0.005204917585569203,0.0006508069576245338,0.004507591894949779,0.005987605410308376,0.005484171805894521,0.000655908403081421,0.004397957477351398,0.00644192181441619,0.005444325163145559,0.000618910831923529,0.004483188716501533,0.006273363934919203,0.008304630387440958,0.0011036094919835465,0.0069280906474131765,0.010104374395427995,0.007517899761336544,0.0012285954822179874,0.005966587112171906,0.009546539379474916,0.007987355038874955,0.0011379710095270185,0.006528714420616644,0.009894773326647566,29.2,4.069397989875161,24.0,36.0,0.0,0.0,0.0,0.0,29.2,4.069397989875161,24.0,36.0,1.0,0.0,1.0,1.0,1.0,0.0,1.0,1.0,0.0859504132231405,0.008428131427426091,0.0743801652892562,0.09917355371900827,0.9030769230769231,0.015839430986133857,0.8769230769230769,0.9230769230769231,1.0,0.0,1.0,1.0,12.6,2.0591260281974,10.0,16.0,12.6,2.0591260281974,10.0,16.0,16.6,2.1540659228538015,14.0,20.0,16.6,2.1540659228538015,14.0,20.0,1.0,0.0,1.0,1.0,0.0,0.0,0.0,0.0
PAIR_HARD_ENFORCE,POSITIVE_PAIR_EVIDENCE,10,petfold,180.0,0.0,180.0,180.0,0.9017129470312286,0.0009622633066930372,0.9008848448380731,0.9035914460037378,0.9179626706694037,0.0017064830297162667,0.916339625122539,0.9208719575174755,0.9056397875113822,0.0013556848791441772,0.9044560753238042,0.9080663939456516,0.8685154255206962,0.0013091056600532,0.867251461988304,0.8708357685563998,0.8852028639618139,0.002344496742767108,0.8818615751789977,0.8890214797136038,0.8767792876084304,0.0017740517736213254,0.8745562130177514,0.8798346619427222,0.00645734467817826,0.0009622633066930042,0.005629242485022858,0.008335843650687427,0.01018391077745959,0.001706483029716271,0.008560865230594884,0.013093197625531431,0.00879056626280833,0.001355684879144146,0.007606854075230487,0.011217172697077721,0.009947350403325372,0.0013091056600532,0.008683386870933174,0.012267693439028893,0.012291169451073936,0.002344496742767108,0.008949880668257748,0.01610978520286388,0.011098814235649335,0.0017740517736213254,0.008875739644970349,0.014154188569941106,37.0,5.761944116355173,30.0,47.0,0.0,0.0,0.0,0.0,37.0,5.761944116355173,30.0,47.0,1.0,0.0,1.0,1.0,1.0,0.0,1.0,1.0,0.12396694214876033,0.018106530826617062,0.09917355371900827,0.1487603305785124,0.8855555555555557,0.021829869671542778,0.85,0.9166666666666666,1.0,0.0,1.0,1.0,20.6,3.9293765408777,15.0,27.0,20.6,3.9293765408777,15.0,27.0,16.4,2.0591260281974,14.0,20.0,16.4,2.0591260281974,14.0,20.0,1.0,0.0,1.0,1.0,0.0,0.0,0.0,0.0
PAIR_HARD_ENFORCE,POSITIVE_PAIR_EVIDENCE,10,rnafold,180.0,0.0,180.0,180.0,0.9128579827521094,0.0011944877664129534,0.9113511069187515,0.9149783017727727,0.9235351227831654,0.0016247989816159387,0.92184683529985,0.9263699095081225,0.9141072594904708,0.0013018952069625063,0.9129916202118298,0.9166097729519795,0.8793580572104871,0.0012922596205168712,0.8780918727915195,0.8817647058823529,0.8906921241050119,0.002180867169749037,0.8878281622911695,0.8943914081145584,0.8849884775890968,0.00170173983416583,0.8830860534124629,0.8880331753554502,0.005920566590290218,0.0011944877664129714,0.004413690756932366,0.008040885610953612,0.009668092128437247,0.0016247989816159409,0.007979804645122006,0.012502878853394477,0.008289647582514562,0.0013018952069624758,0.007174008303873553,0.010792161044023297,0.009304897139606938,0.0012922596205168712,0.008038712720639385,0.011711545811472823,0.011813842482100222,0.002180867169749037,0.008949880668257748,0.015513126491646712,0.01054502255793035,0.00170173983416583,0.00864259838129644,0.013589720324283738,35.0,5.549774770204643,29.0,45.0,0.0,0.0,0.0,0.0,35.0,5.549774770204643,29.0,45.0,1.0,0.0,1.0,1.0,1.0,0.0,1.0,1.0,0.11735537190082646,0.016856262854852182,0.09917355371900827,0.14049586776859505,0.89,0.02030629653610786,0.8555555555555555,0.9166666666666666,1.0,0.0,1.0,1.0,19.8,3.655133376499413,15.0,26.0,19.8,3.655133376499413,15.0,26.0,15.2,2.039607805437114,13.0,19.0,15.2,2.039607805437114,13.0,19.0,1.0,0.0,1.0,1.0,0.0,0.0,0.0,0.0
PAIR_HARD_ENFORCE,POSITIVE_PAIR_EVIDENCE,10,trrosettarna2_native_ss,180.0,0.0,180.0,180.0,0.7992631404831181,0.0007213271851684789,0.7984528117930899,0.8003299229472424,0.9207826384152685,0.0005318464966154525,0.9200785370967488,0.9215803705622441,0.8517371728815017,0.0006631311415936733,0.850975254318675,0.8528030927804537,0.7865249906969,0.0004609686738363884,0.7859798194370685,0.7873806998939554,0.8846062052505967,0.0012852421974067945,0.883054892601432,0.886038186157518,0.8326870737393879,0.000775419072081373,0.8316942961506041,0.8338012352610893,0.008699484799707679,0.0007213271851685219,0.007889156109679453,0.009766267263832042,0.00869772780014092,0.0005318464966154768,0.007993626481621045,0.009495459947116387,0.008865808668206921,0.0006631311415936813,0.008103890105380086,0.00993172856715882,0.014734182456012435,0.0004609686738363884,0.01418901119618099,0.0155898916530679,0.012887828162291193,0.0012852421974067945,0.011336515513126533,0.014319809069212486,0.013970346364773035,0.000775419072081373,0.012977568775989323,0.01508450788647453,51.2,2.4819347291981715,48.0,55.0,0.0,0.0,0.0,0.0,51.2,2.4819347291981715,48.0,55.0,1.0,0.0,1.0,1.0,1.0,0.0,1.0,1.0,0.11074380165289258,0.006611570247933884,0.09917355371900827,0.11570247933884298,0.8800000000000001,0.011967032904743352,0.8666666666666667,0.8944444444444445,1.0,0.0,1.0,1.0,21.6,2.1540659228538015,19.0,24.0,21.6,2.1540659228538015,19.0,24.0,29.6,0.8,29.0,31.0,29.6,0.8,29.0,31.0,1.0,0.0,1.0,1.0,0.0,0.0,0.0,0.0
PAIR_HARD_ENFORCE,POSITIVE_PAIR_EVIDENCE,20,petfold,338.0,0.0,338.0,338.0,0.9090438891201915,0.0018004672331427237,0.9071092079857656,0.9117201909999995,0.9268176875969545,0.0014702828989374196,0.9251425427156392,0.9291721126479494,0.9142357120659433,0.0014724854798566819,0.9128134219474725,0.9165169513465391,0.8819415036529936,0.003274161174360121,0.8776223776223776,0.8877790834312573,0.8994033412887827,0.0013394954845252942,0.8979713603818615,0.9015513126491647,0.8905851460012595,0.002209213389822062,0.8879716981132075,0.8946121965660154,0.013788286767141212,0.0018004672331427471,0.011853605632715224,0.01646458864694919,0.019038927705010256,0.0014702828989374115,0.017363782823695016,0.021393352756005204,0.017386490817369447,0.001472485479856645,0.015964200698898725,0.019667730097965217,0.023373428535622676,0.003274161174360121,0.019054302505006726,0.029211008313886455,0.026491646778042877,0.0013394954845252942,0.025059665871121628,0.02863961813842475,0.024904672628478463,0.002209213389822062,0.02229122474042644,0.028931723193234338,83.6,7.914543574963751,74.0,98.0,0.0,0.0,0.0,0.0,83.6,7.914543574963751,74.0,98.0,1.0,0.0,1.0,1.0,1.0,0.0,1.0,1.0,0.17355371900826447,0.01382909134767067,0.15702479338842976,0.19834710743801653,0.8686390532544379,0.006641995361137173,0.8579881656804734,0.8757396449704142,1.0,0.0,1.0,1.0,44.4,2.244994432064365,42.0,48.0,44.4,2.244994432064365,42.0,48.0,39.2,6.11228271597445,31.0,50.0,39.2,6.11228271597445,31.0,50.0,1.0,0.0,1.0,1.0,0.0,0.0,0.0,0.0
PAIR_HARD_ENFORCE,POSITIVE_PAIR_EVIDENCE,20,rnafold,338.0,0.0,338.0,338.0,0.9199178570878128,0.0015613871890492884,0.9172544513362996,0.9219464126857343,0.9317456995580716,0.0015725298527557725,0.9297533027132845,0.9343531353492671,0.9222551080794297,0.0014017412561742318,0.9199335296898181,0.9239513176793321,0.8926938069258428,0.003226280437989103,0.8901292596944771,0.8987566607460036,0.9042959427207637,0.0010403100103915752,0.902744630071599,0.905727923627685,0.8984554359269307,0.0020104091966164674,0.8965925925925926,0.9022288261515602,0.012980440925993689,0.0015613871890492763,0.010317035174480462,0.01500899652391515,0.017878668903343713,0.0015725298527557794,0.015886272058556476,0.020486104694539146,0.016437496171473547,0.0014017412561742582,0.014115917781861931,0.018133705771376078,0.02264064685496281,0.003226280437989103,0.02007609962359702,0.028703500675123506,0.02541766109785202,0.0010403100103915752,0.02386634844868729,0.026849642004773244,0.024011980895764107,0.0020104091966164674,0.022149137561426113,0.027785371120393698,80.4,7.227724399837061,74.0,94.0,0.0,0.0,0.0,0.0,80.4,7.227724399837061,74.0,94.0,1.0,0.0,1.0,1.0,1.0,0.0,1.0,1.0,0.15867768595041323,0.01602538795840109,0.1487603305785124,0.19008264462809918,0.8739644970414201,0.005158460288213808,0.8668639053254438,0.8816568047337278,1.0,0.0,1.0,1.0,42.6,1.7435595774162693,40.0,45.0,42.6,1.7435595774162693,40.0,45.0,37.8,5.979966555090421,33.0,49.0,37.8,5.979966555090421,33.0,49.0,1.0,0.0,1.0,1.0,0.0,0.0,0.0,0.0
PAIR_HARD_ENFORCE,POSITIVE_PAIR_EVIDENCE,20,trrosettarna2_native_ss,338.0,0.0,338.0,338.0,0.808024421655315,0.001237213678227318,0.8056889069568155,0.8092263709046332,0.9290358801707447,0.0012517712539156583,0.9277029247426994,0.9311765248616517,0.8603317792367993,0.0011770156987882421,0.8585629180766968,0.8620459074231076,0.7994086897411832,0.0023555484884141627,0.794912559618442,0.8018114011720832,0.8968973747016706,0.0015740937897699976,0.8949880668257757,0.8985680190930787,0.8453505540702345,0.0018456224651639248,0.8419870895312939,0.8471714044469463,0.01746076597190445,0.0012372136782273005,0.01512525127340508,0.018662715221222783,0.016950969555616972,0.0012517712539156962,0.015618014127571639,0.019091614246524054,0.01746041502350424,0.001177015698788229,0.015691553863402,0.019174543209812694,0.02761788150029565,0.0023555484884141627,0.023121751377554456,0.030020592931195633,0.025178997613365173,0.0015740937897699976,0.023269689737470234,0.026849642004773244,0.026633826695619735,0.0018456224651639248,0.023270362156679103,0.028454677072331513,97.0,6.985699678629192,84.0,104.0,0.0,0.0,0.0,0.0,97.0,6.985699678629192,84.0,104.0,1.0,0.0,1.0,1.0,1.0,0.0,1.0,1.0,0.13884297520661157,0.01096404889373686,0.12396694214876033,0.15702479338842976,0.8751479289940829,0.007805269797794613,0.8668639053254438,0.8846153846153846,1.0,0.0,1.0,1.0,42.2,2.6381811916545836,39.0,45.0,42.2,2.6381811916545836,39.0,45.0,54.8,5.1536394906900505,45.0,60.0,54.8,5.1536394906900505,45.0,60.0,1.0,0.0,1.0,1.0,0.0,0.0,0.0,0.0
PAIR_HARD_ENFORCE,POSITIVE_PAIR_EVIDENCE,50,petfold,875.0,0.0,875.0,875.0,0.9288461303405562,0.0015817455951240436,0.9265195917972064,0.9313832473276631,0.9583938543933694,0.0021514622288833912,0.9554937186162838,0.9614638091027674,0.9407401684568611,0.0014564968572524431,0.939272889202121,0.9424884076476953,0.9105532910972729,0.004130151248339362,0.9040781160252729,0.9153623188405797,0.9400954653937947,0.0019462418174582558,0.9367541766109785,0.9421241050119332,0.9250860779188897,0.002905526172598742,0.9212759730757974,0.9285504263451926,0.033590527987505996,0.0015817455951240564,0.031263989444156134,0.036127644974612835,0.050615094501425206,0.002151462228883378,0.047714958724339715,0.05368504921082323,0.04389094720828734,0.0014564968572524108,0.04242366795354723,0.0456391863991214,0.05198521597990193,0.004130151248339362,0.045510040907902005,0.05679424372320885,0.06718377088305483,0.0019462418174582558,0.06384248210023857,0.06921241050119331,0.05940560454610864,0.002905526172598742,0.05559549970301636,0.06286995297241149,198.8,10.244998779892558,185.0,211.0,0.0,0.0,0.0,0.0,198.8,10.244998779892558,185.0,211.0,1.0,0.0,1.0,1.0,1.0,0.0,1.0,1.0,0.2809917355371901,0.013829091347670677,0.2644628099173554,0.2975206611570248,0.8713142857142857,0.003727887184068579,0.8674285714285714,0.8777142857142857,1.0,0.0,1.0,1.0,112.6,3.2619012860600183,107.0,116.0,112.6,3.2619012860600183,107.0,116.0,86.2,7.626270385975047,74.0,95.0,86.2,7.626270385975047,74.0,95.0,1.0,0.0,1.0,1.0,0.0,0.0,0.0,0.0
PAIR_HARD_ENFORCE,POSITIVE_PAIR_EVIDENCE,50,rnafold,875.0,0.0,875.0,875.0,0.938634823524402,0.0017029414173013078,0.9360568085179809,0.9408550630951401,0.9615611186371614,0.0019873545237048098,0.9583962053295616,0.9637518284563805,0.9474299129425159,0.0015287457796459153,0.945406626077887,0.9497819146567116,0.9207945192153009,0.004699245865584459,0.9142526071842411,0.9264018691588785,0.9431980906921241,0.0029569240318291033,0.9385441527446301,0.9463007159904535,0.9318595479067311,0.003700550890883046,0.927689594356261,0.9362455726092089,0.03169740736258276,0.0017029414173013058,0.029119392356161757,0.03391764693332094,0.04769408798243344,0.0019873545237047876,0.04452917467483362,0.04988479780165251,0.041612301034559714,0.001528745779645929,0.03958901416993076,0.04396430274875541,0.050741359144420836,0.004699245865584459,0.04419944711336099,0.05634870908799838,0.06431980906921242,0.0029569240318291033,0.059665871121718395,0.0674224343675418,0.057416092875564595,0.003700550890883046,0.05324613932509448,0.06180211757804244,191.8,12.796874618437112,177.0,207.0,0.0,0.0,0.0,0.0,191.8,12.796874618437112,177.0,207.0,1.0,0.0,1.0,1.0,1.0,0.0,1.0,1.0,0.2545454545454545,0.016856262854852175,0.2231404958677686,0.2727272727272727,0.8768,0.005663776774109173,0.8708571428571429,0.8857142857142857,1.0,0.0,1.0,1.0,107.8,4.955804677345546,100.0,113.0,107.8,4.955804677345546,100.0,113.0,84.0,8.414273587185052,72.0,94.0,84.0,8.414273587185052,72.0,94.0,1.0,0.0,1.0,1.0,0.0,0.0,0.0,0.0
PAIR_HARD_ENFORCE,POSITIVE_PAIR_EVIDENCE,50,trrosettarna2_native_ss,875.0,0.0,875.0,875.0,0.8428157038666442,0.0010489999436326528,0.841893677781145,0.8447491438429179,0.9592575654344007,0.0013222732258980645,0.9574201919340788,0.9612196150524708,0.8925045571439775,0.001202446676175844,0.8910239426151391,0.8944909836048442,0.8359351558737382,0.0016245333784255425,0.8341307814992025,0.8379383634431455,0.938782816229117,0.00283899218457527,0.9361575178997613,0.9433174224343676,0.8843785119598232,0.0021425231083858566,0.8822041045825133,0.8874543923659837,0.05225204818323363,0.0010489999436326454,0.051330022097734476,0.054185488159507404,0.04717265481927295,0.0013222732258980332,0.045335281318951134,0.04913470443734303,0.04963319293068265,0.0012024466761758712,0.04815257840184416,0.05161961939154942,0.06414434763285073,0.0016245333784255425,0.062339973258314973,0.06614755520225801,0.06706443914081146,0.00283899218457527,0.06443914081145585,0.0715990453460621,0.06566178458520851,0.0021425231083858566,0.06348737720789854,0.06873766499136891,235.6,7.391887445030531,228.0,246.0,0.0,0.0,0.0,0.0,235.6,7.391887445030531,228.0,246.0,1.0,0.0,1.0,1.0,1.0,0.0,1.0,1.0,0.1950413223140496,0.008428131427426091,0.18181818181818182,0.2066115702479339,0.8715428571428572,0.005437886744397854,0.8628571428571429,0.8765714285714286,1.0,0.0,1.0,1.0,112.4,4.758150901348127,108.0,120.0,112.4,4.758150901348127,108.0,120.0,123.2,2.7856776554368237,120.0,127.0,123.2,2.7856776554368237,120.0,127.0,1.0,0.0,1.0,1.0,0.0,0.0,0.0,0.0
PAIR_PROTECT_ONLY,POSITIVE_PAIR_EVIDENCE,0,petfold,0.0,0.0,0.0,0.0,0.8952556023530504,0.0,0.8952556023530504,0.8952556023530504,0.9077787598919441,0.0,0.9077787598919441,0.9077787598919441,0.8968492212485739,0.0,0.8968492212485739,0.8968492212485739,0.8585680751173708,0.0,0.8585680751173709,0.8585680751173709,0.87291169451074,0.0,0.8729116945107399,0.8729116945107399,0.865680473372781,0.0,0.8656804733727811,0.8656804733727811,0.0,0.0,0.0,0.0,0.0,0.0,0.0,0.0,0.0,0.0,0.0,0.0,0.0,0.0,0.0,0.0,0.0,0.0,0.0,0.0,0.0,0.0,0.0,0.0,0.0,0.0,0.0,0.0,0.0,0.0,0.0,0.0,0.0,0.0,0.0,0.0,,,,,1.0,0.0,1.0,1.0,0.0,0.0,0.0,0.0,,,,,,,,,0.0,0.0,0.0,0.0,0.0,0.0,0.0,0.0,0.0,0.0,0.0,0.0,0.0,0.0,0.0,0.0,,,,,0.0,0.0,0.0,0.0
PAIR_PROTECT_ONLY,POSITIVE_PAIR_EVIDENCE,0,rnafold,0.0,0.0,0.0,0.0,0.9069374161618192,0.0,0.9069374161618192,0.9069374161618192,0.9138670306547281,0.0,0.9138670306547281,0.9138670306547281,0.905817611907956,0.0,0.9058176119079561,0.9058176119079561,0.87005316007088,0.0,0.8700531600708801,0.8700531600708801,0.8788782816229117,0.0,0.8788782816229117,0.8788782816229117,0.8744434550311665,0.0,0.8744434550311665,0.8744434550311665,0.0,0.0,0.0,0.0,0.0,0.0,0.0,0.0,0.0,0.0,0.0,0.0,0.0,0.0,0.0,0.0,0.0,0.0,0.0,0.0,0.0,0.0,0.0,0.0,0.0,0.0,0.0,0.0,0.0,0.0,0.0,0.0,0.0,0.0,0.0,0.0,,,,,1.0,0.0,1.0,1.0,0.0,0.0,0.0,0.0,,,,,,,,,0.0,0.0,0.0,0.0,0.0,0.0,0.0,0.0,0.0,0.0,0.0,0.0,0.0,0.0,0.0,0.0,,,,,0.0,0.0,0.0,0.0
PAIR_PROTECT_ONLY,POSITIVE_PAIR_EVIDENCE,0,trrosettarna2_native_ss,0.0,0.0,0.0,0.0,0.7905636556834104,0.0,0.7905636556834104,0.7905636556834104,0.9120849106151278,0.0,0.9120849106151278,0.9120849106151278,0.842871364213295,0.0,0.8428713642132949,0.8428713642132949,0.7717908082408875,0.0,0.7717908082408875,0.7717908082408875,0.8717183770883054,0.0,0.8717183770883055,0.8717183770883055,0.8187167273746148,0.0,0.8187167273746148,0.8187167273746148,0.0,0.0,0.0,0.0,0.0,0.0,0.0,0.0,0.0,0.0,0.0,0.0,0.0,0.0,0.0,0.0,0.0,0.0,0.0,0.0,0.0,0.0,0.0,0.0,0.0,0.0,0.0,0.0,0.0,0.0,0.0,0.0,0.0,0.0,0.0,0.0,,,,,1.0,0.0,1.0,1.0,0.0,0.0,0.0,0.0,,,,,,,,,0.0,0.0,0.0,0.0,0.0,0.0,0.0,0.0,0.0,0.0,0.0,0.0,0.0,0.0,0.0,0.0,,,,,0.0,0.0,0.0,0.0
PAIR_PROTECT_ONLY,POSITIVE_PAIR_EVIDENCE,1,petfold,121.0,0.0,121.0,121.0,0.8977862597157497,0.0003972636025811255,0.8972518782727712,0.8984430612223273,0.9077787598919441,0.0,0.9077787598919441,0.9077787598919441,0.8979354117249791,0.0002616054545684327,0.89759114495439,0.8983678146430639,0.862110442770296,0.0008494381086920774,0.8605882352941177,0.8631268436578171,0.87291169451074,0.0,0.8729116945107399,0.8729116945107399,0.8674772368328865,0.0004301851313899409,0.8667061611374408,0.8679916938593889,0.0025306573626994898,0.000397263602581133,0.0019962759197208954,0.0031874588692770516,0.0,0.0,0.0,0.0,0.0010861904764052945,0.0002616054545684322,0.0007419237058161499,0.001518593394490095,0.003542367652925105,0.0008494381086920774,0.002020160176746777,0.004558768540446234,0.0,0.0,0.0,0.0,0.0017967634601054883,0.0004301851313899409,0.0010256877646597218,0.0023112204866078123,7.0,1.6733200530681511,4.0,9.0,0.0,0.0,0.0,0.0,7.0,1.6733200530681511,4.0,9.0,1.0,0.0,1.0,1.0,1.0,0.0,1.0,1.0,0.04462809917355372,0.011210462782025237,0.024793388429752067,0.05785123966942149,0.9206611570247933,0.009917355371900844,0.9090909090909091,0.9338842975206612,0.9206611570247933,0.009917355371900844,0.9090909090909091,0.9338842975206612,0.0,0.0,0.0,0.0,0.0,0.0,0.0,0.0,7.0,1.6733200530681511,4.0,9.0,7.0,1.6733200530681511,4.0,9.0,1.0,0.0,1.0,1.0,0.0,0.0,0.0,0.0
PAIR_PROTECT_ONLY,POSITIVE_PAIR_EVIDENCE,1,rnafold,121.0,0.0,121.0,121.0,0.9089890647139361,0.0008107865883545104,0.9074571647248482,0.9097529950539531,0.9138670306547281,0.0,0.9138670306547281,0.9138670306547281,0.9066879352005003,0.0003662467068070092,0.9060670625933779,0.9071654236824472,0.873044881888088,0.0008279511444341316,0.872113676731794,0.8741839762611276,0.8788782816229117,0.0,0.8788782816229117,0.8788782816229117,0.8759516730399499,0.000416729994272862,0.875482912332838,0.8765248437964891,0.0020516485521169087,0.0008107865883545107,0.0005197485630289754,0.0028155788921339167,0.0,0.0,0.0,0.0,0.0008703232925441424,0.00036624670680698965,0.0002494506854217515,0.001347811774491077,0.0029917218172079265,0.0008279511444341316,0.0020605166609138914,0.004130816190247577,0.0,0.0,0.0,0.0,0.0015082180087833351,0.000416729994272862,0.0010394573016715425,0.0020813887653226004,5.8,1.6,4.0,8.0,0.0,0.0,0.0,0.0,5.8,1.6,4.0,8.0,1.0,0.0,1.0,1.0,1.0,0.0,1.0,1.0,0.03471074380165289,0.013223140495867768,0.01652892561983471,0.049586776859504134,0.9272727272727274,0.006184557664089139,0.9173553719008265,0.9338842975206612,0.9272727272727274,0.006184557664089139,0.9173553719008265,0.9338842975206612,0.0,0.0,0.0,0.0,0.0,0.0,0.0,0.0,5.8,1.6,4.0,8.0,5.8,1.6,4.0,8.0,1.0,0.0,1.0,1.0,0.0,0.0,0.0,0.0
PAIR_PROTECT_ONLY,POSITIVE_PAIR_EVIDENCE,1,trrosettarna2_native_ss,121.0,0.0,121.0,121.0,0.7927060918203435,0.001297598114737531,0.7912657618013773,0.7943319793304047,0.9120849106151278,0.0,0.9120849106151278,0.9120849106151278,0.8439817724712592,0.0006539711357621435,0.8432388918185377,0.8448373277625517,0.7789514089360803,0.0007241513059142141,0.7779552715654952,0.7800320341697811,0.8717183770883054,0.0,0.8717183770883055,0.8717183770883055,0.822727982947062,0.00040390638874778477,0.8221722003376477,0.8233305156382079,0.0021424361369330003,0.0012975981147375435,0.0007021061179668531,0.0037683236469942994,0.0,0.0,0.0,0.0,0.0011104082579643315,0.0006539711357620967,0.00036752760524286725,0.001965963549256757,0.007160600695192754,0.0007241513059142141,0.0061644633246076275,0.008241225928893536,0.0,0.0,0.0,0.0,0.0040112555724471696,0.00040390638874778477,0.003455472963032946,0.004613788263593155,17.4,1.7435595774162693,15.0,20.0,0.0,0.0,0.0,0.0,17.4,1.7435595774162693,15.0,20.0,1.0,0.0,1.0,1.0,1.0,0.0,1.0,1.0,0.07603305785123968,0.009637937016273225,0.06611570247933884,0.09090909090909091,0.9190082644628099,0.013223140495867772,0.9008264462809917,0.9338842975206612,0.9190082644628099,0.013223140495867772,0.9008264462809917,0.9338842975206612,0.0,0.0,0.0,0.0,0.0,0.0,0.0,0.0,17.4,1.7435595774162693,15.0,20.0,17.4,1.7435595774162693,15.0,20.0,1.0,0.0,1.0,1.0,0.0,0.0,0.0,0.0
PAIR_PROTECT_ONLY,POSITIVE_PAIR_EVIDENCE,5,petfold,130.0,0.0,130.0,130.0,0.8976912081000368,0.0013266633515248538,0.8968563743412934,0.900329393367082,0.9077787598919441,0.0,0.9077787598919441,0.9077787598919441,0.8980234989435582,0.0006234381962687546,0.897640505352651,0.8992660481669068,0.8638429474933543,0.00150231213011365,0.8626179245283019,0.8667061611374408,0.87291169451074,0.0,0.8729116945107399,0.8729116945107399,0.8683529881322757,0.0007582568676640192,0.8677342823250297,0.8697978596908442,0.0024356057469864063,0.0013266633515248334,0.0016007719882431305,0.005073791014031634,0.0,0.0,0.0,0.0,0.0011742776949842809,0.0006234381962687061,0.0007912841040772932,0.002416826918332866,0.005274872375983497,0.00150231213011365,0.004049849410931006,0.008138086020069935,0.0,0.0,0.0,0.0,0.002672514759494571,0.0007582568676640192,0.0020538089522486036,0.004117386318063132,10.4,2.939387691339814,8.0,16.0,0.0,0.0,0.0,0.0,10.4,2.939387691339814,8.0,16.0,1.0,0.0,1.0,1.0,1.0,0.0,1.0,1.0,0.05289256198347107,0.01236911532817832,0.04132231404958678,0.0743801652892562,0.8969230769230769,0.024129826371320204,0.8538461538461538,0.9230769230769231,0.8969230769230769,0.024129826371320204,0.8538461538461538,0.9230769230769231,0.0,0.0,0.0,0.0,0.0,0.0,0.0,0.0,10.4,2.939387691339814,8.0,16.0,10.4,2.939387691339814,8.0,16.0,1.0,0.0,1.0,1.0,0.0,0.0,0.0,0.0
PAIR_PROTECT_ONLY,POSITIVE_PAIR_EVIDENCE,5,rnafold,130.0,0.0,130.0,130.0,0.9091434089711447,0.0012345405420315458,0.9083576833574875,0.9116039055032311,0.9138670306547281,0.0,0.9138670306547281,0.9138670306547281,0.906901571544765,0.0006148841717412593,0.9065514619438889,0.9081294217178946,0.8750171495437747,0.0014186445368190592,0.8731475992886781,0.8773079213817748,0.8788782816229117,0.0,0.8788782816229117,0.8788782816229117,0.8769428894220986,0.0007122375975130165,0.8760035682426405,0.8780923994038748,0.002205992809325573,0.0012345405420315322,0.0014202671956682657,0.004666489341411942,0.0,0.0,0.0,0.0,0.001083959636808776,0.00061488417174128,0.0007338500359327234,0.002311809809938466,0.004963989472894781,0.0014186445368190592,0.0030944392177980617,0.007254761310894753,0.0,0.0,0.0,0.0,0.0024994343909322094,0.0007122375975130165,0.001560113211473979,0.0036489443727083515,9.6,2.727636339397171,6.0,14.0,0.0,0.0,0.0,0.0,9.6,2.727636339397171,6.0,14.0,1.0,0.0,1.0,1.0,1.0,0.0,1.0,1.0,0.049586776859504134,0.012803250731264188,0.04132231404958678,0.0743801652892562,0.8969230769230769,0.027348290514817204,0.8461538461538461,0.9230769230769231,0.8969230769230769,0.027348290514817204,0.8461538461538461,0.9230769230769231,0.0,0.0,0.0,0.0,0.0,0.0,0.0,0.0,9.6,2.727636339397171,6.0,14.0,9.6,2.727636339397171,6.0,14.0,1.0,0.0,1.0,1.0,0.0,0.0,0.0,0.0
PAIR_PROTECT_ONLY,POSITIVE_PAIR_EVIDENCE,5,trrosettarna2_native_ss,130.0,0.0,130.0,130.0,0.7913979441576767,0.000401567321907106,0.7910180826418172,0.7920770561272921,0.9120849106151278,0.0,0.9120849106151278,0.9120849106151278,0.8433169157034814,0.0001965715989612685,0.8431242013142369,0.84363495190909,0.7786196580047339,0.0008942534325875803,0.7775412453432677,0.7800320341697811,0.8717183770883054,0.0,0.8717183770883055,0.8717183770883055,0.8225428089840611,0.0004988868195441067,0.8219409282700422,0.8233305156382079,0.0008342884742663355,0.00040156732190714046,0.0004544269584067355,0.0015134004438817274,0.0,0.0,0.0,0.0,0.00044555149018665134,0.00019657159896125574,0.0002528371009419738,0.0007635876957950707,0.006828849763846301,0.0008942534325875803,0.0057504371023802126,0.008241225928893536,0.0,0.0,0.0,0.0,0.003826081609446308,0.0004988868195441067,0.0032242008954274093,0.004613788263593155,16.6,2.1540659228538015,14.0,20.0,0.0,0.0,0.0,0.0,16.6,2.1540659228538015,14.0,20.0,1.0,0.0,1.0,1.0,1.0,0.0,1.0,1.0,0.06776859504132231,0.00618455766408916,0.05785123966942149,0.0743801652892562,0.9030769230769231,0.015839430986133857,0.8769230769230769,0.9230769230769231,0.9030769230769231,0.015839430986133857,0.8769230769230769,0.9230769230769231,0.0,0.0,0.0,0.0,0.0,0.0,0.0,0.0,16.6,2.1540659228538015,14.0,20.0,16.6,2.1540659228538015,14.0,20.0,1.0,0.0,1.0,1.0,0.0,0.0,0.0,0.0
PAIR_PROTECT_ONLY,POSITIVE_PAIR_EVIDENCE,10,petfold,180.0,0.0,180.0,180.0,0.8983318729913995,0.0005504476594194713,0.8976433785169775,0.8992417184373589,0.9077787598919441,0.0,0.9077787598919441,0.9077787598919441,0.8982374248479111,0.00030918838756274677,0.8979257738018449,0.8987862114725463,0.8669128821491793,0.0010586609205270989,0.8656804733727811,0.8687648456057007,0.87291169451074,0.0,0.8729116945107399,0.8729116945107399,0.869901622375926,0.0005327618682980225,0.869281045751634,0.8708333333333333,0.0030762706383491013,0.0005504476594194993,0.002387776163927208,0.003986116084308666,0.0,0.0,0.0,0.0,0.0013882035993372584,0.0003091883875627184,0.0010765525532711315,0.0019369902239725078,0.00834480703180831,0.0010586609205270989,0.007112398255410213,0.010196770488329787,0.0,0.0,0.0,0.0,0.0042211490031449864,0.0005327618682980225,0.0036005723788529176,0.0051528599605522585,16.4,2.0591260281974,14.0,20.0,0.0,0.0,0.0,0.0,16.4,2.0591260281974,14.0,20.0,1.0,0.0,1.0,1.0,1.0,0.0,1.0,1.0,0.06776859504132231,0.00618455766408916,0.05785123966942149,0.0743801652892562,0.8855555555555557,0.021829869671542778,0.85,0.9166666666666666,0.8855555555555557,0.021829869671542778,0.85,0.9166666666666666,0.0,0.0,0.0,0.0,0.0,0.0,0.0,0.0,16.4,2.0591260281974,14.0,20.0,16.4,2.0591260281974,14.0,20.0,1.0,0.0,1.0,1.0,0.0,0.0,0.0,0.0
PAIR_PROTECT_ONLY,POSITIVE_PAIR_EVIDENCE,10,rnafold,180.0,0.0,180.0,180.0,0.9095954205994827,0.0006621230018283878,0.9088604381051314,0.9106916772227682,0.9138670306547281,0.0,0.9138670306547281,0.9138670306547281,0.9070311972723598,0.0003384877718056961,0.90673589000352,0.9076687208537091,0.8779366905735037,0.0010685609988202688,0.8767857142857143,0.8799283154121864,0.8788782816229117,0.0,0.8788782816229117,0.8788782816229117,0.8784069086487243,0.0005345273881337376,0.8778307508939214,0.8794029850746269,0.0026580044376635975,0.0006621230018284002,0.0019230219433122378,0.003754261060949111,0.0,0.0,0.0,0.0,0.00121358536440357,0.00033848777180571434,0.0009182780955638471,0.001851108945752973,0.007883530502623581,0.0010685609988202688,0.006732554214834208,0.009875155341306341,0.0,0.0,0.0,0.0,0.003963453617557833,0.0005345273881337376,0.00338729586275488,0.004959530043460392,15.2,2.039607805437114,13.0,19.0,0.0,0.0,0.0,0.0,15.2,2.039607805437114,13.0,19.0,1.0,0.0,1.0,1.0,1.0,0.0,1.0,1.0,0.06115702479338843,0.008428131427426091,0.049586776859504134,0.0743801652892562,0.89,0.02030629653610786,0.8555555555555555,0.9166666666666666,0.89,0.02030629653610786,0.8555555555555555,0.9166666666666666,0.0,0.0,0.0,0.0,0.0,0.0,0.0,0.0,15.2,2.039607805437114,13.0,19.0,15.2,2.039607805437114,13.0,19.0,1.0,0.0,1.0,1.0,0.0,0.0,0.0,0.0
PAIR_PROTECT_ONLY,POSITIVE_PAIR_EVIDENCE,10,trrosettarna2_native_ss,180.0,0.0,180.0,180.0,0.792932171548867,0.0006538620899971986,0.7923355997939182,0.793927888741579,0.9120849106151278,0.0,0.9120849106151278,0.9120849106151278,0.8441266404111509,0.0002898431874325033,0.8438326966668296,0.8445948097504731,0.7840508046507861,0.0003367328549664118,0.7837982832618026,0.784640171858217,0.8717183770883054,0.0,0.8717183770883055,0.8717183770883055,0.8255636970413722,0.00018663529270393552,0.8254237288135593,0.8258903335217637,0.002368515865456563,0.0006538620899972119,0.0017719441105078107,0.00336423305816866,0.0,0.0,0.0,0.0,0.001255276197856009,0.0002898431874324552,0.0009613324535347472,0.0017234455371781061,0.01225999640989861,0.0003367328549664118,0.012007475020915037,0.012849363617329468,0.0,0.0,0.0,0.0,0.006846969666757419,0.00018663529270393552,0.006707001438944538,0.007173606147148903,29.6,0.8,29.0,31.0,0.0,0.0,0.0,0.0,29.6,0.8,29.0,31.0,1.0,0.0,1.0,1.0,1.0,0.0,1.0,1.0,0.08925619834710743,0.00618455766408916,0.08264462809917356,0.09917355371900827,0.8800000000000001,0.011967032904743352,0.8666666666666667,0.8944444444444445,0.8800000000000001,0.011967032904743352,0.8666666666666667,0.8944444444444445,0.0,0.0,0.0,0.0,0.0,0.0,0.0,0.0,29.6,0.8,29.0,31.0,29.6,0.8,29.0,31.0,1.0,0.0,1.0,1.0,0.0,0.0,0.0,0.0
PAIR_PROTECT_ONLY,POSITIVE_PAIR_EVIDENCE,20,petfold,338.0,0.0,338.0,338.0,0.9030698590678241,0.0015817911064734715,0.9014773261661003,0.9054780869499828,0.9077787598919441,0.0,0.9077787598919441,0.9077787598919441,0.9003032615927419,0.0006725123832721137,0.8995202187324132,0.9012359438281945,0.8787961114293745,0.0032338931710110524,0.8744769874476988,0.8845223700120919,0.87291169451074,0.0,0.8729116945107399,0.8729116945107399,0.8758410577114185,0.0016042488064817774,0.8736936398925053,0.8786786786786787,0.007814256714773832,0.0015817911064734658,0.006221723813050093,0.010222484596932473,0.0,0.0,0.0,0.0,0.0034540403441681014,0.000672512383272126,0.002670997483839308,0.004386722579620733,0.02022803631200365,0.0032338931710110524,0.015908912330327873,0.02595429489472101,0.0,0.0,0.0,0.0,0.010160584338637401,0.0016042488064817774,0.008013166519724169,0.01299820530589757,39.2,6.11228271597445,31.0,50.0,0.0,0.0,0.0,0.0,39.2,6.11228271597445,31.0,50.0,1.0,0.0,1.0,1.0,1.0,0.0,1.0,1.0,0.10247933884297522,0.016194973506004483,0.09090909090909091,0.1322314049586777,0.8686390532544379,0.006641995361137173,0.8579881656804734,0.8757396449704142,0.8686390532544379,0.006641995361137173,0.8579881656804734,0.8757396449704142,0.0,0.0,0.0,0.0,0.0,0.0,0.0,0.0,39.2,6.11228271597445,31.0,50.0,39.2,6.11228271597445,31.0,50.0,1.0,0.0,1.0,1.0,0.0,0.0,0.0,0.0
PAIR_PROTECT_ONLY,POSITIVE_PAIR_EVIDENCE,20,rnafold,338.0,0.0,338.0,338.0,0.9141544855544936,0.001320857025649909,0.9118051272875993,0.9156962420750716,0.9138670306547281,0.0,0.9138670306547281,0.9138670306547281,0.9089855170246096,0.0006286080155840012,0.9078661177168923,0.9097616071415665,0.889934330707708,0.0032281510233019275,0.8873493975903615,0.8959854014598541,0.8788782816229117,0.0,0.8788782816229117,0.8788782816229117,0.8843688498268125,0.0015907361347157383,0.8830935251798561,0.8873493975903615,0.007217069392674499,0.001320857025649903,0.004867711125780182,0.008758825913252432,0.0,0.0,0.0,0.0,0.003167905116653549,0.0006286080155839966,0.0020485058089361806,0.003943995233610362,0.019881170636827948,0.0032281510233019275,0.017296237519481394,0.025932241388973987,0.0,0.0,0.0,0.0,0.009925394795646025,0.0015907361347157383,0.00865007014868957,0.012905942559194972,37.8,5.979966555090421,33.0,49.0,0.0,0.0,0.0,0.0,37.8,5.979966555090421,33.0,49.0,1.0,0.0,1.0,1.0,1.0,0.0,1.0,1.0,0.09090909090909091,0.011687715391513183,0.0743801652892562,0.10743801652892562,0.8739644970414201,0.005158460288213808,0.8668639053254438,0.8816568047337278,0.8739644970414201,0.005158460288213808,0.8668639053254438,0.8816568047337278,0.0,0.0,0.0,0.0,0.0,0.0,0.0,0.0,37.8,5.979966555090421,33.0,49.0,37.8,5.979966555090421,33.0,49.0,1.0,0.0,1.0,1.0,0.0,0.0,0.0,0.0
PAIR_PROTECT_ONLY,POSITIVE_PAIR_EVIDENCE,20,trrosettarna2_native_ss,338.0,0.0,338.0,338.0,0.7955625397649634,0.0008014089242513741,0.7941314507876301,0.7966054607239639,0.9120849106151278,0.0,0.9120849106151278,0.9120849106151278,0.8453216528659155,0.00036588329082991284,0.8446579046082302,0.8457732359161114,0.7948054877507295,0.002221266684391736,0.7905844155844156,0.7970540098199672,0.8717183770883054,0.0,0.8717183770883055,0.8717183770883055,0.8314854800016601,0.0012173582352969015,0.8291713961407492,0.8327158734682245,0.004998884081552996,0.0008014089242513673,0.003567795104219767,0.006041805040553477,0.0,0.0,0.0,0.0,0.0024502886526206425,0.0003658832908299113,0.001786540394935308,0.002901871702816513,0.023014679509841863,0.002221266684391736,0.018793607343528085,0.025263201579079686,0.0,0.0,0.0,0.0,0.012768752627045377,0.0012173582352969015,0.010454668766134434,0.013999146093609749,54.8,5.1536394906900505,45.0,60.0,0.0,0.0,0.0,0.0,54.8,5.1536394906900505,45.0,60.0,1.0,0.0,1.0,1.0,1.0,0.0,1.0,1.0,0.10413223140495868,0.004048743376501121,0.09917355371900827,0.10743801652892562,0.8751479289940829,0.007805269797794613,0.8668639053254438,0.8846153846153846,0.8751479289940829,0.007805269797794613,0.8668639053254438,0.8846153846153846,0.0,0.0,0.0,0.0,0.0,0.0,0.0,0.0,54.8,5.1536394906900505,45.0,60.0,54.8,5.1536394906900505,45.0,60.0,1.0,0.0,1.0,1.0,0.0,0.0,0.0,0.0
PAIR_PROTECT_ONLY,POSITIVE_PAIR_EVIDENCE,50,petfold,875.0,0.0,875.0,875.0,0.9187945756991095,0.0017780421492896335,0.9162018446489956,0.9217500835282779,0.9077787598919441,0.0,0.9077787598919441,0.9077787598919441,0.9063373800541952,0.0005426987186028526,0.9056992663493585,0.9072859115157749,0.9043345591006489,0.004255021654208546,0.8975460122699387,0.9092604101926662,0.87291169451074,0.0,0.8729116945107399,0.8729116945107399,0.8883404187359755,0.0020549048093554847,0.8850574712643678,0.8907153729071537,0.023538973346059235,0.001778042149289609,0.020946242295945293,0.026494481175227562,0.0,0.0,0.0,0.0,0.009488158805621335,0.0005426987186028505,0.008850045100784602,0.010436690267200998,0.04576648398327789,0.004255021654208546,0.03897793715256781,0.05069233507529536,0.0,0.0,0.0,0.0,0.022659945363194333,0.0020549048093554847,0.019376997891586756,0.025034899534372657,86.2,7.626270385975047,74.0,95.0,0.0,0.0,0.0,0.0,86.2,7.626270385975047,74.0,95.0,1.0,0.0,1.0,1.0,1.0,0.0,1.0,1.0,0.16363636363636364,0.012146230129503364,0.1487603305785124,0.18181818181818182,0.8713142857142857,0.003727887184068579,0.8674285714285714,0.8777142857142857,0.8713142857142857,0.003727887184068579,0.8674285714285714,0.8777142857142857,0.0,0.0,0.0,0.0,0.0,0.0,0.0,0.0,86.2,7.626270385975047,74.0,95.0,86.2,7.626270385975047,74.0,95.0,1.0,0.0,1.0,1.0,0.0,0.0,0.0,0.0
PAIR_PROTECT_ONLY,POSITIVE_PAIR_EVIDENCE,50,rnafold,875.0,0.0,875.0,875.0,0.9290354307680614,0.0018820810816629278,0.926105267361534,0.93143329999131,0.9138670306547281,0.0,0.9138670306547281,0.9138670306547281,0.9147170488509893,0.0006203688113766633,0.9139403554030198,0.9155606544679676,0.9155004819921043,0.004786605158778649,0.9086983343615053,0.9212007504690432,0.8788782816229117,0.0,0.8788782816229117,0.8788782816229117,0.8968095361853307,0.002296859135215305,0.8935395814376706,0.8995419847328244,0.02209801460624225,0.001882081081662923,0.01916785119971486,0.024495883829490885,0.0,0.0,0.0,0.0,0.008899436943033048,0.0006203688113766588,0.008122743495063593,0.009743042560011487,0.04544732192122423,0.004786605158778649,0.038645174290625195,0.05114759039816308,0.0,0.0,0.0,0.0,0.022366081154164143,0.002296859135215305,0.019096126406504155,0.025098529701657935,84.0,8.414273587185052,72.0,94.0,0.0,0.0,0.0,0.0,84.0,8.414273587185052,72.0,94.0,1.0,0.0,1.0,1.0,1.0,0.0,1.0,1.0,0.15867768595041323,0.013223140495867768,0.14049586776859505,0.17355371900826447,0.8768,0.005663776774109173,0.8708571428571429,0.8857142857142857,0.8768,0.005663776774109173,0.8708571428571429,0.8857142857142857,0.0,0.0,0.0,0.0,0.0,0.0,0.0,0.0,84.0,8.414273587185052,72.0,94.0,84.0,8.414273587185052,72.0,94.0,1.0,0.0,1.0,1.0,0.0,0.0,0.0,0.0
PAIR_PROTECT_ONLY,POSITIVE_PAIR_EVIDENCE,50,trrosettarna2_native_ss,875.0,0.0,875.0,875.0,0.8056898141469014,0.0013559442449377727,0.8037403800880506,0.8072704037416026,0.9120849106151278,0.0,0.9120849106151278,0.9120849106151278,0.8500326144306463,0.0005078303120156901,0.8493069193170495,0.8506963738228295,0.825519053738641,0.0012999737180627573,0.8240270727580372,0.8272933182332955,0.8717183770883054,0.0,0.8717183770883055,0.8717183770883055,0.8479894103370604,0.0006857001530504143,0.8472020875616121,0.8489250435793143,0.01512615846349103,0.001355944244937761,0.01317672440464022,0.016706748058192222,0.0,0.0,0.0,0.0,0.007161250217351445,0.0005078303120156944,0.006435555103754575,0.007825009609534564,0.053728245497753416,0.0012999737180627573,0.05223626451714969,0.05550250999240802,0.0,0.0,0.0,0.0,0.029272682962445628,0.0006857001530504143,0.02848536018699732,0.030208316204699548,123.2,2.7856776554368237,120.0,127.0,0.0,0.0,0.0,0.0,123.2,2.7856776554368237,120.0,127.0,1.0,0.0,1.0,1.0,1.0,0.0,1.0,1.0,0.15041322314049588,0.00618455766408916,0.14049586776859505,0.15702479338842976,0.8715428571428572,0.005437886744397854,0.8628571428571429,0.8765714285714286,0.8715428571428572,0.005437886744397854,0.8628571428571429,0.8765714285714286,0.0,0.0,0.0,0.0,0.0,0.0,0.0,0.0,123.2,2.7856776554368237,120.0,127.0,123.2,2.7856776554368237,120.0,127.0,1.0,0.0,1.0,1.0,0.0,0.0,0.0,0.0
UNPAIRED_HARD_DELETE,UNPAIRED_NUCLEOTIDE_EVIDENCE,0,petfold,0.0,0.0,0.0,0.0,0.8952556023530504,0.0,0.8952556023530504,0.8952556023530504,0.9077787598919441,0.0,0.9077787598919441,0.9077787598919441,0.8968492212485739,0.0,0.8968492212485739,0.8968492212485739,0.8585680751173708,0.0,0.8585680751173709,0.8585680751173709,0.87291169451074,0.0,0.8729116945107399,0.8729116945107399,0.865680473372781,0.0,0.8656804733727811,0.8656804733727811,0.0,0.0,0.0,0.0,0.0,0.0,0.0,0.0,0.0,0.0,0.0,0.0,0.0,0.0,0.0,0.0,0.0,0.0,0.0,0.0,0.0,0.0,0.0,0.0,0.0,0.0,0.0,0.0,0.0,0.0,0.0,0.0,0.0,0.0,0.0,0.0,,,,,1.0,0.0,1.0,1.0,0.0,0.0,0.0,0.0,,,,,,,,,0.0,0.0,0.0,0.0,0.0,0.0,0.0,0.0,0.0,0.0,0.0,0.0,0.0,0.0,0.0,0.0,,,,,0.0,0.0,0.0,0.0
UNPAIRED_HARD_DELETE,UNPAIRED_NUCLEOTIDE_EVIDENCE,0,rnafold,0.0,0.0,0.0,0.0,0.9069374161618192,0.0,0.9069374161618192,0.9069374161618192,0.9138670306547281,0.0,0.9138670306547281,0.9138670306547281,0.905817611907956,0.0,0.9058176119079561,0.9058176119079561,0.87005316007088,0.0,0.8700531600708801,0.8700531600708801,0.8788782816229117,0.0,0.8788782816229117,0.8788782816229117,0.8744434550311665,0.0,0.8744434550311665,0.8744434550311665,0.0,0.0,0.0,0.0,0.0,0.0,0.0,0.0,0.0,0.0,0.0,0.0,0.0,0.0,0.0,0.0,0.0,0.0,0.0,0.0,0.0,0.0,0.0,0.0,0.0,0.0,0.0,0.0,0.0,0.0,0.0,0.0,0.0,0.0,0.0,0.0,,,,,1.0,0.0,1.0,1.0,0.0,0.0,0.0,0.0,,,,,,,,,0.0,0.0,0.0,0.0,0.0,0.0,0.0,0.0,0.0,0.0,0.0,0.0,0.0,0.0,0.0,0.0,,,,,0.0,0.0,0.0,0.0
UNPAIRED_HARD_DELETE,UNPAIRED_NUCLEOTIDE_EVIDENCE,0,trrosettarna2_native_ss,0.0,0.0,0.0,0.0,0.7905636556834104,0.0,0.7905636556834104,0.7905636556834104,0.9120849106151278,0.0,0.9120849106151278,0.9120849106151278,0.842871364213295,0.0,0.8428713642132949,0.8428713642132949,0.7717908082408875,0.0,0.7717908082408875,0.7717908082408875,0.8717183770883054,0.0,0.8717183770883055,0.8717183770883055,0.8187167273746148,0.0,0.8187167273746148,0.8187167273746148,0.0,0.0,0.0,0.0,0.0,0.0,0.0,0.0,0.0,0.0,0.0,0.0,0.0,0.0,0.0,0.0,0.0,0.0,0.0,0.0,0.0,0.0,0.0,0.0,0.0,0.0,0.0,0.0,0.0,0.0,0.0,0.0,0.0,0.0,0.0,0.0,,,,,1.0,0.0,1.0,1.0,0.0,0.0,0.0,0.0,,,,,,,,,0.0,0.0,0.0,0.0,0.0,0.0,0.0,0.0,0.0,0.0,0.0,0.0,0.0,0.0,0.0,0.0,,,,,0.0,0.0,0.0,0.0
UNPAIRED_HARD_DELETE,UNPAIRED_NUCLEOTIDE_EVIDENCE,1,petfold,121.0,0.0,121.0,121.0,0.9044159087903235,0.0012534279641561806,0.9028956929259876,0.9059541488994135,0.9077787598919441,0.0,0.9077787598919441,0.9077787598919441,0.9015678292122329,0.0005638977786833,0.9008369518024504,0.9023795445307521,0.8674268839688155,0.001059917207215151,0.8661930136175252,0.869281045751634,0.87291169451074,0.0,0.8729116945107399,0.8729116945107399,0.8701603216785779,0.0005330788578940876,0.8695393759286776,0.8710925870794879,0.00916030643727327,0.0012534279641561285,0.007640090572937401,0.010698546546363177,0.0,0.0,0.0,0.0,0.004718607963659115,0.0005638977786832983,0.0039877305538765645,0.00553032328217825,0.008858808851444699,0.001059917207215151,0.007624938500154332,0.01071297063426313,0.0,0.0,0.0,0.0,0.004479848305796863,0.0005330788578940876,0.003858902555896493,0.0054121137067068,17.4,2.0591260281974,15.0,21.0,0.0,0.0,0.0,0.0,17.4,2.0591260281974,15.0,21.0,1.0,0.0,1.0,1.0,1.0,0.0,1.0,1.0,0.143801652892562,0.01701757048097025,0.12396694214876033,0.17355371900826447,0.8561983471074381,0.01701757048097023,0.8264462809917356,0.8760330578512396,1.0,0.0,1.0,1.0,0.0,0.0,0.0,0.0,0.0,0.0,0.0,0.0,17.4,2.0591260281974,15.0,21.0,17.4,2.0591260281974,15.0,21.0,1.0,0.0,1.0,1.0,0.0,0.0,0.0,0.0
UNPAIRED_HARD_DELETE,UNPAIRED_NUCLEOTIDE_EVIDENCE,1,rnafold,121.0,0.0,121.0,121.0,0.9147432296740607,0.0017777028570882638,0.9131695811260415,0.9171879247220843,0.9138670306547281,0.0,0.9138670306547281,0.9138670306547281,0.9097939297352967,0.0008587114041163818,0.9088015726046772,0.9108919206112116,0.8776248559018935,0.0017039626079463147,0.8747030878859857,0.8799283154121864,0.8788782816229117,0.0,0.8788782816229117,0.8788782816229117,0.8782502934657013,0.0008536134661731421,0.8767857142857143,0.8794029850746269,0.0078058135122415235,0.0017777028570882649,0.006232164964222381,0.010250508560265164,0.0,0.0,0.0,0.0,0.003976317827340642,0.000858711404116369,0.0029839606967210744,0.005074308703255393,0.007571695831013447,0.0017039626079463147,0.004649927815105648,0.009875155341306341,0.0,0.0,0.0,0.0,0.0038068384345347093,0.0008536134661731421,0.002342259254547785,0.004959530043460392,14.6,3.2619012860600183,9.0,19.0,0.0,0.0,0.0,0.0,14.6,3.2619012860600183,9.0,19.0,1.0,0.0,1.0,1.0,1.0,0.0,1.0,1.0,0.12066115702479338,0.026957861868264613,0.0743801652892562,0.15702479338842976,0.8793388429752067,0.026957861868264633,0.8429752066115702,0.9256198347107438,1.0,0.0,1.0,1.0,0.0,0.0,0.0,0.0,0.0,0.0,0.0,0.0,14.6,3.2619012860600183,9.0,19.0,14.6,3.2619012860600183,9.0,19.0,1.0,0.0,1.0,1.0,0.0,0.0,0.0,0.0
UNPAIRED_HARD_DELETE,UNPAIRED_NUCLEOTIDE_EVIDENCE,1,trrosettarna2_native_ss,121.0,0.0,121.0,121.0,0.8126085454887214,0.0020086587797634205,0.810247744448208,0.8149146817498449,0.9120849106151278,0.0,0.9120849106151278,0.9120849106151278,0.8556781284969693,0.0010404964964095841,0.8543352069689977,0.8567099074388023,0.7885413549156313,0.0020015950524416917,0.7859064012910166,0.7905844155844156,0.8717183770883054,0.0,0.8717183770883055,0.8717183770883055,0.8280450003896117,0.0011040765827319172,0.8265912305516266,0.8291713961407492,0.022044889805310955,0.0020086587797634036,0.019684088764797603,0.024351026066434592,0.0,0.0,0.0,0.0,0.012806764283674494,0.0010404964964096028,0.011463842755702726,0.01383854322550739,0.016750546674743783,0.0020015950524416917,0.014115593050129105,0.018793607343528085,0.0,0.0,0.0,0.0,0.009328273014996946,0.0011040765827319172,0.007874503177011882,0.010454668766134434,40.2,4.707440918375928,34.0,45.0,0.0,0.0,0.0,0.0,40.2,4.707440918375928,34.0,45.0,1.0,0.0,1.0,1.0,1.0,0.0,1.0,1.0,0.3322314049586777,0.03890447039980106,0.2809917355371901,0.371900826446281,0.6677685950413224,0.038904470399801064,0.628099173553719,0.71900826446281,1.0,0.0,1.0,1.0,0.0,0.0,0.0,0.0,0.0,0.0,0.0,0.0,40.2,4.707440918375928,34.0,45.0,40.2,4.707440918375928,34.0,45.0,1.0,0.0,1.0,1.0,0.0,0.0,0.0,0.0
UNPAIRED_HARD_DELETE,UNPAIRED_NUCLEOTIDE_EVIDENCE,5,petfold,134.0,0.0,134.0,134.0,0.9056874804086222,0.0013699136677250009,0.9039680411438205,0.9075030853614654,0.9077787598919441,0.0,0.9077787598919441,0.9077787598919441,0.9024729308351717,0.0007901282000214478,0.9014857782477987,0.9033939591785879,0.8693855133704951,0.0010014592418054965,0.8677342823250297,0.8708333333333333,0.87291169451074,0.0,0.8729116945107399,0.8729116945107399,0.871144746648149,0.000502839522874468,0.8703152885187388,0.8718712753277712,0.010431878055571987,0.0013699136677250386,0.0087124387907701,0.01224748300841517,0.0,0.0,0.0,0.0,0.005623709586597772,0.0007901282000214529,0.004636556999224865,0.006544737930013956,0.010817438253124178,0.0010014592418054965,0.009166207207658816,0.012265258215962471,0.0,0.0,0.0,0.0,0.005464273275367892,0.000502839522874468,0.00463481514595776,0.0061908019549901105,21.2,1.9390719429665315,18.0,24.0,0.0,0.0,0.0,0.0,21.2,1.9390719429665315,18.0,24.0,1.0,0.0,1.0,1.0,1.0,0.0,1.0,1.0,0.1652892561983471,0.015680715670256428,0.14049586776859505,0.19008264462809918,0.8388059701492537,0.015366612150726846,0.8208955223880597,0.8656716417910447,1.0,0.0,1.0,1.0,0.0,0.0,0.0,0.0,0.0,0.0,0.0,0.0,21.2,1.9390719429665315,18.0,24.0,21.2,1.9390719429665315,18.0,24.0,1.0,0.0,1.0,1.0,0.0,0.0,0.0,0.0
UNPAIRED_HARD_DELETE,UNPAIRED_NUCLEOTIDE_EVIDENCE,5,rnafold,134.0,0.0,134.0,134.0,0.9152811370559355,0.0014553113064054632,0.9133169807859063,0.9174379759990472,0.9138670306547281,0.0,0.9138670306547281,0.9138670306547281,0.9103459101775278,0.000787358191198523,0.9094127526459833,0.9116285500022977,0.8786699000662077,0.0010783566931245713,0.8767857142857143,0.8799283154121864,0.8788782816229117,0.0,0.8788782816229117,0.8788782816229117,0.8787737474556685,0.0005395349948478897,0.8778307508939214,0.8794029850746269,0.008343720894116387,0.0014553113064054016,0.006379564624087229,0.010500559837227955,0.0,0.0,0.0,0.0,0.0045282982695715405,0.0007873581911985389,0.0035951407380271057,0.005810938094341526,0.008616739995327638,0.0010783566931245713,0.006732554214834208,0.009875155341306341,0.0,0.0,0.0,0.0,0.004330292424501958,0.0005395349948478897,0.00338729586275488,0.004959530043460392,16.6,2.0591260281974,13.0,19.0,0.0,0.0,0.0,0.0,16.6,2.0591260281974,13.0,19.0,1.0,0.0,1.0,1.0,1.0,0.0,1.0,1.0,0.12892561983471076,0.01236911532817832,0.10743801652892562,0.14049586776859505,0.8746268656716417,0.01727736851162722,0.8507462686567164,0.9029850746268657,1.0,0.0,1.0,1.0,0.0,0.0,0.0,0.0,0.0,0.0,0.0,0.0,16.6,2.0591260281974,13.0,19.0,16.6,2.0591260281974,13.0,19.0,1.0,0.0,1.0,1.0,0.0,0.0,0.0,0.0
UNPAIRED_HARD_DELETE,UNPAIRED_NUCLEOTIDE_EVIDENCE,5,trrosettarna2_native_ss,134.0,0.0,134.0,134.0,0.8115128844284148,0.002735685363279525,0.807985144695637,0.8150063703023963,0.9120849106151278,0.0,0.9120849106151278,0.9120849106151278,0.8552681926777433,0.0015106480104454113,0.8534095208598254,0.8571769697596952,0.7897333346540575,0.0016885215417824842,0.7876010781671159,0.7927292457948997,0.8717183770883054,0.0,0.8717183770883055,0.8717183770883055,0.8287021183250092,0.0009289899646536593,0.8275276125743416,0.8303495311167945,0.02094922874500451,0.002735685363279501,0.01742148901222659,0.02444271461898592,0.0,0.0,0.0,0.0,0.012396828464448447,0.0015106480104453918,0.010538156646530438,0.01430560554640019,0.017942526413169912,0.0016885215417824842,0.01581026992622836,0.020938437554012146,0.0,0.0,0.0,0.0,0.009985390950394413,0.0009289899646536593,0.008810885199726837,0.011632803742179787,43.0,3.9496835316262997,38.0,50.0,0.0,0.0,0.0,0.0,43.0,3.9496835316262997,38.0,50.0,1.0,0.0,1.0,1.0,1.0,0.0,1.0,1.0,0.343801652892562,0.029843752207054198,0.3140495867768595,0.39669421487603307,0.6776119402985075,0.02962601976310327,0.6268656716417911,0.7164179104477612,1.0,0.0,1.0,1.0,0.0,0.0,0.0,0.0,0.0,0.0,0.0,0.0,43.0,3.9496835316262997,38.0,50.0,43.0,3.9496835316262997,38.0,50.0,1.0,0.0,1.0,1.0,0.0,0.0,0.0,0.0
UNPAIRED_HARD_DELETE,UNPAIRED_NUCLEOTIDE_EVIDENCE,10,petfold,185.0,0.0,185.0,185.0,0.9059160173728735,0.001665510164042649,0.9037214539205928,0.9084879439047145,0.9077787598919441,0.0,0.9077787598919441,0.9077787598919441,0.9025638264106947,0.000879614755643353,0.9015034730664205,0.903783626469207,0.8731222677646894,0.001383888513251351,0.8713519952352591,0.8755236385397965,0.87291169451074,0.0,0.8729116945107399,0.8729116945107399,0.8730164204036767,0.000691450517881706,0.8721311475409836,0.8742157155661787,0.010660415019823299,0.001665510164042643,0.008465851567542466,0.013232341551664265,0.0,0.0,0.0,0.0,0.005714605162120752,0.000879614755643354,0.004654251817846696,0.006934405220633122,0.014554192647318543,0.001383888513251351,0.012783920117888203,0.016955563422425657,0.0,0.0,0.0,0.0,0.0073359470308956174,0.000691450517881706,0.006450674168202553,0.00853524219339763,28.4,2.6532998322843198,25.0,33.0,0.0,0.0,0.0,0.0,28.4,2.6532998322843198,25.0,33.0,1.0,0.0,1.0,1.0,1.0,0.0,1.0,1.0,0.19008264462809918,0.018845874795027074,0.17355371900826447,0.2231404958677686,0.8454054054054054,0.013928755380243374,0.8216216216216217,0.8648648648648649,1.0,0.0,1.0,1.0,0.0,0.0,0.0,0.0,0.0,0.0,0.0,0.0,28.4,2.6532998322843198,25.0,33.0,28.4,2.6532998322843198,25.0,33.0,1.0,0.0,1.0,1.0,0.0,0.0,0.0,0.0
UNPAIRED_HARD_DELETE,UNPAIRED_NUCLEOTIDE_EVIDENCE,10,rnafold,185.0,0.0,185.0,185.0,0.9165425586642847,0.0013276940068105672,0.9152760648079903,0.9182281440801763,0.9138670306547281,0.0,0.9138670306547281,0.9138670306547281,0.9109591146500611,0.0007908402831655461,0.9100178897715786,0.9120376220065184,0.8838369583788183,0.0011914662416515874,0.8825644098262433,0.8857486470234516,0.8788782816229117,0.0,0.8788782816229117,0.8788782816229117,0.8813502451396034,0.0005921634972167715,0.8807174887892377,0.8823000898472596,0.00960514250246566,0.0013276940068105685,0.00833864864617117,0.011290727918357167,0.0,0.0,0.0,0.0,0.005141502742104939,0.0007908402831655563,0.004200277863622456,0.00622001009856226,0.013783798307938255,0.0011914662416515874,0.012511249755363218,0.015695486952571502,0.0,0.0,0.0,0.0,0.0069067901084368,0.0005921634972167715,0.006274033758071229,0.007856634816093111,26.4,2.244994432064365,24.0,30.0,0.0,0.0,0.0,0.0,26.4,2.244994432064365,24.0,30.0,1.0,0.0,1.0,1.0,1.0,0.0,1.0,1.0,0.16859504132231407,0.01440958328443198,0.15702479338842976,0.19008264462809918,0.8562162162162161,0.011643599582993531,0.8378378378378378,0.8702702702702703,1.0,0.0,1.0,1.0,0.0,0.0,0.0,0.0,0.0,0.0,0.0,0.0,26.4,2.244994432064365,24.0,30.0,26.4,2.244994432064365,24.0,30.0,1.0,0.0,1.0,1.0,0.0,0.0,0.0,0.0
UNPAIRED_HARD_DELETE,UNPAIRED_NUCLEOTIDE_EVIDENCE,10,trrosettarna2_native_ss,185.0,0.0,185.0,185.0,0.8167293455975331,0.0013865364321373939,0.814364516892475,0.818236178497856,0.9120849106151278,0.0,0.9120849106151278,0.9120849106151278,0.8580872860957521,0.0007906580147758265,0.8569232202582633,0.8589847525368227,0.7964525889640395,0.0023435691978876978,0.7944535073409462,0.8001095290251917,0.8717183770883054,0.0,0.8717183770883055,0.8717183770883055,0.8323857372004466,0.0012789064599266198,0.8312944523470839,0.834380354083381,0.026165689914122638,0.0013865364321374197,0.02380086120906451,0.0276725228144456,0.0,0.0,0.0,0.0,0.015215921882457179,0.0007906580147758245,0.014051856044968348,0.016113388323527753,0.024661780723151883,0.0023435691978876978,0.022662699100058692,0.028318720784304197,0.0,0.0,0.0,0.0,0.013669009825831902,0.0012789064599266198,0.012577724972469118,0.0156636267087662,58.6,5.388877434122992,54.0,67.0,0.0,0.0,0.0,0.0,58.6,5.388877434122992,54.0,67.0,1.0,0.0,1.0,1.0,1.0,0.0,1.0,1.0,0.4,0.022542449085927035,0.36363636363636365,0.4297520661157025,0.6799999999999999,0.029289118235987174,0.6324324324324324,0.7081081081081081,1.0,0.0,1.0,1.0,0.0,0.0,0.0,0.0,0.0,0.0,0.0,0.0,58.6,5.388877434122992,54.0,67.0,58.6,5.388877434122992,54.0,67.0,1.0,0.0,1.0,1.0,0.0,0.0,0.0,0.0
UNPAIRED_HARD_DELETE,UNPAIRED_NUCLEOTIDE_EVIDENCE,20,petfold,333.0,0.0,333.0,333.0,0.9133196730459245,0.002976931502687022,0.9078044239756322,0.9159472877382056,0.9077787598919441,0.0,0.9077787598919441,0.9077787598919441,0.9064336448047545,0.0014822008966287104,0.9036219622090245,0.9077192739266376,0.8859233622913063,0.0027227453888836236,0.8813253012048192,0.8893617021276595,0.87291169451074,0.0,0.8729116945107399,0.8729116945107399,0.8793673209264308,0.0013423661480034608,0.8770983213429256,0.8810599217103282,0.01806407069287426,0.0029769315026870187,0.012548821622581969,0.02069168538515527,0.0,0.0,0.0,0.0,0.009584423556180565,0.0014822008966287195,0.006772740960450641,0.01087005267806384,0.027355287173935428,0.0027227453888836236,0.022757226087448346,0.03079362701028865,0.0,0.0,0.0,0.0,0.013686847553649706,0.0013423661480034608,0.011417847970144557,0.01537944833754712,52.6,5.083306010855534,44.0,59.0,0.0,0.0,0.0,0.0,52.6,5.083306010855534,44.0,59.0,1.0,0.0,1.0,1.0,1.0,0.0,1.0,1.0,0.27603305785123966,0.027952949628574805,0.2396694214876033,0.30578512396694213,0.8324324324324325,0.020578788827641827,0.8018018018018018,0.8648648648648649,1.0,0.0,1.0,1.0,0.0,0.0,0.0,0.0,0.0,0.0,0.0,0.0,52.6,5.083306010855534,44.0,59.0,52.6,5.083306010855534,44.0,59.0,1.0,0.0,1.0,1.0,0.0,0.0,0.0,0.0
UNPAIRED_HARD_DELETE,UNPAIRED_NUCLEOTIDE_EVIDENCE,20,rnafold,333.0,0.0,333.0,333.0,0.9231823908360764,0.002448289203430576,0.9188156416011771,0.9257226248817326,0.9138670306547281,0.0,0.9138670306547281,0.9138670306547281,0.914442689817505,0.0012281211376183295,0.912204926095165,0.915671752571258,0.8952278905319562,0.002083283282809276,0.8921865536038764,0.8987187309334961,0.8788782816229117,0.0,0.8788782816229117,0.8788782816229117,0.8869765493438191,0.0010221546990498657,0.8854824165915239,0.8886877828054298,0.016244974674257284,0.0024482892034305634,0.01187822543935799,0.018785208719913446,0.0,0.0,0.0,0.0,0.008625077909548789,0.0012281211376183063,0.006387314187208869,0.009854140663301817,0.02517473046107601,0.002083283282809276,0.02213339353299637,0.028665570862616008,0.0,0.0,0.0,0.0,0.012533094312652638,0.0010221546990498657,0.011038961560357441,0.014244327774263321,47.6,3.8262252939417984,42.0,54.0,0.0,0.0,0.0,0.0,47.6,3.8262252939417984,42.0,54.0,1.0,0.0,1.0,1.0,1.0,0.0,1.0,1.0,0.2396694214876033,0.021551082331248427,0.2231404958677686,0.2809917355371901,0.8492492492492492,0.011921581526293842,0.8348348348348348,0.8708708708708709,1.0,0.0,1.0,1.0,0.0,0.0,0.0,0.0,0.0,0.0,0.0,0.0,47.6,3.8262252939417984,42.0,54.0,47.6,3.8262252939417984,42.0,54.0,1.0,0.0,1.0,1.0,0.0,0.0,0.0,0.0
UNPAIRED_HARD_DELETE,UNPAIRED_NUCLEOTIDE_EVIDENCE,20,trrosettarna2_native_ss,333.0,0.0,333.0,333.0,0.8361928449805351,0.0027624182647191437,0.8315675972907787,0.8401798628102879,0.9120849106151278,0.0,0.9120849106151278,0.9120849106151278,0.8691371563861727,0.0014153624988877697,0.8667674405672888,0.8709964433564076,0.8163840188438272,0.0006193469270533806,0.8157453936348409,0.8175713486289872,0.8717183770883054,0.0,0.8717183770883055,0.8717183770883055,0.8431441735510173,0.00033016561099255407,0.842803576579175,0.8437770719029744,0.04562918929712476,0.0027624182647191732,0.04100394160736818,0.0496162071268775,0.0,0.0,0.0,0.0,0.0262657921728778,0.0014153624988877628,0.02389607635399389,0.028125079143112602,0.04459321060293957,0.0006193469270533806,0.04395458539395336,0.045780540388099644,0.0,0.0,0.0,0.0,0.024427446176402513,0.00033016561099255407,0.02408684920456028,0.02506034452835959,103.4,1.3564659966250536,102.0,106.0,0.0,0.0,0.0,0.0,103.4,1.3564659966250536,102.0,106.0,1.0,0.0,1.0,1.0,1.0,0.0,1.0,1.0,0.5553719008264463,0.03403514096194047,0.5206611570247934,0.6115702479338843,0.6672672672672673,0.011921581526293816,0.6516516516516516,0.6846846846846847,1.0,0.0,1.0,1.0,0.0,0.0,0.0,0.0,0.0,0.0,0.0,0.0,103.4,1.3564659966250536,102.0,106.0,103.4,1.3564659966250536,102.0,106.0,1.0,0.0,1.0,1.0,0.0,0.0,0.0,0.0
UNPAIRED_HARD_DELETE,UNPAIRED_NUCLEOTIDE_EVIDENCE,50,petfold,873.0,0.0,873.0,873.0,0.9422409634285716,0.001818378194516553,0.9395338648829393,0.9445297862653208,0.9077787598919441,0.0,0.9077787598919441,0.9077787598919441,0.9206280657852112,0.0009296926526049889,0.9192489767353023,0.9217715899407899,0.9245501120112409,0.0021765590174477175,0.921865154379332,0.9282994923857868,0.87291169451074,0.0,0.8729116945107399,0.8729116945107399,0.8979879132972606,0.0010259326630695934,0.8967208090714067,0.8997539975399754,0.04698536107552122,0.0018183781945165462,0.0442782625298891,0.04927418391227053,0.0,0.0,0.0,0.0,0.023778844536637467,0.0009296926526049901,0.02239975548672846,0.024922368692216132,0.06598203689387012,0.0021765590174477175,0.06329707926196115,0.06973141726841592,0.0,0.0,0.0,0.0,0.032307439924479577,0.0010259326630695934,0.031040335698625632,0.034073524167194336,121.6,3.7202150475476548,117.0,128.0,0.0,0.0,0.0,0.0,121.6,3.7202150475476548,117.0,128.0,1.0,0.0,1.0,1.0,1.0,0.0,1.0,1.0,0.424793388429752,0.01236911532817832,0.4049586776859504,0.4380165289256198,0.8357388316151203,0.008771679138179464,0.8258877434135166,0.8465063001145475,1.0,0.0,1.0,1.0,0.0,0.0,0.0,0.0,0.0,0.0,0.0,0.0,121.6,3.7202150475476548,117.0,128.0,121.6,3.7202150475476548,117.0,128.0,1.0,0.0,1.0,1.0,0.0,0.0,0.0,0.0
UNPAIRED_HARD_DELETE,UNPAIRED_NUCLEOTIDE_EVIDENCE,50,rnafold,873.0,0.0,873.0,873.0,0.9462794579600011,0.002370211740997029,0.9432841594373436,0.9500113228252205,0.9138670306547281,0.0,0.9138670306547281,0.9138670306547281,0.9258681409104366,0.0011619896131376576,0.9244053917474238,0.9274993982466011,0.9287579323534507,0.0024306764675826806,0.9264150943396227,0.9316888045540797,0.8788782816229117,0.0,0.8788782816229117,0.8788782816229117,0.9031283764521802,0.0011486993633263891,0.9020208205756277,0.9045133558489408,0.03934204179818192,0.0023702117409970503,0.03634674327552438,0.04307390666340136,0.0,0.0,0.0,0.0,0.02005052900248033,0.0011619896131376515,0.018587779839467574,0.02168178633864491,0.05870477228257063,0.0024306764675826806,0.056361934268742586,0.06163564448319958,0.0,0.0,0.0,0.0,0.028684921421013844,0.0011486993633263891,0.02757736554446122,0.030069900817774275,107.0,4.147288270665544,103.0,112.0,0.0,0.0,0.0,0.0,107.0,4.147288270665544,103.0,112.0,1.0,0.0,1.0,1.0,1.0,0.0,1.0,1.0,0.3603305785123967,0.016194973506004483,0.33884297520661155,0.3884297520661157,0.8561282932416953,0.009123623253947265,0.8442153493699885,0.865979381443299,1.0,0.0,1.0,1.0,0.0,0.0,0.0,0.0,0.0,0.0,0.0,0.0,107.0,4.147288270665544,103.0,112.0,107.0,4.147288270665544,103.0,112.0,1.0,0.0,1.0,1.0,0.0,0.0,0.0,0.0
UNPAIRED_HARD_DELETE,UNPAIRED_NUCLEOTIDE_EVIDENCE,50,trrosettarna2_native_ss,873.0,0.0,873.0,873.0,0.8967651711295499,0.0027172920249456905,0.8927098986130318,0.9012444995523115,0.9120849106151278,0.0,0.9120849106151278,0.9120849106151278,0.9020376019333899,0.0013594398924913972,0.9000632120468277,0.9043057261626475,0.8762212164612034,0.0024310066389877203,0.8722388059701492,0.8795906080674293,0.8717183770883054,0.0,0.8717183770883055,0.8717183770883055,0.8739623143510299,0.001209806062644063,0.8719785138764548,0.8756367995205274,0.10620151544613943,0.002717292024945697,0.10214624292962138,0.11068084386890101,0.0,0.0,0.0,0.0,0.059166237720095036,0.001359439892491421,0.05719184783353279,0.061434361949352624,0.10443040822031588,0.0024310066389877203,0.10044799772926172,0.10779979982654175,0.0,0.0,0.0,0.0,0.05524558697641506,0.001209806062644063,0.05326178650183999,0.05692007214591266,225.6,4.6303347611160905,218.0,232.0,0.0,0.0,0.0,0.0,225.6,4.6303347611160905,218.0,232.0,1.0,0.0,1.0,1.0,1.0,0.0,1.0,1.0,0.7966942148760331,0.017802197709535554,0.768595041322314,0.8181818181818182,0.6737686139747996,0.006373620959103592,0.6655211912943871,0.6849942726231386,1.0,0.0,1.0,1.0,0.0,0.0,0.0,0.0,0.0,0.0,0.0,0.0,225.6,4.6303347611160905,218.0,232.0,225.6,4.6303347611160905,218.0,232.0,1.0,0.0,1.0,1.0,0.0,0.0,0.0,0.0
