condition,evidence_channel,density_percent,evidence_seed,source_model,scope,rna_count,scope_domain,scope_universe_pair_count,direct_evidence_item_count,direct_compliant_before_count,direct_compliant_after_count,sum_tp,sum_fp,sum_fn,macro_precision,macro_recall,macro_f1,micro_precision,micro_recall,micro_f1,macro_delta_f1,micro_delta_f1,beneficial_edits,harmful_edits,modified_pair_count,correct_pair_preservation
ORIGINAL,POSITIVE_PAIR_EVIDENCE,0,101,petfold,DIRECT_EVIDENCE_EFFECT,121,pair,0,0,0,0,0,0,0,1.0,1.0,1.0,1.0,1.0,1.0,0.0,0.0,0,0,0,1.0
ORIGINAL,POSITIVE_PAIR_EVIDENCE,0,101,petfold,LOCAL_CONFLICT_EFFECT,121,pair,0,0,0,0,0,0,0,1.0,1.0,1.0,1.0,1.0,1.0,0.0,0.0,0,0,0,1.0
ORIGINAL,POSITIVE_PAIR_EVIDENCE,0,101,petfold,NON_EVIDENCED_EFFECT,121,pair,1917,0,0,0,1463,241,213,0.8952556023530504,0.9077787598919441,0.8968492212485739,0.8585680751173709,0.8729116945107399,0.8656804733727811,0.0,0.0,0,0,0,1.0
ORIGINAL,POSITIVE_PAIR_EVIDENCE,0,101,rnafold,DIRECT_EVIDENCE_EFFECT,121,pair,0,0,0,0,0,0,0,1.0,1.0,1.0,1.0,1.0,1.0,0.0,0.0,0,0,0,1.0
ORIGINAL,POSITIVE_PAIR_EVIDENCE,0,101,rnafold,LOCAL_CONFLICT_EFFECT,121,pair,0,0,0,0,0,0,0,1.0,1.0,1.0,1.0,1.0,1.0,0.0,0.0,0,0,0,1.0
ORIGINAL,POSITIVE_PAIR_EVIDENCE,0,101,rnafold,NON_EVIDENCED_EFFECT,121,pair,1896,0,0,0,1473,220,203,0.9069374161618192,0.9138670306547281,0.9058176119079561,0.8700531600708801,0.8788782816229117,0.8744434550311665,0.0,0.0,0,0,0,1.0
ORIGINAL,POSITIVE_PAIR_EVIDENCE,0,101,trrosettarna2_native_ss,DIRECT_EVIDENCE_EFFECT,121,pair,0,0,0,0,0,0,0,1.0,1.0,1.0,1.0,1.0,1.0,0.0,0.0,0,0,0,1.0
ORIGINAL,POSITIVE_PAIR_EVIDENCE,0,101,trrosettarna2_native_ss,LOCAL_CONFLICT_EFFECT,121,pair,0,0,0,0,0,0,0,1.0,1.0,1.0,1.0,1.0,1.0,0.0,0.0,0,0,0,1.0
ORIGINAL,POSITIVE_PAIR_EVIDENCE,0,101,trrosettarna2_native_ss,NON_EVIDENCED_EFFECT,121,pair,2108,0,0,0,1461,432,215,0.7905636556834104,0.9120849106151278,0.8428713642132949,0.7717908082408875,0.8717183770883055,0.8187167273746148,0.0,0.0,0,0,0,1.0
ORIGINAL,POSITIVE_PAIR_EVIDENCE,0,103,petfold,DIRECT_EVIDENCE_EFFECT,121,pair,0,0,0,0,0,0,0,1.0,1.0,1.0,1.0,1.0,1.0,0.0,0.0,0,0,0,1.0
ORIGINAL,POSITIVE_PAIR_EVIDENCE,0,103,petfold,LOCAL_CONFLICT_EFFECT,121,pair,0,0,0,0,0,0,0,1.0,1.0,1.0,1.0,1.0,1.0,0.0,0.0,0,0,0,1.0
ORIGINAL,POSITIVE_PAIR_EVIDENCE,0,103,petfold,NON_EVIDENCED_EFFECT,121,pair,1917,0,0,0,1463,241,213,0.8952556023530504,0.9077787598919441,0.8968492212485739,0.8585680751173709,0.8729116945107399,0.8656804733727811,0.0,0.0,0,0,0,1.0
ORIGINAL,POSITIVE_PAIR_EVIDENCE,0,103,rnafold,DIRECT_EVIDENCE_EFFECT,121,pair,0,0,0,0,0,0,0,1.0,1.0,1.0,1.0,1.0,1.0,0.0,0.0,0,0,0,1.0
ORIGINAL,POSITIVE_PAIR_EVIDENCE,0,103,rnafold,LOCAL_CONFLICT_EFFECT,121,pair,0,0,0,0,0,0,0,1.0,1.0,1.0,1.0,1.0,1.0,0.0,0.0,0,0,0,1.0
ORIGINAL,POSITIVE_PAIR_EVIDENCE,0,103,rnafold,NON_EVIDENCED_EFFECT,121,pair,1896,0,0,0,1473,220,203,0.9069374161618192,0.9138670306547281,0.9058176119079561,0.8700531600708801,0.8788782816229117,0.8744434550311665,0.0,0.0,0,0,0,1.0
ORIGINAL,POSITIVE_PAIR_EVIDENCE,0,103,trrosettarna2_native_ss,DIRECT_EVIDENCE_EFFECT,121,pair,0,0,0,0,0,0,0,1.0,1.0,1.0,1.0,1.0,1.0,0.0,0.0,0,0,0,1.0
ORIGINAL,POSITIVE_PAIR_EVIDENCE,0,103,trrosettarna2_native_ss,LOCAL_CONFLICT_EFFECT,121,pair,0,0,0,0,0,0,0,1.0,1.0,1.0,1.0,1.0,1.0,0.0,0.0,0,0,0,1.0
ORIGINAL,POSITIVE_PAIR_EVIDENCE,0,103,trrosettarna2_native_ss,NON_EVIDENCED_EFFECT,121,pair,2108,0,0,0,1461,432,215,0.7905636556834104,0.9120849106151278,0.8428713642132949,0.7717908082408875,0.8717183770883055,0.8187167273746148,0.0,0.0,0,0,0,1.0
ORIGINAL,POSITIVE_PAIR_EVIDENCE,0,107,petfold,DIRECT_EVIDENCE_EFFECT,121,pair,0,0,0,0,0,0,0,1.0,1.0,1.0,1.0,1.0,1.0,0.0,0.0,0,0,0,1.0
ORIGINAL,POSITIVE_PAIR_EVIDENCE,0,107,petfold,LOCAL_CONFLICT_EFFECT,121,pair,0,0,0,0,0,0,0,1.0,1.0,1.0,1.0,1.0,1.0,0.0,0.0,0,0,0,1.0
ORIGINAL,POSITIVE_PAIR_EVIDENCE,0,107,petfold,NON_EVIDENCED_EFFECT,121,pair,1917,0,0,0,1463,241,213,0.8952556023530504,0.9077787598919441,0.8968492212485739,0.8585680751173709,0.8729116945107399,0.8656804733727811,0.0,0.0,0,0,0,1.0
ORIGINAL,POSITIVE_PAIR_EVIDENCE,0,107,rnafold,DIRECT_EVIDENCE_EFFECT,121,pair,0,0,0,0,0,0,0,1.0,1.0,1.0,1.0,1.0,1.0,0.0,0.0,0,0,0,1.0
ORIGINAL,POSITIVE_PAIR_EVIDENCE,0,107,rnafold,LOCAL_CONFLICT_EFFECT,121,pair,0,0,0,0,0,0,0,1.0,1.0,1.0,1.0,1.0,1.0,0.0,0.0,0,0,0,1.0
ORIGINAL,POSITIVE_PAIR_EVIDENCE,0,107,rnafold,NON_EVIDENCED_EFFECT,121,pair,1896,0,0,0,1473,220,203,0.9069374161618192,0.9138670306547281,0.9058176119079561,0.8700531600708801,0.8788782816229117,0.8744434550311665,0.0,0.0,0,0,0,1.0
ORIGINAL,POSITIVE_PAIR_EVIDENCE,0,107,trrosettarna2_native_ss,DIRECT_EVIDENCE_EFFECT,121,pair,0,0,0,0,0,0,0,1.0,1.0,1.0,1.0,1.0,1.0,0.0,0.0,0,0,0,1.0
ORIGINAL,POSITIVE_PAIR_EVIDENCE,0,107,trrosettarna2_native_ss,LOCAL_CONFLICT_EFFECT,121,pair,0,0,0,0,0,0,0,1.0,1.0,1.0,1.0,1.0,1.0,0.0,0.0,0,0,0,1.0
ORIGINAL,POSITIVE_PAIR_EVIDENCE,0,107,trrosettarna2_native_ss,NON_EVIDENCED_EFFECT,121,pair,2108,0,0,0,1461,432,215,0.7905636556834104,0.9120849106151278,0.8428713642132949,0.7717908082408875,0.8717183770883055,0.8187167273746148,0.0,0.0,0,0,0,1.0
ORIGINAL,POSITIVE_PAIR_EVIDENCE,0,109,petfold,DIRECT_EVIDENCE_EFFECT,121,pair,0,0,0,0,0,0,0,1.0,1.0,1.0,1.0,1.0,1.0,0.0,0.0,0,0,0,1.0
ORIGINAL,POSITIVE_PAIR_EVIDENCE,0,109,petfold,LOCAL_CONFLICT_EFFECT,121,pair,0,0,0,0,0,0,0,1.0,1.0,1.0,1.0,1.0,1.0,0.0,0.0,0,0,0,1.0
ORIGINAL,POSITIVE_PAIR_EVIDENCE,0,109,petfold,NON_EVIDENCED_EFFECT,121,pair,1917,0,0,0,1463,241,213,0.8952556023530504,0.9077787598919441,0.8968492212485739,0.8585680751173709,0.8729116945107399,0.8656804733727811,0.0,0.0,0,0,0,1.0
ORIGINAL,POSITIVE_PAIR_EVIDENCE,0,109,rnafold,DIRECT_EVIDENCE_EFFECT,121,pair,0,0,0,0,0,0,0,1.0,1.0,1.0,1.0,1.0,1.0,0.0,0.0,0,0,0,1.0
ORIGINAL,POSITIVE_PAIR_EVIDENCE,0,109,rnafold,LOCAL_CONFLICT_EFFECT,121,pair,0,0,0,0,0,0,0,1.0,1.0,1.0,1.0,1.0,1.0,0.0,0.0,0,0,0,1.0
ORIGINAL,POSITIVE_PAIR_EVIDENCE,0,109,rnafold,NON_EVIDENCED_EFFECT,121,pair,1896,0,0,0,1473,220,203,0.9069374161618192,0.9138670306547281,0.9058176119079561,0.8700531600708801,0.8788782816229117,0.8744434550311665,0.0,0.0,0,0,0,1.0
ORIGINAL,POSITIVE_PAIR_EVIDENCE,0,109,trrosettarna2_native_ss,DIRECT_EVIDENCE_EFFECT,121,pair,0,0,0,0,0,0,0,1.0,1.0,1.0,1.0,1.0,1.0,0.0,0.0,0,0,0,1.0
ORIGINAL,POSITIVE_PAIR_EVIDENCE,0,109,trrosettarna2_native_ss,LOCAL_CONFLICT_EFFECT,121,pair,0,0,0,0,0,0,0,1.0,1.0,1.0,1.0,1.0,1.0,0.0,0.0,0,0,0,1.0
ORIGINAL,POSITIVE_PAIR_EVIDENCE,0,109,trrosettarna2_native_ss,NON_EVIDENCED_EFFECT,121,pair,2108,0,0,0,1461,432,215,0.7905636556834104,0.9120849106151278,0.8428713642132949,0.7717908082408875,0.8717183770883055,0.8187167273746148,0.0,0.0,0,0,0,1.0
ORIGINAL,POSITIVE_PAIR_EVIDENCE,0,113,petfold,DIRECT_EVIDENCE_EFFECT,121,pair,0,0,0,0,0,0,0,1.0,1.0,1.0,1.0,1.0,1.0,0.0,0.0,0,0,0,1.0
ORIGINAL,POSITIVE_PAIR_EVIDENCE,0,113,petfold,LOCAL_CONFLICT_EFFECT,121,pair,0,0,0,0,0,0,0,1.0,1.0,1.0,1.0,1.0,1.0,0.0,0.0,0,0,0,1.0
ORIGINAL,POSITIVE_PAIR_EVIDENCE,0,113,petfold,NON_EVIDENCED_EFFECT,121,pair,1917,0,0,0,1463,241,213,0.8952556023530504,0.9077787598919441,0.8968492212485739,0.8585680751173709,0.8729116945107399,0.8656804733727811,0.0,0.0,0,0,0,1.0
ORIGINAL,POSITIVE_PAIR_EVIDENCE,0,113,rnafold,DIRECT_EVIDENCE_EFFECT,121,pair,0,0,0,0,0,0,0,1.0,1.0,1.0,1.0,1.0,1.0,0.0,0.0,0,0,0,1.0
ORIGINAL,POSITIVE_PAIR_EVIDENCE,0,113,rnafold,LOCAL_CONFLICT_EFFECT,121,pair,0,0,0,0,0,0,0,1.0,1.0,1.0,1.0,1.0,1.0,0.0,0.0,0,0,0,1.0
ORIGINAL,POSITIVE_PAIR_EVIDENCE,0,113,rnafold,NON_EVIDENCED_EFFECT,121,pair,1896,0,0,0,1473,220,203,0.9069374161618192,0.9138670306547281,0.9058176119079561,0.8700531600708801,0.8788782816229117,0.8744434550311665,0.0,0.0,0,0,0,1.0
ORIGINAL,POSITIVE_PAIR_EVIDENCE,0,113,trrosettarna2_native_ss,DIRECT_EVIDENCE_EFFECT,121,pair,0,0,0,0,0,0,0,1.0,1.0,1.0,1.0,1.0,1.0,0.0,0.0,0,0,0,1.0
ORIGINAL,POSITIVE_PAIR_EVIDENCE,0,113,trrosettarna2_native_ss,LOCAL_CONFLICT_EFFECT,121,pair,0,0,0,0,0,0,0,1.0,1.0,1.0,1.0,1.0,1.0,0.0,0.0,0,0,0,1.0
ORIGINAL,POSITIVE_PAIR_EVIDENCE,0,113,trrosettarna2_native_ss,NON_EVIDENCED_EFFECT,121,pair,2108,0,0,0,1461,432,215,0.7905636556834104,0.9120849106151278,0.8428713642132949,0.7717908082408875,0.8717183770883055,0.8187167273746148,0.0,0.0,0,0,0,1.0
ORIGINAL,POSITIVE_PAIR_EVIDENCE,1,101,petfold,DIRECT_EVIDENCE_EFFECT,121,pair,121,121,110,110,110,0,11,0.9090909090909091,0.9090909090909091,0.9090909090909091,1.0,0.9090909090909091,0.9523809523809523,0.0,0.0,0,0,0,1.0
ORIGINAL,POSITIVE_PAIR_EVIDENCE,1,101,petfold,LOCAL_CONFLICT_EFFECT,121,pair,9,0,0,0,0,9,0,0.9421487603305785,0.9421487603305785,0.9421487603305785,0.0,0.0,0.0,0.0,0.0,0,0,0,1.0
ORIGINAL,POSITIVE_PAIR_EVIDENCE,1,101,petfold,NON_EVIDENCED_EFFECT,121,pair,1787,0,0,0,1353,232,202,0.8913111820878411,0.9076448790274508,0.8941138338516147,0.853627760252366,0.8700964630225081,0.8617834394904459,0.0,0.0,0,0,0,1.0
ORIGINAL,POSITIVE_PAIR_EVIDENCE,1,101,rnafold,DIRECT_EVIDENCE_EFFECT,121,pair,121,121,113,113,113,0,8,0.9338842975206612,0.9338842975206612,0.9338842975206612,1.0,0.9338842975206612,0.9658119658119658,0.0,0.0,0,0,0,1.0
ORIGINAL,POSITIVE_PAIR_EVIDENCE,1,101,rnafold,LOCAL_CONFLICT_EFFECT,121,pair,4,0,0,0,0,4,0,0.9834710743801653,0.9834710743801653,0.9834710743801653,0.0,0.0,0.0,0.0,0.0,0,0,0,1.0
ORIGINAL,POSITIVE_PAIR_EVIDENCE,1,101,rnafold,NON_EVIDENCED_EFFECT,121,pair,1771,0,0,0,1360,216,195,0.90131480501018,0.9126912234849524,0.9018777765990463,0.8629441624365483,0.8745980707395499,0.868732034493772,0.0,0.0,0,0,0,1.0
ORIGINAL,POSITIVE_PAIR_EVIDENCE,1,101,trrosettarna2_native_ss,DIRECT_EVIDENCE_EFFECT,121,pair,121,121,111,111,111,0,10,0.9173553719008265,0.9173553719008265,0.9173553719008265,1.0,0.9173553719008265,0.9568965517241379,0.0,0.0,0,0,0,1.0
ORIGINAL,POSITIVE_PAIR_EVIDENCE,1,101,trrosettarna2_native_ss,LOCAL_CONFLICT_EFFECT,121,pair,18,0,0,0,0,18,0,0.9256198347107438,0.9256198347107438,0.9256198347107438,0.0,0.0,0.0,0.0,0.0,0,0,0,1.0
ORIGINAL,POSITIVE_PAIR_EVIDENCE,1,101,trrosettarna2_native_ss,NON_EVIDENCED_EFFECT,121,pair,1969,0,0,0,1350,414,205,0.7786047228770009,0.9108469332875563,0.8346702236622415,0.7653061224489796,0.8681672025723473,0.8134980415787888,0.0,0.0,0,0,0,1.0
ORIGINAL,POSITIVE_PAIR_EVIDENCE,1,103,petfold,DIRECT_EVIDENCE_EFFECT,121,pair,121,121,112,112,112,0,9,0.9256198347107438,0.9256198347107438,0.9256198347107438,1.0,0.9256198347107438,0.9613733905579399,0.0,0.0,0,0,0,1.0
ORIGINAL,POSITIVE_PAIR_EVIDENCE,1,103,petfold,LOCAL_CONFLICT_EFFECT,121,pair,7,0,0,0,0,7,0,0.9504132231404959,0.9504132231404959,0.9504132231404959,0.0,0.0,0.0,0.0,0.0,0,0,0,1.0
ORIGINAL,POSITIVE_PAIR_EVIDENCE,1,103,petfold,NON_EVIDENCED_EFFECT,121,pair,1789,0,0,0,1351,234,204,0.8908566216765106,0.9044304982826449,0.8918060853838556,0.852365930599369,0.8688102893890676,0.8605095541401274,0.0,0.0,0,0,0,1.0
ORIGINAL,POSITIVE_PAIR_EVIDENCE,1,103,rnafold,DIRECT_EVIDENCE_EFFECT,121,pair,121,121,112,112,112,0,9,0.9256198347107438,0.9256198347107438,0.9256198347107438,1.0,0.9256198347107438,0.9613733905579399,0.0,0.0,0,0,0,1.0
ORIGINAL,POSITIVE_PAIR_EVIDENCE,1,103,rnafold,LOCAL_CONFLICT_EFFECT,121,pair,7,0,0,0,0,7,0,0.9504132231404959,0.9504132231404959,0.9504132231404959,0.0,0.0,0.0,0.0,0.0,0,0,0,1.0
ORIGINAL,POSITIVE_PAIR_EVIDENCE,1,103,rnafold,NON_EVIDENCED_EFFECT,121,pair,1768,0,0,0,1361,213,194,0.903480788477207,0.9110955251074918,0.9015394551436562,0.8646759847522236,0.8752411575562701,0.869926494087568,0.0,0.0,0,0,0,1.0
ORIGINAL,POSITIVE_PAIR_EVIDENCE,1,103,trrosettarna2_native_ss,DIRECT_EVIDENCE_EFFECT,121,pair,121,121,110,110,110,0,11,0.9090909090909091,0.9090909090909091,0.9090909090909091,1.0,0.9090909090909091,0.9523809523809523,0.0,0.0,0,0,0,1.0
ORIGINAL,POSITIVE_PAIR_EVIDENCE,1,103,trrosettarna2_native_ss,LOCAL_CONFLICT_EFFECT,121,pair,18,0,0,0,0,18,0,0.9090909090909091,0.9090909090909091,0.9090909090909091,0.0,0.0,0.0,0.0,0.0,0,0,0,1.0
ORIGINAL,POSITIVE_PAIR_EVIDENCE,1,103,trrosettarna2_native_ss,NON_EVIDENCED_EFFECT,121,pair,1969,0,0,0,1351,414,204,0.7812600829201379,0.9133313646700443,0.8371391250325969,0.7654390934844193,0.8688102893890676,0.813855421686747,0.0,0.0,0,0,0,1.0
ORIGINAL,POSITIVE_PAIR_EVIDENCE,1,107,petfold,DIRECT_EVIDENCE_EFFECT,121,pair,121,121,113,113,113,0,8,0.9338842975206612,0.9338842975206612,0.9338842975206612,1.0,0.9338842975206612,0.9658119658119658,0.0,0.0,0,0,0,1.0
ORIGINAL,POSITIVE_PAIR_EVIDENCE,1,107,petfold,LOCAL_CONFLICT_EFFECT,121,pair,4,0,0,0,0,4,0,0.9752066115702479,0.9752066115702479,0.9752066115702479,0.0,0.0,0.0,0.0,0.0,0,0,0,1.0
ORIGINAL,POSITIVE_PAIR_EVIDENCE,1,107,petfold,NON_EVIDENCED_EFFECT,121,pair,1792,0,0,0,1350,237,205,0.8904042597109907,0.9066908370532476,0.8933580133601107,0.8506616257088847,0.8681672025723473,0.8593252705283259,0.0,0.0,0,0,0,1.0
ORIGINAL,POSITIVE_PAIR_EVIDENCE,1,107,rnafold,DIRECT_EVIDENCE_EFFECT,121,pair,121,121,113,113,113,0,8,0.9338842975206612,0.9338842975206612,0.9338842975206612,1.0,0.9338842975206612,0.9658119658119658,0.0,0.0,0,0,0,1.0
ORIGINAL,POSITIVE_PAIR_EVIDENCE,1,107,rnafold,LOCAL_CONFLICT_EFFECT,121,pair,4,0,0,0,0,4,0,0.9752066115702479,0.9752066115702479,0.9752066115702479,0.0,0.0,0.0,0.0,0.0,0,0,0,1.0
ORIGINAL,POSITIVE_PAIR_EVIDENCE,1,107,rnafold,NON_EVIDENCED_EFFECT,121,pair,1771,0,0,0,1360,216,195,0.9029777322923327,0.9133558638780945,0.9030849225059597,0.8629441624365483,0.8745980707395499,0.868732034493772,0.0,0.0,0,0,0,1.0
ORIGINAL,POSITIVE_PAIR_EVIDENCE,1,107,trrosettarna2_native_ss,DIRECT_EVIDENCE_EFFECT,121,pair,121,121,113,113,113,0,8,0.9338842975206612,0.9338842975206612,0.9338842975206612,1.0,0.9338842975206612,0.9658119658119658,0.0,0.0,0,0,0,1.0
ORIGINAL,POSITIVE_PAIR_EVIDENCE,1,107,trrosettarna2_native_ss,LOCAL_CONFLICT_EFFECT,121,pair,15,0,0,0,0,15,0,0.9338842975206612,0.9338842975206612,0.9338842975206612,0.0,0.0,0.0,0.0,0.0,0,0,0,1.0
ORIGINAL,POSITIVE_PAIR_EVIDENCE,1,107,trrosettarna2_native_ss,NON_EVIDENCED_EFFECT,121,pair,1972,0,0,0,1348,417,207,0.7793583035374194,0.9118568860694659,0.8354897345112541,0.7637393767705383,0.8668810289389067,0.8120481927710843,0.0,0.0,0,0,0,1.0
ORIGINAL,POSITIVE_PAIR_EVIDENCE,1,109,petfold,DIRECT_EVIDENCE_EFFECT,121,pair,121,121,112,112,112,0,9,0.9256198347107438,0.9256198347107438,0.9256198347107438,1.0,0.9256198347107438,0.9613733905579399,0.0,0.0,0,0,0,1.0
ORIGINAL,POSITIVE_PAIR_EVIDENCE,1,109,petfold,LOCAL_CONFLICT_EFFECT,121,pair,8,0,0,0,0,8,0,0.9504132231404959,0.9504132231404959,0.9504132231404959,0.0,0.0,0.0,0.0,0.0,0,0,0,1.0
ORIGINAL,POSITIVE_PAIR_EVIDENCE,1,109,petfold,NON_EVIDENCED_EFFECT,121,pair,1788,0,0,0,1351,233,204,0.891011603641957,0.9050733306679165,0.8923649943497443,0.8529040404040404,0.8688102893890676,0.8607836890729532,0.0,0.0,0,0,0,1.0
ORIGINAL,POSITIVE_PAIR_EVIDENCE,1,109,rnafold,DIRECT_EVIDENCE_EFFECT,121,pair,121,121,112,112,112,0,9,0.9256198347107438,0.9256198347107438,0.9256198347107438,1.0,0.9256198347107438,0.9613733905579399,0.0,0.0,0,0,0,1.0
ORIGINAL,POSITIVE_PAIR_EVIDENCE,1,109,rnafold,LOCAL_CONFLICT_EFFECT,121,pair,8,0,0,0,0,8,0,0.9504132231404959,0.9504132231404959,0.9504132231404959,0.0,0.0,0.0,0.0,0.0,0,0,0,1.0
ORIGINAL,POSITIVE_PAIR_EVIDENCE,1,109,rnafold,NON_EVIDENCED_EFFECT,121,pair,1767,0,0,0,1361,212,194,0.9036642197049173,0.9117383574927636,0.9021068803430279,0.8652256834075016,0.8752411575562701,0.8702046035805626,0.0,0.0,0,0,0,1.0
ORIGINAL,POSITIVE_PAIR_EVIDENCE,1,109,trrosettarna2_native_ss,DIRECT_EVIDENCE_EFFECT,121,pair,121,121,113,113,113,0,8,0.9338842975206612,0.9338842975206612,0.9338842975206612,1.0,0.9338842975206612,0.9658119658119658,0.0,0.0,0,0,0,1.0
ORIGINAL,POSITIVE_PAIR_EVIDENCE,1,109,trrosettarna2_native_ss,LOCAL_CONFLICT_EFFECT,121,pair,16,0,0,0,0,16,0,0.9338842975206612,0.9338842975206612,0.9338842975206612,0.0,0.0,0.0,0.0,0.0,0,0,0,1.0
ORIGINAL,POSITIVE_PAIR_EVIDENCE,1,109,trrosettarna2_native_ss,NON_EVIDENCED_EFFECT,121,pair,1971,0,0,0,1348,416,207,0.7778040998959983,0.9099486932521822,0.8337729182071006,0.764172335600907,0.8668810289389067,0.8122928592949684,0.0,0.0,0,0,0,1.0
ORIGINAL,POSITIVE_PAIR_EVIDENCE,1,113,petfold,DIRECT_EVIDENCE_EFFECT,121,pair,121,121,110,110,110,0,11,0.9090909090909091,0.9090909090909091,0.9090909090909091,1.0,0.9090909090909091,0.9523809523809523,0.0,0.0,0,0,0,1.0
ORIGINAL,POSITIVE_PAIR_EVIDENCE,1,113,petfold,LOCAL_CONFLICT_EFFECT,121,pair,7,0,0,0,0,7,0,0.9586776859504132,0.9586776859504132,0.9586776859504132,0.0,0.0,0.0,0.0,0.0,0,0,0,1.0
ORIGINAL,POSITIVE_PAIR_EVIDENCE,1,113,petfold,NON_EVIDENCED_EFFECT,121,pair,1789,0,0,0,1353,234,202,0.8921977651647299,0.9090664385590811,0.895708435032767,0.8525519848771267,0.8700964630225081,0.8612348822406111,0.0,0.0,0,0,0,1.0
ORIGINAL,POSITIVE_PAIR_EVIDENCE,1,113,rnafold,DIRECT_EVIDENCE_EFFECT,121,pair,121,121,111,111,111,0,10,0.9173553719008265,0.9173553719008265,0.9173553719008265,1.0,0.9173553719008265,0.9568965517241379,0.0,0.0,0,0,0,1.0
ORIGINAL,POSITIVE_PAIR_EVIDENCE,1,113,rnafold,LOCAL_CONFLICT_EFFECT,121,pair,6,0,0,0,0,6,0,0.9669421487603306,0.9669421487603306,0.9669421487603306,0.0,0.0,0.0,0.0,0.0,0,0,0,1.0
ORIGINAL,POSITIVE_PAIR_EVIDENCE,1,113,rnafold,NON_EVIDENCED_EFFECT,121,pair,1769,0,0,0,1362,214,193,0.9042564349791656,0.9152149364583081,0.9049027958173762,0.8642131979695431,0.8758842443729904,0.8700095816033216,0.0,0.0,0,0,0,1.0
ORIGINAL,POSITIVE_PAIR_EVIDENCE,1,113,trrosettarna2_native_ss,DIRECT_EVIDENCE_EFFECT,121,pair,121,121,109,109,109,0,12,0.9008264462809917,0.9008264462809917,0.9008264462809917,1.0,0.9008264462809917,0.9478260869565217,0.0,0.0,0,0,0,1.0
ORIGINAL,POSITIVE_PAIR_EVIDENCE,1,113,trrosettarna2_native_ss,LOCAL_CONFLICT_EFFECT,121,pair,20,0,0,0,0,20,0,0.9173553719008265,0.9173553719008265,0.9173553719008265,0.0,0.0,0.0,0.0,0.0,0,0,0,1.0
ORIGINAL,POSITIVE_PAIR_EVIDENCE,1,113,trrosettarna2_native_ss,NON_EVIDENCED_EFFECT,121,pair,1967,0,0,0,1352,412,203,0.7814591952970323,0.9128904064211681,0.8370959514457337,0.7664399092970522,0.8694533762057878,0.8147032238626092,0.0,0.0,0,0,0,1.0
ORIGINAL,POSITIVE_PAIR_EVIDENCE,5,101,petfold,DIRECT_EVIDENCE_EFFECT,121,pair,130,130,116,116,116,0,14,0.9173553719008265,0.9090909090909091,0.9118457300275482,1.0,0.8923076923076924,0.943089430894309,0.0,0.0,0,0,0,1.0
ORIGINAL,POSITIVE_PAIR_EVIDENCE,5,101,petfold,LOCAL_CONFLICT_EFFECT,121,pair,10,0,0,0,0,10,0,0.9421487603305785,0.9421487603305785,0.9421487603305785,0.0,0.0,0.0,0.0,0.0,0,0,0,1.0
ORIGINAL,POSITIVE_PAIR_EVIDENCE,5,101,petfold,NON_EVIDENCED_EFFECT,121,pair,1777,0,0,0,1347,231,199,0.8903271476337686,0.9071404387367549,0.8940060764431057,0.8536121673003803,0.871280724450194,0.8623559539052497,0.0,0.0,0,0,0,1.0
ORIGINAL,POSITIVE_PAIR_EVIDENCE,5,101,rnafold,DIRECT_EVIDENCE_EFFECT,121,pair,130,130,116,116,116,0,14,0.9173553719008265,0.9090909090909091,0.9118457300275482,1.0,0.8923076923076924,0.943089430894309,0.0,0.0,0,0,0,1.0
ORIGINAL,POSITIVE_PAIR_EVIDENCE,5,101,rnafold,LOCAL_CONFLICT_EFFECT,121,pair,11,0,0,0,0,11,0,0.9504132231404959,0.9504132231404959,0.9504132231404959,0.0,0.0,0.0,0.0,0.0,0,0,0,1.0
ORIGINAL,POSITIVE_PAIR_EVIDENCE,5,101,rnafold,NON_EVIDENCED_EFFECT,121,pair,1755,0,0,0,1357,209,189,0.9024423280065359,0.9138098490080674,0.9034900382491419,0.8665389527458492,0.8777490297542044,0.872107969151671,0.0,0.0,0,0,0,1.0
ORIGINAL,POSITIVE_PAIR_EVIDENCE,5,101,trrosettarna2_native_ss,DIRECT_EVIDENCE_EFFECT,121,pair,130,130,114,114,114,0,16,0.9008264462809917,0.9008264462809917,0.9008264462809917,1.0,0.8769230769230769,0.9344262295081968,0.0,0.0,0,0,0,1.0
ORIGINAL,POSITIVE_PAIR_EVIDENCE,5,101,trrosettarna2_native_ss,LOCAL_CONFLICT_EFFECT,121,pair,20,0,0,0,0,20,0,0.9256198347107438,0.9256198347107438,0.9256198347107438,0.0,0.0,0.0,0.0,0.0,0,0,0,1.0
ORIGINAL,POSITIVE_PAIR_EVIDENCE,5,101,trrosettarna2_native_ss,NON_EVIDENCED_EFFECT,121,pair,1958,0,0,0,1347,412,199,0.7786708003998889,0.9119349997491873,0.8352315472012845,0.7657760090960773,0.871280724450194,0.8151285930408472,0.0,0.0,0,0,0,1.0
ORIGINAL,POSITIVE_PAIR_EVIDENCE,5,103,petfold,DIRECT_EVIDENCE_EFFECT,121,pair,130,130,120,120,120,0,10,0.9421487603305785,0.9338842975206612,0.9363636363636363,1.0,0.9230769230769231,0.96,0.0,0.0,0,0,0,1.0
ORIGINAL,POSITIVE_PAIR_EVIDENCE,5,103,petfold,LOCAL_CONFLICT_EFFECT,121,pair,8,0,0,0,0,8,0,0.9504132231404959,0.9504132231404959,0.9504132231404959,0.0,0.0,0.0,0.0,0.0,0,0,0,1.0
ORIGINAL,POSITIVE_PAIR_EVIDENCE,5,103,petfold,NON_EVIDENCED_EFFECT,121,pair,1779,0,0,0,1343,233,203,0.8904075297088107,0.905419325287398,0.8921515304830517,0.8521573604060914,0.8686934023285899,0.860345932094811,0.0,0.0,0,0,0,1.0
ORIGINAL,POSITIVE_PAIR_EVIDENCE,5,103,rnafold,DIRECT_EVIDENCE_EFFECT,121,pair,130,130,120,120,120,0,10,0.9421487603305785,0.9338842975206612,0.9363636363636363,1.0,0.9230769230769231,0.96,0.0,0.0,0,0,0,1.0
ORIGINAL,POSITIVE_PAIR_EVIDENCE,5,103,rnafold,LOCAL_CONFLICT_EFFECT,121,pair,6,0,0,0,0,6,0,0.9586776859504132,0.9586776859504132,0.9586776859504132,0.0,0.0,0.0,0.0,0.0,0,0,0,1.0
ORIGINAL,POSITIVE_PAIR_EVIDENCE,5,103,rnafold,NON_EVIDENCED_EFFECT,121,pair,1760,0,0,0,1353,214,193,0.9027412163272593,0.9120887355587106,0.9017465761691469,0.8634333120612636,0.8751617076326003,0.8692579505300353,0.0,0.0,0,0,0,1.0
ORIGINAL,POSITIVE_PAIR_EVIDENCE,5,103,trrosettarna2_native_ss,DIRECT_EVIDENCE_EFFECT,121,pair,130,130,117,117,117,0,13,0.9338842975206612,0.9228650137741047,0.9267217630853996,1.0,0.9,0.9473684210526315,0.0,0.0,0,0,0,1.0
ORIGINAL,POSITIVE_PAIR_EVIDENCE,5,103,trrosettarna2_native_ss,LOCAL_CONFLICT_EFFECT,121,pair,15,0,0,0,0,15,0,0.9338842975206612,0.9338842975206612,0.9338842975206612,0.0,0.0,0.0,0.0,0.0,0,0,0,1.0
ORIGINAL,POSITIVE_PAIR_EVIDENCE,5,103,trrosettarna2_native_ss,NON_EVIDENCED_EFFECT,121,pair,1963,0,0,0,1344,417,202,0.7772861835661251,0.9109282340563704,0.8342017513767307,0.7632027257240205,0.869340232858991,0.812821288176595,0.0,0.0,0,0,0,1.0
ORIGINAL,POSITIVE_PAIR_EVIDENCE,5,107,petfold,DIRECT_EVIDENCE_EFFECT,121,pair,130,130,119,119,119,0,11,0.9421487603305785,0.9297520661157025,0.9336088154269973,1.0,0.9153846153846154,0.9558232931726908,0.0,0.0,0,0,0,1.0
ORIGINAL,POSITIVE_PAIR_EVIDENCE,5,107,petfold,LOCAL_CONFLICT_EFFECT,121,pair,10,0,0,0,0,10,0,0.9586776859504132,0.9586776859504132,0.9586776859504132,0.0,0.0,0.0,0.0,0.0,0,0,0,1.0
ORIGINAL,POSITIVE_PAIR_EVIDENCE,5,107,petfold,NON_EVIDENCED_EFFECT,121,pair,1777,0,0,0,1344,231,202,0.8904955698794955,0.9052066653186405,0.8923904967498835,0.8533333333333334,0.869340232858991,0.8612624158923422,0.0,0.0,0,0,0,1.0
ORIGINAL,POSITIVE_PAIR_EVIDENCE,5,107,rnafold,DIRECT_EVIDENCE_EFFECT,121,pair,130,130,119,119,119,0,11,0.9421487603305785,0.9297520661157025,0.9336088154269973,1.0,0.9153846153846154,0.9558232931726908,0.0,0.0,0,0,0,1.0
ORIGINAL,POSITIVE_PAIR_EVIDENCE,5,107,rnafold,LOCAL_CONFLICT_EFFECT,121,pair,9,0,0,0,0,9,0,0.9586776859504132,0.9586776859504132,0.9586776859504132,0.0,0.0,0.0,0.0,0.0,0,0,0,1.0
ORIGINAL,POSITIVE_PAIR_EVIDENCE,5,107,rnafold,NON_EVIDENCED_EFFECT,121,pair,1757,0,0,0,1354,211,192,0.9030212706921146,0.911876075589953,0.902077683707989,0.8651757188498402,0.8758085381630013,0.8704596592735455,0.0,0.0,0,0,0,1.0
ORIGINAL,POSITIVE_PAIR_EVIDENCE,5,107,trrosettarna2_native_ss,DIRECT_EVIDENCE_EFFECT,121,pair,130,130,119,119,119,0,11,0.9338842975206612,0.9242424242424242,0.9269972451790633,1.0,0.9153846153846154,0.9558232931726908,0.0,0.0,0,0,0,1.0
ORIGINAL,POSITIVE_PAIR_EVIDENCE,5,107,trrosettarna2_native_ss,LOCAL_CONFLICT_EFFECT,121,pair,16,0,0,0,0,16,0,0.9256198347107438,0.9256198347107438,0.9256198347107438,0.0,0.0,0.0,0.0,0.0,0,0,0,1.0
ORIGINAL,POSITIVE_PAIR_EVIDENCE,5,107,trrosettarna2_native_ss,NON_EVIDENCED_EFFECT,121,pair,1962,0,0,0,1342,416,204,0.7787713929695139,0.9112070360573421,0.8349217696864077,0.7633674630261661,0.8680465717981889,0.8123486682808717,0.0,0.0,0,0,0,1.0
ORIGINAL,POSITIVE_PAIR_EVIDENCE,5,109,petfold,DIRECT_EVIDENCE_EFFECT,121,pair,130,130,117,117,117,0,13,0.9338842975206612,0.9173553719008265,0.9225895316804408,1.0,0.9,0.9473684210526315,0.0,0.0,0,0,0,1.0
ORIGINAL,POSITIVE_PAIR_EVIDENCE,5,109,petfold,LOCAL_CONFLICT_EFFECT,121,pair,8,0,0,0,0,8,0,0.9586776859504132,0.9586776859504132,0.9586776859504132,0.0,0.0,0.0,0.0,0.0,0,0,0,1.0
ORIGINAL,POSITIVE_PAIR_EVIDENCE,5,109,petfold,NON_EVIDENCED_EFFECT,121,pair,1779,0,0,0,1346,233,200,0.8899712957745531,0.9068655117721383,0.893102417492191,0.8524382520582647,0.8706338939197931,0.86144,0.0,0.0,0,0,0,1.0
ORIGINAL,POSITIVE_PAIR_EVIDENCE,5,109,rnafold,DIRECT_EVIDENCE_EFFECT,121,pair,130,130,118,118,118,0,12,0.9421487603305785,0.9256198347107438,0.9308539944903582,1.0,0.9076923076923077,0.9516129032258065,0.0,0.0,0,0,0,1.0
ORIGINAL,POSITIVE_PAIR_EVIDENCE,5,109,rnafold,LOCAL_CONFLICT_EFFECT,121,pair,8,0,0,0,0,8,0,0.9586776859504132,0.9586776859504132,0.9586776859504132,0.0,0.0,0.0,0.0,0.0,0,0,0,1.0
ORIGINAL,POSITIVE_PAIR_EVIDENCE,5,109,rnafold,NON_EVIDENCED_EFFECT,121,pair,1758,0,0,0,1355,212,191,0.902235455837893,0.912708475762459,0.9023133904791238,0.8647096362476069,0.8764553686934023,0.8705428846771603,0.0,0.0,0,0,0,1.0
ORIGINAL,POSITIVE_PAIR_EVIDENCE,5,109,trrosettarna2_native_ss,DIRECT_EVIDENCE_EFFECT,121,pair,130,130,120,120,120,0,10,0.9504132231404959,0.9380165289256198,0.9418732782369146,1.0,0.9230769230769231,0.96,0.0,0.0,0,0,0,1.0
ORIGINAL,POSITIVE_PAIR_EVIDENCE,5,109,trrosettarna2_native_ss,LOCAL_CONFLICT_EFFECT,121,pair,14,0,0,0,0,14,0,0.9421487603305785,0.9421487603305785,0.9421487603305785,0.0,0.0,0.0,0.0,0.0,0,0,0,1.0
ORIGINAL,POSITIVE_PAIR_EVIDENCE,5,109,trrosettarna2_native_ss,NON_EVIDENCED_EFFECT,121,pair,1964,0,0,0,1341,418,205,0.7771674277897437,0.9097647126101173,0.833346820014421,0.7623649801023309,0.8673997412677878,0.8114977307110439,0.0,0.0,0,0,0,1.0
ORIGINAL,POSITIVE_PAIR_EVIDENCE,5,113,petfold,DIRECT_EVIDENCE_EFFECT,121,pair,130,130,111,111,111,0,19,0.8760330578512396,0.8677685950413223,0.8702479338842974,1.0,0.8538461538461538,0.921161825726141,0.0,0.0,0,0,0,1.0
ORIGINAL,POSITIVE_PAIR_EVIDENCE,5,113,petfold,LOCAL_CONFLICT_EFFECT,121,pair,16,0,0,0,0,16,0,0.9256198347107438,0.9256198347107438,0.9256198347107438,0.0,0.0,0.0,0.0,0.0,0,0,0,1.0
ORIGINAL,POSITIVE_PAIR_EVIDENCE,5,113,petfold,NON_EVIDENCED_EFFECT,121,pair,1771,0,0,0,1352,225,194,0.8950772939006734,0.911774942502721,0.8988818889270708,0.8573240329740013,0.8745148771021992,0.8658341338456612,0.0,0.0,0,0,0,1.0
ORIGINAL,POSITIVE_PAIR_EVIDENCE,5,113,rnafold,DIRECT_EVIDENCE_EFFECT,121,pair,130,130,110,110,110,0,20,0.8760330578512396,0.8636363636363636,0.8674931129476584,1.0,0.8461538461538461,0.9166666666666666,0.0,0.0,0,0,0,1.0
ORIGINAL,POSITIVE_PAIR_EVIDENCE,5,113,rnafold,LOCAL_CONFLICT_EFFECT,121,pair,14,0,0,0,0,14,0,0.9256198347107438,0.9256198347107438,0.9256198347107438,0.0,0.0,0.0,0.0,0.0,0,0,0,1.0
ORIGINAL,POSITIVE_PAIR_EVIDENCE,5,113,rnafold,NON_EVIDENCED_EFFECT,121,pair,1752,0,0,0,1363,206,183,0.9072210326019013,0.9180911136378032,0.9083110134035686,0.868706182281708,0.8816300129366106,0.8751203852327448,0.0,0.0,0,0,0,1.0
ORIGINAL,POSITIVE_PAIR_EVIDENCE,5,113,trrosettarna2_native_ss,DIRECT_EVIDENCE_EFFECT,121,pair,130,130,117,117,117,0,13,0.9173553719008265,0.9173553719008265,0.9173553719008265,1.0,0.9,0.9473684210526315,0.0,0.0,0,0,0,1.0
ORIGINAL,POSITIVE_PAIR_EVIDENCE,5,113,trrosettarna2_native_ss,LOCAL_CONFLICT_EFFECT,121,pair,18,0,0,0,0,18,0,0.9338842975206612,0.9338842975206612,0.9338842975206612,0.0,0.0,0.0,0.0,0.0,0,0,0,1.0
ORIGINAL,POSITIVE_PAIR_EVIDENCE,5,113,trrosettarna2_native_ss,NON_EVIDENCED_EFFECT,121,pair,1960,0,0,0,1344,414,202,0.777720998667138,0.9108675066362395,0.8342450312415064,0.764505119453925,0.869340232858991,0.8135593220338984,0.0,0.0,0,0,0,1.0
ORIGINAL,POSITIVE_PAIR_EVIDENCE,10,101,petfold,DIRECT_EVIDENCE_EFFECT,121,pair,180,180,165,165,165,0,15,0.9586776859504132,0.9353994490358127,0.9430670339761249,1.0,0.9166666666666666,0.9565217391304348,0.0,0.0,0,0,0,1.0
ORIGINAL,POSITIVE_PAIR_EVIDENCE,10,101,petfold,LOCAL_CONFLICT_EFFECT,121,pair,15,0,0,0,0,15,0,0.9421487603305785,0.9421487603305785,0.9421487603305785,0.0,0.0,0.0,0.0,0.0,0,0,0,1.0
ORIGINAL,POSITIVE_PAIR_EVIDENCE,10,101,petfold,NON_EVIDENCED_EFFECT,121,pair,1722,0,0,0,1298,226,198,0.888566614721391,0.905098045227351,0.8917526868920479,0.8517060367454068,0.8676470588235294,0.8596026490066225,0.0,0.0,0,0,0,1.0
ORIGINAL,POSITIVE_PAIR_EVIDENCE,10,101,rnafold,DIRECT_EVIDENCE_EFFECT,121,pair,180,180,165,165,165,0,15,0.9586776859504132,0.9353994490358127,0.9430670339761249,1.0,0.9166666666666666,0.9565217391304348,0.0,0.0,0,0,0,1.0
ORIGINAL,POSITIVE_PAIR_EVIDENCE,10,101,rnafold,LOCAL_CONFLICT_EFFECT,121,pair,14,0,0,0,0,14,0,0.9504132231404959,0.9504132231404959,0.9504132231404959,0.0,0.0,0.0,0.0,0.0,0,0,0,1.0
ORIGINAL,POSITIVE_PAIR_EVIDENCE,10,101,rnafold,NON_EVIDENCED_EFFECT,121,pair,1702,0,0,0,1308,206,188,0.9013000034779013,0.9118603103100494,0.9016073840362998,0.8639365918097754,0.8743315508021391,0.8691029900332226,0.0,0.0,0,0,0,1.0
ORIGINAL,POSITIVE_PAIR_EVIDENCE,10,101,trrosettarna2_native_ss,DIRECT_EVIDENCE_EFFECT,121,pair,180,180,161,161,161,0,19,0.9338842975206612,0.9140495867768594,0.920752984389348,1.0,0.8944444444444445,0.9442815249266863,0.0,0.0,0,0,0,1.0
ORIGINAL,POSITIVE_PAIR_EVIDENCE,10,101,trrosettarna2_native_ss,LOCAL_CONFLICT_EFFECT,121,pair,29,0,0,0,0,29,0,0.9008264462809917,0.9008264462809917,0.9008264462809917,0.0,0.0,0.0,0.0,0.0,0,0,0,1.0
ORIGINAL,POSITIVE_PAIR_EVIDENCE,10,101,trrosettarna2_native_ss,NON_EVIDENCED_EFFECT,121,pair,1899,0,0,0,1300,403,196,0.7770865337500693,0.911604690988257,0.8342449159372851,0.7633587786259542,0.8689839572192514,0.8127539856205064,0.0,0.0,0,0,0,1.0
ORIGINAL,POSITIVE_PAIR_EVIDENCE,10,103,petfold,DIRECT_EVIDENCE_EFFECT,121,pair,180,180,160,160,160,0,20,0.9421487603305785,0.9177685950413222,0.9258034894398531,1.0,0.8888888888888888,0.9411764705882353,0.0,0.0,0,0,0,1.0
ORIGINAL,POSITIVE_PAIR_EVIDENCE,10,103,petfold,LOCAL_CONFLICT_EFFECT,121,pair,14,0,0,0,0,14,0,0.9338842975206612,0.9338842975206612,0.9338842975206612,0.0,0.0,0.0,0.0,0.0,0,0,0,1.0
ORIGINAL,POSITIVE_PAIR_EVIDENCE,10,103,petfold,NON_EVIDENCED_EFFECT,121,pair,1723,0,0,0,1303,227,193,0.8895572826716869,0.9056459589235417,0.8922207878978353,0.8516339869281045,0.8709893048128342,0.8612029081295439,0.0,0.0,0,0,0,1.0
ORIGINAL,POSITIVE_PAIR_EVIDENCE,10,103,rnafold,DIRECT_EVIDENCE_EFFECT,121,pair,180,180,162,162,162,0,18,0.9504132231404959,0.9301652892561983,0.9368227731864095,1.0,0.9,0.9473684210526315,0.0,0.0,0,0,0,1.0
ORIGINAL,POSITIVE_PAIR_EVIDENCE,10,103,rnafold,LOCAL_CONFLICT_EFFECT,121,pair,13,0,0,0,0,13,0,0.9421487603305785,0.9421487603305785,0.9421487603305785,0.0,0.0,0.0,0.0,0.0,0,0,0,1.0
ORIGINAL,POSITIVE_PAIR_EVIDENCE,10,103,rnafold,NON_EVIDENCED_EFFECT,121,pair,1703,0,0,0,1311,207,185,0.901732863901645,0.9110308135379207,0.9010906906349005,0.8636363636363636,0.8763368983957219,0.8699402786994028,0.0,0.0,0,0,0,1.0
ORIGINAL,POSITIVE_PAIR_EVIDENCE,10,103,trrosettarna2_native_ss,DIRECT_EVIDENCE_EFFECT,121,pair,180,180,157,157,157,0,23,0.9338842975206612,0.9057851239669421,0.9139118457300275,1.0,0.8722222222222222,0.9317507418397626,0.0,0.0,0,0,0,1.0
ORIGINAL,POSITIVE_PAIR_EVIDENCE,10,103,trrosettarna2_native_ss,LOCAL_CONFLICT_EFFECT,121,pair,29,0,0,0,0,29,0,0.9090909090909091,0.9090909090909091,0.9090909090909091,0.0,0.0,0.0,0.0,0.0,0,0,0,1.0
ORIGINAL,POSITIVE_PAIR_EVIDENCE,10,103,trrosettarna2_native_ss,NON_EVIDENCED_EFFECT,121,pair,1899,0,0,0,1304,403,192,0.7782560194974508,0.9123125965283925,0.8350234507801008,0.7639132981839485,0.8716577540106952,0.8142366531376835,0.0,0.0,0,0,0,1.0
ORIGINAL,POSITIVE_PAIR_EVIDENCE,10,107,petfold,DIRECT_EVIDENCE_EFFECT,121,pair,180,180,158,158,158,0,22,0.9421487603305785,0.9034435261707988,0.9167716122261578,1.0,0.8777777777777778,0.9349112426035503,0.0,0.0,0,0,0,1.0
ORIGINAL,POSITIVE_PAIR_EVIDENCE,10,107,petfold,LOCAL_CONFLICT_EFFECT,121,pair,17,0,0,0,0,17,0,0.9256198347107438,0.9256198347107438,0.9256198347107438,0.0,0.0,0.0,0.0,0.0,0,0,0,1.0
ORIGINAL,POSITIVE_PAIR_EVIDENCE,10,107,petfold,NON_EVIDENCED_EFFECT,121,pair,1720,0,0,0,1305,224,191,0.8890013489603457,0.9078951848904069,0.8936688802698723,0.8534990189666448,0.8723262032085561,0.8628099173553719,0.0,0.0,0,0,0,1.0
ORIGINAL,POSITIVE_PAIR_EVIDENCE,10,107,rnafold,DIRECT_EVIDENCE_EFFECT,121,pair,180,180,159,159,159,0,21,0.9504132231404959,0.9117079889807163,0.9250360750360751,1.0,0.8833333333333333,0.9380530973451328,0.0,0.0,0,0,0,1.0
ORIGINAL,POSITIVE_PAIR_EVIDENCE,10,107,rnafold,LOCAL_CONFLICT_EFFECT,121,pair,15,0,0,0,0,15,0,0.9421487603305785,0.9421487603305785,0.9421487603305785,0.0,0.0,0.0,0.0,0.0,0,0,0,1.0
ORIGINAL,POSITIVE_PAIR_EVIDENCE,10,107,rnafold,NON_EVIDENCED_EFFECT,121,pair,1701,0,0,0,1314,205,182,0.9002444149675874,0.9138310036921137,0.9024995964668939,0.8650427913100724,0.8783422459893048,0.8716417910447761,0.0,0.0,0,0,0,1.0
ORIGINAL,POSITIVE_PAIR_EVIDENCE,10,107,trrosettarna2_native_ss,DIRECT_EVIDENCE_EFFECT,121,pair,180,180,157,157,157,0,23,0.9504132231404959,0.91831955922865,0.9283746556473829,1.0,0.8722222222222222,0.9317507418397626,0.0,0.0,0,0,0,1.0
ORIGINAL,POSITIVE_PAIR_EVIDENCE,10,107,trrosettarna2_native_ss,LOCAL_CONFLICT_EFFECT,121,pair,29,0,0,0,0,29,0,0.9090909090909091,0.9090909090909091,0.9090909090909091,0.0,0.0,0.0,0.0,0.0,0,0,0,1.0
ORIGINAL,POSITIVE_PAIR_EVIDENCE,10,107,trrosettarna2_native_ss,NON_EVIDENCED_EFFECT,121,pair,1899,0,0,0,1304,403,192,0.7765999623538032,0.9110936144123054,0.8336799717911654,0.7639132981839485,0.8716577540106952,0.8142366531376835,0.0,0.0,0,0,0,1.0
ORIGINAL,POSITIVE_PAIR_EVIDENCE,10,109,petfold,DIRECT_EVIDENCE_EFFECT,121,pair,180,180,153,153,153,0,27,0.9256198347107438,0.8896694214876033,0.8996458087367178,1.0,0.85,0.918918918918919,0.0,0.0,0,0,0,1.0
ORIGINAL,POSITIVE_PAIR_EVIDENCE,10,109,petfold,LOCAL_CONFLICT_EFFECT,121,pair,20,0,0,0,0,20,0,0.9256198347107438,0.9256198347107438,0.9256198347107438,0.0,0.0,0.0,0.0,0.0,0,0,0,1.0
ORIGINAL,POSITIVE_PAIR_EVIDENCE,10,109,petfold,NON_EVIDENCED_EFFECT,121,pair,1717,0,0,0,1310,221,186,0.8918505260915072,0.9101616356814978,0.8959016920866972,0.8556499020248204,0.8756684491978609,0.8655434423521638,0.0,0.0,0,0,0,1.0
ORIGINAL,POSITIVE_PAIR_EVIDENCE,10,109,rnafold,DIRECT_EVIDENCE_EFFECT,121,pair,180,180,154,154,154,0,26,0.9338842975206612,0.8979338842975207,0.9079102715466352,1.0,0.8555555555555555,0.9221556886227545,0.0,0.0,0,0,0,1.0
ORIGINAL,POSITIVE_PAIR_EVIDENCE,10,109,rnafold,LOCAL_CONFLICT_EFFECT,121,pair,19,0,0,0,0,19,0,0.9256198347107438,0.9256198347107438,0.9256198347107438,0.0,0.0,0.0,0.0,0.0,0,0,0,1.0
ORIGINAL,POSITIVE_PAIR_EVIDENCE,10,109,rnafold,NON_EVIDENCED_EFFECT,121,pair,1697,0,0,0,1319,201,177,0.904450247824899,0.9162881728557412,0.9053908219504532,0.8677631578947368,0.8816844919786097,0.8746684350132626,0.0,0.0,0,0,0,1.0
ORIGINAL,POSITIVE_PAIR_EVIDENCE,10,109,trrosettarna2_native_ss,DIRECT_EVIDENCE_EFFECT,121,pair,180,180,156,156,156,0,24,0.9173553719008265,0.9055096418732782,0.9084677948314313,1.0,0.8666666666666667,0.9285714285714286,0.0,0.0,0,0,0,1.0
ORIGINAL,POSITIVE_PAIR_EVIDENCE,10,109,trrosettarna2_native_ss,LOCAL_CONFLICT_EFFECT,121,pair,31,0,0,0,0,31,0,0.9173553719008265,0.9173553719008265,0.9173553719008265,0.0,0.0,0.0,0.0,0.0,0,0,0,1.0
ORIGINAL,POSITIVE_PAIR_EVIDENCE,10,109,trrosettarna2_native_ss,NON_EVIDENCED_EFFECT,121,pair,1897,0,0,0,1305,401,191,0.7787471213421125,0.912796752263793,0.8357790589842451,0.764947245017585,0.8723262032085561,0.8151155527795128,0.0,0.0,0,0,0,1.0
ORIGINAL,POSITIVE_PAIR_EVIDENCE,10,113,petfold,DIRECT_EVIDENCE_EFFECT,121,pair,180,180,161,161,161,0,19,0.9504132231404959,0.9191460055096419,0.92910927456382,1.0,0.8944444444444445,0.9442815249266863,0.0,0.0,0,0,0,1.0
ORIGINAL,POSITIVE_PAIR_EVIDENCE,10,113,petfold,LOCAL_CONFLICT_EFFECT,121,pair,16,0,0,0,0,16,0,0.9338842975206612,0.9338842975206612,0.9338842975206612,0.0,0.0,0.0,0.0,0.0,0,0,0,1.0
ORIGINAL,POSITIVE_PAIR_EVIDENCE,10,113,petfold,NON_EVIDENCED_EFFECT,121,pair,1721,0,0,0,1302,225,194,0.8891980867230184,0.9052728863783854,0.8915746039271649,0.8526522593320236,0.8703208556149733,0.8613959642739001,0.0,0.0,0,0,0,1.0
ORIGINAL,POSITIVE_PAIR_EVIDENCE,10,113,rnafold,DIRECT_EVIDENCE_EFFECT,121,pair,180,180,161,161,161,0,19,0.9504132231404959,0.9191460055096419,0.92910927456382,1.0,0.8944444444444445,0.9442815249266863,0.0,0.0,0,0,0,1.0
ORIGINAL,POSITIVE_PAIR_EVIDENCE,10,113,rnafold,LOCAL_CONFLICT_EFFECT,121,pair,15,0,0,0,0,15,0,0.9338842975206612,0.9338842975206612,0.9338842975206612,0.0,0.0,0.0,0.0,0.0,0,0,0,1.0
ORIGINAL,POSITIVE_PAIR_EVIDENCE,10,113,rnafold,NON_EVIDENCED_EFFECT,121,pair,1701,0,0,0,1312,205,184,0.902075340259795,0.9120351514610838,0.9015028103213576,0.8648648648648649,0.8770053475935828,0.8708927978758713,0.0,0.0,0,0,0,1.0
ORIGINAL,POSITIVE_PAIR_EVIDENCE,10,113,trrosettarna2_native_ss,DIRECT_EVIDENCE_EFFECT,121,pair,180,180,161,161,161,0,19,0.9256198347107438,0.9132231404958677,0.9170798898071626,1.0,0.8944444444444445,0.9442815249266863,0.0,0.0,0,0,0,1.0
ORIGINAL,POSITIVE_PAIR_EVIDENCE,10,113,trrosettarna2_native_ss,LOCAL_CONFLICT_EFFECT,121,pair,30,0,0,0,0,30,0,0.9173553719008265,0.9173553719008265,0.9173553719008265,0.0,0.0,0.0,0.0,0.0,0,0,0,1.0
ORIGINAL,POSITIVE_PAIR_EVIDENCE,10,113,trrosettarna2_native_ss,NON_EVIDENCED_EFFECT,121,pair,1898,0,0,0,1300,402,196,0.7768653446532215,0.9116277529732989,0.8339690207757294,0.763807285546416,0.8689839572192514,0.8130081300813008,0.0,0.0,0,0,0,1.0
ORIGINAL,POSITIVE_PAIR_EVIDENCE,20,101,petfold,DIRECT_EVIDENCE_EFFECT,121,pair,338,338,295,295,295,0,43,0.9669421487603306,0.9111659690172087,0.9291713659520635,1.0,0.8727810650887574,0.9320695102685624,0.0,0.0,0,0,0,1.0
ORIGINAL,POSITIVE_PAIR_EVIDENCE,20,101,petfold,LOCAL_CONFLICT_EFFECT,121,pair,38,0,0,0,0,38,0,0.9090909090909091,0.9090909090909091,0.9090909090909091,0.0,0.0,0.0,0.0,0.0,0,0,0,1.0
ORIGINAL,POSITIVE_PAIR_EVIDENCE,20,101,petfold,NON_EVIDENCED_EFFECT,121,pair,1541,0,0,0,1168,203,170,0.8860153185138084,0.9066201777188652,0.8911325868724914,0.8519328956965718,0.8729446935724963,0.8623108157991879,0.0,0.0,0,0,0,1.0
ORIGINAL,POSITIVE_PAIR_EVIDENCE,20,101,rnafold,DIRECT_EVIDENCE_EFFECT,121,pair,338,338,298,298,298,0,40,0.9669421487603306,0.9214965475296054,0.9358616453696156,1.0,0.8816568047337278,0.9371069182389937,0.0,0.0,0,0,0,1.0
ORIGINAL,POSITIVE_PAIR_EVIDENCE,20,101,rnafold,LOCAL_CONFLICT_EFFECT,121,pair,34,0,0,0,0,34,0,0.9256198347107438,0.9256198347107438,0.9256198347107438,0.0,0.0,0.0,0.0,0.0,0,0,0,1.0
ORIGINAL,POSITIVE_PAIR_EVIDENCE,20,101,rnafold,NON_EVIDENCED_EFFECT,121,pair,1524,0,0,0,1175,186,163,0.8983746576785807,0.9115786341600635,0.8999295919096578,0.8633357825128581,0.8781763826606876,0.8706928492034087,0.0,0.0,0,0,0,1.0
ORIGINAL,POSITIVE_PAIR_EVIDENCE,20,101,trrosettarna2_native_ss,DIRECT_EVIDENCE_EFFECT,121,pair,338,338,299,299,299,0,39,0.9504132231404959,0.9188997412137908,0.9294989445815892,1.0,0.8846153846153846,0.9387755102040817,0.0,0.0,0,0,0,1.0
ORIGINAL,POSITIVE_PAIR_EVIDENCE,20,101,trrosettarna2_native_ss,LOCAL_CONFLICT_EFFECT,121,pair,45,0,0,0,0,45,0,0.9008264462809917,0.9008264462809917,0.9008264462809917,0.0,0.0,0.0,0.0,0.0,0,0,0,1.0
ORIGINAL,POSITIVE_PAIR_EVIDENCE,20,101,trrosettarna2_native_ss,NON_EVIDENCED_EFFECT,121,pair,1725,0,0,0,1162,387,176,0.764672463535977,0.9101874862995427,0.8260379834084463,0.750161394448031,0.8684603886397608,0.804987876688604,0.0,0.0,0,0,0,1.0
ORIGINAL,POSITIVE_PAIR_EVIDENCE,20,103,petfold,DIRECT_EVIDENCE_EFFECT,121,pair,338,338,295,295,295,0,43,0.9669421487603306,0.9099883128808748,0.928812887539188,1.0,0.8727810650887574,0.9320695102685624,0.0,0.0,0,0,0,1.0
ORIGINAL,POSITIVE_PAIR_EVIDENCE,20,103,petfold,LOCAL_CONFLICT_EFFECT,121,pair,31,0,0,0,0,31,0,0.9090909090909091,0.9090909090909091,0.9090909090909091,0.0,0.0,0.0,0.0,0.0,0,0,0,1.0
ORIGINAL,POSITIVE_PAIR_EVIDENCE,20,103,petfold,NON_EVIDENCED_EFFECT,121,pair,1548,0,0,0,1168,210,170,0.8864622198931593,0.9071444389990816,0.8918400749600633,0.8476052249637155,0.8729446935724963,0.8600883652430045,0.0,0.0,0,0,0,1.0
ORIGINAL,POSITIVE_PAIR_EVIDENCE,20,103,rnafold,DIRECT_EVIDENCE_EFFECT,121,pair,338,338,296,296,296,0,42,0.9669421487603306,0.9113657233491944,0.9295642023400895,1.0,0.8757396449704142,0.9337539432176656,0.0,0.0,0,0,0,1.0
ORIGINAL,POSITIVE_PAIR_EVIDENCE,20,103,rnafold,LOCAL_CONFLICT_EFFECT,121,pair,33,0,0,0,0,33,0,0.9173553719008265,0.9173553719008265,0.9173553719008265,0.0,0.0,0.0,0.0,0.0,0,0,0,1.0
ORIGINAL,POSITIVE_PAIR_EVIDENCE,20,103,rnafold,NON_EVIDENCED_EFFECT,121,pair,1525,0,0,0,1177,187,161,0.9010931328507077,0.914312294100821,0.9028453768863006,0.8629032258064516,0.8796711509715994,0.8712065136935603,0.0,0.0,0,0,0,1.0
ORIGINAL,POSITIVE_PAIR_EVIDENCE,20,103,trrosettarna2_native_ss,DIRECT_EVIDENCE_EFFECT,121,pair,338,338,294,294,294,0,44,0.9421487603305785,0.9132815760914935,0.9224842879801558,1.0,0.8698224852071006,0.930379746835443,0.0,0.0,0,0,0,1.0
ORIGINAL,POSITIVE_PAIR_EVIDENCE,20,103,trrosettarna2_native_ss,LOCAL_CONFLICT_EFFECT,121,pair,60,0,0,0,0,60,0,0.8925619834710744,0.8925619834710744,0.8925619834710744,0.0,0.0,0.0,0.0,0.0,0,0,0,1.0
ORIGINAL,POSITIVE_PAIR_EVIDENCE,20,103,trrosettarna2_native_ss,NON_EVIDENCED_EFFECT,121,pair,1710,0,0,0,1167,372,171,0.7675982482824703,0.9115966750689649,0.8279450113827536,0.7582846003898636,0.8721973094170403,0.8112617309697602,0.0,0.0,0,0,0,1.0
ORIGINAL,POSITIVE_PAIR_EVIDENCE,20,107,petfold,DIRECT_EVIDENCE_EFFECT,121,pair,338,338,290,290,290,0,48,0.9586776859504132,0.9028227970376731,0.9207169564281352,1.0,0.8579881656804734,0.9235668789808917,0.0,0.0,0,0,0,1.0
ORIGINAL,POSITIVE_PAIR_EVIDENCE,20,107,petfold,LOCAL_CONFLICT_EFFECT,121,pair,50,0,0,0,0,50,0,0.8925619834710744,0.8925619834710744,0.8925619834710744,0.0,0.0,0.0,0.0,0.0,0,0,0,1.0
ORIGINAL,POSITIVE_PAIR_EVIDENCE,20,107,petfold,NON_EVIDENCED_EFFECT,121,pair,1529,0,0,0,1173,191,165,0.8899317967236294,0.9093020771800547,0.894215721368415,0.8599706744868035,0.8766816143497758,0.8682457438934122,0.0,0.0,0,0,0,1.0
ORIGINAL,POSITIVE_PAIR_EVIDENCE,20,107,rnafold,DIRECT_EVIDENCE_EFFECT,121,pair,338,338,293,293,293,0,45,0.9586776859504132,0.9106740367070946,0.9255706885545946,1.0,0.8668639053254438,0.9286846275752774,0.0,0.0,0,0,0,1.0
ORIGINAL,POSITIVE_PAIR_EVIDENCE,20,107,rnafold,LOCAL_CONFLICT_EFFECT,121,pair,49,0,0,0,0,49,0,0.9008264462809917,0.9008264462809917,0.9008264462809917,0.0,0.0,0.0,0.0,0.0,0,0,0,1.0
ORIGINAL,POSITIVE_PAIR_EVIDENCE,20,107,rnafold,NON_EVIDENCED_EFFECT,121,pair,1509,0,0,0,1180,171,158,0.9036573623869868,0.9147196704440264,0.9039473782796023,0.8734270910436713,0.8819133034379671,0.8776496838973596,0.0,0.0,0,0,0,1.0
ORIGINAL,POSITIVE_PAIR_EVIDENCE,20,107,trrosettarna2_native_ss,DIRECT_EVIDENCE_EFFECT,121,pair,338,338,293,293,293,0,45,0.9421487603305785,0.9045579764588029,0.9161012163442889,1.0,0.8668639053254438,0.9286846275752774,0.0,0.0,0,0,0,1.0
ORIGINAL,POSITIVE_PAIR_EVIDENCE,20,107,trrosettarna2_native_ss,LOCAL_CONFLICT_EFFECT,121,pair,55,0,0,0,0,55,0,0.8925619834710744,0.8925619834710744,0.8925619834710744,0.0,0.0,0.0,0.0,0.0,0,0,0,1.0
ORIGINAL,POSITIVE_PAIR_EVIDENCE,20,107,trrosettarna2_native_ss,NON_EVIDENCED_EFFECT,121,pair,1715,0,0,0,1168,377,170,0.7688939296350642,0.9147618304035416,0.8303879919793519,0.7559870550161812,0.8729446935724963,0.8102670828997572,0.0,0.0,0,0,0,1.0
ORIGINAL,POSITIVE_PAIR_EVIDENCE,20,109,petfold,DIRECT_EVIDENCE_EFFECT,121,pair,338,338,296,296,296,0,42,0.9752066115702479,0.9129071112542188,0.9320731706551628,1.0,0.8757396449704142,0.9337539432176656,0.0,0.0,0,0,0,1.0
ORIGINAL,POSITIVE_PAIR_EVIDENCE,20,109,petfold,LOCAL_CONFLICT_EFFECT,121,pair,39,0,0,0,0,39,0,0.9090909090909091,0.9090909090909091,0.9090909090909091,0.0,0.0,0.0,0.0,0.0,0,0,0,1.0
ORIGINAL,POSITIVE_PAIR_EVIDENCE,20,109,petfold,NON_EVIDENCED_EFFECT,121,pair,1540,0,0,0,1167,202,171,0.8868224610305617,0.9057248389103031,0.891134564255029,0.8524470416362309,0.8721973094170403,0.8622090875507943,0.0,0.0,0,0,0,1.0
ORIGINAL,POSITIVE_PAIR_EVIDENCE,20,109,rnafold,DIRECT_EVIDENCE_EFFECT,121,pair,338,338,296,296,296,0,42,0.9752066115702479,0.9158587051149035,0.9339514576574167,1.0,0.8757396449704142,0.9337539432176656,0.0,0.0,0,0,0,1.0
ORIGINAL,POSITIVE_PAIR_EVIDENCE,20,109,rnafold,LOCAL_CONFLICT_EFFECT,121,pair,39,0,0,0,0,39,0,0.9090909090909091,0.9090909090909091,0.9090909090909091,0.0,0.0,0.0,0.0,0.0,0,0,0,1.0
ORIGINAL,POSITIVE_PAIR_EVIDENCE,20,109,rnafold,NON_EVIDENCED_EFFECT,121,pair,1519,0,0,0,1177,181,161,0.9009951524925358,0.9125097517234123,0.9018584257076604,0.8667157584683358,0.8796711509715994,0.8731454005934718,0.0,0.0,0,0,0,1.0
ORIGINAL,POSITIVE_PAIR_EVIDENCE,20,109,trrosettarna2_native_ss,DIRECT_EVIDENCE_EFFECT,121,pair,338,338,299,299,299,0,39,0.9504132231404959,0.9185032139577594,0.9283648170011807,1.0,0.8846153846153846,0.9387755102040817,0.0,0.0,0,0,0,1.0
ORIGINAL,POSITIVE_PAIR_EVIDENCE,20,109,trrosettarna2_native_ss,LOCAL_CONFLICT_EFFECT,121,pair,57,0,0,0,0,57,0,0.8925619834710744,0.8925619834710744,0.8925619834710744,0.0,0.0,0.0,0.0,0.0,0,0,0,1.0
ORIGINAL,POSITIVE_PAIR_EVIDENCE,20,109,trrosettarna2_native_ss,NON_EVIDENCED_EFFECT,121,pair,1713,0,0,0,1162,375,176,0.7670660617312952,0.9105331036541537,0.8271399944846094,0.7560182173064411,0.8684603886397608,0.8083478260869565,0.0,0.0,0,0,0,1.0
ORIGINAL,POSITIVE_PAIR_EVIDENCE,20,113,petfold,DIRECT_EVIDENCE_EFFECT,121,pair,338,338,292,292,292,0,46,0.9669421487603306,0.8923449369730362,0.9154716832888928,1.0,0.863905325443787,0.926984126984127,0.0,0.0,0,0,0,1.0
ORIGINAL,POSITIVE_PAIR_EVIDENCE,20,113,petfold,LOCAL_CONFLICT_EFFECT,121,pair,38,0,0,0,0,38,0,0.8677685950413223,0.8677685950413223,0.8677685950413223,0.0,0.0,0.0,0.0,0.0,0,0,0,1.0
ORIGINAL,POSITIVE_PAIR_EVIDENCE,20,113,petfold,NON_EVIDENCED_EFFECT,121,pair,1541,0,0,0,1171,203,167,0.8915699107118342,0.9107614041923716,0.8954915709547094,0.8522561863173217,0.875186846038864,0.8635693215339233,0.0,0.0,0,0,0,1.0
ORIGINAL,POSITIVE_PAIR_EVIDENCE,20,113,rnafold,DIRECT_EVIDENCE_EFFECT,121,pair,338,338,294,294,294,0,44,0.9669421487603306,0.8972284831788964,0.9186594046584323,1.0,0.8698224852071006,0.930379746835443,0.0,0.0,0,0,0,1.0
ORIGINAL,POSITIVE_PAIR_EVIDENCE,20,113,rnafold,LOCAL_CONFLICT_EFFECT,121,pair,34,0,0,0,0,34,0,0.8925619834710744,0.8925619834710744,0.8925619834710744,0.0,0.0,0.0,0.0,0.0,0,0,0,1.0
ORIGINAL,POSITIVE_PAIR_EVIDENCE,20,113,rnafold,NON_EVIDENCED_EFFECT,121,pair,1524,0,0,0,1179,186,159,0.9027074402282097,0.9172940440259351,0.9047650628405918,0.8637362637362638,0.8811659192825112,0.8723640399556049,0.0,0.0,0,0,0,1.0
ORIGINAL,POSITIVE_PAIR_EVIDENCE,20,113,trrosettarna2_native_ss,DIRECT_EVIDENCE_EFFECT,121,pair,338,338,294,294,294,0,44,0.9421487603305785,0.9119667751899158,0.9210523177465326,1.0,0.8698224852071006,0.930379746835443,0.0,0.0,0,0,0,1.0
ORIGINAL,POSITIVE_PAIR_EVIDENCE,20,113,trrosettarna2_native_ss,LOCAL_CONFLICT_EFFECT,121,pair,57,0,0,0,0,57,0,0.9008264462809917,0.9008264462809917,0.9008264462809917,0.0,0.0,0.0,0.0,0.0,0,0,0,1.0
ORIGINAL,POSITIVE_PAIR_EVIDENCE,20,113,trrosettarna2_native_ss,NON_EVIDENCED_EFFECT,121,pair,1713,0,0,0,1167,375,171,0.768038606762999,0.9126180741457844,0.8289020515569401,0.7568093385214008,0.8721973094170403,0.8104166666666667,0.0,0.0,0,0,0,1.0
ORIGINAL,POSITIVE_PAIR_EVIDENCE,50,101,petfold,DIRECT_EVIDENCE_EFFECT,121,pair,875,875,759,759,759,0,116,0.9917355371900827,0.8999222206018722,0.9281403526066452,1.0,0.8674285714285714,0.9290085679314566,0.0,0.0,0,0,0,1.0
ORIGINAL,POSITIVE_PAIR_EVIDENCE,50,101,petfold,LOCAL_CONFLICT_EFFECT,121,pair,95,0,0,0,0,95,0,0.8181818181818182,0.8181818181818182,0.8181818181818182,0.0,0.0,0.0,0.0,0.0,0,0,0,1.0
ORIGINAL,POSITIVE_PAIR_EVIDENCE,50,101,petfold,NON_EVIDENCED_EFFECT,121,pair,947,0,0,0,704,146,97,0.8729304044143616,0.9157187050782092,0.885362985750688,0.8282352941176471,0.8789013732833958,0.8528164748637189,0.0,0.0,0,0,0,1.0
ORIGINAL,POSITIVE_PAIR_EVIDENCE,50,101,rnafold,DIRECT_EVIDENCE_EFFECT,121,pair,875,875,762,762,762,0,113,0.9917355371900827,0.9029533186742926,0.929826414779293,1.0,0.8708571428571429,0.9309712889431888,0.0,0.0,0,0,0,1.0
ORIGINAL,POSITIVE_PAIR_EVIDENCE,50,101,rnafold,LOCAL_CONFLICT_EFFECT,121,pair,94,0,0,0,0,94,0,0.8264462809917356,0.8264462809917356,0.8264462809917356,0.0,0.0,0.0,0.0,0.0,0,0,0,1.0
ORIGINAL,POSITIVE_PAIR_EVIDENCE,50,101,rnafold,NON_EVIDENCED_EFFECT,121,pair,927,0,0,0,711,126,90,0.8911353797717434,0.9256607029334302,0.900814147738111,0.8494623655913979,0.8876404494382022,0.8681318681318682,0.0,0.0,0,0,0,1.0
ORIGINAL,POSITIVE_PAIR_EVIDENCE,50,101,trrosettarna2_native_ss,DIRECT_EVIDENCE_EFFECT,121,pair,875,875,766,766,766,0,109,0.9586776859504132,0.9098727996095944,0.9271536526157329,1.0,0.8754285714285714,0.9335770871419866,0.0,0.0,0,0,0,1.0
ORIGINAL,POSITIVE_PAIR_EVIDENCE,50,101,trrosettarna2_native_ss,LOCAL_CONFLICT_EFFECT,121,pair,121,0,0,0,0,121,0,0.8429752066115702,0.8429752066115702,0.8429752066115702,0.0,0.0,0.0,0.0,0.0,0,0,0,1.0
ORIGINAL,POSITIVE_PAIR_EVIDENCE,50,101,trrosettarna2_native_ss,NON_EVIDENCED_EFFECT,121,pair,1112,0,0,0,695,311,106,0.6991880711570357,0.9144130902036041,0.782795119669833,0.6908548707753479,0.867665418227216,0.7692307692307693,0.0,0.0,0,0,0,1.0
ORIGINAL,POSITIVE_PAIR_EVIDENCE,50,103,petfold,DIRECT_EVIDENCE_EFFECT,121,pair,875,875,760,760,760,0,115,0.9917355371900827,0.9071044784808497,0.9356168248584185,1.0,0.8685714285714285,0.9296636085626911,0.0,0.0,0,0,0,1.0
ORIGINAL,POSITIVE_PAIR_EVIDENCE,50,103,petfold,LOCAL_CONFLICT_EFFECT,121,pair,93,0,0,0,0,93,0,0.8429752066115702,0.8429752066115702,0.8429752066115702,0.0,0.0,0.0,0.0,0.0,0,0,0,1.0
ORIGINAL,POSITIVE_PAIR_EVIDENCE,50,103,petfold,NON_EVIDENCED_EFFECT,121,pair,949,0,0,0,703,148,98,0.8675837859059464,0.9077472957234006,0.8775643406866641,0.8260869565217391,0.8776529338327091,0.851089588377724,0.0,0.0,0,0,0,1.0
ORIGINAL,POSITIVE_PAIR_EVIDENCE,50,103,rnafold,DIRECT_EVIDENCE_EFFECT,121,pair,875,875,762,762,762,0,113,0.9917355371900827,0.9090110128618615,0.9366379137896998,1.0,0.8708571428571429,0.9309712889431888,0.0,0.0,0,0,0,1.0
ORIGINAL,POSITIVE_PAIR_EVIDENCE,50,103,rnafold,LOCAL_CONFLICT_EFFECT,121,pair,93,0,0,0,0,93,0,0.8429752066115702,0.8429752066115702,0.8429752066115702,0.0,0.0,0.0,0.0,0.0,0,0,0,1.0
ORIGINAL,POSITIVE_PAIR_EVIDENCE,50,103,rnafold,NON_EVIDENCED_EFFECT,121,pair,928,0,0,0,711,127,90,0.8891107469206643,0.9186258570151851,0.8946662703286775,0.8484486873508353,0.8876404494382022,0.8676021964612569,0.0,0.0,0,0,0,1.0
ORIGINAL,POSITIVE_PAIR_EVIDENCE,50,103,trrosettarna2_native_ss,DIRECT_EVIDENCE_EFFECT,121,pair,875,875,755,755,755,0,120,0.9586776859504132,0.9065455181022913,0.9240340074009533,1.0,0.8628571428571429,0.9263803680981595,0.0,0.0,0,0,0,1.0
ORIGINAL,POSITIVE_PAIR_EVIDENCE,50,103,trrosettarna2_native_ss,LOCAL_CONFLICT_EFFECT,121,pair,126,0,0,0,0,126,0,0.8512396694214877,0.8512396694214877,0.8512396694214877,0.0,0.0,0.0,0.0,0.0,0,0,0,1.0
ORIGINAL,POSITIVE_PAIR_EVIDENCE,50,103,trrosettarna2_native_ss,NON_EVIDENCED_EFFECT,121,pair,1107,0,0,0,706,306,95,0.7028380921576312,0.9180535647926953,0.7860649197443391,0.6976284584980237,0.8813982521847691,0.7788196359624932,0.0,0.0,0,0,0,1.0
ORIGINAL,POSITIVE_PAIR_EVIDENCE,50,107,petfold,DIRECT_EVIDENCE_EFFECT,121,pair,875,875,764,764,764,0,111,0.9917355371900827,0.9002674481973693,0.9325929842617946,1.0,0.8731428571428571,0.9322757779133618,0.0,0.0,0,0,0,1.0
ORIGINAL,POSITIVE_PAIR_EVIDENCE,50,107,petfold,LOCAL_CONFLICT_EFFECT,121,pair,74,0,0,0,0,74,0,0.8264462809917356,0.8264462809917356,0.8264462809917356,0.0,0.0,0.0,0.0,0.0,0,0,0,1.0
ORIGINAL,POSITIVE_PAIR_EVIDENCE,50,107,petfold,NON_EVIDENCED_EFFECT,121,pair,968,0,0,0,699,167,102,0.8633191546475455,0.9165925751894131,0.8813646626943784,0.8071593533487298,0.8726591760299626,0.8386322735452909,0.0,0.0,0,0,0,1.0
ORIGINAL,POSITIVE_PAIR_EVIDENCE,50,107,rnafold,DIRECT_EVIDENCE_EFFECT,121,pair,875,875,770,770,770,0,105,0.9917355371900827,0.9072704013111635,0.937127686158251,1.0,0.88,0.9361702127659575,0.0,0.0,0,0,0,1.0
ORIGINAL,POSITIVE_PAIR_EVIDENCE,50,107,rnafold,LOCAL_CONFLICT_EFFECT,121,pair,72,0,0,0,0,72,0,0.8264462809917356,0.8264462809917356,0.8264462809917356,0.0,0.0,0.0,0.0,0.0,0,0,0,1.0
ORIGINAL,POSITIVE_PAIR_EVIDENCE,50,107,rnafold,NON_EVIDENCED_EFFECT,121,pair,949,0,0,0,703,148,98,0.8813930712691043,0.9213479208538496,0.8935265065611584,0.8260869565217391,0.8776529338327091,0.851089588377724,0.0,0.0,0,0,0,1.0
ORIGINAL,POSITIVE_PAIR_EVIDENCE,50,107,trrosettarna2_native_ss,DIRECT_EVIDENCE_EFFECT,121,pair,875,875,759,759,759,0,116,0.9586776859504132,0.9042326520048403,0.9212483305349426,1.0,0.8674285714285714,0.9290085679314566,0.0,0.0,0,0,0,1.0
ORIGINAL,POSITIVE_PAIR_EVIDENCE,50,107,trrosettarna2_native_ss,LOCAL_CONFLICT_EFFECT,121,pair,127,0,0,0,0,127,0,0.8429752066115702,0.8429752066115702,0.8429752066115702,0.0,0.0,0.0,0.0,0.0,0,0,0,1.0
ORIGINAL,POSITIVE_PAIR_EVIDENCE,50,107,trrosettarna2_native_ss,NON_EVIDENCED_EFFECT,121,pair,1106,0,0,0,702,305,99,0.7041895116336189,0.9203073990129327,0.7881908074880118,0.6971201588877854,0.8764044943820225,0.7765486725663717,0.0,0.0,0,0,0,1.0
ORIGINAL,POSITIVE_PAIR_EVIDENCE,50,109,petfold,DIRECT_EVIDENCE_EFFECT,121,pair,875,875,768,768,768,0,107,0.9917355371900827,0.9052878718897193,0.9330049184592288,1.0,0.8777142857142857,0.9348752282410225,0.0,0.0,0,0,0,1.0
ORIGINAL,POSITIVE_PAIR_EVIDENCE,50,109,petfold,LOCAL_CONFLICT_EFFECT,121,pair,82,0,0,0,0,82,0,0.8512396694214877,0.8512396694214877,0.8512396694214877,0.0,0.0,0.0,0.0,0.0,0,0,0,1.0
ORIGINAL,POSITIVE_PAIR_EVIDENCE,50,109,petfold,NON_EVIDENCED_EFFECT,121,pair,960,0,0,0,695,159,106,0.8643912912921178,0.9098351034121784,0.8769992969785922,0.8138173302107728,0.867665418227216,0.8398791540785498,0.0,0.0,0,0,0,1.0
ORIGINAL,POSITIVE_PAIR_EVIDENCE,50,109,rnafold,DIRECT_EVIDENCE_EFFECT,121,pair,875,875,775,775,775,0,100,0.9917355371900827,0.9130516803098232,0.9374931215895496,1.0,0.8857142857142857,0.9393939393939394,0.0,0.0,0,0,0,1.0
ORIGINAL,POSITIVE_PAIR_EVIDENCE,50,109,rnafold,LOCAL_CONFLICT_EFFECT,121,pair,79,0,0,0,0,79,0,0.8512396694214877,0.8512396694214877,0.8512396694214877,0.0,0.0,0.0,0.0,0.0,0,0,0,1.0
ORIGINAL,POSITIVE_PAIR_EVIDENCE,50,109,rnafold,NON_EVIDENCED_EFFECT,121,pair,942,0,0,0,698,141,103,0.8839186768865914,0.9140591621816919,0.8895677421374925,0.831942789034565,0.8714107365792759,0.8512195121951219,0.0,0.0,0,0,0,1.0
ORIGINAL,POSITIVE_PAIR_EVIDENCE,50,109,trrosettarna2_native_ss,DIRECT_EVIDENCE_EFFECT,121,pair,875,875,766,766,766,0,109,0.9586776859504132,0.9081664707113863,0.9252128768365857,1.0,0.8754285714285714,0.9335770871419866,0.0,0.0,0,0,0,1.0
ORIGINAL,POSITIVE_PAIR_EVIDENCE,50,109,trrosettarna2_native_ss,LOCAL_CONFLICT_EFFECT,121,pair,122,0,0,0,0,122,0,0.859504132231405,0.859504132231405,0.859504132231405,0.0,0.0,0.0,0.0,0.0,0,0,0,1.0
ORIGINAL,POSITIVE_PAIR_EVIDENCE,50,109,trrosettarna2_native_ss,NON_EVIDENCED_EFFECT,121,pair,1111,0,0,0,695,310,106,0.6995510470584542,0.9162825097607706,0.7836510744798563,0.6915422885572139,0.867665418227216,0.769656699889258,0.0,0.0,0,0,0,1.0
ORIGINAL,POSITIVE_PAIR_EVIDENCE,50,113,petfold,DIRECT_EVIDENCE_EFFECT,121,pair,875,875,761,761,761,0,114,0.9834710743801653,0.8958421292688165,0.9251134125515296,1.0,0.8697142857142857,0.9303178484107579,0.0,0.0,0,0,0,1.0
ORIGINAL,POSITIVE_PAIR_EVIDENCE,50,113,petfold,LOCAL_CONFLICT_EFFECT,121,pair,87,0,0,0,0,87,0,0.8429752066115702,0.8429752066115702,0.8429752066115702,0.0,0.0,0.0,0.0,0.0,0,0,0,1.0
ORIGINAL,POSITIVE_PAIR_EVIDENCE,50,113,petfold,NON_EVIDENCED_EFFECT,121,pair,955,0,0,0,702,154,99,0.8669803028225488,0.9206790609278931,0.8849347293099951,0.8200934579439252,0.8764044943820225,0.8473144236572119,0.0,0.0,0,0,0,1.0
ORIGINAL,POSITIVE_PAIR_EVIDENCE,50,113,rnafold,DIRECT_EVIDENCE_EFFECT,121,pair,875,875,767,767,767,0,108,0.9834710743801653,0.9033654140648286,0.9294884836041175,1.0,0.8765714285714286,0.9342265529841657,0.0,0.0,0,0,0,1.0
ORIGINAL,POSITIVE_PAIR_EVIDENCE,50,113,rnafold,LOCAL_CONFLICT_EFFECT,121,pair,82,0,0,0,0,82,0,0.859504132231405,0.859504132231405,0.859504132231405,0.0,0.0,0.0,0.0,0.0,0,0,0,1.0
ORIGINAL,POSITIVE_PAIR_EVIDENCE,50,113,rnafold,NON_EVIDENCED_EFFECT,121,pair,939,0,0,0,706,138,95,0.8837663330565616,0.9251994143118829,0.8966825735612945,0.8364928909952607,0.8813982521847691,0.8583586626139817,0.0,0.0,0,0,0,1.0
ORIGINAL,POSITIVE_PAIR_EVIDENCE,50,113,trrosettarna2_native_ss,DIRECT_EVIDENCE_EFFECT,121,pair,875,875,767,767,767,0,108,0.9586776859504132,0.9118006924870022,0.9274208517178981,1.0,0.8765714285714286,0.9342265529841657,0.0,0.0,0,0,0,1.0
ORIGINAL,POSITIVE_PAIR_EVIDENCE,50,113,trrosettarna2_native_ss,LOCAL_CONFLICT_EFFECT,121,pair,120,0,0,0,0,120,0,0.8512396694214877,0.8512396694214877,0.8512396694214877,0.0,0.0,0.0,0.0,0.0,0,0,0,1.0
ORIGINAL,POSITIVE_PAIR_EVIDENCE,50,113,trrosettarna2_native_ss,NON_EVIDENCED_EFFECT,121,pair,1113,0,0,0,694,312,107,0.6970459462812622,0.9126749677639006,0.7810049529155113,0.6898608349900597,0.8664169787765293,0.7681239623685667,0.0,0.0,0,0,0,1.0
ORIGINAL,UNPAIRED_NUCLEOTIDE_EVIDENCE,0,101,petfold,DIRECT_EVIDENCE_EFFECT,121,nucleotide,0,0,0,0,,,,,,,,,,,,0,0,0,1.0
ORIGINAL,UNPAIRED_NUCLEOTIDE_EVIDENCE,0,101,petfold,LOCAL_CONFLICT_EFFECT,121,pair,0,0,0,0,0,0,0,1.0,1.0,1.0,1.0,1.0,1.0,0.0,0.0,0,0,0,1.0
ORIGINAL,UNPAIRED_NUCLEOTIDE_EVIDENCE,0,101,petfold,NON_EVIDENCED_EFFECT,121,pair,1917,0,0,0,1463,241,213,0.8952556023530504,0.9077787598919441,0.8968492212485739,0.8585680751173709,0.8729116945107399,0.8656804733727811,0.0,0.0,0,0,0,1.0
ORIGINAL,UNPAIRED_NUCLEOTIDE_EVIDENCE,0,101,rnafold,DIRECT_EVIDENCE_EFFECT,121,nucleotide,0,0,0,0,,,,,,,,,,,,0,0,0,1.0
ORIGINAL,UNPAIRED_NUCLEOTIDE_EVIDENCE,0,101,rnafold,LOCAL_CONFLICT_EFFECT,121,pair,0,0,0,0,0,0,0,1.0,1.0,1.0,1.0,1.0,1.0,0.0,0.0,0,0,0,1.0
ORIGINAL,UNPAIRED_NUCLEOTIDE_EVIDENCE,0,101,rnafold,NON_EVIDENCED_EFFECT,121,pair,1896,0,0,0,1473,220,203,0.9069374161618192,0.9138670306547281,0.9058176119079561,0.8700531600708801,0.8788782816229117,0.8744434550311665,0.0,0.0,0,0,0,1.0
ORIGINAL,UNPAIRED_NUCLEOTIDE_EVIDENCE,0,101,trrosettarna2_native_ss,DIRECT_EVIDENCE_EFFECT,121,nucleotide,0,0,0,0,,,,,,,,,,,,0,0,0,1.0
ORIGINAL,UNPAIRED_NUCLEOTIDE_EVIDENCE,0,101,trrosettarna2_native_ss,LOCAL_CONFLICT_EFFECT,121,pair,0,0,0,0,0,0,0,1.0,1.0,1.0,1.0,1.0,1.0,0.0,0.0,0,0,0,1.0
ORIGINAL,UNPAIRED_NUCLEOTIDE_EVIDENCE,0,101,trrosettarna2_native_ss,NON_EVIDENCED_EFFECT,121,pair,2108,0,0,0,1461,432,215,0.7905636556834104,0.9120849106151278,0.8428713642132949,0.7717908082408875,0.8717183770883055,0.8187167273746148,0.0,0.0,0,0,0,1.0
ORIGINAL,UNPAIRED_NUCLEOTIDE_EVIDENCE,0,103,petfold,DIRECT_EVIDENCE_EFFECT,121,nucleotide,0,0,0,0,,,,,,,,,,,,0,0,0,1.0
ORIGINAL,UNPAIRED_NUCLEOTIDE_EVIDENCE,0,103,petfold,LOCAL_CONFLICT_EFFECT,121,pair,0,0,0,0,0,0,0,1.0,1.0,1.0,1.0,1.0,1.0,0.0,0.0,0,0,0,1.0
ORIGINAL,UNPAIRED_NUCLEOTIDE_EVIDENCE,0,103,petfold,NON_EVIDENCED_EFFECT,121,pair,1917,0,0,0,1463,241,213,0.8952556023530504,0.9077787598919441,0.8968492212485739,0.8585680751173709,0.8729116945107399,0.8656804733727811,0.0,0.0,0,0,0,1.0
ORIGINAL,UNPAIRED_NUCLEOTIDE_EVIDENCE,0,103,rnafold,DIRECT_EVIDENCE_EFFECT,121,nucleotide,0,0,0,0,,,,,,,,,,,,0,0,0,1.0
ORIGINAL,UNPAIRED_NUCLEOTIDE_EVIDENCE,0,103,rnafold,LOCAL_CONFLICT_EFFECT,121,pair,0,0,0,0,0,0,0,1.0,1.0,1.0,1.0,1.0,1.0,0.0,0.0,0,0,0,1.0
ORIGINAL,UNPAIRED_NUCLEOTIDE_EVIDENCE,0,103,rnafold,NON_EVIDENCED_EFFECT,121,pair,1896,0,0,0,1473,220,203,0.9069374161618192,0.9138670306547281,0.9058176119079561,0.8700531600708801,0.8788782816229117,0.8744434550311665,0.0,0.0,0,0,0,1.0
ORIGINAL,UNPAIRED_NUCLEOTIDE_EVIDENCE,0,103,trrosettarna2_native_ss,DIRECT_EVIDENCE_EFFECT,121,nucleotide,0,0,0,0,,,,,,,,,,,,0,0,0,1.0
ORIGINAL,UNPAIRED_NUCLEOTIDE_EVIDENCE,0,103,trrosettarna2_native_ss,LOCAL_CONFLICT_EFFECT,121,pair,0,0,0,0,0,0,0,1.0,1.0,1.0,1.0,1.0,1.0,0.0,0.0,0,0,0,1.0
ORIGINAL,UNPAIRED_NUCLEOTIDE_EVIDENCE,0,103,trrosettarna2_native_ss,NON_EVIDENCED_EFFECT,121,pair,2108,0,0,0,1461,432,215,0.7905636556834104,0.9120849106151278,0.8428713642132949,0.7717908082408875,0.8717183770883055,0.8187167273746148,0.0,0.0,0,0,0,1.0
ORIGINAL,UNPAIRED_NUCLEOTIDE_EVIDENCE,0,107,petfold,DIRECT_EVIDENCE_EFFECT,121,nucleotide,0,0,0,0,,,,,,,,,,,,0,0,0,1.0
ORIGINAL,UNPAIRED_NUCLEOTIDE_EVIDENCE,0,107,petfold,LOCAL_CONFLICT_EFFECT,121,pair,0,0,0,0,0,0,0,1.0,1.0,1.0,1.0,1.0,1.0,0.0,0.0,0,0,0,1.0
ORIGINAL,UNPAIRED_NUCLEOTIDE_EVIDENCE,0,107,petfold,NON_EVIDENCED_EFFECT,121,pair,1917,0,0,0,1463,241,213,0.8952556023530504,0.9077787598919441,0.8968492212485739,0.8585680751173709,0.8729116945107399,0.8656804733727811,0.0,0.0,0,0,0,1.0
ORIGINAL,UNPAIRED_NUCLEOTIDE_EVIDENCE,0,107,rnafold,DIRECT_EVIDENCE_EFFECT,121,nucleotide,0,0,0,0,,,,,,,,,,,,0,0,0,1.0
ORIGINAL,UNPAIRED_NUCLEOTIDE_EVIDENCE,0,107,rnafold,LOCAL_CONFLICT_EFFECT,121,pair,0,0,0,0,0,0,0,1.0,1.0,1.0,1.0,1.0,1.0,0.0,0.0,0,0,0,1.0
ORIGINAL,UNPAIRED_NUCLEOTIDE_EVIDENCE,0,107,rnafold,NON_EVIDENCED_EFFECT,121,pair,1896,0,0,0,1473,220,203,0.9069374161618192,0.9138670306547281,0.9058176119079561,0.8700531600708801,0.8788782816229117,0.8744434550311665,0.0,0.0,0,0,0,1.0
ORIGINAL,UNPAIRED_NUCLEOTIDE_EVIDENCE,0,107,trrosettarna2_native_ss,DIRECT_EVIDENCE_EFFECT,121,nucleotide,0,0,0,0,,,,,,,,,,,,0,0,0,1.0
ORIGINAL,UNPAIRED_NUCLEOTIDE_EVIDENCE,0,107,trrosettarna2_native_ss,LOCAL_CONFLICT_EFFECT,121,pair,0,0,0,0,0,0,0,1.0,1.0,1.0,1.0,1.0,1.0,0.0,0.0,0,0,0,1.0
ORIGINAL,UNPAIRED_NUCLEOTIDE_EVIDENCE,0,107,trrosettarna2_native_ss,NON_EVIDENCED_EFFECT,121,pair,2108,0,0,0,1461,432,215,0.7905636556834104,0.9120849106151278,0.8428713642132949,0.7717908082408875,0.8717183770883055,0.8187167273746148,0.0,0.0,0,0,0,1.0
ORIGINAL,UNPAIRED_NUCLEOTIDE_EVIDENCE,0,109,petfold,DIRECT_EVIDENCE_EFFECT,121,nucleotide,0,0,0,0,,,,,,,,,,,,0,0,0,1.0
ORIGINAL,UNPAIRED_NUCLEOTIDE_EVIDENCE,0,109,petfold,LOCAL_CONFLICT_EFFECT,121,pair,0,0,0,0,0,0,0,1.0,1.0,1.0,1.0,1.0,1.0,0.0,0.0,0,0,0,1.0
ORIGINAL,UNPAIRED_NUCLEOTIDE_EVIDENCE,0,109,petfold,NON_EVIDENCED_EFFECT,121,pair,1917,0,0,0,1463,241,213,0.8952556023530504,0.9077787598919441,0.8968492212485739,0.8585680751173709,0.8729116945107399,0.8656804733727811,0.0,0.0,0,0,0,1.0
ORIGINAL,UNPAIRED_NUCLEOTIDE_EVIDENCE,0,109,rnafold,DIRECT_EVIDENCE_EFFECT,121,nucleotide,0,0,0,0,,,,,,,,,,,,0,0,0,1.0
ORIGINAL,UNPAIRED_NUCLEOTIDE_EVIDENCE,0,109,rnafold,LOCAL_CONFLICT_EFFECT,121,pair,0,0,0,0,0,0,0,1.0,1.0,1.0,1.0,1.0,1.0,0.0,0.0,0,0,0,1.0
ORIGINAL,UNPAIRED_NUCLEOTIDE_EVIDENCE,0,109,rnafold,NON_EVIDENCED_EFFECT,121,pair,1896,0,0,0,1473,220,203,0.9069374161618192,0.9138670306547281,0.9058176119079561,0.8700531600708801,0.8788782816229117,0.8744434550311665,0.0,0.0,0,0,0,1.0
ORIGINAL,UNPAIRED_NUCLEOTIDE_EVIDENCE,0,109,trrosettarna2_native_ss,DIRECT_EVIDENCE_EFFECT,121,nucleotide,0,0,0,0,,,,,,,,,,,,0,0,0,1.0
ORIGINAL,UNPAIRED_NUCLEOTIDE_EVIDENCE,0,109,trrosettarna2_native_ss,LOCAL_CONFLICT_EFFECT,121,pair,0,0,0,0,0,0,0,1.0,1.0,1.0,1.0,1.0,1.0,0.0,0.0,0,0,0,1.0
ORIGINAL,UNPAIRED_NUCLEOTIDE_EVIDENCE,0,109,trrosettarna2_native_ss,NON_EVIDENCED_EFFECT,121,pair,2108,0,0,0,1461,432,215,0.7905636556834104,0.9120849106151278,0.8428713642132949,0.7717908082408875,0.8717183770883055,0.8187167273746148,0.0,0.0,0,0,0,1.0
ORIGINAL,UNPAIRED_NUCLEOTIDE_EVIDENCE,0,113,petfold,DIRECT_EVIDENCE_EFFECT,121,nucleotide,0,0,0,0,,,,,,,,,,,,0,0,0,1.0
ORIGINAL,UNPAIRED_NUCLEOTIDE_EVIDENCE,0,113,petfold,LOCAL_CONFLICT_EFFECT,121,pair,0,0,0,0,0,0,0,1.0,1.0,1.0,1.0,1.0,1.0,0.0,0.0,0,0,0,1.0
ORIGINAL,UNPAIRED_NUCLEOTIDE_EVIDENCE,0,113,petfold,NON_EVIDENCED_EFFECT,121,pair,1917,0,0,0,1463,241,213,0.8952556023530504,0.9077787598919441,0.8968492212485739,0.8585680751173709,0.8729116945107399,0.8656804733727811,0.0,0.0,0,0,0,1.0
ORIGINAL,UNPAIRED_NUCLEOTIDE_EVIDENCE,0,113,rnafold,DIRECT_EVIDENCE_EFFECT,121,nucleotide,0,0,0,0,,,,,,,,,,,,0,0,0,1.0
ORIGINAL,UNPAIRED_NUCLEOTIDE_EVIDENCE,0,113,rnafold,LOCAL_CONFLICT_EFFECT,121,pair,0,0,0,0,0,0,0,1.0,1.0,1.0,1.0,1.0,1.0,0.0,0.0,0,0,0,1.0
ORIGINAL,UNPAIRED_NUCLEOTIDE_EVIDENCE,0,113,rnafold,NON_EVIDENCED_EFFECT,121,pair,1896,0,0,0,1473,220,203,0.9069374161618192,0.9138670306547281,0.9058176119079561,0.8700531600708801,0.8788782816229117,0.8744434550311665,0.0,0.0,0,0,0,1.0
ORIGINAL,UNPAIRED_NUCLEOTIDE_EVIDENCE,0,113,trrosettarna2_native_ss,DIRECT_EVIDENCE_EFFECT,121,nucleotide,0,0,0,0,,,,,,,,,,,,0,0,0,1.0
ORIGINAL,UNPAIRED_NUCLEOTIDE_EVIDENCE,0,113,trrosettarna2_native_ss,LOCAL_CONFLICT_EFFECT,121,pair,0,0,0,0,0,0,0,1.0,1.0,1.0,1.0,1.0,1.0,0.0,0.0,0,0,0,1.0
ORIGINAL,UNPAIRED_NUCLEOTIDE_EVIDENCE,0,113,trrosettarna2_native_ss,NON_EVIDENCED_EFFECT,121,pair,2108,0,0,0,1461,432,215,0.7905636556834104,0.9120849106151278,0.8428713642132949,0.7717908082408875,0.8717183770883055,0.8187167273746148,0.0,0.0,0,0,0,1.0
ORIGINAL,UNPAIRED_NUCLEOTIDE_EVIDENCE,1,101,petfold,DIRECT_EVIDENCE_EFFECT,121,nucleotide,0,121,104,104,,,,,,,,,,,,0,0,0,1.0
ORIGINAL,UNPAIRED_NUCLEOTIDE_EVIDENCE,1,101,petfold,LOCAL_CONFLICT_EFFECT,121,pair,17,0,0,0,0,17,0,0.859504132231405,0.859504132231405,0.859504132231405,0.0,0.0,0.0,0.0,0.0,0,0,0,1.0
ORIGINAL,UNPAIRED_NUCLEOTIDE_EVIDENCE,1,101,petfold,NON_EVIDENCED_EFFECT,121,pair,1900,0,0,0,1463,224,213,0.9059541488994135,0.9077787598919441,0.9020326598094781,0.8672199170124482,0.8729116945107399,0.8700564971751412,0.0,0.0,0,0,0,1.0
ORIGINAL,UNPAIRED_NUCLEOTIDE_EVIDENCE,1,101,rnafold,DIRECT_EVIDENCE_EFFECT,121,nucleotide,0,121,105,105,,,,,,,,,,,,0,0,0,1.0
ORIGINAL,UNPAIRED_NUCLEOTIDE_EVIDENCE,1,101,rnafold,LOCAL_CONFLICT_EFFECT,121,pair,16,0,0,0,0,16,0,0.8677685950413223,0.8677685950413223,0.8677685950413223,0.0,0.0,0.0,0.0,0.0,0,0,0,1.0
ORIGINAL,UNPAIRED_NUCLEOTIDE_EVIDENCE,1,101,rnafold,NON_EVIDENCED_EFFECT,121,pair,1880,0,0,0,1473,204,203,0.9171879247220843,0.9138670306547281,0.9107428567565491,0.8783542039355993,0.8788782816229117,0.8786161646286907,0.0,0.0,0,0,0,1.0
ORIGINAL,UNPAIRED_NUCLEOTIDE_EVIDENCE,1,101,trrosettarna2_native_ss,DIRECT_EVIDENCE_EFFECT,121,nucleotide,0,121,86,86,,,,,,,,,,,,0,0,0,1.0
ORIGINAL,UNPAIRED_NUCLEOTIDE_EVIDENCE,1,101,trrosettarna2_native_ss,LOCAL_CONFLICT_EFFECT,121,pair,35,0,0,0,0,35,0,0.7107438016528925,0.7107438016528925,0.7107438016528925,0.0,0.0,0.0,0.0,0.0,0,0,0,1.0
ORIGINAL,UNPAIRED_NUCLEOTIDE_EVIDENCE,1,101,trrosettarna2_native_ss,NON_EVIDENCED_EFFECT,121,pair,2073,0,0,0,1461,397,215,0.8102918708017104,0.9120849106151278,0.8545136056606705,0.7863293864370291,0.8717183770883055,0.8268251273344652,0.0,0.0,0,0,0,1.0
ORIGINAL,UNPAIRED_NUCLEOTIDE_EVIDENCE,1,103,petfold,DIRECT_EVIDENCE_EFFECT,121,nucleotide,0,121,105,105,,,,,,,,,,,,0,0,0,1.0
ORIGINAL,UNPAIRED_NUCLEOTIDE_EVIDENCE,1,103,petfold,LOCAL_CONFLICT_EFFECT,121,pair,16,0,0,0,0,16,0,0.8677685950413223,0.8677685950413223,0.8677685950413223,0.0,0.0,0.0,0.0,0.0,0,0,0,1.0
ORIGINAL,UNPAIRED_NUCLEOTIDE_EVIDENCE,1,103,petfold,NON_EVIDENCED_EFFECT,121,pair,1901,0,0,0,1463,225,213,0.9032994945259615,0.9077787598919441,0.9011687106882,0.8667061611374408,0.8729116945107399,0.8697978596908442,0.0,0.0,0,0,0,1.0
ORIGINAL,UNPAIRED_NUCLEOTIDE_EVIDENCE,1,103,rnafold,DIRECT_EVIDENCE_EFFECT,121,nucleotide,0,121,107,107,,,,,,,,,,,,0,0,0,1.0
ORIGINAL,UNPAIRED_NUCLEOTIDE_EVIDENCE,1,103,rnafold,LOCAL_CONFLICT_EFFECT,121,pair,14,0,0,0,0,14,0,0.8842975206611571,0.8842975206611571,0.8842975206611571,0.0,0.0,0.0,0.0,0.0,0,0,0,1.0
ORIGINAL,UNPAIRED_NUCLEOTIDE_EVIDENCE,1,103,rnafold,NON_EVIDENCED_EFFECT,121,pair,1882,0,0,0,1473,206,203,0.9135693057037123,0.9138670306547281,0.9094081732769976,0.8773079213817748,0.8788782816229117,0.8780923994038748,0.0,0.0,0,0,0,1.0
ORIGINAL,UNPAIRED_NUCLEOTIDE_EVIDENCE,1,103,trrosettarna2_native_ss,DIRECT_EVIDENCE_EFFECT,121,nucleotide,0,121,87,87,,,,,,,,,,,,0,0,0,1.0
ORIGINAL,UNPAIRED_NUCLEOTIDE_EVIDENCE,1,103,trrosettarna2_native_ss,LOCAL_CONFLICT_EFFECT,121,pair,34,0,0,0,0,34,0,0.71900826446281,0.71900826446281,0.71900826446281,0.0,0.0,0.0,0.0,0.0,0,0,0,1.0
ORIGINAL,UNPAIRED_NUCLEOTIDE_EVIDENCE,1,103,trrosettarna2_native_ss,NON_EVIDENCED_EFFECT,121,pair,2074,0,0,0,1461,398,215,0.810247744448208,0.9120849106151278,0.8543352069689977,0.7859064012910166,0.8717183770883055,0.8265912305516266,0.0,0.0,0,0,0,1.0
ORIGINAL,UNPAIRED_NUCLEOTIDE_EVIDENCE,1,107,petfold,DIRECT_EVIDENCE_EFFECT,121,nucleotide,0,121,106,106,,,,,,,,,,,,0,0,0,1.0
ORIGINAL,UNPAIRED_NUCLEOTIDE_EVIDENCE,1,107,petfold,LOCAL_CONFLICT_EFFECT,121,pair,15,0,0,0,0,15,0,0.8760330578512396,0.8760330578512396,0.8760330578512396,0.0,0.0,0.0,0.0,0.0,0,0,0,1.0
ORIGINAL,UNPAIRED_NUCLEOTIDE_EVIDENCE,1,107,petfold,NON_EVIDENCED_EFFECT,121,pair,1902,0,0,0,1463,226,213,0.9041500705885364,0.9077787598919441,0.9014212792302841,0.8661930136175252,0.8729116945107399,0.8695393759286776,0.0,0.0,0,0,0,1.0
ORIGINAL,UNPAIRED_NUCLEOTIDE_EVIDENCE,1,107,rnafold,DIRECT_EVIDENCE_EFFECT,121,nucleotide,0,121,112,112,,,,,,,,,,,,0,0,0,1.0
ORIGINAL,UNPAIRED_NUCLEOTIDE_EVIDENCE,1,107,rnafold,LOCAL_CONFLICT_EFFECT,121,pair,9,0,0,0,0,9,0,0.9256198347107438,0.9256198347107438,0.9256198347107438,0.0,0.0,0.0,0.0,0.0,0,0,0,1.0
ORIGINAL,UNPAIRED_NUCLEOTIDE_EVIDENCE,1,107,rnafold,NON_EVIDENCED_EFFECT,121,pair,1887,0,0,0,1473,211,203,0.9131695811260415,0.9138670306547281,0.9088015726046772,0.8747030878859857,0.8788782816229117,0.8767857142857143,0.0,0.0,0,0,0,1.0
ORIGINAL,UNPAIRED_NUCLEOTIDE_EVIDENCE,1,107,trrosettarna2_native_ss,DIRECT_EVIDENCE_EFFECT,121,nucleotide,0,121,78,78,,,,,,,,,,,,0,0,0,1.0
ORIGINAL,UNPAIRED_NUCLEOTIDE_EVIDENCE,1,107,trrosettarna2_native_ss,LOCAL_CONFLICT_EFFECT,121,pair,43,0,0,0,0,43,0,0.6446280991735537,0.6446280991735537,0.6446280991735537,0.0,0.0,0.0,0.0,0.0,0,0,0,1.0
ORIGINAL,UNPAIRED_NUCLEOTIDE_EVIDENCE,1,107,trrosettarna2_native_ss,NON_EVIDENCED_EFFECT,121,pair,2065,0,0,0,1461,389,215,0.8130514846442716,0.9120849106151278,0.8561920738209233,0.7897297297297298,0.8717183770883055,0.8287010777084515,0.0,0.0,0,0,0,1.0
ORIGINAL,UNPAIRED_NUCLEOTIDE_EVIDENCE,1,109,petfold,DIRECT_EVIDENCE_EFFECT,121,nucleotide,0,121,100,100,,,,,,,,,,,,0,0,0,1.0
ORIGINAL,UNPAIRED_NUCLEOTIDE_EVIDENCE,1,109,petfold,LOCAL_CONFLICT_EFFECT,121,pair,21,0,0,0,0,21,0,0.8264462809917356,0.8264462809917356,0.8264462809917356,0.0,0.0,0.0,0.0,0.0,0,0,0,1.0
ORIGINAL,UNPAIRED_NUCLEOTIDE_EVIDENCE,1,109,petfold,NON_EVIDENCED_EFFECT,121,pair,1896,0,0,0,1463,220,213,0.9057801370117188,0.9077787598919441,0.9023795445307521,0.869281045751634,0.8729116945107399,0.8710925870794879,0.0,0.0,0,0,0,1.0
ORIGINAL,UNPAIRED_NUCLEOTIDE_EVIDENCE,1,109,rnafold,DIRECT_EVIDENCE_EFFECT,121,nucleotide,0,121,102,102,,,,,,,,,,,,0,0,0,1.0
ORIGINAL,UNPAIRED_NUCLEOTIDE_EVIDENCE,1,109,rnafold,LOCAL_CONFLICT_EFFECT,121,pair,19,0,0,0,0,19,0,0.8429752066115702,0.8429752066115702,0.8429752066115702,0.0,0.0,0.0,0.0,0.0,0,0,0,1.0
ORIGINAL,UNPAIRED_NUCLEOTIDE_EVIDENCE,1,109,rnafold,NON_EVIDENCED_EFFECT,121,pair,1877,0,0,0,1473,201,203,0.9166157536396622,0.9138670306547281,0.9108919206112116,0.8799283154121864,0.8788782816229117,0.8794029850746269,0.0,0.0,0,0,0,1.0
ORIGINAL,UNPAIRED_NUCLEOTIDE_EVIDENCE,1,109,trrosettarna2_native_ss,DIRECT_EVIDENCE_EFFECT,121,nucleotide,0,121,76,76,,,,,,,,,,,,0,0,0,1.0
ORIGINAL,UNPAIRED_NUCLEOTIDE_EVIDENCE,1,109,trrosettarna2_native_ss,LOCAL_CONFLICT_EFFECT,121,pair,45,0,0,0,0,45,0,0.628099173553719,0.628099173553719,0.628099173553719,0.0,0.0,0.0,0.0,0.0,0,0,0,1.0
ORIGINAL,UNPAIRED_NUCLEOTIDE_EVIDENCE,1,109,trrosettarna2_native_ss,NON_EVIDENCED_EFFECT,121,pair,2063,0,0,0,1461,387,215,0.8145369457995719,0.9120849106151278,0.8567099074388023,0.7905844155844156,0.8717183770883055,0.8291713961407492,0.0,0.0,0,0,0,1.0
ORIGINAL,UNPAIRED_NUCLEOTIDE_EVIDENCE,1,113,petfold,DIRECT_EVIDENCE_EFFECT,121,nucleotide,0,121,103,103,,,,,,,,,,,,0,0,0,1.0
ORIGINAL,UNPAIRED_NUCLEOTIDE_EVIDENCE,1,113,petfold,LOCAL_CONFLICT_EFFECT,121,pair,18,0,0,0,0,18,0,0.8512396694214877,0.8512396694214877,0.8512396694214877,0.0,0.0,0.0,0.0,0.0,0,0,0,1.0
ORIGINAL,UNPAIRED_NUCLEOTIDE_EVIDENCE,1,113,petfold,NON_EVIDENCED_EFFECT,121,pair,1899,0,0,0,1463,223,213,0.9028956929259876,0.9077787598919441,0.9008369518024504,0.8677342823250297,0.8729116945107399,0.8703152885187388,0.0,0.0,0,0,0,1.0
ORIGINAL,UNPAIRED_NUCLEOTIDE_EVIDENCE,1,113,rnafold,DIRECT_EVIDENCE_EFFECT,121,nucleotide,0,121,106,106,,,,,,,,,,,,0,0,0,1.0
ORIGINAL,UNPAIRED_NUCLEOTIDE_EVIDENCE,1,113,rnafold,LOCAL_CONFLICT_EFFECT,121,pair,15,0,0,0,0,15,0,0.8760330578512396,0.8760330578512396,0.8760330578512396,0.0,0.0,0.0,0.0,0.0,0,0,0,1.0
ORIGINAL,UNPAIRED_NUCLEOTIDE_EVIDENCE,1,113,rnafold,NON_EVIDENCED_EFFECT,121,pair,1881,0,0,0,1473,205,203,0.9131735831788031,0.9138670306547281,0.9091251254270484,0.8778307508939214,0.8788782816229117,0.8783542039355993,0.0,0.0,0,0,0,1.0
ORIGINAL,UNPAIRED_NUCLEOTIDE_EVIDENCE,1,113,trrosettarna2_native_ss,DIRECT_EVIDENCE_EFFECT,121,nucleotide,0,121,77,77,,,,,,,,,,,,0,0,0,1.0
ORIGINAL,UNPAIRED_NUCLEOTIDE_EVIDENCE,1,113,trrosettarna2_native_ss,LOCAL_CONFLICT_EFFECT,121,pair,44,0,0,0,0,44,0,0.6363636363636364,0.6363636363636364,0.6363636363636364,0.0,0.0,0.0,0.0,0.0,0,0,0,1.0
ORIGINAL,UNPAIRED_NUCLEOTIDE_EVIDENCE,1,113,trrosettarna2_native_ss,NON_EVIDENCED_EFFECT,121,pair,2064,0,0,0,1461,388,215,0.8149146817498449,0.9120849106151278,0.8566398485954532,0.7901568415359654,0.8717183770883055,0.828936170212766,0.0,0.0,0,0,0,1.0
ORIGINAL,UNPAIRED_NUCLEOTIDE_EVIDENCE,5,101,petfold,DIRECT_EVIDENCE_EFFECT,121,nucleotide,0,134,112,112,,,,,,,,,,,,0,0,0,1.0
ORIGINAL,UNPAIRED_NUCLEOTIDE_EVIDENCE,5,101,petfold,LOCAL_CONFLICT_EFFECT,121,pair,21,0,0,0,0,21,0,0.8347107438016529,0.8347107438016529,0.8347107438016529,0.0,0.0,0.0,0.0,0.0,0,0,0,1.0
ORIGINAL,UNPAIRED_NUCLEOTIDE_EVIDENCE,5,101,petfold,NON_EVIDENCED_EFFECT,121,pair,1896,0,0,0,1463,220,213,0.9068886441426117,0.9077787598919441,0.9031962854314166,0.869281045751634,0.8729116945107399,0.8710925870794879,0.0,0.0,0,0,0,1.0
ORIGINAL,UNPAIRED_NUCLEOTIDE_EVIDENCE,5,101,rnafold,DIRECT_EVIDENCE_EFFECT,121,nucleotide,0,134,116,116,,,,,,,,,,,,0,0,0,1.0
ORIGINAL,UNPAIRED_NUCLEOTIDE_EVIDENCE,5,101,rnafold,LOCAL_CONFLICT_EFFECT,121,pair,18,0,0,0,0,18,0,0.859504132231405,0.859504132231405,0.859504132231405,0.0,0.0,0.0,0.0,0.0,0,0,0,1.0
ORIGINAL,UNPAIRED_NUCLEOTIDE_EVIDENCE,5,101,rnafold,NON_EVIDENCED_EFFECT,121,pair,1878,0,0,0,1473,202,203,0.9174379759990472,0.9138670306547281,0.9116285500022977,0.8794029850746269,0.8788782816229117,0.8791405550581916,0.0,0.0,0,0,0,1.0
ORIGINAL,UNPAIRED_NUCLEOTIDE_EVIDENCE,5,101,trrosettarna2_native_ss,DIRECT_EVIDENCE_EFFECT,121,nucleotide,0,134,90,90,,,,,,,,,,,,0,0,0,1.0
ORIGINAL,UNPAIRED_NUCLEOTIDE_EVIDENCE,5,101,trrosettarna2_native_ss,LOCAL_CONFLICT_EFFECT,121,pair,43,0,0,0,0,43,0,0.6446280991735537,0.6446280991735537,0.6446280991735537,0.0,0.0,0.0,0.0,0.0,0,0,0,1.0
ORIGINAL,UNPAIRED_NUCLEOTIDE_EVIDENCE,5,101,trrosettarna2_native_ss,NON_EVIDENCED_EFFECT,121,pair,2065,0,0,0,1461,389,215,0.814430870482851,0.9120849106151278,0.8569416987342018,0.7897297297297298,0.8717183770883055,0.8287010777084515,0.0,0.0,0,0,0,1.0
ORIGINAL,UNPAIRED_NUCLEOTIDE_EVIDENCE,5,103,petfold,DIRECT_EVIDENCE_EFFECT,121,nucleotide,0,134,113,113,,,,,,,,,,,,0,0,0,1.0
ORIGINAL,UNPAIRED_NUCLEOTIDE_EVIDENCE,5,103,petfold,LOCAL_CONFLICT_EFFECT,121,pair,21,0,0,0,0,21,0,0.8347107438016529,0.8347107438016529,0.8347107438016529,0.0,0.0,0.0,0.0,0.0,0,0,0,1.0
ORIGINAL,UNPAIRED_NUCLEOTIDE_EVIDENCE,5,103,petfold,NON_EVIDENCED_EFFECT,121,pair,1896,0,0,0,1463,220,213,0.9056892380313576,0.9077787598919441,0.9026732446156555,0.869281045751634,0.8729116945107399,0.8710925870794879,0.0,0.0,0,0,0,1.0
ORIGINAL,UNPAIRED_NUCLEOTIDE_EVIDENCE,5,103,rnafold,DIRECT_EVIDENCE_EFFECT,121,nucleotide,0,134,118,118,,,,,,,,,,,,0,0,0,1.0
ORIGINAL,UNPAIRED_NUCLEOTIDE_EVIDENCE,5,103,rnafold,LOCAL_CONFLICT_EFFECT,121,pair,16,0,0,0,0,16,0,0.8760330578512396,0.8760330578512396,0.8760330578512396,0.0,0.0,0.0,0.0,0.0,0,0,0,1.0
ORIGINAL,UNPAIRED_NUCLEOTIDE_EVIDENCE,5,103,rnafold,NON_EVIDENCED_EFFECT,121,pair,1880,0,0,0,1473,204,203,0.9145995072048332,0.9138670306547281,0.910093793200329,0.8783542039355993,0.8788782816229117,0.8786161646286907,0.0,0.0,0,0,0,1.0
ORIGINAL,UNPAIRED_NUCLEOTIDE_EVIDENCE,5,103,trrosettarna2_native_ss,DIRECT_EVIDENCE_EFFECT,121,nucleotide,0,134,96,96,,,,,,,,,,,,0,0,0,1.0
ORIGINAL,UNPAIRED_NUCLEOTIDE_EVIDENCE,5,103,trrosettarna2_native_ss,LOCAL_CONFLICT_EFFECT,121,pair,38,0,0,0,0,38,0,0.6859504132231405,0.6859504132231405,0.6859504132231405,0.0,0.0,0.0,0.0,0.0,0,0,0,1.0
ORIGINAL,UNPAIRED_NUCLEOTIDE_EVIDENCE,5,103,trrosettarna2_native_ss,NON_EVIDENCED_EFFECT,121,pair,2070,0,0,0,1461,394,215,0.8102922450902937,0.9120849106151278,0.8545207453773556,0.7876010781671159,0.8717183770883055,0.8275276125743416,0.0,0.0,0,0,0,1.0
ORIGINAL,UNPAIRED_NUCLEOTIDE_EVIDENCE,5,107,petfold,DIRECT_EVIDENCE_EFFECT,121,nucleotide,0,134,111,111,,,,,,,,,,,,0,0,0,1.0
ORIGINAL,UNPAIRED_NUCLEOTIDE_EVIDENCE,5,107,petfold,LOCAL_CONFLICT_EFFECT,121,pair,22,0,0,0,0,22,0,0.8347107438016529,0.8347107438016529,0.8347107438016529,0.0,0.0,0.0,0.0,0.0,0,0,0,1.0
ORIGINAL,UNPAIRED_NUCLEOTIDE_EVIDENCE,5,107,petfold,NON_EVIDENCED_EFFECT,121,pair,1895,0,0,0,1463,219,213,0.9043883933638562,0.9077787598919441,0.9014857782477987,0.8697978596908442,0.8729116945107399,0.8713519952352591,0.0,0.0,0,0,0,1.0
ORIGINAL,UNPAIRED_NUCLEOTIDE_EVIDENCE,5,107,rnafold,DIRECT_EVIDENCE_EFFECT,121,nucleotide,0,134,114,114,,,,,,,,,,,,0,0,0,1.0
ORIGINAL,UNPAIRED_NUCLEOTIDE_EVIDENCE,5,107,rnafold,LOCAL_CONFLICT_EFFECT,121,pair,19,0,0,0,0,19,0,0.859504132231405,0.859504132231405,0.859504132231405,0.0,0.0,0.0,0.0,0.0,0,0,0,1.0
ORIGINAL,UNPAIRED_NUCLEOTIDE_EVIDENCE,5,107,rnafold,NON_EVIDENCED_EFFECT,121,pair,1877,0,0,0,1473,201,203,0.9146608456514996,0.9138670306547281,0.9097895791496269,0.8799283154121864,0.8788782816229117,0.8794029850746269,0.0,0.0,0,0,0,1.0
ORIGINAL,UNPAIRED_NUCLEOTIDE_EVIDENCE,5,107,trrosettarna2_native_ss,DIRECT_EVIDENCE_EFFECT,121,nucleotide,0,134,84,84,,,,,,,,,,,,0,0,0,1.0
ORIGINAL,UNPAIRED_NUCLEOTIDE_EVIDENCE,5,107,trrosettarna2_native_ss,LOCAL_CONFLICT_EFFECT,121,pair,50,0,0,0,0,50,0,0.6033057851239669,0.6033057851239669,0.6033057851239669,0.0,0.0,0.0,0.0,0.0,0,0,0,1.0
ORIGINAL,UNPAIRED_NUCLEOTIDE_EVIDENCE,5,107,trrosettarna2_native_ss,NON_EVIDENCED_EFFECT,121,pair,2058,0,0,0,1461,382,215,0.8150063703023963,0.9120849106151278,0.8571769697596952,0.7927292457948997,0.8717183770883055,0.8303495311167945,0.0,0.0,0,0,0,1.0
ORIGINAL,UNPAIRED_NUCLEOTIDE_EVIDENCE,5,109,petfold,DIRECT_EVIDENCE_EFFECT,121,nucleotide,0,134,116,116,,,,,,,,,,,,0,0,0,1.0
ORIGINAL,UNPAIRED_NUCLEOTIDE_EVIDENCE,5,109,petfold,LOCAL_CONFLICT_EFFECT,121,pair,18,0,0,0,0,18,0,0.859504132231405,0.859504132231405,0.859504132231405,0.0,0.0,0.0,0.0,0.0,0,0,0,1.0
ORIGINAL,UNPAIRED_NUCLEOTIDE_EVIDENCE,5,109,petfold,NON_EVIDENCED_EFFECT,121,pair,1899,0,0,0,1463,223,213,0.9039680411438205,0.9077787598919441,0.9016153867023994,0.8677342823250297,0.8729116945107399,0.8703152885187388,0.0,0.0,0,0,0,1.0
ORIGINAL,UNPAIRED_NUCLEOTIDE_EVIDENCE,5,109,rnafold,DIRECT_EVIDENCE_EFFECT,121,nucleotide,0,134,121,121,,,,,,,,,,,,0,0,0,1.0
ORIGINAL,UNPAIRED_NUCLEOTIDE_EVIDENCE,5,109,rnafold,LOCAL_CONFLICT_EFFECT,121,pair,13,0,0,0,0,13,0,0.8925619834710744,0.8925619834710744,0.8925619834710744,0.0,0.0,0.0,0.0,0.0,0,0,0,1.0
ORIGINAL,UNPAIRED_NUCLEOTIDE_EVIDENCE,5,109,rnafold,NON_EVIDENCED_EFFECT,121,pair,1883,0,0,0,1473,207,203,0.9133169807859063,0.9138670306547281,0.9094127526459833,0.8767857142857143,0.8788782816229117,0.8778307508939214,0.0,0.0,0,0,0,1.0
ORIGINAL,UNPAIRED_NUCLEOTIDE_EVIDENCE,5,109,trrosettarna2_native_ss,DIRECT_EVIDENCE_EFFECT,121,nucleotide,0,134,91,91,,,,,,,,,,,,0,0,0,1.0
ORIGINAL,UNPAIRED_NUCLEOTIDE_EVIDENCE,5,109,trrosettarna2_native_ss,LOCAL_CONFLICT_EFFECT,121,pair,43,0,0,0,0,43,0,0.6694214876033058,0.6694214876033058,0.6694214876033058,0.0,0.0,0.0,0.0,0.0,0,0,0,1.0
ORIGINAL,UNPAIRED_NUCLEOTIDE_EVIDENCE,5,109,trrosettarna2_native_ss,NON_EVIDENCED_EFFECT,121,pair,2065,0,0,0,1461,389,215,0.8098497915708964,0.9120849106151278,0.854292028657639,0.7897297297297298,0.8717183770883055,0.8287010777084515,0.0,0.0,0,0,0,1.0
ORIGINAL,UNPAIRED_NUCLEOTIDE_EVIDENCE,5,113,petfold,DIRECT_EVIDENCE_EFFECT,121,nucleotide,0,134,110,110,,,,,,,,,,,,0,0,0,1.0
ORIGINAL,UNPAIRED_NUCLEOTIDE_EVIDENCE,5,113,petfold,LOCAL_CONFLICT_EFFECT,121,pair,24,0,0,0,0,24,0,0.8099173553719008,0.8099173553719008,0.8099173553719008,0.0,0.0,0.0,0.0,0.0,0,0,0,1.0
ORIGINAL,UNPAIRED_NUCLEOTIDE_EVIDENCE,5,113,petfold,NON_EVIDENCED_EFFECT,121,pair,1893,0,0,0,1463,217,213,0.9075030853614654,0.9077787598919441,0.9033939591785879,0.8708333333333333,0.8729116945107399,0.8718712753277712,0.0,0.0,0,0,0,1.0
ORIGINAL,UNPAIRED_NUCLEOTIDE_EVIDENCE,5,113,rnafold,DIRECT_EVIDENCE_EFFECT,121,nucleotide,0,134,117,117,,,,,,,,,,,,0,0,0,1.0
ORIGINAL,UNPAIRED_NUCLEOTIDE_EVIDENCE,5,113,rnafold,LOCAL_CONFLICT_EFFECT,121,pair,17,0,0,0,0,17,0,0.8677685950413223,0.8677685950413223,0.8677685950413223,0.0,0.0,0.0,0.0,0.0,0,0,0,1.0
ORIGINAL,UNPAIRED_NUCLEOTIDE_EVIDENCE,5,113,rnafold,NON_EVIDENCED_EFFECT,121,pair,1879,0,0,0,1473,203,203,0.9163903756383914,0.9138670306547281,0.9108048758894017,0.8788782816229117,0.8788782816229117,0.8788782816229117,0.0,0.0,0,0,0,1.0
ORIGINAL,UNPAIRED_NUCLEOTIDE_EVIDENCE,5,113,trrosettarna2_native_ss,DIRECT_EVIDENCE_EFFECT,121,nucleotide,0,134,93,93,,,,,,,,,,,,0,0,0,1.0
ORIGINAL,UNPAIRED_NUCLEOTIDE_EVIDENCE,5,113,trrosettarna2_native_ss,LOCAL_CONFLICT_EFFECT,121,pair,41,0,0,0,0,41,0,0.6776859504132231,0.6776859504132231,0.6776859504132231,0.0,0.0,0.0,0.0,0.0,0,0,0,1.0
ORIGINAL,UNPAIRED_NUCLEOTIDE_EVIDENCE,5,113,trrosettarna2_native_ss,NON_EVIDENCED_EFFECT,121,pair,2067,0,0,0,1461,391,215,0.807985144695637,0.9120849106151278,0.8534095208598254,0.7888768898488121,0.8717183770883055,0.8282312925170068,0.0,0.0,0,0,0,1.0
ORIGINAL,UNPAIRED_NUCLEOTIDE_EVIDENCE,10,101,petfold,DIRECT_EVIDENCE_EFFECT,121,nucleotide,0,185,157,157,,,,,,,,,,,,0,0,0,1.0
ORIGINAL,UNPAIRED_NUCLEOTIDE_EVIDENCE,10,101,petfold,LOCAL_CONFLICT_EFFECT,121,pair,28,0,0,0,0,28,0,0.8181818181818182,0.8181818181818182,0.8181818181818182,0.0,0.0,0.0,0.0,0.0,0,0,0,1.0
ORIGINAL,UNPAIRED_NUCLEOTIDE_EVIDENCE,10,101,petfold,NON_EVIDENCED_EFFECT,121,pair,1889,0,0,0,1463,213,213,0.9053109757939267,0.9077787598919441,0.9018565476556093,0.8729116945107399,0.8729116945107399,0.8729116945107399,0.0,0.0,0,0,0,1.0
ORIGINAL,UNPAIRED_NUCLEOTIDE_EVIDENCE,10,101,rnafold,DIRECT_EVIDENCE_EFFECT,121,nucleotide,0,185,161,161,,,,,,,,,,,,0,0,0,1.0
ORIGINAL,UNPAIRED_NUCLEOTIDE_EVIDENCE,10,101,rnafold,LOCAL_CONFLICT_EFFECT,121,pair,24,0,0,0,0,24,0,0.8429752066115702,0.8429752066115702,0.8429752066115702,0.0,0.0,0.0,0.0,0.0,0,0,0,1.0
ORIGINAL,UNPAIRED_NUCLEOTIDE_EVIDENCE,10,101,rnafold,NON_EVIDENCED_EFFECT,121,pair,1872,0,0,0,1473,196,203,0.9155426161984299,0.9138670306547281,0.9100178897715786,0.8825644098262433,0.8788782816229117,0.8807174887892377,0.0,0.0,0,0,0,1.0
ORIGINAL,UNPAIRED_NUCLEOTIDE_EVIDENCE,10,101,trrosettarna2_native_ss,DIRECT_EVIDENCE_EFFECT,121,nucleotide,0,185,117,117,,,,,,,,,,,,0,0,0,1.0
ORIGINAL,UNPAIRED_NUCLEOTIDE_EVIDENCE,10,101,trrosettarna2_native_ss,LOCAL_CONFLICT_EFFECT,121,pair,67,0,0,0,0,67,0,0.5867768595041323,0.5867768595041323,0.5867768595041323,0.0,0.0,0.0,0.0,0.0,0,0,0,1.0
ORIGINAL,UNPAIRED_NUCLEOTIDE_EVIDENCE,10,101,trrosettarna2_native_ss,NON_EVIDENCED_EFFECT,121,pair,2041,0,0,0,1461,365,215,0.818236178497856,0.9120849106151278,0.8589555856140959,0.8001095290251917,0.8717183770883055,0.834380354083381,0.0,0.0,0,0,0,1.0
ORIGINAL,UNPAIRED_NUCLEOTIDE_EVIDENCE,10,103,petfold,DIRECT_EVIDENCE_EFFECT,121,nucleotide,0,185,157,157,,,,,,,,,,,,0,0,0,1.0
ORIGINAL,UNPAIRED_NUCLEOTIDE_EVIDENCE,10,103,petfold,LOCAL_CONFLICT_EFFECT,121,pair,27,0,0,0,0,27,0,0.8264462809917356,0.8264462809917356,0.8264462809917356,0.0,0.0,0.0,0.0,0.0,0,0,0,1.0
ORIGINAL,UNPAIRED_NUCLEOTIDE_EVIDENCE,10,103,petfold,NON_EVIDENCED_EFFECT,121,pair,1890,0,0,0,1463,214,213,0.9050182461146201,0.9077787598919441,0.902287267188994,0.8723911747167561,0.8729116945107399,0.872651356993737,0.0,0.0,0,0,0,1.0
ORIGINAL,UNPAIRED_NUCLEOTIDE_EVIDENCE,10,103,rnafold,DIRECT_EVIDENCE_EFFECT,121,nucleotide,0,185,159,159,,,,,,,,,,,,0,0,0,1.0
ORIGINAL,UNPAIRED_NUCLEOTIDE_EVIDENCE,10,103,rnafold,LOCAL_CONFLICT_EFFECT,121,pair,25,0,0,0,0,25,0,0.8429752066115702,0.8429752066115702,0.8429752066115702,0.0,0.0,0.0,0.0,0.0,0,0,0,1.0
ORIGINAL,UNPAIRED_NUCLEOTIDE_EVIDENCE,10,103,rnafold,NON_EVIDENCED_EFFECT,121,pair,1871,0,0,0,1473,195,203,0.9155680585912195,0.9138670306547281,0.9106375198156561,0.8830935251798561,0.8788782816229117,0.8809808612440191,0.0,0.0,0,0,0,1.0
ORIGINAL,UNPAIRED_NUCLEOTIDE_EVIDENCE,10,103,trrosettarna2_native_ss,DIRECT_EVIDENCE_EFFECT,121,nucleotide,0,185,129,129,,,,,,,,,,,,0,0,0,1.0
ORIGINAL,UNPAIRED_NUCLEOTIDE_EVIDENCE,10,103,trrosettarna2_native_ss,LOCAL_CONFLICT_EFFECT,121,pair,54,0,0,0,0,54,0,0.6115702479338843,0.6115702479338843,0.6115702479338843,0.0,0.0,0.0,0.0,0.0,0,0,0,1.0
ORIGINAL,UNPAIRED_NUCLEOTIDE_EVIDENCE,10,103,trrosettarna2_native_ss,NON_EVIDENCED_EFFECT,121,pair,2054,0,0,0,1461,378,215,0.814364516892475,0.9120849106151278,0.8569232202582633,0.7944535073409462,0.8717183770883055,0.8312944523470839,0.0,0.0,0,0,0,1.0
ORIGINAL,UNPAIRED_NUCLEOTIDE_EVIDENCE,10,107,petfold,DIRECT_EVIDENCE_EFFECT,121,nucleotide,0,185,152,152,,,,,,,,,,,,0,0,0,1.0
ORIGINAL,UNPAIRED_NUCLEOTIDE_EVIDENCE,10,107,petfold,LOCAL_CONFLICT_EFFECT,121,pair,33,0,0,0,0,33,0,0.7768595041322314,0.7768595041322314,0.7768595041322314,0.0,0.0,0.0,0.0,0.0,0,0,0,1.0
ORIGINAL,UNPAIRED_NUCLEOTIDE_EVIDENCE,10,107,petfold,NON_EVIDENCED_EFFECT,121,pair,1884,0,0,0,1463,208,213,0.9084879439047145,0.9077787598919441,0.903783626469207,0.8755236385397965,0.8729116945107399,0.8742157155661787,0.0,0.0,0,0,0,1.0
ORIGINAL,UNPAIRED_NUCLEOTIDE_EVIDENCE,10,107,rnafold,DIRECT_EVIDENCE_EFFECT,121,nucleotide,0,185,155,155,,,,,,,,,,,,0,0,0,1.0
ORIGINAL,UNPAIRED_NUCLEOTIDE_EVIDENCE,10,107,rnafold,LOCAL_CONFLICT_EFFECT,121,pair,30,0,0,0,0,30,0,0.8099173553719008,0.8099173553719008,0.8099173553719008,0.0,0.0,0.0,0.0,0.0,0,0,0,1.0
ORIGINAL,UNPAIRED_NUCLEOTIDE_EVIDENCE,10,107,rnafold,NON_EVIDENCED_EFFECT,121,pair,1866,0,0,0,1473,190,203,0.9182281440801763,0.9138670306547281,0.9117432428716773,0.8857486470234516,0.8788782816229117,0.8823000898472596,0.0,0.0,0,0,0,1.0
ORIGINAL,UNPAIRED_NUCLEOTIDE_EVIDENCE,10,107,trrosettarna2_native_ss,DIRECT_EVIDENCE_EFFECT,121,nucleotide,0,185,122,122,,,,,,,,,,,,0,0,0,1.0
ORIGINAL,UNPAIRED_NUCLEOTIDE_EVIDENCE,10,107,trrosettarna2_native_ss,LOCAL_CONFLICT_EFFECT,121,pair,63,0,0,0,0,63,0,0.5702479338842975,0.5702479338842975,0.5702479338842975,0.0,0.0,0.0,0.0,0.0,0,0,0,1.0
ORIGINAL,UNPAIRED_NUCLEOTIDE_EVIDENCE,10,107,trrosettarna2_native_ss,NON_EVIDENCED_EFFECT,121,pair,2045,0,0,0,1461,369,215,0.8179963228982006,0.9120849106151278,0.8589847525368227,0.7983606557377049,0.8717183770883055,0.8334284084426697,0.0,0.0,0,0,0,1.0
ORIGINAL,UNPAIRED_NUCLEOTIDE_EVIDENCE,10,109,petfold,DIRECT_EVIDENCE_EFFECT,121,nucleotide,0,185,160,160,,,,,,,,,,,,0,0,0,1.0
ORIGINAL,UNPAIRED_NUCLEOTIDE_EVIDENCE,10,109,petfold,LOCAL_CONFLICT_EFFECT,121,pair,25,0,0,0,0,25,0,0.8264462809917356,0.8264462809917356,0.8264462809917356,0.0,0.0,0.0,0.0,0.0,0,0,0,1.0
ORIGINAL,UNPAIRED_NUCLEOTIDE_EVIDENCE,10,109,petfold,NON_EVIDENCED_EFFECT,121,pair,1892,0,0,0,1463,216,213,0.9037214539205928,0.9077787598919441,0.9015034730664205,0.8713519952352591,0.8729116945107399,0.8721311475409836,0.0,0.0,0,0,0,1.0
ORIGINAL,UNPAIRED_NUCLEOTIDE_EVIDENCE,10,109,rnafold,DIRECT_EVIDENCE_EFFECT,121,nucleotide,0,185,160,160,,,,,,,,,,,,0,0,0,1.0
ORIGINAL,UNPAIRED_NUCLEOTIDE_EVIDENCE,10,109,rnafold,LOCAL_CONFLICT_EFFECT,121,pair,25,0,0,0,0,25,0,0.8429752066115702,0.8429752066115702,0.8429752066115702,0.0,0.0,0.0,0.0,0.0,0,0,0,1.0
ORIGINAL,UNPAIRED_NUCLEOTIDE_EVIDENCE,10,109,rnafold,NON_EVIDENCED_EFFECT,121,pair,1871,0,0,0,1473,195,203,0.9152760648079903,0.9138670306547281,0.910359298784875,0.8830935251798561,0.8788782816229117,0.8809808612440191,0.0,0.0,0,0,0,1.0
ORIGINAL,UNPAIRED_NUCLEOTIDE_EVIDENCE,10,109,trrosettarna2_native_ss,DIRECT_EVIDENCE_EFFECT,121,nucleotide,0,185,130,130,,,,,,,,,,,,0,0,0,1.0
ORIGINAL,UNPAIRED_NUCLEOTIDE_EVIDENCE,10,109,trrosettarna2_native_ss,LOCAL_CONFLICT_EFFECT,121,pair,55,0,0,0,0,55,0,0.6363636363636364,0.6363636363636364,0.6363636363636364,0.0,0.0,0.0,0.0,0.0,0,0,0,1.0
ORIGINAL,UNPAIRED_NUCLEOTIDE_EVIDENCE,10,109,trrosettarna2_native_ss,NON_EVIDENCED_EFFECT,121,pair,2053,0,0,0,1461,377,215,0.8163507977008412,0.9120849106151278,0.8576634733923506,0.794885745375408,0.8717183770883055,0.8315310187820149,0.0,0.0,0,0,0,1.0
ORIGINAL,UNPAIRED_NUCLEOTIDE_EVIDENCE,10,113,petfold,DIRECT_EVIDENCE_EFFECT,121,nucleotide,0,185,156,156,,,,,,,,,,,,0,0,0,1.0
ORIGINAL,UNPAIRED_NUCLEOTIDE_EVIDENCE,10,113,petfold,LOCAL_CONFLICT_EFFECT,121,pair,29,0,0,0,0,29,0,0.8016528925619835,0.8016528925619835,0.8016528925619835,0.0,0.0,0.0,0.0,0.0,0,0,0,1.0
ORIGINAL,UNPAIRED_NUCLEOTIDE_EVIDENCE,10,113,petfold,NON_EVIDENCED_EFFECT,121,pair,1888,0,0,0,1463,212,213,0.9070414671305137,0.9077787598919441,0.9033882176732423,0.8734328358208955,0.8729116945107399,0.8731721874067443,0.0,0.0,0,0,0,1.0
ORIGINAL,UNPAIRED_NUCLEOTIDE_EVIDENCE,10,113,rnafold,DIRECT_EVIDENCE_EFFECT,121,nucleotide,0,185,157,157,,,,,,,,,,,,0,0,0,1.0
ORIGINAL,UNPAIRED_NUCLEOTIDE_EVIDENCE,10,113,rnafold,LOCAL_CONFLICT_EFFECT,121,pair,28,0,0,0,0,28,0,0.8181818181818182,0.8181818181818182,0.8181818181818182,0.0,0.0,0.0,0.0,0.0,0,0,0,1.0
ORIGINAL,UNPAIRED_NUCLEOTIDE_EVIDENCE,10,113,rnafold,NON_EVIDENCED_EFFECT,121,pair,1868,0,0,0,1473,192,203,0.9180979096436079,0.9138670306547281,0.9120376220065184,0.8846846846846846,0.8788782816229117,0.881771924573481,0.0,0.0,0,0,0,1.0
ORIGINAL,UNPAIRED_NUCLEOTIDE_EVIDENCE,10,113,trrosettarna2_native_ss,DIRECT_EVIDENCE_EFFECT,121,nucleotide,0,185,131,131,,,,,,,,,,,,0,0,0,1.0
ORIGINAL,UNPAIRED_NUCLEOTIDE_EVIDENCE,10,113,trrosettarna2_native_ss,LOCAL_CONFLICT_EFFECT,121,pair,54,0,0,0,0,54,0,0.5950413223140496,0.5950413223140496,0.5950413223140496,0.0,0.0,0.0,0.0,0.0,0,0,0,1.0
ORIGINAL,UNPAIRED_NUCLEOTIDE_EVIDENCE,10,113,trrosettarna2_native_ss,NON_EVIDENCED_EFFECT,121,pair,2054,0,0,0,1461,378,215,0.8166989119982926,0.9120849106151278,0.8579093986772279,0.7944535073409462,0.8717183770883055,0.8312944523470839,0.0,0.0,0,0,0,1.0
ORIGINAL,UNPAIRED_NUCLEOTIDE_EVIDENCE,20,101,petfold,DIRECT_EVIDENCE_EFFECT,121,nucleotide,0,333,267,267,,,,,,,,,,,,0,0,0,1.0
ORIGINAL,UNPAIRED_NUCLEOTIDE_EVIDENCE,20,101,petfold,LOCAL_CONFLICT_EFFECT,121,pair,59,0,0,0,0,59,0,0.6942148760330579,0.6942148760330579,0.6942148760330579,0.0,0.0,0.0,0.0,0.0,0,0,0,1.0
ORIGINAL,UNPAIRED_NUCLEOTIDE_EVIDENCE,20,101,petfold,NON_EVIDENCED_EFFECT,121,pair,1858,0,0,0,1463,182,213,0.9159472877382056,0.9077787598919441,0.9077192739266376,0.8893617021276595,0.8729116945107399,0.8810599217103282,0.0,0.0,0,0,0,1.0
ORIGINAL,UNPAIRED_NUCLEOTIDE_EVIDENCE,20,101,rnafold,DIRECT_EVIDENCE_EFFECT,121,nucleotide,0,333,281,281,,,,,,,,,,,,0,0,0,1.0
ORIGINAL,UNPAIRED_NUCLEOTIDE_EVIDENCE,20,101,rnafold,LOCAL_CONFLICT_EFFECT,121,pair,47,0,0,0,0,47,0,0.768595041322314,0.768595041322314,0.768595041322314,0.0,0.0,0.0,0.0,0.0,0,0,0,1.0
ORIGINAL,UNPAIRED_NUCLEOTIDE_EVIDENCE,20,101,rnafold,NON_EVIDENCED_EFFECT,121,pair,1849,0,0,0,1473,173,203,0.9226358376555206,0.9138670306547281,0.9141465285411048,0.8948967193195626,0.8788782816229117,0.8868151715833835,0.0,0.0,0,0,0,1.0
ORIGINAL,UNPAIRED_NUCLEOTIDE_EVIDENCE,20,101,trrosettarna2_native_ss,DIRECT_EVIDENCE_EFFECT,121,nucleotide,0,333,217,217,,,,,,,,,,,,0,0,0,1.0
ORIGINAL,UNPAIRED_NUCLEOTIDE_EVIDENCE,20,101,trrosettarna2_native_ss,LOCAL_CONFLICT_EFFECT,121,pair,103,0,0,0,0,103,0,0.4793388429752066,0.4793388429752066,0.4793388429752066,0.0,0.0,0.0,0.0,0.0,0,0,0,1.0
ORIGINAL,UNPAIRED_NUCLEOTIDE_EVIDENCE,20,101,trrosettarna2_native_ss,NON_EVIDENCED_EFFECT,121,pair,2005,0,0,0,1461,329,215,0.8315675972907787,0.9120849106151278,0.8667674405672888,0.8162011173184358,0.8717183770883055,0.8430467397576457,0.0,0.0,0,0,0,1.0
ORIGINAL,UNPAIRED_NUCLEOTIDE_EVIDENCE,20,103,petfold,DIRECT_EVIDENCE_EFFECT,121,nucleotide,0,333,280,280,,,,,,,,,,,,0,0,0,1.0
ORIGINAL,UNPAIRED_NUCLEOTIDE_EVIDENCE,20,103,petfold,LOCAL_CONFLICT_EFFECT,121,pair,51,0,0,0,0,51,0,0.7603305785123967,0.7603305785123967,0.7603305785123967,0.0,0.0,0.0,0.0,0.0,0,0,0,1.0
ORIGINAL,UNPAIRED_NUCLEOTIDE_EVIDENCE,20,103,petfold,NON_EVIDENCED_EFFECT,121,pair,1866,0,0,0,1463,190,213,0.9127049390812103,0.9077787598919441,0.9063637290866551,0.8850574712643678,0.8729116945107399,0.8789426254130369,0.0,0.0,0,0,0,1.0
ORIGINAL,UNPAIRED_NUCLEOTIDE_EVIDENCE,20,103,rnafold,DIRECT_EVIDENCE_EFFECT,121,nucleotide,0,333,283,283,,,,,,,,,,,,0,0,0,1.0
ORIGINAL,UNPAIRED_NUCLEOTIDE_EVIDENCE,20,103,rnafold,LOCAL_CONFLICT_EFFECT,121,pair,48,0,0,0,0,48,0,0.7768595041322314,0.7768595041322314,0.7768595041322314,0.0,0.0,0.0,0.0,0.0,0,0,0,1.0
ORIGINAL,UNPAIRED_NUCLEOTIDE_EVIDENCE,20,103,rnafold,NON_EVIDENCED_EFFECT,121,pair,1848,0,0,0,1473,172,203,0.9235519595664053,0.9138670306547281,0.9148899604262469,0.8954407294832827,0.8788782816229117,0.8870822041553749,0.0,0.0,0,0,0,1.0
ORIGINAL,UNPAIRED_NUCLEOTIDE_EVIDENCE,20,103,trrosettarna2_native_ss,DIRECT_EVIDENCE_EFFECT,121,nucleotide,0,333,228,228,,,,,,,,,,,,0,0,0,1.0
ORIGINAL,UNPAIRED_NUCLEOTIDE_EVIDENCE,20,103,trrosettarna2_native_ss,LOCAL_CONFLICT_EFFECT,121,pair,102,0,0,0,0,102,0,0.4793388429752066,0.4793388429752066,0.4793388429752066,0.0,0.0,0.0,0.0,0.0,0,0,0,1.0
ORIGINAL,UNPAIRED_NUCLEOTIDE_EVIDENCE,20,103,trrosettarna2_native_ss,NON_EVIDENCED_EFFECT,121,pair,2006,0,0,0,1461,330,215,0.8370839016174983,0.9120849106151278,0.8700230878306571,0.8157453936348409,0.8717183770883055,0.842803576579175,0.0,0.0,0,0,0,1.0
ORIGINAL,UNPAIRED_NUCLEOTIDE_EVIDENCE,20,107,petfold,DIRECT_EVIDENCE_EFFECT,121,nucleotide,0,333,288,288,,,,,,,,,,,,0,0,0,1.0
ORIGINAL,UNPAIRED_NUCLEOTIDE_EVIDENCE,20,107,petfold,LOCAL_CONFLICT_EFFECT,121,pair,44,0,0,0,0,44,0,0.7520661157024794,0.7520661157024794,0.7520661157024794,0.0,0.0,0.0,0.0,0.0,0,0,0,1.0
ORIGINAL,UNPAIRED_NUCLEOTIDE_EVIDENCE,20,107,petfold,NON_EVIDENCED_EFFECT,121,pair,1873,0,0,0,1463,197,213,0.9078044239756322,0.9077787598919441,0.9036219622090245,0.8813253012048192,0.8729116945107399,0.8770983213429256,0.0,0.0,0,0,0,1.0
ORIGINAL,UNPAIRED_NUCLEOTIDE_EVIDENCE,20,107,rnafold,DIRECT_EVIDENCE_EFFECT,121,nucleotide,0,333,290,290,,,,,,,,,,,,0,0,0,1.0
ORIGINAL,UNPAIRED_NUCLEOTIDE_EVIDENCE,20,107,rnafold,LOCAL_CONFLICT_EFFECT,121,pair,42,0,0,0,0,42,0,0.7768595041322314,0.7768595041322314,0.7768595041322314,0.0,0.0,0.0,0.0,0.0,0,0,0,1.0
ORIGINAL,UNPAIRED_NUCLEOTIDE_EVIDENCE,20,107,rnafold,NON_EVIDENCED_EFFECT,121,pair,1854,0,0,0,1473,178,203,0.9188156416011771,0.9138670306547281,0.912204926095165,0.8921865536038764,0.8788782816229117,0.8854824165915239,0.0,0.0,0,0,0,1.0
ORIGINAL,UNPAIRED_NUCLEOTIDE_EVIDENCE,20,107,trrosettarna2_native_ss,DIRECT_EVIDENCE_EFFECT,121,nucleotide,0,333,222,222,,,,,,,,,,,,0,0,0,1.0
ORIGINAL,UNPAIRED_NUCLEOTIDE_EVIDENCE,20,107,trrosettarna2_native_ss,LOCAL_CONFLICT_EFFECT,121,pair,103,0,0,0,0,103,0,0.4462809917355372,0.4462809917355372,0.4462809917355372,0.0,0.0,0.0,0.0,0.0,0,0,0,1.0
ORIGINAL,UNPAIRED_NUCLEOTIDE_EVIDENCE,20,107,trrosettarna2_native_ss,NON_EVIDENCED_EFFECT,121,pair,2005,0,0,0,1461,329,215,0.8362071500344426,0.9120849106151278,0.8687391929427094,0.8162011173184358,0.8717183770883055,0.8430467397576457,0.0,0.0,0,0,0,1.0
ORIGINAL,UNPAIRED_NUCLEOTIDE_EVIDENCE,20,109,petfold,DIRECT_EVIDENCE_EFFECT,121,nucleotide,0,333,275,275,,,,,,,,,,,,0,0,0,1.0
ORIGINAL,UNPAIRED_NUCLEOTIDE_EVIDENCE,20,109,petfold,LOCAL_CONFLICT_EFFECT,121,pair,53,0,0,0,0,53,0,0.71900826446281,0.71900826446281,0.71900826446281,0.0,0.0,0.0,0.0,0.0,0,0,0,1.0
ORIGINAL,UNPAIRED_NUCLEOTIDE_EVIDENCE,20,109,petfold,NON_EVIDENCED_EFFECT,121,pair,1864,0,0,0,1463,188,213,0.9155592652068638,0.9077787598919441,0.9075034282171451,0.886129618413083,0.8729116945107399,0.8794709948902916,0.0,0.0,0,0,0,1.0
ORIGINAL,UNPAIRED_NUCLEOTIDE_EVIDENCE,20,109,rnafold,DIRECT_EVIDENCE_EFFECT,121,nucleotide,0,333,282,282,,,,,,,,,,,,0,0,0,1.0
ORIGINAL,UNPAIRED_NUCLEOTIDE_EVIDENCE,20,109,rnafold,LOCAL_CONFLICT_EFFECT,121,pair,47,0,0,0,0,47,0,0.7603305785123967,0.7603305785123967,0.7603305785123967,0.0,0.0,0.0,0.0,0.0,0,0,0,1.0
ORIGINAL,UNPAIRED_NUCLEOTIDE_EVIDENCE,20,109,rnafold,NON_EVIDENCED_EFFECT,121,pair,1849,0,0,0,1473,173,203,0.9251858904755464,0.9138670306547281,0.9153002814537501,0.8948967193195626,0.8788782816229117,0.8868151715833835,0.0,0.0,0,0,0,1.0
ORIGINAL,UNPAIRED_NUCLEOTIDE_EVIDENCE,20,109,trrosettarna2_native_ss,DIRECT_EVIDENCE_EFFECT,121,nucleotide,0,333,219,219,,,,,,,,,,,,0,0,0,1.0
ORIGINAL,UNPAIRED_NUCLEOTIDE_EVIDENCE,20,109,trrosettarna2_native_ss,LOCAL_CONFLICT_EFFECT,121,pair,106,0,0,0,0,106,0,0.3884297520661157,0.3884297520661157,0.3884297520661157,0.0,0.0,0.0,0.0,0.0,0,0,0,1.0
ORIGINAL,UNPAIRED_NUCLEOTIDE_EVIDENCE,20,109,trrosettarna2_native_ss,NON_EVIDENCED_EFFECT,121,pair,2002,0,0,0,1461,326,215,0.8401798628102879,0.9120849106151278,0.8709964433564076,0.8175713486289872,0.8717183770883055,0.8437770719029744,0.0,0.0,0,0,0,1.0
ORIGINAL,UNPAIRED_NUCLEOTIDE_EVIDENCE,20,113,petfold,DIRECT_EVIDENCE_EFFECT,121,nucleotide,0,333,276,276,,,,,,,,,,,,0,0,0,1.0
ORIGINAL,UNPAIRED_NUCLEOTIDE_EVIDENCE,20,113,petfold,LOCAL_CONFLICT_EFFECT,121,pair,56,0,0,0,0,56,0,0.6942148760330579,0.6942148760330579,0.6942148760330579,0.0,0.0,0.0,0.0,0.0,0,0,0,1.0
ORIGINAL,UNPAIRED_NUCLEOTIDE_EVIDENCE,20,113,petfold,NON_EVIDENCED_EFFECT,121,pair,1861,0,0,0,1463,185,213,0.9145824492277108,0.9077787598919441,0.9069598305843096,0.8877427184466019,0.8729116945107399,0.8802647412755716,0.0,0.0,0,0,0,1.0
ORIGINAL,UNPAIRED_NUCLEOTIDE_EVIDENCE,20,113,rnafold,DIRECT_EVIDENCE_EFFECT,121,nucleotide,0,333,278,278,,,,,,,,,,,,0,0,0,1.0
ORIGINAL,UNPAIRED_NUCLEOTIDE_EVIDENCE,20,113,rnafold,LOCAL_CONFLICT_EFFECT,121,pair,54,0,0,0,0,54,0,0.71900826446281,0.71900826446281,0.71900826446281,0.0,0.0,0.0,0.0,0.0,0,0,0,1.0
ORIGINAL,UNPAIRED_NUCLEOTIDE_EVIDENCE,20,113,rnafold,NON_EVIDENCED_EFFECT,121,pair,1842,0,0,0,1473,166,203,0.9257226248817326,0.9138670306547281,0.915671752571258,0.8987187309334961,0.8788782816229117,0.8886877828054298,0.0,0.0,0,0,0,1.0
ORIGINAL,UNPAIRED_NUCLEOTIDE_EVIDENCE,20,113,trrosettarna2_native_ss,DIRECT_EVIDENCE_EFFECT,121,nucleotide,0,333,225,225,,,,,,,,,,,,0,0,0,1.0
ORIGINAL,UNPAIRED_NUCLEOTIDE_EVIDENCE,20,113,trrosettarna2_native_ss,LOCAL_CONFLICT_EFFECT,121,pair,103,0,0,0,0,103,0,0.4297520661157025,0.4297520661157025,0.4297520661157025,0.0,0.0,0.0,0.0,0.0,0,0,0,1.0
ORIGINAL,UNPAIRED_NUCLEOTIDE_EVIDENCE,20,113,trrosettarna2_native_ss,NON_EVIDENCED_EFFECT,121,pair,2005,0,0,0,1461,329,215,0.8359257131496683,0.9120849106151278,0.8691596172338008,0.8162011173184358,0.8717183770883055,0.8430467397576457,0.0,0.0,0,0,0,1.0
ORIGINAL,UNPAIRED_NUCLEOTIDE_EVIDENCE,50,101,petfold,DIRECT_EVIDENCE_EFFECT,121,nucleotide,0,873,722,722,,,,,,,,,,,,0,0,0,1.0
ORIGINAL,UNPAIRED_NUCLEOTIDE_EVIDENCE,50,101,petfold,LOCAL_CONFLICT_EFFECT,121,pair,122,0,0,0,0,122,0,0.5785123966942148,0.5785123966942148,0.5785123966942148,0.0,0.0,0.0,0.0,0.0,0,0,0,1.0
ORIGINAL,UNPAIRED_NUCLEOTIDE_EVIDENCE,50,101,petfold,NON_EVIDENCED_EFFECT,121,pair,1795,0,0,0,1463,119,213,0.9439118099496078,0.9077787598919441,0.9213924449631312,0.9247787610619469,0.8729116945107399,0.898096992019644,0.0,0.0,0,0,0,1.0
ORIGINAL,UNPAIRED_NUCLEOTIDE_EVIDENCE,50,101,rnafold,DIRECT_EVIDENCE_EFFECT,121,nucleotide,0,873,737,737,,,,,,,,,,,,0,0,0,1.0
ORIGINAL,UNPAIRED_NUCLEOTIDE_EVIDENCE,50,101,rnafold,LOCAL_CONFLICT_EFFECT,121,pair,112,0,0,0,0,112,0,0.6115702479338843,0.6115702479338843,0.6115702479338843,0.0,0.0,0.0,0.0,0.0,0,0,0,1.0
ORIGINAL,UNPAIRED_NUCLEOTIDE_EVIDENCE,50,101,rnafold,NON_EVIDENCED_EFFECT,121,pair,1784,0,0,0,1473,108,203,0.9500113228252205,0.9138670306547281,0.9274993982466011,0.9316888045540797,0.8788782816229117,0.9045133558489408,0.0,0.0,0,0,0,1.0
ORIGINAL,UNPAIRED_NUCLEOTIDE_EVIDENCE,50,101,trrosettarna2_native_ss,DIRECT_EVIDENCE_EFFECT,121,nucleotide,0,873,598,598,,,,,,,,,,,,0,0,0,1.0
ORIGINAL,UNPAIRED_NUCLEOTIDE_EVIDENCE,50,101,trrosettarna2_native_ss,LOCAL_CONFLICT_EFFECT,121,pair,218,0,0,0,0,218,0,0.21487603305785125,0.21487603305785125,0.21487603305785125,0.0,0.0,0.0,0.0,0.0,0,0,0,1.0
ORIGINAL,UNPAIRED_NUCLEOTIDE_EVIDENCE,50,101,trrosettarna2_native_ss,NON_EVIDENCED_EFFECT,121,pair,1890,0,0,0,1461,214,215,0.8927098986130318,0.9120849106151278,0.9000632120468277,0.8722388059701492,0.8717183770883055,0.8719785138764548,0.0,0.0,0,0,0,1.0
ORIGINAL,UNPAIRED_NUCLEOTIDE_EVIDENCE,50,103,petfold,DIRECT_EVIDENCE_EFFECT,121,nucleotide,0,873,738,738,,,,,,,,,,,,0,0,0,1.0
ORIGINAL,UNPAIRED_NUCLEOTIDE_EVIDENCE,50,103,petfold,LOCAL_CONFLICT_EFFECT,121,pair,119,0,0,0,0,119,0,0.5950413223140496,0.5950413223140496,0.5950413223140496,0.0,0.0,0.0,0.0,0.0,0,0,0,1.0
ORIGINAL,UNPAIRED_NUCLEOTIDE_EVIDENCE,50,103,petfold,NON_EVIDENCED_EFFECT,121,pair,1798,0,0,0,1463,122,213,0.9411735381007641,0.9077787598919441,0.9199231985211205,0.9230283911671924,0.8729116945107399,0.8972707758356332,0.0,0.0,0,0,0,1.0
ORIGINAL,UNPAIRED_NUCLEOTIDE_EVIDENCE,50,103,rnafold,DIRECT_EVIDENCE_EFFECT,121,nucleotide,0,873,755,755,,,,,,,,,,,,0,0,0,1.0
ORIGINAL,UNPAIRED_NUCLEOTIDE_EVIDENCE,50,103,rnafold,LOCAL_CONFLICT_EFFECT,121,pair,103,0,0,0,0,103,0,0.6611570247933884,0.6611570247933884,0.6611570247933884,0.0,0.0,0.0,0.0,0.0,0,0,0,1.0
ORIGINAL,UNPAIRED_NUCLEOTIDE_EVIDENCE,50,103,rnafold,NON_EVIDENCED_EFFECT,121,pair,1793,0,0,0,1473,117,203,0.9443823966908016,0.9138670306547281,0.924709479821964,0.9264150943396227,0.8788782816229117,0.9020208205756277,0.0,0.0,0,0,0,1.0
ORIGINAL,UNPAIRED_NUCLEOTIDE_EVIDENCE,50,103,trrosettarna2_native_ss,DIRECT_EVIDENCE_EFFECT,121,nucleotide,0,873,581,581,,,,,,,,,,,,0,0,0,1.0
ORIGINAL,UNPAIRED_NUCLEOTIDE_EVIDENCE,50,103,trrosettarna2_native_ss,LOCAL_CONFLICT_EFFECT,121,pair,226,0,0,0,0,226,0,0.19834710743801653,0.19834710743801653,0.19834710743801653,0.0,0.0,0.0,0.0,0.0,0,0,0,1.0
ORIGINAL,UNPAIRED_NUCLEOTIDE_EVIDENCE,50,103,trrosettarna2_native_ss,NON_EVIDENCED_EFFECT,121,pair,1882,0,0,0,1461,206,215,0.8970198373140094,0.9120849106151278,0.902262535971675,0.8764247150569886,0.8717183770883055,0.8740652108884236,0.0,0.0,0,0,0,1.0
ORIGINAL,UNPAIRED_NUCLEOTIDE_EVIDENCE,50,107,petfold,DIRECT_EVIDENCE_EFFECT,121,nucleotide,0,873,728,728,,,,,,,,,,,,0,0,0,1.0
ORIGINAL,UNPAIRED_NUCLEOTIDE_EVIDENCE,50,107,petfold,LOCAL_CONFLICT_EFFECT,121,pair,122,0,0,0,0,122,0,0.5785123966942148,0.5785123966942148,0.5785123966942148,0.0,0.0,0.0,0.0,0.0,0,0,0,1.0
ORIGINAL,UNPAIRED_NUCLEOTIDE_EVIDENCE,50,107,petfold,NON_EVIDENCED_EFFECT,121,pair,1795,0,0,0,1463,119,213,0.9395338648829393,0.9077787598919441,0.9192489767353023,0.9247787610619469,0.8729116945107399,0.898096992019644,0.0,0.0,0,0,0,1.0
ORIGINAL,UNPAIRED_NUCLEOTIDE_EVIDENCE,50,107,rnafold,DIRECT_EVIDENCE_EFFECT,121,nucleotide,0,873,750,750,,,,,,,,,,,,0,0,0,1.0
ORIGINAL,UNPAIRED_NUCLEOTIDE_EVIDENCE,50,107,rnafold,LOCAL_CONFLICT_EFFECT,121,pair,105,0,0,0,0,105,0,0.6446280991735537,0.6446280991735537,0.6446280991735537,0.0,0.0,0.0,0.0,0.0,0,0,0,1.0
ORIGINAL,UNPAIRED_NUCLEOTIDE_EVIDENCE,50,107,rnafold,NON_EVIDENCED_EFFECT,121,pair,1791,0,0,0,1473,115,203,0.9432841594373436,0.9138670306547281,0.9244053917474238,0.9275818639798489,0.8788782816229117,0.9025735294117647,0.0,0.0,0,0,0,1.0
ORIGINAL,UNPAIRED_NUCLEOTIDE_EVIDENCE,50,107,trrosettarna2_native_ss,DIRECT_EVIDENCE_EFFECT,121,nucleotide,0,873,589,589,,,,,,,,,,,,0,0,0,1.0
ORIGINAL,UNPAIRED_NUCLEOTIDE_EVIDENCE,50,107,trrosettarna2_native_ss,LOCAL_CONFLICT_EFFECT,121,pair,224,0,0,0,0,224,0,0.19008264462809918,0.19008264462809918,0.19008264462809918,0.0,0.0,0.0,0.0,0.0,0,0,0,1.0
ORIGINAL,UNPAIRED_NUCLEOTIDE_EVIDENCE,50,107,trrosettarna2_native_ss,NON_EVIDENCED_EFFECT,121,pair,1884,0,0,0,1461,208,215,0.8961875090788818,0.9120849106151278,0.9016986518001273,0.8753744757339724,0.8717183770883055,0.873542600896861,0.0,0.0,0,0,0,1.0
ORIGINAL,UNPAIRED_NUCLEOTIDE_EVIDENCE,50,109,petfold,DIRECT_EVIDENCE_EFFECT,121,nucleotide,0,873,739,739,,,,,,,,,,,,0,0,0,1.0
ORIGINAL,UNPAIRED_NUCLEOTIDE_EVIDENCE,50,109,petfold,LOCAL_CONFLICT_EFFECT,121,pair,117,0,0,0,0,117,0,0.5619834710743802,0.5619834710743802,0.5619834710743802,0.0,0.0,0.0,0.0,0.0,0,0,0,1.0
ORIGINAL,UNPAIRED_NUCLEOTIDE_EVIDENCE,50,109,petfold,NON_EVIDENCED_EFFECT,121,pair,1800,0,0,0,1463,124,213,0.9420558179442255,0.9077787598919441,0.9208041187657124,0.921865154379332,0.8729116945107399,0.8967208090714067,0.0,0.0,0,0,0,1.0
ORIGINAL,UNPAIRED_NUCLEOTIDE_EVIDENCE,50,109,rnafold,DIRECT_EVIDENCE_EFFECT,121,nucleotide,0,873,756,756,,,,,,,,,,,,0,0,0,1.0
ORIGINAL,UNPAIRED_NUCLEOTIDE_EVIDENCE,50,109,rnafold,LOCAL_CONFLICT_EFFECT,121,pair,103,0,0,0,0,103,0,0.6363636363636364,0.6363636363636364,0.6363636363636364,0.0,0.0,0.0,0.0,0.0,0,0,0,1.0
ORIGINAL,UNPAIRED_NUCLEOTIDE_EVIDENCE,50,109,rnafold,NON_EVIDENCED_EFFECT,121,pair,1793,0,0,0,1473,117,203,0.9461819613059589,0.9138670306547281,0.9261205583700001,0.9264150943396227,0.8788782816229117,0.9020208205756277,0.0,0.0,0,0,0,1.0
ORIGINAL,UNPAIRED_NUCLEOTIDE_EVIDENCE,50,109,trrosettarna2_native_ss,DIRECT_EVIDENCE_EFFECT,121,nucleotide,0,873,586,586,,,,,,,,,,,,0,0,0,1.0
ORIGINAL,UNPAIRED_NUCLEOTIDE_EVIDENCE,50,109,trrosettarna2_native_ss,LOCAL_CONFLICT_EFFECT,121,pair,228,0,0,0,0,228,0,0.23140495867768596,0.23140495867768596,0.23140495867768596,0.0,0.0,0.0,0.0,0.0,0,0,0,1.0
ORIGINAL,UNPAIRED_NUCLEOTIDE_EVIDENCE,50,109,trrosettarna2_native_ss,NON_EVIDENCED_EFFECT,121,pair,1880,0,0,0,1461,204,215,0.8966641110895148,0.9120849106151278,0.9018578836856721,0.8774774774774775,0.8717183770883055,0.8745884465728824,0.0,0.0,0,0,0,1.0
ORIGINAL,UNPAIRED_NUCLEOTIDE_EVIDENCE,50,113,petfold,DIRECT_EVIDENCE_EFFECT,121,nucleotide,0,873,721,721,,,,,,,,,,,,0,0,0,1.0
ORIGINAL,UNPAIRED_NUCLEOTIDE_EVIDENCE,50,113,petfold,LOCAL_CONFLICT_EFFECT,121,pair,128,0,0,0,0,128,0,0.5619834710743802,0.5619834710743802,0.5619834710743802,0.0,0.0,0.0,0.0,0.0,0,0,0,1.0
ORIGINAL,UNPAIRED_NUCLEOTIDE_EVIDENCE,50,113,petfold,NON_EVIDENCED_EFFECT,121,pair,1789,0,0,0,1463,113,213,0.9445297862653208,0.9077787598919441,0.9217715899407899,0.9282994923857868,0.8729116945107399,0.8997539975399754,0.0,0.0,0,0,0,1.0
ORIGINAL,UNPAIRED_NUCLEOTIDE_EVIDENCE,50,113,rnafold,DIRECT_EVIDENCE_EFFECT,121,nucleotide,0,873,739,739,,,,,,,,,,,,0,0,0,1.0
ORIGINAL,UNPAIRED_NUCLEOTIDE_EVIDENCE,50,113,rnafold,LOCAL_CONFLICT_EFFECT,121,pair,112,0,0,0,0,112,0,0.6446280991735537,0.6446280991735537,0.6446280991735537,0.0,0.0,0.0,0.0,0.0,0,0,0,1.0
ORIGINAL,UNPAIRED_NUCLEOTIDE_EVIDENCE,50,113,rnafold,NON_EVIDENCED_EFFECT,121,pair,1784,0,0,0,1473,108,203,0.9475374495406809,0.9138670306547281,0.9266058763661935,0.9316888045540797,0.8788782816229117,0.9045133558489408,0.0,0.0,0,0,0,1.0
ORIGINAL,UNPAIRED_NUCLEOTIDE_EVIDENCE,50,113,trrosettarna2_native_ss,DIRECT_EVIDENCE_EFFECT,121,nucleotide,0,873,587,587,,,,,,,,,,,,0,0,0,1.0
ORIGINAL,UNPAIRED_NUCLEOTIDE_EVIDENCE,50,113,trrosettarna2_native_ss,LOCAL_CONFLICT_EFFECT,121,pair,232,0,0,0,0,232,0,0.18181818181818182,0.18181818181818182,0.18181818181818182,0.0,0.0,0.0,0.0,0.0,0,0,0,1.0
ORIGINAL,UNPAIRED_NUCLEOTIDE_EVIDENCE,50,113,trrosettarna2_native_ss,NON_EVIDENCED_EFFECT,121,pair,1876,0,0,0,1461,200,215,0.9012444995523115,0.9120849106151278,0.9043057261626475,0.8795906080674293,0.8717183770883055,0.8756367995205274,0.0,0.0,0,0,0,1.0
PAIR_HARD_ENFORCE,POSITIVE_PAIR_EVIDENCE,0,101,petfold,DIRECT_EVIDENCE_EFFECT,121,pair,0,0,0,0,0,0,0,1.0,1.0,1.0,1.0,1.0,1.0,0.0,0.0,0,0,0,1.0
PAIR_HARD_ENFORCE,POSITIVE_PAIR_EVIDENCE,0,101,petfold,LOCAL_CONFLICT_EFFECT,121,pair,0,0,0,0,0,0,0,1.0,1.0,1.0,1.0,1.0,1.0,0.0,0.0,0,0,0,1.0
PAIR_HARD_ENFORCE,POSITIVE_PAIR_EVIDENCE,0,101,petfold,NON_EVIDENCED_EFFECT,121,pair,1917,0,0,0,1463,241,213,0.8952556023530504,0.9077787598919441,0.8968492212485739,0.8585680751173709,0.8729116945107399,0.8656804733727811,0.0,0.0,0,0,0,1.0
PAIR_HARD_ENFORCE,POSITIVE_PAIR_EVIDENCE,0,101,rnafold,DIRECT_EVIDENCE_EFFECT,121,pair,0,0,0,0,0,0,0,1.0,1.0,1.0,1.0,1.0,1.0,0.0,0.0,0,0,0,1.0
PAIR_HARD_ENFORCE,POSITIVE_PAIR_EVIDENCE,0,101,rnafold,LOCAL_CONFLICT_EFFECT,121,pair,0,0,0,0,0,0,0,1.0,1.0,1.0,1.0,1.0,1.0,0.0,0.0,0,0,0,1.0
PAIR_HARD_ENFORCE,POSITIVE_PAIR_EVIDENCE,0,101,rnafold,NON_EVIDENCED_EFFECT,121,pair,1896,0,0,0,1473,220,203,0.9069374161618192,0.9138670306547281,0.9058176119079561,0.8700531600708801,0.8788782816229117,0.8744434550311665,0.0,0.0,0,0,0,1.0
PAIR_HARD_ENFORCE,POSITIVE_PAIR_EVIDENCE,0,101,trrosettarna2_native_ss,DIRECT_EVIDENCE_EFFECT,121,pair,0,0,0,0,0,0,0,1.0,1.0,1.0,1.0,1.0,1.0,0.0,0.0,0,0,0,1.0
PAIR_HARD_ENFORCE,POSITIVE_PAIR_EVIDENCE,0,101,trrosettarna2_native_ss,LOCAL_CONFLICT_EFFECT,121,pair,0,0,0,0,0,0,0,1.0,1.0,1.0,1.0,1.0,1.0,0.0,0.0,0,0,0,1.0
PAIR_HARD_ENFORCE,POSITIVE_PAIR_EVIDENCE,0,101,trrosettarna2_native_ss,NON_EVIDENCED_EFFECT,121,pair,2108,0,0,0,1461,432,215,0.7905636556834104,0.9120849106151278,0.8428713642132949,0.7717908082408875,0.8717183770883055,0.8187167273746148,0.0,0.0,0,0,0,1.0
PAIR_HARD_ENFORCE,POSITIVE_PAIR_EVIDENCE,0,103,petfold,DIRECT_EVIDENCE_EFFECT,121,pair,0,0,0,0,0,0,0,1.0,1.0,1.0,1.0,1.0,1.0,0.0,0.0,0,0,0,1.0
PAIR_HARD_ENFORCE,POSITIVE_PAIR_EVIDENCE,0,103,petfold,LOCAL_CONFLICT_EFFECT,121,pair,0,0,0,0,0,0,0,1.0,1.0,1.0,1.0,1.0,1.0,0.0,0.0,0,0,0,1.0
PAIR_HARD_ENFORCE,POSITIVE_PAIR_EVIDENCE,0,103,petfold,NON_EVIDENCED_EFFECT,121,pair,1917,0,0,0,1463,241,213,0.8952556023530504,0.9077787598919441,0.8968492212485739,0.8585680751173709,0.8729116945107399,0.8656804733727811,0.0,0.0,0,0,0,1.0
PAIR_HARD_ENFORCE,POSITIVE_PAIR_EVIDENCE,0,103,rnafold,DIRECT_EVIDENCE_EFFECT,121,pair,0,0,0,0,0,0,0,1.0,1.0,1.0,1.0,1.0,1.0,0.0,0.0,0,0,0,1.0
PAIR_HARD_ENFORCE,POSITIVE_PAIR_EVIDENCE,0,103,rnafold,LOCAL_CONFLICT_EFFECT,121,pair,0,0,0,0,0,0,0,1.0,1.0,1.0,1.0,1.0,1.0,0.0,0.0,0,0,0,1.0
PAIR_HARD_ENFORCE,POSITIVE_PAIR_EVIDENCE,0,103,rnafold,NON_EVIDENCED_EFFECT,121,pair,1896,0,0,0,1473,220,203,0.9069374161618192,0.9138670306547281,0.9058176119079561,0.8700531600708801,0.8788782816229117,0.8744434550311665,0.0,0.0,0,0,0,1.0
PAIR_HARD_ENFORCE,POSITIVE_PAIR_EVIDENCE,0,103,trrosettarna2_native_ss,DIRECT_EVIDENCE_EFFECT,121,pair,0,0,0,0,0,0,0,1.0,1.0,1.0,1.0,1.0,1.0,0.0,0.0,0,0,0,1.0
PAIR_HARD_ENFORCE,POSITIVE_PAIR_EVIDENCE,0,103,trrosettarna2_native_ss,LOCAL_CONFLICT_EFFECT,121,pair,0,0,0,0,0,0,0,1.0,1.0,1.0,1.0,1.0,1.0,0.0,0.0,0,0,0,1.0
PAIR_HARD_ENFORCE,POSITIVE_PAIR_EVIDENCE,0,103,trrosettarna2_native_ss,NON_EVIDENCED_EFFECT,121,pair,2108,0,0,0,1461,432,215,0.7905636556834104,0.9120849106151278,0.8428713642132949,0.7717908082408875,0.8717183770883055,0.8187167273746148,0.0,0.0,0,0,0,1.0
PAIR_HARD_ENFORCE,POSITIVE_PAIR_EVIDENCE,0,107,petfold,DIRECT_EVIDENCE_EFFECT,121,pair,0,0,0,0,0,0,0,1.0,1.0,1.0,1.0,1.0,1.0,0.0,0.0,0,0,0,1.0
PAIR_HARD_ENFORCE,POSITIVE_PAIR_EVIDENCE,0,107,petfold,LOCAL_CONFLICT_EFFECT,121,pair,0,0,0,0,0,0,0,1.0,1.0,1.0,1.0,1.0,1.0,0.0,0.0,0,0,0,1.0
PAIR_HARD_ENFORCE,POSITIVE_PAIR_EVIDENCE,0,107,petfold,NON_EVIDENCED_EFFECT,121,pair,1917,0,0,0,1463,241,213,0.8952556023530504,0.9077787598919441,0.8968492212485739,0.8585680751173709,0.8729116945107399,0.8656804733727811,0.0,0.0,0,0,0,1.0
PAIR_HARD_ENFORCE,POSITIVE_PAIR_EVIDENCE,0,107,rnafold,DIRECT_EVIDENCE_EFFECT,121,pair,0,0,0,0,0,0,0,1.0,1.0,1.0,1.0,1.0,1.0,0.0,0.0,0,0,0,1.0
PAIR_HARD_ENFORCE,POSITIVE_PAIR_EVIDENCE,0,107,rnafold,LOCAL_CONFLICT_EFFECT,121,pair,0,0,0,0,0,0,0,1.0,1.0,1.0,1.0,1.0,1.0,0.0,0.0,0,0,0,1.0
PAIR_HARD_ENFORCE,POSITIVE_PAIR_EVIDENCE,0,107,rnafold,NON_EVIDENCED_EFFECT,121,pair,1896,0,0,0,1473,220,203,0.9069374161618192,0.9138670306547281,0.9058176119079561,0.8700531600708801,0.8788782816229117,0.8744434550311665,0.0,0.0,0,0,0,1.0
PAIR_HARD_ENFORCE,POSITIVE_PAIR_EVIDENCE,0,107,trrosettarna2_native_ss,DIRECT_EVIDENCE_EFFECT,121,pair,0,0,0,0,0,0,0,1.0,1.0,1.0,1.0,1.0,1.0,0.0,0.0,0,0,0,1.0
PAIR_HARD_ENFORCE,POSITIVE_PAIR_EVIDENCE,0,107,trrosettarna2_native_ss,LOCAL_CONFLICT_EFFECT,121,pair,0,0,0,0,0,0,0,1.0,1.0,1.0,1.0,1.0,1.0,0.0,0.0,0,0,0,1.0
PAIR_HARD_ENFORCE,POSITIVE_PAIR_EVIDENCE,0,107,trrosettarna2_native_ss,NON_EVIDENCED_EFFECT,121,pair,2108,0,0,0,1461,432,215,0.7905636556834104,0.9120849106151278,0.8428713642132949,0.7717908082408875,0.8717183770883055,0.8187167273746148,0.0,0.0,0,0,0,1.0
PAIR_HARD_ENFORCE,POSITIVE_PAIR_EVIDENCE,0,109,petfold,DIRECT_EVIDENCE_EFFECT,121,pair,0,0,0,0,0,0,0,1.0,1.0,1.0,1.0,1.0,1.0,0.0,0.0,0,0,0,1.0
PAIR_HARD_ENFORCE,POSITIVE_PAIR_EVIDENCE,0,109,petfold,LOCAL_CONFLICT_EFFECT,121,pair,0,0,0,0,0,0,0,1.0,1.0,1.0,1.0,1.0,1.0,0.0,0.0,0,0,0,1.0
PAIR_HARD_ENFORCE,POSITIVE_PAIR_EVIDENCE,0,109,petfold,NON_EVIDENCED_EFFECT,121,pair,1917,0,0,0,1463,241,213,0.8952556023530504,0.9077787598919441,0.8968492212485739,0.8585680751173709,0.8729116945107399,0.8656804733727811,0.0,0.0,0,0,0,1.0
PAIR_HARD_ENFORCE,POSITIVE_PAIR_EVIDENCE,0,109,rnafold,DIRECT_EVIDENCE_EFFECT,121,pair,0,0,0,0,0,0,0,1.0,1.0,1.0,1.0,1.0,1.0,0.0,0.0,0,0,0,1.0
PAIR_HARD_ENFORCE,POSITIVE_PAIR_EVIDENCE,0,109,rnafold,LOCAL_CONFLICT_EFFECT,121,pair,0,0,0,0,0,0,0,1.0,1.0,1.0,1.0,1.0,1.0,0.0,0.0,0,0,0,1.0
PAIR_HARD_ENFORCE,POSITIVE_PAIR_EVIDENCE,0,109,rnafold,NON_EVIDENCED_EFFECT,121,pair,1896,0,0,0,1473,220,203,0.9069374161618192,0.9138670306547281,0.9058176119079561,0.8700531600708801,0.8788782816229117,0.8744434550311665,0.0,0.0,0,0,0,1.0
PAIR_HARD_ENFORCE,POSITIVE_PAIR_EVIDENCE,0,109,trrosettarna2_native_ss,DIRECT_EVIDENCE_EFFECT,121,pair,0,0,0,0,0,0,0,1.0,1.0,1.0,1.0,1.0,1.0,0.0,0.0,0,0,0,1.0
PAIR_HARD_ENFORCE,POSITIVE_PAIR_EVIDENCE,0,109,trrosettarna2_native_ss,LOCAL_CONFLICT_EFFECT,121,pair,0,0,0,0,0,0,0,1.0,1.0,1.0,1.0,1.0,1.0,0.0,0.0,0,0,0,1.0
PAIR_HARD_ENFORCE,POSITIVE_PAIR_EVIDENCE,0,109,trrosettarna2_native_ss,NON_EVIDENCED_EFFECT,121,pair,2108,0,0,0,1461,432,215,0.7905636556834104,0.9120849106151278,0.8428713642132949,0.7717908082408875,0.8717183770883055,0.8187167273746148,0.0,0.0,0,0,0,1.0
PAIR_HARD_ENFORCE,POSITIVE_PAIR_EVIDENCE,0,113,petfold,DIRECT_EVIDENCE_EFFECT,121,pair,0,0,0,0,0,0,0,1.0,1.0,1.0,1.0,1.0,1.0,0.0,0.0,0,0,0,1.0
PAIR_HARD_ENFORCE,POSITIVE_PAIR_EVIDENCE,0,113,petfold,LOCAL_CONFLICT_EFFECT,121,pair,0,0,0,0,0,0,0,1.0,1.0,1.0,1.0,1.0,1.0,0.0,0.0,0,0,0,1.0
PAIR_HARD_ENFORCE,POSITIVE_PAIR_EVIDENCE,0,113,petfold,NON_EVIDENCED_EFFECT,121,pair,1917,0,0,0,1463,241,213,0.8952556023530504,0.9077787598919441,0.8968492212485739,0.8585680751173709,0.8729116945107399,0.8656804733727811,0.0,0.0,0,0,0,1.0
PAIR_HARD_ENFORCE,POSITIVE_PAIR_EVIDENCE,0,113,rnafold,DIRECT_EVIDENCE_EFFECT,121,pair,0,0,0,0,0,0,0,1.0,1.0,1.0,1.0,1.0,1.0,0.0,0.0,0,0,0,1.0
PAIR_HARD_ENFORCE,POSITIVE_PAIR_EVIDENCE,0,113,rnafold,LOCAL_CONFLICT_EFFECT,121,pair,0,0,0,0,0,0,0,1.0,1.0,1.0,1.0,1.0,1.0,0.0,0.0,0,0,0,1.0
PAIR_HARD_ENFORCE,POSITIVE_PAIR_EVIDENCE,0,113,rnafold,NON_EVIDENCED_EFFECT,121,pair,1896,0,0,0,1473,220,203,0.9069374161618192,0.9138670306547281,0.9058176119079561,0.8700531600708801,0.8788782816229117,0.8744434550311665,0.0,0.0,0,0,0,1.0
PAIR_HARD_ENFORCE,POSITIVE_PAIR_EVIDENCE,0,113,trrosettarna2_native_ss,DIRECT_EVIDENCE_EFFECT,121,pair,0,0,0,0,0,0,0,1.0,1.0,1.0,1.0,1.0,1.0,0.0,0.0,0,0,0,1.0
PAIR_HARD_ENFORCE,POSITIVE_PAIR_EVIDENCE,0,113,trrosettarna2_native_ss,LOCAL_CONFLICT_EFFECT,121,pair,0,0,0,0,0,0,0,1.0,1.0,1.0,1.0,1.0,1.0,0.0,0.0,0,0,0,1.0
PAIR_HARD_ENFORCE,POSITIVE_PAIR_EVIDENCE,0,113,trrosettarna2_native_ss,NON_EVIDENCED_EFFECT,121,pair,2108,0,0,0,1461,432,215,0.7905636556834104,0.9120849106151278,0.8428713642132949,0.7717908082408875,0.8717183770883055,0.8187167273746148,0.0,0.0,0,0,0,1.0
PAIR_HARD_ENFORCE,POSITIVE_PAIR_EVIDENCE,1,101,petfold,DIRECT_EVIDENCE_EFFECT,121,pair,121,121,110,121,121,0,0,1.0,1.0,1.0,1.0,1.0,1.0,0.09090909090909091,0.04761904761904767,11,0,11,1.0
PAIR_HARD_ENFORCE,POSITIVE_PAIR_EVIDENCE,1,101,petfold,LOCAL_CONFLICT_EFFECT,121,pair,9,0,0,0,0,0,0,1.0,1.0,1.0,1.0,1.0,1.0,0.05785123966942149,1.0,9,0,9,1.0
PAIR_HARD_ENFORCE,POSITIVE_PAIR_EVIDENCE,1,101,petfold,NON_EVIDENCED_EFFECT,121,pair,1787,0,0,0,1353,232,202,0.8913111820878411,0.9076448790274508,0.8941138338516147,0.853627760252366,0.8700964630225081,0.8617834394904459,0.0,0.0,0,0,0,1.0
PAIR_HARD_ENFORCE,POSITIVE_PAIR_EVIDENCE,1,101,rnafold,DIRECT_EVIDENCE_EFFECT,121,pair,121,121,113,121,121,0,0,1.0,1.0,1.0,1.0,1.0,1.0,0.06611570247933884,0.03418803418803418,8,0,8,1.0
PAIR_HARD_ENFORCE,POSITIVE_PAIR_EVIDENCE,1,101,rnafold,LOCAL_CONFLICT_EFFECT,121,pair,4,0,0,0,0,0,0,1.0,1.0,1.0,1.0,1.0,1.0,0.01652892561983471,1.0,4,0,4,1.0
PAIR_HARD_ENFORCE,POSITIVE_PAIR_EVIDENCE,1,101,rnafold,NON_EVIDENCED_EFFECT,121,pair,1771,0,0,0,1360,216,195,0.90131480501018,0.9126912234849524,0.9018777765990463,0.8629441624365483,0.8745980707395499,0.868732034493772,0.0,0.0,0,0,0,1.0
PAIR_HARD_ENFORCE,POSITIVE_PAIR_EVIDENCE,1,101,trrosettarna2_native_ss,DIRECT_EVIDENCE_EFFECT,121,pair,121,121,111,121,121,0,0,1.0,1.0,1.0,1.0,1.0,1.0,0.08264462809917356,0.0431034482758621,10,0,10,1.0
PAIR_HARD_ENFORCE,POSITIVE_PAIR_EVIDENCE,1,101,trrosettarna2_native_ss,LOCAL_CONFLICT_EFFECT,121,pair,18,0,0,0,0,0,0,1.0,1.0,1.0,1.0,1.0,1.0,0.0743801652892562,1.0,18,0,18,1.0
PAIR_HARD_ENFORCE,POSITIVE_PAIR_EVIDENCE,1,101,trrosettarna2_native_ss,NON_EVIDENCED_EFFECT,121,pair,1969,0,0,0,1350,414,205,0.7786047228770009,0.9108469332875563,0.8346702236622415,0.7653061224489796,0.8681672025723473,0.8134980415787888,0.0,0.0,0,0,0,1.0
PAIR_HARD_ENFORCE,POSITIVE_PAIR_EVIDENCE,1,103,petfold,DIRECT_EVIDENCE_EFFECT,121,pair,121,121,112,121,121,0,0,1.0,1.0,1.0,1.0,1.0,1.0,0.0743801652892562,0.03862660944206009,9,0,9,1.0
PAIR_HARD_ENFORCE,POSITIVE_PAIR_EVIDENCE,1,103,petfold,LOCAL_CONFLICT_EFFECT,121,pair,7,0,0,0,0,0,0,1.0,1.0,1.0,1.0,1.0,1.0,0.049586776859504134,1.0,7,0,7,1.0
PAIR_HARD_ENFORCE,POSITIVE_PAIR_EVIDENCE,1,103,petfold,NON_EVIDENCED_EFFECT,121,pair,1789,0,0,0,1351,234,204,0.8908566216765106,0.9044304982826449,0.8918060853838556,0.852365930599369,0.8688102893890676,0.8605095541401274,0.0,0.0,0,0,0,1.0
PAIR_HARD_ENFORCE,POSITIVE_PAIR_EVIDENCE,1,103,rnafold,DIRECT_EVIDENCE_EFFECT,121,pair,121,121,112,121,121,0,0,1.0,1.0,1.0,1.0,1.0,1.0,0.0743801652892562,0.03862660944206009,9,0,9,1.0
PAIR_HARD_ENFORCE,POSITIVE_PAIR_EVIDENCE,1,103,rnafold,LOCAL_CONFLICT_EFFECT,121,pair,7,0,0,0,0,0,0,1.0,1.0,1.0,1.0,1.0,1.0,0.049586776859504134,1.0,7,0,7,1.0
PAIR_HARD_ENFORCE,POSITIVE_PAIR_EVIDENCE,1,103,rnafold,NON_EVIDENCED_EFFECT,121,pair,1768,0,0,0,1361,213,194,0.903480788477207,0.9110955251074918,0.9015394551436562,0.8646759847522236,0.8752411575562701,0.869926494087568,0.0,0.0,0,0,0,1.0
PAIR_HARD_ENFORCE,POSITIVE_PAIR_EVIDENCE,1,103,trrosettarna2_native_ss,DIRECT_EVIDENCE_EFFECT,121,pair,121,121,110,121,121,0,0,1.0,1.0,1.0,1.0,1.0,1.0,0.09090909090909091,0.04761904761904767,11,0,11,1.0
PAIR_HARD_ENFORCE,POSITIVE_PAIR_EVIDENCE,1,103,trrosettarna2_native_ss,LOCAL_CONFLICT_EFFECT,121,pair,18,0,0,0,0,0,0,1.0,1.0,1.0,1.0,1.0,1.0,0.09090909090909091,1.0,18,0,18,1.0
PAIR_HARD_ENFORCE,POSITIVE_PAIR_EVIDENCE,1,103,trrosettarna2_native_ss,NON_EVIDENCED_EFFECT,121,pair,1969,0,0,0,1351,414,204,0.7812600829201379,0.9133313646700443,0.8371391250325969,0.7654390934844193,0.8688102893890676,0.813855421686747,0.0,0.0,0,0,0,1.0
PAIR_HARD_ENFORCE,POSITIVE_PAIR_EVIDENCE,1,107,petfold,DIRECT_EVIDENCE_EFFECT,121,pair,121,121,113,121,121,0,0,1.0,1.0,1.0,1.0,1.0,1.0,0.06611570247933884,0.03418803418803418,8,0,8,1.0
PAIR_HARD_ENFORCE,POSITIVE_PAIR_EVIDENCE,1,107,petfold,LOCAL_CONFLICT_EFFECT,121,pair,4,0,0,0,0,0,0,1.0,1.0,1.0,1.0,1.0,1.0,0.024793388429752067,1.0,4,0,4,1.0
PAIR_HARD_ENFORCE,POSITIVE_PAIR_EVIDENCE,1,107,petfold,NON_EVIDENCED_EFFECT,121,pair,1792,0,0,0,1350,237,205,0.8904042597109907,0.9066908370532476,0.8933580133601107,0.8506616257088847,0.8681672025723473,0.8593252705283259,0.0,0.0,0,0,0,1.0
PAIR_HARD_ENFORCE,POSITIVE_PAIR_EVIDENCE,1,107,rnafold,DIRECT_EVIDENCE_EFFECT,121,pair,121,121,113,121,121,0,0,1.0,1.0,1.0,1.0,1.0,1.0,0.06611570247933884,0.03418803418803418,8,0,8,1.0
PAIR_HARD_ENFORCE,POSITIVE_PAIR_EVIDENCE,1,107,rnafold,LOCAL_CONFLICT_EFFECT,121,pair,4,0,0,0,0,0,0,1.0,1.0,1.0,1.0,1.0,1.0,0.024793388429752067,1.0,4,0,4,1.0
PAIR_HARD_ENFORCE,POSITIVE_PAIR_EVIDENCE,1,107,rnafold,NON_EVIDENCED_EFFECT,121,pair,1771,0,0,0,1360,216,195,0.9029777322923327,0.9133558638780945,0.9030849225059597,0.8629441624365483,0.8745980707395499,0.868732034493772,0.0,0.0,0,0,0,1.0
PAIR_HARD_ENFORCE,POSITIVE_PAIR_EVIDENCE,1,107,trrosettarna2_native_ss,DIRECT_EVIDENCE_EFFECT,121,pair,121,121,113,121,121,0,0,1.0,1.0,1.0,1.0,1.0,1.0,0.06611570247933884,0.03418803418803418,8,0,8,1.0
PAIR_HARD_ENFORCE,POSITIVE_PAIR_EVIDENCE,1,107,trrosettarna2_native_ss,LOCAL_CONFLICT_EFFECT,121,pair,15,0,0,0,0,0,0,1.0,1.0,1.0,1.0,1.0,1.0,0.06611570247933884,1.0,15,0,15,1.0
PAIR_HARD_ENFORCE,POSITIVE_PAIR_EVIDENCE,1,107,trrosettarna2_native_ss,NON_EVIDENCED_EFFECT,121,pair,1972,0,0,0,1348,417,207,0.7793583035374194,0.9118568860694659,0.8354897345112541,0.7637393767705383,0.8668810289389067,0.8120481927710843,0.0,0.0,0,0,0,1.0
PAIR_HARD_ENFORCE,POSITIVE_PAIR_EVIDENCE,1,109,petfold,DIRECT_EVIDENCE_EFFECT,121,pair,121,121,112,121,121,0,0,1.0,1.0,1.0,1.0,1.0,1.0,0.0743801652892562,0.03862660944206009,9,0,9,1.0
PAIR_HARD_ENFORCE,POSITIVE_PAIR_EVIDENCE,1,109,petfold,LOCAL_CONFLICT_EFFECT,121,pair,8,0,0,0,0,0,0,1.0,1.0,1.0,1.0,1.0,1.0,0.049586776859504134,1.0,8,0,8,1.0
PAIR_HARD_ENFORCE,POSITIVE_PAIR_EVIDENCE,1,109,petfold,NON_EVIDENCED_EFFECT,121,pair,1788,0,0,0,1351,233,204,0.891011603641957,0.9050733306679165,0.8923649943497443,0.8529040404040404,0.8688102893890676,0.8607836890729532,0.0,0.0,0,0,0,1.0
PAIR_HARD_ENFORCE,POSITIVE_PAIR_EVIDENCE,1,109,rnafold,DIRECT_EVIDENCE_EFFECT,121,pair,121,121,112,121,121,0,0,1.0,1.0,1.0,1.0,1.0,1.0,0.0743801652892562,0.03862660944206009,9,0,9,1.0
PAIR_HARD_ENFORCE,POSITIVE_PAIR_EVIDENCE,1,109,rnafold,LOCAL_CONFLICT_EFFECT,121,pair,8,0,0,0,0,0,0,1.0,1.0,1.0,1.0,1.0,1.0,0.049586776859504134,1.0,8,0,8,1.0
PAIR_HARD_ENFORCE,POSITIVE_PAIR_EVIDENCE,1,109,rnafold,NON_EVIDENCED_EFFECT,121,pair,1767,0,0,0,1361,212,194,0.9036642197049173,0.9117383574927636,0.9021068803430279,0.8652256834075016,0.8752411575562701,0.8702046035805626,0.0,0.0,0,0,0,1.0
PAIR_HARD_ENFORCE,POSITIVE_PAIR_EVIDENCE,1,109,trrosettarna2_native_ss,DIRECT_EVIDENCE_EFFECT,121,pair,121,121,113,121,121,0,0,1.0,1.0,1.0,1.0,1.0,1.0,0.06611570247933884,0.03418803418803418,8,0,8,1.0
PAIR_HARD_ENFORCE,POSITIVE_PAIR_EVIDENCE,1,109,trrosettarna2_native_ss,LOCAL_CONFLICT_EFFECT,121,pair,16,0,0,0,0,0,0,1.0,1.0,1.0,1.0,1.0,1.0,0.06611570247933884,1.0,16,0,16,1.0
PAIR_HARD_ENFORCE,POSITIVE_PAIR_EVIDENCE,1,109,trrosettarna2_native_ss,NON_EVIDENCED_EFFECT,121,pair,1971,0,0,0,1348,416,207,0.7778040998959983,0.9099486932521822,0.8337729182071006,0.764172335600907,0.8668810289389067,0.8122928592949684,0.0,0.0,0,0,0,1.0
PAIR_HARD_ENFORCE,POSITIVE_PAIR_EVIDENCE,1,113,petfold,DIRECT_EVIDENCE_EFFECT,121,pair,121,121,110,121,121,0,0,1.0,1.0,1.0,1.0,1.0,1.0,0.09090909090909091,0.04761904761904767,11,0,11,1.0
PAIR_HARD_ENFORCE,POSITIVE_PAIR_EVIDENCE,1,113,petfold,LOCAL_CONFLICT_EFFECT,121,pair,7,0,0,0,0,0,0,1.0,1.0,1.0,1.0,1.0,1.0,0.04132231404958678,1.0,7,0,7,1.0
PAIR_HARD_ENFORCE,POSITIVE_PAIR_EVIDENCE,1,113,petfold,NON_EVIDENCED_EFFECT,121,pair,1789,0,0,0,1353,234,202,0.8921977651647299,0.9090664385590811,0.895708435032767,0.8525519848771267,0.8700964630225081,0.8612348822406111,0.0,0.0,0,0,0,1.0
PAIR_HARD_ENFORCE,POSITIVE_PAIR_EVIDENCE,1,113,rnafold,DIRECT_EVIDENCE_EFFECT,121,pair,121,121,111,121,121,0,0,1.0,1.0,1.0,1.0,1.0,1.0,0.08264462809917356,0.0431034482758621,10,0,10,1.0
PAIR_HARD_ENFORCE,POSITIVE_PAIR_EVIDENCE,1,113,rnafold,LOCAL_CONFLICT_EFFECT,121,pair,6,0,0,0,0,0,0,1.0,1.0,1.0,1.0,1.0,1.0,0.03305785123966942,1.0,6,0,6,1.0
PAIR_HARD_ENFORCE,POSITIVE_PAIR_EVIDENCE,1,113,rnafold,NON_EVIDENCED_EFFECT,121,pair,1769,0,0,0,1362,214,193,0.9042564349791656,0.9152149364583081,0.9049027958173762,0.8642131979695431,0.8758842443729904,0.8700095816033216,0.0,0.0,0,0,0,1.0
PAIR_HARD_ENFORCE,POSITIVE_PAIR_EVIDENCE,1,113,trrosettarna2_native_ss,DIRECT_EVIDENCE_EFFECT,121,pair,121,121,109,121,121,0,0,1.0,1.0,1.0,1.0,1.0,1.0,0.09917355371900827,0.05217391304347829,12,0,12,1.0
PAIR_HARD_ENFORCE,POSITIVE_PAIR_EVIDENCE,1,113,trrosettarna2_native_ss,LOCAL_CONFLICT_EFFECT,121,pair,20,0,0,0,0,0,0,1.0,1.0,1.0,1.0,1.0,1.0,0.08264462809917356,1.0,20,0,20,1.0
PAIR_HARD_ENFORCE,POSITIVE_PAIR_EVIDENCE,1,113,trrosettarna2_native_ss,NON_EVIDENCED_EFFECT,121,pair,1967,0,0,0,1352,412,203,0.7814591952970323,0.9128904064211681,0.8370959514457337,0.7664399092970522,0.8694533762057878,0.8147032238626092,0.0,0.0,0,0,0,1.0
PAIR_HARD_ENFORCE,POSITIVE_PAIR_EVIDENCE,5,101,petfold,DIRECT_EVIDENCE_EFFECT,121,pair,130,130,116,130,130,0,0,1.0,1.0,1.0,1.0,1.0,1.0,0.08815426997245178,0.05691056910569103,14,0,14,1.0
PAIR_HARD_ENFORCE,POSITIVE_PAIR_EVIDENCE,5,101,petfold,LOCAL_CONFLICT_EFFECT,121,pair,10,0,0,0,0,0,0,1.0,1.0,1.0,1.0,1.0,1.0,0.05785123966942149,1.0,10,0,10,1.0
PAIR_HARD_ENFORCE,POSITIVE_PAIR_EVIDENCE,5,101,petfold,NON_EVIDENCED_EFFECT,121,pair,1777,0,0,0,1347,231,199,0.8903271476337686,0.9071404387367549,0.8940060764431057,0.8536121673003803,0.871280724450194,0.8623559539052497,0.0,0.0,0,0,0,1.0
PAIR_HARD_ENFORCE,POSITIVE_PAIR_EVIDENCE,5,101,rnafold,DIRECT_EVIDENCE_EFFECT,121,pair,130,130,116,130,130,0,0,1.0,1.0,1.0,1.0,1.0,1.0,0.08815426997245178,0.05691056910569103,14,0,14,1.0
PAIR_HARD_ENFORCE,POSITIVE_PAIR_EVIDENCE,5,101,rnafold,LOCAL_CONFLICT_EFFECT,121,pair,11,0,0,0,0,0,0,1.0,1.0,1.0,1.0,1.0,1.0,0.049586776859504134,1.0,11,0,11,1.0
PAIR_HARD_ENFORCE,POSITIVE_PAIR_EVIDENCE,5,101,rnafold,NON_EVIDENCED_EFFECT,121,pair,1755,0,0,0,1357,209,189,0.9024423280065359,0.9138098490080674,0.9034900382491419,0.8665389527458492,0.8777490297542044,0.872107969151671,0.0,0.0,0,0,0,1.0
PAIR_HARD_ENFORCE,POSITIVE_PAIR_EVIDENCE,5,101,trrosettarna2_native_ss,DIRECT_EVIDENCE_EFFECT,121,pair,130,130,114,130,130,0,0,1.0,1.0,1.0,1.0,1.0,1.0,0.09917355371900827,0.06557377049180324,16,0,16,1.0
PAIR_HARD_ENFORCE,POSITIVE_PAIR_EVIDENCE,5,101,trrosettarna2_native_ss,LOCAL_CONFLICT_EFFECT,121,pair,20,0,0,0,0,0,0,1.0,1.0,1.0,1.0,1.0,1.0,0.0743801652892562,1.0,20,0,20,1.0
PAIR_HARD_ENFORCE,POSITIVE_PAIR_EVIDENCE,5,101,trrosettarna2_native_ss,NON_EVIDENCED_EFFECT,121,pair,1958,0,0,0,1347,412,199,0.7786708003998889,0.9119349997491873,0.8352315472012845,0.7657760090960773,0.871280724450194,0.8151285930408472,0.0,0.0,0,0,0,1.0
PAIR_HARD_ENFORCE,POSITIVE_PAIR_EVIDENCE,5,103,petfold,DIRECT_EVIDENCE_EFFECT,121,pair,130,130,120,130,130,0,0,1.0,1.0,1.0,1.0,1.0,1.0,0.06363636363636364,0.040000000000000036,10,0,10,1.0
PAIR_HARD_ENFORCE,POSITIVE_PAIR_EVIDENCE,5,103,petfold,LOCAL_CONFLICT_EFFECT,121,pair,8,0,0,0,0,0,0,1.0,1.0,1.0,1.0,1.0,1.0,0.049586776859504134,1.0,8,0,8,1.0
PAIR_HARD_ENFORCE,POSITIVE_PAIR_EVIDENCE,5,103,petfold,NON_EVIDENCED_EFFECT,121,pair,1779,0,0,0,1343,233,203,0.8904075297088107,0.905419325287398,0.8921515304830517,0.8521573604060914,0.8686934023285899,0.860345932094811,0.0,0.0,0,0,0,1.0
PAIR_HARD_ENFORCE,POSITIVE_PAIR_EVIDENCE,5,103,rnafold,DIRECT_EVIDENCE_EFFECT,121,pair,130,130,120,130,130,0,0,1.0,1.0,1.0,1.0,1.0,1.0,0.06363636363636364,0.040000000000000036,10,0,10,1.0
PAIR_HARD_ENFORCE,POSITIVE_PAIR_EVIDENCE,5,103,rnafold,LOCAL_CONFLICT_EFFECT,121,pair,6,0,0,0,0,0,0,1.0,1.0,1.0,1.0,1.0,1.0,0.04132231404958678,1.0,6,0,6,1.0
PAIR_HARD_ENFORCE,POSITIVE_PAIR_EVIDENCE,5,103,rnafold,NON_EVIDENCED_EFFECT,121,pair,1760,0,0,0,1353,214,193,0.9027412163272593,0.9120887355587106,0.9017465761691469,0.8634333120612636,0.8751617076326003,0.8692579505300353,0.0,0.0,0,0,0,1.0
PAIR_HARD_ENFORCE,POSITIVE_PAIR_EVIDENCE,5,103,trrosettarna2_native_ss,DIRECT_EVIDENCE_EFFECT,121,pair,130,130,117,130,130,0,0,1.0,1.0,1.0,1.0,1.0,1.0,0.07327823691460056,0.052631578947368474,13,0,13,1.0
PAIR_HARD_ENFORCE,POSITIVE_PAIR_EVIDENCE,5,103,trrosettarna2_native_ss,LOCAL_CONFLICT_EFFECT,121,pair,15,0,0,0,0,0,0,1.0,1.0,1.0,1.0,1.0,1.0,0.06611570247933884,1.0,15,0,15,1.0
PAIR_HARD_ENFORCE,POSITIVE_PAIR_EVIDENCE,5,103,trrosettarna2_native_ss,NON_EVIDENCED_EFFECT,121,pair,1963,0,0,0,1344,417,202,0.7772861835661251,0.9109282340563704,0.8342017513767307,0.7632027257240205,0.869340232858991,0.812821288176595,0.0,0.0,0,0,0,1.0
PAIR_HARD_ENFORCE,POSITIVE_PAIR_EVIDENCE,5,107,petfold,DIRECT_EVIDENCE_EFFECT,121,pair,130,130,119,130,130,0,0,1.0,1.0,1.0,1.0,1.0,1.0,0.06639118457300275,0.04417670682730923,11,0,11,1.0
PAIR_HARD_ENFORCE,POSITIVE_PAIR_EVIDENCE,5,107,petfold,LOCAL_CONFLICT_EFFECT,121,pair,10,0,0,0,0,0,0,1.0,1.0,1.0,1.0,1.0,1.0,0.04132231404958678,1.0,10,0,10,1.0
PAIR_HARD_ENFORCE,POSITIVE_PAIR_EVIDENCE,5,107,petfold,NON_EVIDENCED_EFFECT,121,pair,1777,0,0,0,1344,231,202,0.8904955698794955,0.9052066653186405,0.8923904967498835,0.8533333333333334,0.869340232858991,0.8612624158923422,0.0,0.0,0,0,0,1.0
PAIR_HARD_ENFORCE,POSITIVE_PAIR_EVIDENCE,5,107,rnafold,DIRECT_EVIDENCE_EFFECT,121,pair,130,130,119,130,130,0,0,1.0,1.0,1.0,1.0,1.0,1.0,0.06639118457300275,0.04417670682730923,11,0,11,1.0
PAIR_HARD_ENFORCE,POSITIVE_PAIR_EVIDENCE,5,107,rnafold,LOCAL_CONFLICT_EFFECT,121,pair,9,0,0,0,0,0,0,1.0,1.0,1.0,1.0,1.0,1.0,0.04132231404958678,1.0,9,0,9,1.0
PAIR_HARD_ENFORCE,POSITIVE_PAIR_EVIDENCE,5,107,rnafold,NON_EVIDENCED_EFFECT,121,pair,1757,0,0,0,1354,211,192,0.9030212706921146,0.911876075589953,0.902077683707989,0.8651757188498402,0.8758085381630013,0.8704596592735455,0.0,0.0,0,0,0,1.0
PAIR_HARD_ENFORCE,POSITIVE_PAIR_EVIDENCE,5,107,trrosettarna2_native_ss,DIRECT_EVIDENCE_EFFECT,121,pair,130,130,119,130,130,0,0,1.0,1.0,1.0,1.0,1.0,1.0,0.07300275482093664,0.04417670682730923,11,0,11,1.0
PAIR_HARD_ENFORCE,POSITIVE_PAIR_EVIDENCE,5,107,trrosettarna2_native_ss,LOCAL_CONFLICT_EFFECT,121,pair,16,0,0,0,0,0,0,1.0,1.0,1.0,1.0,1.0,1.0,0.0743801652892562,1.0,16,0,16,1.0
PAIR_HARD_ENFORCE,POSITIVE_PAIR_EVIDENCE,5,107,trrosettarna2_native_ss,NON_EVIDENCED_EFFECT,121,pair,1962,0,0,0,1342,416,204,0.7787713929695139,0.9112070360573421,0.8349217696864077,0.7633674630261661,0.8680465717981889,0.8123486682808717,0.0,0.0,0,0,0,1.0
PAIR_HARD_ENFORCE,POSITIVE_PAIR_EVIDENCE,5,109,petfold,DIRECT_EVIDENCE_EFFECT,121,pair,130,130,117,130,130,0,0,1.0,1.0,1.0,1.0,1.0,1.0,0.07741046831955924,0.052631578947368474,13,0,13,1.0
PAIR_HARD_ENFORCE,POSITIVE_PAIR_EVIDENCE,5,109,petfold,LOCAL_CONFLICT_EFFECT,121,pair,8,0,0,0,0,0,0,1.0,1.0,1.0,1.0,1.0,1.0,0.04132231404958678,1.0,8,0,8,1.0
PAIR_HARD_ENFORCE,POSITIVE_PAIR_EVIDENCE,5,109,petfold,NON_EVIDENCED_EFFECT,121,pair,1779,0,0,0,1346,233,200,0.8899712957745531,0.9068655117721383,0.893102417492191,0.8524382520582647,0.8706338939197931,0.86144,0.0,0.0,0,0,0,1.0
PAIR_HARD_ENFORCE,POSITIVE_PAIR_EVIDENCE,5,109,rnafold,DIRECT_EVIDENCE_EFFECT,121,pair,130,130,118,130,130,0,0,1.0,1.0,1.0,1.0,1.0,1.0,0.06914600550964188,0.048387096774193505,12,0,12,1.0
PAIR_HARD_ENFORCE,POSITIVE_PAIR_EVIDENCE,5,109,rnafold,LOCAL_CONFLICT_EFFECT,121,pair,8,0,0,0,0,0,0,1.0,1.0,1.0,1.0,1.0,1.0,0.04132231404958678,1.0,8,0,8,1.0
PAIR_HARD_ENFORCE,POSITIVE_PAIR_EVIDENCE,5,109,rnafold,NON_EVIDENCED_EFFECT,121,pair,1758,0,0,0,1355,212,191,0.902235455837893,0.912708475762459,0.9023133904791238,0.8647096362476069,0.8764553686934023,0.8705428846771603,0.0,0.0,0,0,0,1.0
PAIR_HARD_ENFORCE,POSITIVE_PAIR_EVIDENCE,5,109,trrosettarna2_native_ss,DIRECT_EVIDENCE_EFFECT,121,pair,130,130,120,130,130,0,0,1.0,1.0,1.0,1.0,1.0,1.0,0.0581267217630854,0.040000000000000036,10,0,10,1.0
PAIR_HARD_ENFORCE,POSITIVE_PAIR_EVIDENCE,5,109,trrosettarna2_native_ss,LOCAL_CONFLICT_EFFECT,121,pair,14,0,0,0,0,0,0,1.0,1.0,1.0,1.0,1.0,1.0,0.05785123966942149,1.0,14,0,14,1.0
PAIR_HARD_ENFORCE,POSITIVE_PAIR_EVIDENCE,5,109,trrosettarna2_native_ss,NON_EVIDENCED_EFFECT,121,pair,1964,0,0,0,1341,418,205,0.7771674277897437,0.9097647126101173,0.833346820014421,0.7623649801023309,0.8673997412677878,0.8114977307110439,0.0,0.0,0,0,0,1.0
PAIR_HARD_ENFORCE,POSITIVE_PAIR_EVIDENCE,5,113,petfold,DIRECT_EVIDENCE_EFFECT,121,pair,130,130,111,130,130,0,0,1.0,1.0,1.0,1.0,1.0,1.0,0.12975206611570247,0.07883817427385897,19,0,19,1.0
PAIR_HARD_ENFORCE,POSITIVE_PAIR_EVIDENCE,5,113,petfold,LOCAL_CONFLICT_EFFECT,121,pair,16,0,0,0,0,0,0,1.0,1.0,1.0,1.0,1.0,1.0,0.0743801652892562,1.0,16,0,16,1.0
PAIR_HARD_ENFORCE,POSITIVE_PAIR_EVIDENCE,5,113,petfold,NON_EVIDENCED_EFFECT,121,pair,1771,0,0,0,1352,225,194,0.8950772939006734,0.911774942502721,0.8988818889270708,0.8573240329740013,0.8745148771021992,0.8658341338456612,0.0,0.0,0,0,0,1.0
PAIR_HARD_ENFORCE,POSITIVE_PAIR_EVIDENCE,5,113,rnafold,DIRECT_EVIDENCE_EFFECT,121,pair,130,130,110,130,130,0,0,1.0,1.0,1.0,1.0,1.0,1.0,0.13250688705234162,0.08333333333333337,20,0,20,1.0
PAIR_HARD_ENFORCE,POSITIVE_PAIR_EVIDENCE,5,113,rnafold,LOCAL_CONFLICT_EFFECT,121,pair,14,0,0,0,0,0,0,1.0,1.0,1.0,1.0,1.0,1.0,0.0743801652892562,1.0,14,0,14,1.0
PAIR_HARD_ENFORCE,POSITIVE_PAIR_EVIDENCE,5,113,rnafold,NON_EVIDENCED_EFFECT,121,pair,1752,0,0,0,1363,206,183,0.9072210326019013,0.9180911136378032,0.9083110134035686,0.868706182281708,0.8816300129366106,0.8751203852327448,0.0,0.0,0,0,0,1.0
PAIR_HARD_ENFORCE,POSITIVE_PAIR_EVIDENCE,5,113,trrosettarna2_native_ss,DIRECT_EVIDENCE_EFFECT,121,pair,130,130,117,130,130,0,0,1.0,1.0,1.0,1.0,1.0,1.0,0.08264462809917356,0.052631578947368474,13,0,13,1.0
PAIR_HARD_ENFORCE,POSITIVE_PAIR_EVIDENCE,5,113,trrosettarna2_native_ss,LOCAL_CONFLICT_EFFECT,121,pair,18,0,0,0,0,0,0,1.0,1.0,1.0,1.0,1.0,1.0,0.06611570247933884,1.0,18,0,18,1.0
PAIR_HARD_ENFORCE,POSITIVE_PAIR_EVIDENCE,5,113,trrosettarna2_native_ss,NON_EVIDENCED_EFFECT,121,pair,1960,0,0,0,1344,414,202,0.777720998667138,0.9108675066362395,0.8342450312415064,0.764505119453925,0.869340232858991,0.8135593220338984,0.0,0.0,0,0,0,1.0
PAIR_HARD_ENFORCE,POSITIVE_PAIR_EVIDENCE,10,101,petfold,DIRECT_EVIDENCE_EFFECT,121,pair,180,180,165,180,180,0,0,1.0,1.0,1.0,1.0,1.0,1.0,0.05693296602387512,0.04347826086956519,15,0,15,1.0
PAIR_HARD_ENFORCE,POSITIVE_PAIR_EVIDENCE,10,101,petfold,LOCAL_CONFLICT_EFFECT,121,pair,15,0,0,0,0,0,0,1.0,1.0,1.0,1.0,1.0,1.0,0.05785123966942149,1.0,15,0,15,1.0
PAIR_HARD_ENFORCE,POSITIVE_PAIR_EVIDENCE,10,101,petfold,NON_EVIDENCED_EFFECT,121,pair,1722,0,0,0,1298,226,198,0.888566614721391,0.905098045227351,0.8917526868920479,0.8517060367454068,0.8676470588235294,0.8596026490066225,0.0,0.0,0,0,0,1.0
PAIR_HARD_ENFORCE,POSITIVE_PAIR_EVIDENCE,10,101,rnafold,DIRECT_EVIDENCE_EFFECT,121,pair,180,180,165,180,180,0,0,1.0,1.0,1.0,1.0,1.0,1.0,0.05693296602387512,0.04347826086956519,15,0,15,1.0
PAIR_HARD_ENFORCE,POSITIVE_PAIR_EVIDENCE,10,101,rnafold,LOCAL_CONFLICT_EFFECT,121,pair,14,0,0,0,0,0,0,1.0,1.0,1.0,1.0,1.0,1.0,0.049586776859504134,1.0,14,0,14,1.0
PAIR_HARD_ENFORCE,POSITIVE_PAIR_EVIDENCE,10,101,rnafold,NON_EVIDENCED_EFFECT,121,pair,1702,0,0,0,1308,206,188,0.9013000034779013,0.9118603103100494,0.9016073840362998,0.8639365918097754,0.8743315508021391,0.8691029900332226,0.0,0.0,0,0,0,1.0
PAIR_HARD_ENFORCE,POSITIVE_PAIR_EVIDENCE,10,101,trrosettarna2_native_ss,DIRECT_EVIDENCE_EFFECT,121,pair,180,180,161,180,180,0,0,1.0,1.0,1.0,1.0,1.0,1.0,0.07924701561065198,0.055718475073313734,19,0,19,1.0
PAIR_HARD_ENFORCE,POSITIVE_PAIR_EVIDENCE,10,101,trrosettarna2_native_ss,LOCAL_CONFLICT_EFFECT,121,pair,29,0,0,0,0,0,0,1.0,1.0,1.0,1.0,1.0,1.0,0.09917355371900827,1.0,29,0,29,1.0
PAIR_HARD_ENFORCE,POSITIVE_PAIR_EVIDENCE,10,101,trrosettarna2_native_ss,NON_EVIDENCED_EFFECT,121,pair,1899,0,0,0,1300,403,196,0.7770865337500693,0.911604690988257,0.8342449159372851,0.7633587786259542,0.8689839572192514,0.8127539856205064,0.0,0.0,0,0,0,1.0
PAIR_HARD_ENFORCE,POSITIVE_PAIR_EVIDENCE,10,103,petfold,DIRECT_EVIDENCE_EFFECT,121,pair,180,180,160,180,180,0,0,1.0,1.0,1.0,1.0,1.0,1.0,0.07419651056014692,0.05882352941176472,20,0,20,1.0
PAIR_HARD_ENFORCE,POSITIVE_PAIR_EVIDENCE,10,103,petfold,LOCAL_CONFLICT_EFFECT,121,pair,14,0,0,0,0,0,0,1.0,1.0,1.0,1.0,1.0,1.0,0.06611570247933884,1.0,14,0,14,1.0
PAIR_HARD_ENFORCE,POSITIVE_PAIR_EVIDENCE,10,103,petfold,NON_EVIDENCED_EFFECT,121,pair,1723,0,0,0,1303,227,193,0.8895572826716869,0.9056459589235417,0.8922207878978353,0.8516339869281045,0.8709893048128342,0.8612029081295439,0.0,0.0,0,0,0,1.0
PAIR_HARD_ENFORCE,POSITIVE_PAIR_EVIDENCE,10,103,rnafold,DIRECT_EVIDENCE_EFFECT,121,pair,180,180,162,180,180,0,0,1.0,1.0,1.0,1.0,1.0,1.0,0.06317722681359045,0.052631578947368474,18,0,18,1.0
PAIR_HARD_ENFORCE,POSITIVE_PAIR_EVIDENCE,10,103,rnafold,LOCAL_CONFLICT_EFFECT,121,pair,13,0,0,0,0,0,0,1.0,1.0,1.0,1.0,1.0,1.0,0.05785123966942149,1.0,13,0,13,1.0
PAIR_HARD_ENFORCE,POSITIVE_PAIR_EVIDENCE,10,103,rnafold,NON_EVIDENCED_EFFECT,121,pair,1703,0,0,0,1311,207,185,0.901732863901645,0.9110308135379207,0.9010906906349005,0.8636363636363636,0.8763368983957219,0.8699402786994028,0.0,0.0,0,0,0,1.0
PAIR_HARD_ENFORCE,POSITIVE_PAIR_EVIDENCE,10,103,trrosettarna2_native_ss,DIRECT_EVIDENCE_EFFECT,121,pair,180,180,157,180,180,0,0,1.0,1.0,1.0,1.0,1.0,1.0,0.08608815426997245,0.06824925816023741,23,0,23,1.0
PAIR_HARD_ENFORCE,POSITIVE_PAIR_EVIDENCE,10,103,trrosettarna2_native_ss,LOCAL_CONFLICT_EFFECT,121,pair,29,0,0,0,0,0,0,1.0,1.0,1.0,1.0,1.0,1.0,0.09090909090909091,1.0,29,0,29,1.0
PAIR_HARD_ENFORCE,POSITIVE_PAIR_EVIDENCE,10,103,trrosettarna2_native_ss,NON_EVIDENCED_EFFECT,121,pair,1899,0,0,0,1304,403,192,0.7782560194974508,0.9123125965283925,0.8350234507801008,0.7639132981839485,0.8716577540106952,0.8142366531376835,0.0,0.0,0,0,0,1.0
PAIR_HARD_ENFORCE,POSITIVE_PAIR_EVIDENCE,10,107,petfold,DIRECT_EVIDENCE_EFFECT,121,pair,180,180,158,180,180,0,0,1.0,1.0,1.0,1.0,1.0,1.0,0.08322838777384232,0.0650887573964497,22,0,22,1.0
PAIR_HARD_ENFORCE,POSITIVE_PAIR_EVIDENCE,10,107,petfold,LOCAL_CONFLICT_EFFECT,121,pair,17,0,0,0,0,0,0,1.0,1.0,1.0,1.0,1.0,1.0,0.0743801652892562,1.0,17,0,17,1.0
PAIR_HARD_ENFORCE,POSITIVE_PAIR_EVIDENCE,10,107,petfold,NON_EVIDENCED_EFFECT,121,pair,1720,0,0,0,1305,224,191,0.8890013489603457,0.9078951848904069,0.8936688802698723,0.8534990189666448,0.8723262032085561,0.8628099173553719,0.0,0.0,0,0,0,1.0
PAIR_HARD_ENFORCE,POSITIVE_PAIR_EVIDENCE,10,107,rnafold,DIRECT_EVIDENCE_EFFECT,121,pair,180,180,159,180,180,0,0,1.0,1.0,1.0,1.0,1.0,1.0,0.07496392496392497,0.06194690265486724,21,0,21,1.0
PAIR_HARD_ENFORCE,POSITIVE_PAIR_EVIDENCE,10,107,rnafold,LOCAL_CONFLICT_EFFECT,121,pair,15,0,0,0,0,0,0,1.0,1.0,1.0,1.0,1.0,1.0,0.05785123966942149,1.0,15,0,15,1.0
PAIR_HARD_ENFORCE,POSITIVE_PAIR_EVIDENCE,10,107,rnafold,NON_EVIDENCED_EFFECT,121,pair,1701,0,0,0,1314,205,182,0.9002444149675874,0.9138310036921137,0.9024995964668939,0.8650427913100724,0.8783422459893048,0.8716417910447761,0.0,0.0,0,0,0,1.0
PAIR_HARD_ENFORCE,POSITIVE_PAIR_EVIDENCE,10,107,trrosettarna2_native_ss,DIRECT_EVIDENCE_EFFECT,121,pair,180,180,157,180,180,0,0,1.0,1.0,1.0,1.0,1.0,1.0,0.07162534435261708,0.06824925816023741,23,0,23,1.0
PAIR_HARD_ENFORCE,POSITIVE_PAIR_EVIDENCE,10,107,trrosettarna2_native_ss,LOCAL_CONFLICT_EFFECT,121,pair,29,0,0,0,0,0,0,1.0,1.0,1.0,1.0,1.0,1.0,0.09090909090909091,1.0,29,0,29,1.0
PAIR_HARD_ENFORCE,POSITIVE_PAIR_EVIDENCE,10,107,trrosettarna2_native_ss,NON_EVIDENCED_EFFECT,121,pair,1899,0,0,0,1304,403,192,0.7765999623538032,0.9110936144123054,0.8336799717911654,0.7639132981839485,0.8716577540106952,0.8142366531376835,0.0,0.0,0,0,0,1.0
PAIR_HARD_ENFORCE,POSITIVE_PAIR_EVIDENCE,10,109,petfold,DIRECT_EVIDENCE_EFFECT,121,pair,180,180,153,180,180,0,0,1.0,1.0,1.0,1.0,1.0,1.0,0.10035419126328217,0.08108108108108103,27,0,27,1.0
PAIR_HARD_ENFORCE,POSITIVE_PAIR_EVIDENCE,10,109,petfold,LOCAL_CONFLICT_EFFECT,121,pair,20,0,0,0,0,0,0,1.0,1.0,1.0,1.0,1.0,1.0,0.0743801652892562,1.0,20,0,20,1.0
PAIR_HARD_ENFORCE,POSITIVE_PAIR_EVIDENCE,10,109,petfold,NON_EVIDENCED_EFFECT,121,pair,1717,0,0,0,1310,221,186,0.8918505260915072,0.9101616356814978,0.8959016920866972,0.8556499020248204,0.8756684491978609,0.8655434423521638,0.0,0.0,0,0,0,1.0
PAIR_HARD_ENFORCE,POSITIVE_PAIR_EVIDENCE,10,109,rnafold,DIRECT_EVIDENCE_EFFECT,121,pair,180,180,154,180,180,0,0,1.0,1.0,1.0,1.0,1.0,1.0,0.09208972845336481,0.07784431137724546,26,0,26,1.0
PAIR_HARD_ENFORCE,POSITIVE_PAIR_EVIDENCE,10,109,rnafold,LOCAL_CONFLICT_EFFECT,121,pair,19,0,0,0,0,0,0,1.0,1.0,1.0,1.0,1.0,1.0,0.0743801652892562,1.0,19,0,19,1.0
PAIR_HARD_ENFORCE,POSITIVE_PAIR_EVIDENCE,10,109,rnafold,NON_EVIDENCED_EFFECT,121,pair,1697,0,0,0,1319,201,177,0.904450247824899,0.9162881728557412,0.9053908219504532,0.8677631578947368,0.8816844919786097,0.8746684350132626,0.0,0.0,0,0,0,1.0
PAIR_HARD_ENFORCE,POSITIVE_PAIR_EVIDENCE,10,109,trrosettarna2_native_ss,DIRECT_EVIDENCE_EFFECT,121,pair,180,180,156,180,180,0,0,1.0,1.0,1.0,1.0,1.0,1.0,0.0915322051685688,0.0714285714285714,24,0,24,1.0
PAIR_HARD_ENFORCE,POSITIVE_PAIR_EVIDENCE,10,109,trrosettarna2_native_ss,LOCAL_CONFLICT_EFFECT,121,pair,31,0,0,0,0,0,0,1.0,1.0,1.0,1.0,1.0,1.0,0.08264462809917356,1.0,31,0,31,1.0
PAIR_HARD_ENFORCE,POSITIVE_PAIR_EVIDENCE,10,109,trrosettarna2_native_ss,NON_EVIDENCED_EFFECT,121,pair,1897,0,0,0,1305,401,191,0.7787471213421125,0.912796752263793,0.8357790589842451,0.764947245017585,0.8723262032085561,0.8151155527795128,0.0,0.0,0,0,0,1.0
PAIR_HARD_ENFORCE,POSITIVE_PAIR_EVIDENCE,10,113,petfold,DIRECT_EVIDENCE_EFFECT,121,pair,180,180,161,180,180,0,0,1.0,1.0,1.0,1.0,1.0,1.0,0.07089072543617998,0.055718475073313734,19,0,19,1.0
PAIR_HARD_ENFORCE,POSITIVE_PAIR_EVIDENCE,10,113,petfold,LOCAL_CONFLICT_EFFECT,121,pair,16,0,0,0,0,0,0,1.0,1.0,1.0,1.0,1.0,1.0,0.06611570247933884,1.0,16,0,16,1.0
PAIR_HARD_ENFORCE,POSITIVE_PAIR_EVIDENCE,10,113,petfold,NON_EVIDENCED_EFFECT,121,pair,1721,0,0,0,1302,225,194,0.8891980867230184,0.9052728863783854,0.8915746039271649,0.8526522593320236,0.8703208556149733,0.8613959642739001,0.0,0.0,0,0,0,1.0
PAIR_HARD_ENFORCE,POSITIVE_PAIR_EVIDENCE,10,113,rnafold,DIRECT_EVIDENCE_EFFECT,121,pair,180,180,161,180,180,0,0,1.0,1.0,1.0,1.0,1.0,1.0,0.07089072543617998,0.055718475073313734,19,0,19,1.0
PAIR_HARD_ENFORCE,POSITIVE_PAIR_EVIDENCE,10,113,rnafold,LOCAL_CONFLICT_EFFECT,121,pair,15,0,0,0,0,0,0,1.0,1.0,1.0,1.0,1.0,1.0,0.06611570247933884,1.0,15,0,15,1.0
PAIR_HARD_ENFORCE,POSITIVE_PAIR_EVIDENCE,10,113,rnafold,NON_EVIDENCED_EFFECT,121,pair,1701,0,0,0,1312,205,184,0.902075340259795,0.9120351514610838,0.9015028103213576,0.8648648648648649,0.8770053475935828,0.8708927978758713,0.0,0.0,0,0,0,1.0
PAIR_HARD_ENFORCE,POSITIVE_PAIR_EVIDENCE,10,113,trrosettarna2_native_ss,DIRECT_EVIDENCE_EFFECT,121,pair,180,180,161,180,180,0,0,1.0,1.0,1.0,1.0,1.0,1.0,0.08292011019283746,0.055718475073313734,19,0,19,1.0
PAIR_HARD_ENFORCE,POSITIVE_PAIR_EVIDENCE,10,113,trrosettarna2_native_ss,LOCAL_CONFLICT_EFFECT,121,pair,30,0,0,0,0,0,0,1.0,1.0,1.0,1.0,1.0,1.0,0.08264462809917356,1.0,30,0,30,1.0
PAIR_HARD_ENFORCE,POSITIVE_PAIR_EVIDENCE,10,113,trrosettarna2_native_ss,NON_EVIDENCED_EFFECT,121,pair,1898,0,0,0,1300,402,196,0.7768653446532215,0.9116277529732989,0.8339690207757294,0.763807285546416,0.8689839572192514,0.8130081300813008,0.0,0.0,0,0,0,1.0
PAIR_HARD_ENFORCE,POSITIVE_PAIR_EVIDENCE,20,101,petfold,DIRECT_EVIDENCE_EFFECT,121,pair,338,338,295,338,338,0,0,1.0,1.0,1.0,1.0,1.0,1.0,0.07082863404793656,0.06793048973143756,43,0,43,1.0
PAIR_HARD_ENFORCE,POSITIVE_PAIR_EVIDENCE,20,101,petfold,LOCAL_CONFLICT_EFFECT,121,pair,38,0,0,0,0,0,0,1.0,1.0,1.0,1.0,1.0,1.0,0.09090909090909091,1.0,38,0,38,1.0
PAIR_HARD_ENFORCE,POSITIVE_PAIR_EVIDENCE,20,101,petfold,NON_EVIDENCED_EFFECT,121,pair,1541,0,0,0,1168,203,170,0.8860153185138084,0.9066201777188652,0.8911325868724914,0.8519328956965718,0.8729446935724963,0.8623108157991879,0.0,0.0,0,0,0,1.0
PAIR_HARD_ENFORCE,POSITIVE_PAIR_EVIDENCE,20,101,rnafold,DIRECT_EVIDENCE_EFFECT,121,pair,338,338,298,338,338,0,0,1.0,1.0,1.0,1.0,1.0,1.0,0.0641383546303844,0.06289308176100628,40,0,40,1.0
PAIR_HARD_ENFORCE,POSITIVE_PAIR_EVIDENCE,20,101,rnafold,LOCAL_CONFLICT_EFFECT,121,pair,34,0,0,0,0,0,0,1.0,1.0,1.0,1.0,1.0,1.0,0.0743801652892562,1.0,34,0,34,1.0
PAIR_HARD_ENFORCE,POSITIVE_PAIR_EVIDENCE,20,101,rnafold,NON_EVIDENCED_EFFECT,121,pair,1524,0,0,0,1175,186,163,0.8983746576785807,0.9115786341600635,0.8999295919096578,0.8633357825128581,0.8781763826606876,0.8706928492034087,0.0,0.0,0,0,0,1.0
PAIR_HARD_ENFORCE,POSITIVE_PAIR_EVIDENCE,20,101,trrosettarna2_native_ss,DIRECT_EVIDENCE_EFFECT,121,pair,338,338,299,338,338,0,0,1.0,1.0,1.0,1.0,1.0,1.0,0.0705010554184108,0.061224489795918324,39,0,39,1.0
PAIR_HARD_ENFORCE,POSITIVE_PAIR_EVIDENCE,20,101,trrosettarna2_native_ss,LOCAL_CONFLICT_EFFECT,121,pair,45,0,0,0,0,0,0,1.0,1.0,1.0,1.0,1.0,1.0,0.09917355371900827,1.0,45,0,45,1.0
PAIR_HARD_ENFORCE,POSITIVE_PAIR_EVIDENCE,20,101,trrosettarna2_native_ss,NON_EVIDENCED_EFFECT,121,pair,1725,0,0,0,1162,387,176,0.764672463535977,0.9101874862995427,0.8260379834084463,0.750161394448031,0.8684603886397608,0.804987876688604,0.0,0.0,0,0,0,1.0
PAIR_HARD_ENFORCE,POSITIVE_PAIR_EVIDENCE,20,103,petfold,DIRECT_EVIDENCE_EFFECT,121,pair,338,338,295,338,338,0,0,1.0,1.0,1.0,1.0,1.0,1.0,0.07118711246081202,0.06793048973143756,43,0,43,1.0
PAIR_HARD_ENFORCE,POSITIVE_PAIR_EVIDENCE,20,103,petfold,LOCAL_CONFLICT_EFFECT,121,pair,31,0,0,0,0,0,0,1.0,1.0,1.0,1.0,1.0,1.0,0.09090909090909091,1.0,31,0,31,1.0
PAIR_HARD_ENFORCE,POSITIVE_PAIR_EVIDENCE,20,103,petfold,NON_EVIDENCED_EFFECT,121,pair,1548,0,0,0,1168,210,170,0.8864622198931593,0.9071444389990816,0.8918400749600633,0.8476052249637155,0.8729446935724963,0.8600883652430045,0.0,0.0,0,0,0,1.0
PAIR_HARD_ENFORCE,POSITIVE_PAIR_EVIDENCE,20,103,rnafold,DIRECT_EVIDENCE_EFFECT,121,pair,338,338,296,338,338,0,0,1.0,1.0,1.0,1.0,1.0,1.0,0.07043579765991045,0.06624605678233442,42,0,42,1.0
PAIR_HARD_ENFORCE,POSITIVE_PAIR_EVIDENCE,20,103,rnafold,LOCAL_CONFLICT_EFFECT,121,pair,33,0,0,0,0,0,0,1.0,1.0,1.0,1.0,1.0,1.0,0.08264462809917356,1.0,33,0,33,1.0
PAIR_HARD_ENFORCE,POSITIVE_PAIR_EVIDENCE,20,103,rnafold,NON_EVIDENCED_EFFECT,121,pair,1525,0,0,0,1177,187,161,0.9010931328507077,0.914312294100821,0.9028453768863006,0.8629032258064516,0.8796711509715994,0.8712065136935603,0.0,0.0,0,0,0,1.0
PAIR_HARD_ENFORCE,POSITIVE_PAIR_EVIDENCE,20,103,trrosettarna2_native_ss,DIRECT_EVIDENCE_EFFECT,121,pair,338,338,294,338,338,0,0,1.0,1.0,1.0,1.0,1.0,1.0,0.07751571201984425,0.069620253164557,44,0,44,1.0
PAIR_HARD_ENFORCE,POSITIVE_PAIR_EVIDENCE,20,103,trrosettarna2_native_ss,LOCAL_CONFLICT_EFFECT,121,pair,60,0,0,0,0,0,0,1.0,1.0,1.0,1.0,1.0,1.0,0.10743801652892562,1.0,60,0,60,1.0
PAIR_HARD_ENFORCE,POSITIVE_PAIR_EVIDENCE,20,103,trrosettarna2_native_ss,NON_EVIDENCED_EFFECT,121,pair,1710,0,0,0,1167,372,171,0.7675982482824703,0.9115966750689649,0.8279450113827536,0.7582846003898636,0.8721973094170403,0.8112617309697602,0.0,0.0,0,0,0,1.0
PAIR_HARD_ENFORCE,POSITIVE_PAIR_EVIDENCE,20,107,petfold,DIRECT_EVIDENCE_EFFECT,121,pair,338,338,290,338,338,0,0,1.0,1.0,1.0,1.0,1.0,1.0,0.0792830435718648,0.07643312101910826,48,0,48,1.0
PAIR_HARD_ENFORCE,POSITIVE_PAIR_EVIDENCE,20,107,petfold,LOCAL_CONFLICT_EFFECT,121,pair,50,0,0,0,0,0,0,1.0,1.0,1.0,1.0,1.0,1.0,0.10743801652892562,1.0,50,0,50,1.0
PAIR_HARD_ENFORCE,POSITIVE_PAIR_EVIDENCE,20,107,petfold,NON_EVIDENCED_EFFECT,121,pair,1529,0,0,0,1173,191,165,0.8899317967236294,0.9093020771800547,0.894215721368415,0.8599706744868035,0.8766816143497758,0.8682457438934122,0.0,0.0,0,0,0,1.0
PAIR_HARD_ENFORCE,POSITIVE_PAIR_EVIDENCE,20,107,rnafold,DIRECT_EVIDENCE_EFFECT,121,pair,338,338,293,338,338,0,0,1.0,1.0,1.0,1.0,1.0,1.0,0.0744293114454054,0.07131537242472263,45,0,45,1.0
PAIR_HARD_ENFORCE,POSITIVE_PAIR_EVIDENCE,20,107,rnafold,LOCAL_CONFLICT_EFFECT,121,pair,49,0,0,0,0,0,0,1.0,1.0,1.0,1.0,1.0,1.0,0.09917355371900827,1.0,49,0,49,1.0
PAIR_HARD_ENFORCE,POSITIVE_PAIR_EVIDENCE,20,107,rnafold,NON_EVIDENCED_EFFECT,121,pair,1509,0,0,0,1180,171,158,0.9036573623869868,0.9147196704440264,0.9039473782796023,0.8734270910436713,0.8819133034379671,0.8776496838973596,0.0,0.0,0,0,0,1.0
PAIR_HARD_ENFORCE,POSITIVE_PAIR_EVIDENCE,20,107,trrosettarna2_native_ss,DIRECT_EVIDENCE_EFFECT,121,pair,338,338,293,338,338,0,0,1.0,1.0,1.0,1.0,1.0,1.0,0.08389878365571123,0.07131537242472263,45,0,45,1.0
PAIR_HARD_ENFORCE,POSITIVE_PAIR_EVIDENCE,20,107,trrosettarna2_native_ss,LOCAL_CONFLICT_EFFECT,121,pair,55,0,0,0,0,0,0,1.0,1.0,1.0,1.0,1.0,1.0,0.10743801652892562,1.0,55,0,55,1.0
PAIR_HARD_ENFORCE,POSITIVE_PAIR_EVIDENCE,20,107,trrosettarna2_native_ss,NON_EVIDENCED_EFFECT,121,pair,1715,0,0,0,1168,377,170,0.7688939296350642,0.9147618304035416,0.8303879919793519,0.7559870550161812,0.8729446935724963,0.8102670828997572,0.0,0.0,0,0,0,1.0
PAIR_HARD_ENFORCE,POSITIVE_PAIR_EVIDENCE,20,109,petfold,DIRECT_EVIDENCE_EFFECT,121,pair,338,338,296,338,338,0,0,1.0,1.0,1.0,1.0,1.0,1.0,0.06792682934483717,0.06624605678233442,42,0,42,1.0
PAIR_HARD_ENFORCE,POSITIVE_PAIR_EVIDENCE,20,109,petfold,LOCAL_CONFLICT_EFFECT,121,pair,39,0,0,0,0,0,0,1.0,1.0,1.0,1.0,1.0,1.0,0.09090909090909091,1.0,39,0,39,1.0
PAIR_HARD_ENFORCE,POSITIVE_PAIR_EVIDENCE,20,109,petfold,NON_EVIDENCED_EFFECT,121,pair,1540,0,0,0,1167,202,171,0.8868224610305617,0.9057248389103031,0.891134564255029,0.8524470416362309,0.8721973094170403,0.8622090875507943,0.0,0.0,0,0,0,1.0
PAIR_HARD_ENFORCE,POSITIVE_PAIR_EVIDENCE,20,109,rnafold,DIRECT_EVIDENCE_EFFECT,121,pair,338,338,296,338,338,0,0,1.0,1.0,1.0,1.0,1.0,1.0,0.06604854234258323,0.06624605678233442,42,0,42,1.0
PAIR_HARD_ENFORCE,POSITIVE_PAIR_EVIDENCE,20,109,rnafold,LOCAL_CONFLICT_EFFECT,121,pair,39,0,0,0,0,0,0,1.0,1.0,1.0,1.0,1.0,1.0,0.09090909090909091,1.0,39,0,39,1.0
PAIR_HARD_ENFORCE,POSITIVE_PAIR_EVIDENCE,20,109,rnafold,NON_EVIDENCED_EFFECT,121,pair,1519,0,0,0,1177,181,161,0.9009951524925358,0.9125097517234123,0.9018584257076604,0.8667157584683358,0.8796711509715994,0.8731454005934718,0.0,0.0,0,0,0,1.0
PAIR_HARD_ENFORCE,POSITIVE_PAIR_EVIDENCE,20,109,trrosettarna2_native_ss,DIRECT_EVIDENCE_EFFECT,121,pair,338,338,299,338,338,0,0,1.0,1.0,1.0,1.0,1.0,1.0,0.07163518299881937,0.061224489795918324,39,0,39,1.0
PAIR_HARD_ENFORCE,POSITIVE_PAIR_EVIDENCE,20,109,trrosettarna2_native_ss,LOCAL_CONFLICT_EFFECT,121,pair,57,0,0,0,0,0,0,1.0,1.0,1.0,1.0,1.0,1.0,0.10743801652892562,1.0,57,0,57,1.0
PAIR_HARD_ENFORCE,POSITIVE_PAIR_EVIDENCE,20,109,trrosettarna2_native_ss,NON_EVIDENCED_EFFECT,121,pair,1713,0,0,0,1162,375,176,0.7670660617312952,0.9105331036541537,0.8271399944846094,0.7560182173064411,0.8684603886397608,0.8083478260869565,0.0,0.0,0,0,0,1.0
PAIR_HARD_ENFORCE,POSITIVE_PAIR_EVIDENCE,20,113,petfold,DIRECT_EVIDENCE_EFFECT,121,pair,338,338,292,338,338,0,0,1.0,1.0,1.0,1.0,1.0,1.0,0.08452831671110718,0.07301587301587298,46,0,46,1.0
PAIR_HARD_ENFORCE,POSITIVE_PAIR_EVIDENCE,20,113,petfold,LOCAL_CONFLICT_EFFECT,121,pair,38,0,0,0,0,0,0,1.0,1.0,1.0,1.0,1.0,1.0,0.1322314049586777,1.0,38,0,38,1.0
PAIR_HARD_ENFORCE,POSITIVE_PAIR_EVIDENCE,20,113,petfold,NON_EVIDENCED_EFFECT,121,pair,1541,0,0,0,1171,203,167,0.8915699107118342,0.9107614041923716,0.8954915709547094,0.8522561863173217,0.875186846038864,0.8635693215339233,0.0,0.0,0,0,0,1.0
PAIR_HARD_ENFORCE,POSITIVE_PAIR_EVIDENCE,20,113,rnafold,DIRECT_EVIDENCE_EFFECT,121,pair,338,338,294,338,338,0,0,1.0,1.0,1.0,1.0,1.0,1.0,0.08134059534156764,0.069620253164557,44,0,44,1.0
PAIR_HARD_ENFORCE,POSITIVE_PAIR_EVIDENCE,20,113,rnafold,LOCAL_CONFLICT_EFFECT,121,pair,34,0,0,0,0,0,0,1.0,1.0,1.0,1.0,1.0,1.0,0.10743801652892562,1.0,34,0,34,1.0
PAIR_HARD_ENFORCE,POSITIVE_PAIR_EVIDENCE,20,113,rnafold,NON_EVIDENCED_EFFECT,121,pair,1524,0,0,0,1179,186,159,0.9027074402282097,0.9172940440259351,0.9047650628405918,0.8637362637362638,0.8811659192825112,0.8723640399556049,0.0,0.0,0,0,0,1.0
PAIR_HARD_ENFORCE,POSITIVE_PAIR_EVIDENCE,20,113,trrosettarna2_native_ss,DIRECT_EVIDENCE_EFFECT,121,pair,338,338,294,338,338,0,0,1.0,1.0,1.0,1.0,1.0,1.0,0.07894768225346738,0.069620253164557,44,0,44,1.0
PAIR_HARD_ENFORCE,POSITIVE_PAIR_EVIDENCE,20,113,trrosettarna2_native_ss,LOCAL_CONFLICT_EFFECT,121,pair,57,0,0,0,0,0,0,1.0,1.0,1.0,1.0,1.0,1.0,0.09917355371900827,1.0,57,0,57,1.0
PAIR_HARD_ENFORCE,POSITIVE_PAIR_EVIDENCE,20,113,trrosettarna2_native_ss,NON_EVIDENCED_EFFECT,121,pair,1713,0,0,0,1167,375,171,0.768038606762999,0.9126180741457844,0.8289020515569401,0.7568093385214008,0.8721973094170403,0.8104166666666667,0.0,0.0,0,0,0,1.0
PAIR_HARD_ENFORCE,POSITIVE_PAIR_EVIDENCE,50,101,petfold,DIRECT_EVIDENCE_EFFECT,121,pair,875,875,759,875,875,0,0,1.0,1.0,1.0,1.0,1.0,1.0,0.07185964739335483,0.07099143206854341,116,0,116,1.0
PAIR_HARD_ENFORCE,POSITIVE_PAIR_EVIDENCE,50,101,petfold,LOCAL_CONFLICT_EFFECT,121,pair,95,0,0,0,0,0,0,1.0,1.0,1.0,1.0,1.0,1.0,0.18181818181818182,1.0,95,0,95,1.0
PAIR_HARD_ENFORCE,POSITIVE_PAIR_EVIDENCE,50,101,petfold,NON_EVIDENCED_EFFECT,121,pair,947,0,0,0,704,146,97,0.8729304044143616,0.9157187050782092,0.885362985750688,0.8282352941176471,0.8789013732833958,0.8528164748637189,0.0,0.0,0,0,0,1.0
PAIR_HARD_ENFORCE,POSITIVE_PAIR_EVIDENCE,50,101,rnafold,DIRECT_EVIDENCE_EFFECT,121,pair,875,875,762,875,875,0,0,1.0,1.0,1.0,1.0,1.0,1.0,0.07017358522070706,0.06902871105681119,113,0,113,1.0
PAIR_HARD_ENFORCE,POSITIVE_PAIR_EVIDENCE,50,101,rnafold,LOCAL_CONFLICT_EFFECT,121,pair,94,0,0,0,0,0,0,1.0,1.0,1.0,1.0,1.0,1.0,0.17355371900826447,1.0,94,0,94,1.0
PAIR_HARD_ENFORCE,POSITIVE_PAIR_EVIDENCE,50,101,rnafold,NON_EVIDENCED_EFFECT,121,pair,927,0,0,0,711,126,90,0.8911353797717434,0.9256607029334302,0.900814147738111,0.8494623655913979,0.8876404494382022,0.8681318681318682,0.0,0.0,0,0,0,1.0
PAIR_HARD_ENFORCE,POSITIVE_PAIR_EVIDENCE,50,101,trrosettarna2_native_ss,DIRECT_EVIDENCE_EFFECT,121,pair,875,875,766,875,875,0,0,1.0,1.0,1.0,1.0,1.0,1.0,0.07284634738426707,0.06642291285801338,109,0,109,1.0
PAIR_HARD_ENFORCE,POSITIVE_PAIR_EVIDENCE,50,101,trrosettarna2_native_ss,LOCAL_CONFLICT_EFFECT,121,pair,121,0,0,0,0,0,0,1.0,1.0,1.0,1.0,1.0,1.0,0.15702479338842976,1.0,121,0,121,1.0
PAIR_HARD_ENFORCE,POSITIVE_PAIR_EVIDENCE,50,101,trrosettarna2_native_ss,NON_EVIDENCED_EFFECT,121,pair,1112,0,0,0,695,311,106,0.6991880711570357,0.9144130902036041,0.782795119669833,0.6908548707753479,0.867665418227216,0.7692307692307693,0.0,0.0,0,0,0,1.0
PAIR_HARD_ENFORCE,POSITIVE_PAIR_EVIDENCE,50,103,petfold,DIRECT_EVIDENCE_EFFECT,121,pair,875,875,760,875,875,0,0,1.0,1.0,1.0,1.0,1.0,1.0,0.06438317514158157,0.07033639143730885,115,0,115,1.0
PAIR_HARD_ENFORCE,POSITIVE_PAIR_EVIDENCE,50,103,petfold,LOCAL_CONFLICT_EFFECT,121,pair,93,0,0,0,0,0,0,1.0,1.0,1.0,1.0,1.0,1.0,0.15702479338842976,1.0,93,0,93,1.0
PAIR_HARD_ENFORCE,POSITIVE_PAIR_EVIDENCE,50,103,petfold,NON_EVIDENCED_EFFECT,121,pair,949,0,0,0,703,148,98,0.8675837859059464,0.9077472957234006,0.8775643406866641,0.8260869565217391,0.8776529338327091,0.851089588377724,0.0,0.0,0,0,0,1.0
PAIR_HARD_ENFORCE,POSITIVE_PAIR_EVIDENCE,50,103,rnafold,DIRECT_EVIDENCE_EFFECT,121,pair,875,875,762,875,875,0,0,1.0,1.0,1.0,1.0,1.0,1.0,0.06336208621030018,0.06902871105681119,113,0,113,1.0
PAIR_HARD_ENFORCE,POSITIVE_PAIR_EVIDENCE,50,103,rnafold,LOCAL_CONFLICT_EFFECT,121,pair,93,0,0,0,0,0,0,1.0,1.0,1.0,1.0,1.0,1.0,0.15702479338842976,1.0,93,0,93,1.0
PAIR_HARD_ENFORCE,POSITIVE_PAIR_EVIDENCE,50,103,rnafold,NON_EVIDENCED_EFFECT,121,pair,928,0,0,0,711,127,90,0.8891107469206643,0.9186258570151851,0.8946662703286775,0.8484486873508353,0.8876404494382022,0.8676021964612569,0.0,0.0,0,0,0,1.0
PAIR_HARD_ENFORCE,POSITIVE_PAIR_EVIDENCE,50,103,trrosettarna2_native_ss,DIRECT_EVIDENCE_EFFECT,121,pair,875,875,755,875,875,0,0,1.0,1.0,1.0,1.0,1.0,1.0,0.07596599259904675,0.07361963190184051,120,0,120,1.0
PAIR_HARD_ENFORCE,POSITIVE_PAIR_EVIDENCE,50,103,trrosettarna2_native_ss,LOCAL_CONFLICT_EFFECT,121,pair,126,0,0,0,0,0,0,1.0,1.0,1.0,1.0,1.0,1.0,0.1487603305785124,1.0,126,0,126,1.0
PAIR_HARD_ENFORCE,POSITIVE_PAIR_EVIDENCE,50,103,trrosettarna2_native_ss,NON_EVIDENCED_EFFECT,121,pair,1107,0,0,0,706,306,95,0.7028380921576312,0.9180535647926953,0.7860649197443391,0.6976284584980237,0.8813982521847691,0.7788196359624932,0.0,0.0,0,0,0,1.0
PAIR_HARD_ENFORCE,POSITIVE_PAIR_EVIDENCE,50,107,petfold,DIRECT_EVIDENCE_EFFECT,121,pair,875,875,764,875,875,0,0,1.0,1.0,1.0,1.0,1.0,1.0,0.06740701573820544,0.0677242220866382,111,0,111,1.0
PAIR_HARD_ENFORCE,POSITIVE_PAIR_EVIDENCE,50,107,petfold,LOCAL_CONFLICT_EFFECT,121,pair,74,0,0,0,0,0,0,1.0,1.0,1.0,1.0,1.0,1.0,0.17355371900826447,1.0,74,0,74,1.0
PAIR_HARD_ENFORCE,POSITIVE_PAIR_EVIDENCE,50,107,petfold,NON_EVIDENCED_EFFECT,121,pair,968,0,0,0,699,167,102,0.8633191546475455,0.9165925751894131,0.8813646626943784,0.8071593533487298,0.8726591760299626,0.8386322735452909,0.0,0.0,0,0,0,1.0
PAIR_HARD_ENFORCE,POSITIVE_PAIR_EVIDENCE,50,107,rnafold,DIRECT_EVIDENCE_EFFECT,121,pair,875,875,770,875,875,0,0,1.0,1.0,1.0,1.0,1.0,1.0,0.0628723138417489,0.06382978723404253,105,0,105,1.0
PAIR_HARD_ENFORCE,POSITIVE_PAIR_EVIDENCE,50,107,rnafold,LOCAL_CONFLICT_EFFECT,121,pair,72,0,0,0,0,0,0,1.0,1.0,1.0,1.0,1.0,1.0,0.17355371900826447,1.0,72,0,72,1.0
PAIR_HARD_ENFORCE,POSITIVE_PAIR_EVIDENCE,50,107,rnafold,NON_EVIDENCED_EFFECT,121,pair,949,0,0,0,703,148,98,0.8813930712691043,0.9213479208538496,0.8935265065611584,0.8260869565217391,0.8776529338327091,0.851089588377724,0.0,0.0,0,0,0,1.0
PAIR_HARD_ENFORCE,POSITIVE_PAIR_EVIDENCE,50,107,trrosettarna2_native_ss,DIRECT_EVIDENCE_EFFECT,121,pair,875,875,759,875,875,0,0,1.0,1.0,1.0,1.0,1.0,1.0,0.07875166946505742,0.07099143206854341,116,0,116,1.0
PAIR_HARD_ENFORCE,POSITIVE_PAIR_EVIDENCE,50,107,trrosettarna2_native_ss,LOCAL_CONFLICT_EFFECT,121,pair,127,0,0,0,0,0,0,1.0,1.0,1.0,1.0,1.0,1.0,0.15702479338842976,1.0,127,0,127,1.0
PAIR_HARD_ENFORCE,POSITIVE_PAIR_EVIDENCE,50,107,trrosettarna2_native_ss,NON_EVIDENCED_EFFECT,121,pair,1106,0,0,0,702,305,99,0.7041895116336189,0.9203073990129327,0.7881908074880118,0.6971201588877854,0.8764044943820225,0.7765486725663717,0.0,0.0,0,0,0,1.0
PAIR_HARD_ENFORCE,POSITIVE_PAIR_EVIDENCE,50,109,petfold,DIRECT_EVIDENCE_EFFECT,121,pair,875,875,768,875,875,0,0,1.0,1.0,1.0,1.0,1.0,1.0,0.06699508154077118,0.06512477175897746,107,0,107,1.0
PAIR_HARD_ENFORCE,POSITIVE_PAIR_EVIDENCE,50,109,petfold,LOCAL_CONFLICT_EFFECT,121,pair,82,0,0,0,0,0,0,1.0,1.0,1.0,1.0,1.0,1.0,0.1487603305785124,1.0,82,0,82,1.0
PAIR_HARD_ENFORCE,POSITIVE_PAIR_EVIDENCE,50,109,petfold,NON_EVIDENCED_EFFECT,121,pair,960,0,0,0,695,159,106,0.8643912912921178,0.9098351034121784,0.8769992969785922,0.8138173302107728,0.867665418227216,0.8398791540785498,0.0,0.0,0,0,0,1.0
PAIR_HARD_ENFORCE,POSITIVE_PAIR_EVIDENCE,50,109,rnafold,DIRECT_EVIDENCE_EFFECT,121,pair,875,875,775,875,875,0,0,1.0,1.0,1.0,1.0,1.0,1.0,0.06250687841045047,0.06060606060606055,100,0,100,1.0
PAIR_HARD_ENFORCE,POSITIVE_PAIR_EVIDENCE,50,109,rnafold,LOCAL_CONFLICT_EFFECT,121,pair,79,0,0,0,0,0,0,1.0,1.0,1.0,1.0,1.0,1.0,0.1487603305785124,1.0,79,0,79,1.0
PAIR_HARD_ENFORCE,POSITIVE_PAIR_EVIDENCE,50,109,rnafold,NON_EVIDENCED_EFFECT,121,pair,942,0,0,0,698,141,103,0.8839186768865914,0.9140591621816919,0.8895677421374925,0.831942789034565,0.8714107365792759,0.8512195121951219,0.0,0.0,0,0,0,1.0
PAIR_HARD_ENFORCE,POSITIVE_PAIR_EVIDENCE,50,109,trrosettarna2_native_ss,DIRECT_EVIDENCE_EFFECT,121,pair,875,875,766,875,875,0,0,1.0,1.0,1.0,1.0,1.0,1.0,0.07478712316341428,0.06642291285801338,109,0,109,1.0
PAIR_HARD_ENFORCE,POSITIVE_PAIR_EVIDENCE,50,109,trrosettarna2_native_ss,LOCAL_CONFLICT_EFFECT,121,pair,122,0,0,0,0,0,0,1.0,1.0,1.0,1.0,1.0,1.0,0.14049586776859505,1.0,122,0,122,1.0
PAIR_HARD_ENFORCE,POSITIVE_PAIR_EVIDENCE,50,109,trrosettarna2_native_ss,NON_EVIDENCED_EFFECT,121,pair,1111,0,0,0,695,310,106,0.6995510470584542,0.9162825097607706,0.7836510744798563,0.6915422885572139,0.867665418227216,0.769656699889258,0.0,0.0,0,0,0,1.0
PAIR_HARD_ENFORCE,POSITIVE_PAIR_EVIDENCE,50,113,petfold,DIRECT_EVIDENCE_EFFECT,121,pair,875,875,761,875,875,0,0,1.0,1.0,1.0,1.0,1.0,1.0,0.07488658744847045,0.06968215158924207,114,0,114,1.0
PAIR_HARD_ENFORCE,POSITIVE_PAIR_EVIDENCE,50,113,petfold,LOCAL_CONFLICT_EFFECT,121,pair,87,0,0,0,0,0,0,1.0,1.0,1.0,1.0,1.0,1.0,0.15702479338842976,1.0,87,0,87,1.0
PAIR_HARD_ENFORCE,POSITIVE_PAIR_EVIDENCE,50,113,petfold,NON_EVIDENCED_EFFECT,121,pair,955,0,0,0,702,154,99,0.8669803028225488,0.9206790609278931,0.8849347293099951,0.8200934579439252,0.8764044943820225,0.8473144236572119,0.0,0.0,0,0,0,1.0
PAIR_HARD_ENFORCE,POSITIVE_PAIR_EVIDENCE,50,113,rnafold,DIRECT_EVIDENCE_EFFECT,121,pair,875,875,767,875,875,0,0,1.0,1.0,1.0,1.0,1.0,1.0,0.07051151639588253,0.06577344701583432,108,0,108,1.0
PAIR_HARD_ENFORCE,POSITIVE_PAIR_EVIDENCE,50,113,rnafold,LOCAL_CONFLICT_EFFECT,121,pair,82,0,0,0,0,0,0,1.0,1.0,1.0,1.0,1.0,1.0,0.14049586776859505,1.0,82,0,82,1.0
PAIR_HARD_ENFORCE,POSITIVE_PAIR_EVIDENCE,50,113,rnafold,NON_EVIDENCED_EFFECT,121,pair,939,0,0,0,706,138,95,0.8837663330565616,0.9251994143118829,0.8966825735612945,0.8364928909952607,0.8813982521847691,0.8583586626139817,0.0,0.0,0,0,0,1.0
PAIR_HARD_ENFORCE,POSITIVE_PAIR_EVIDENCE,50,113,trrosettarna2_native_ss,DIRECT_EVIDENCE_EFFECT,121,pair,875,875,767,875,875,0,0,1.0,1.0,1.0,1.0,1.0,1.0,0.07257914828210191,0.06577344701583432,108,0,108,1.0
PAIR_HARD_ENFORCE,POSITIVE_PAIR_EVIDENCE,50,113,trrosettarna2_native_ss,LOCAL_CONFLICT_EFFECT,121,pair,120,0,0,0,0,0,0,1.0,1.0,1.0,1.0,1.0,1.0,0.1487603305785124,1.0,120,0,120,1.0
PAIR_HARD_ENFORCE,POSITIVE_PAIR_EVIDENCE,50,113,trrosettarna2_native_ss,NON_EVIDENCED_EFFECT,121,pair,1113,0,0,0,694,312,107,0.6970459462812622,0.9126749677639006,0.7810049529155113,0.6898608349900597,0.8664169787765293,0.7681239623685667,0.0,0.0,0,0,0,1.0
PAIR_PROTECT_ONLY,POSITIVE_PAIR_EVIDENCE,0,101,petfold,DIRECT_EVIDENCE_EFFECT,121,pair,0,0,0,0,0,0,0,1.0,1.0,1.0,1.0,1.0,1.0,0.0,0.0,0,0,0,1.0
PAIR_PROTECT_ONLY,POSITIVE_PAIR_EVIDENCE,0,101,petfold,LOCAL_CONFLICT_EFFECT,121,pair,0,0,0,0,0,0,0,1.0,1.0,1.0,1.0,1.0,1.0,0.0,0.0,0,0,0,1.0
PAIR_PROTECT_ONLY,POSITIVE_PAIR_EVIDENCE,0,101,petfold,NON_EVIDENCED_EFFECT,121,pair,1917,0,0,0,1463,241,213,0.8952556023530504,0.9077787598919441,0.8968492212485739,0.8585680751173709,0.8729116945107399,0.8656804733727811,0.0,0.0,0,0,0,1.0
PAIR_PROTECT_ONLY,POSITIVE_PAIR_EVIDENCE,0,101,rnafold,DIRECT_EVIDENCE_EFFECT,121,pair,0,0,0,0,0,0,0,1.0,1.0,1.0,1.0,1.0,1.0,0.0,0.0,0,0,0,1.0
PAIR_PROTECT_ONLY,POSITIVE_PAIR_EVIDENCE,0,101,rnafold,LOCAL_CONFLICT_EFFECT,121,pair,0,0,0,0,0,0,0,1.0,1.0,1.0,1.0,1.0,1.0,0.0,0.0,0,0,0,1.0
PAIR_PROTECT_ONLY,POSITIVE_PAIR_EVIDENCE,0,101,rnafold,NON_EVIDENCED_EFFECT,121,pair,1896,0,0,0,1473,220,203,0.9069374161618192,0.9138670306547281,0.9058176119079561,0.8700531600708801,0.8788782816229117,0.8744434550311665,0.0,0.0,0,0,0,1.0
PAIR_PROTECT_ONLY,POSITIVE_PAIR_EVIDENCE,0,101,trrosettarna2_native_ss,DIRECT_EVIDENCE_EFFECT,121,pair,0,0,0,0,0,0,0,1.0,1.0,1.0,1.0,1.0,1.0,0.0,0.0,0,0,0,1.0
PAIR_PROTECT_ONLY,POSITIVE_PAIR_EVIDENCE,0,101,trrosettarna2_native_ss,LOCAL_CONFLICT_EFFECT,121,pair,0,0,0,0,0,0,0,1.0,1.0,1.0,1.0,1.0,1.0,0.0,0.0,0,0,0,1.0
PAIR_PROTECT_ONLY,POSITIVE_PAIR_EVIDENCE,0,101,trrosettarna2_native_ss,NON_EVIDENCED_EFFECT,121,pair,2108,0,0,0,1461,432,215,0.7905636556834104,0.9120849106151278,0.8428713642132949,0.7717908082408875,0.8717183770883055,0.8187167273746148,0.0,0.0,0,0,0,1.0
PAIR_PROTECT_ONLY,POSITIVE_PAIR_EVIDENCE,0,103,petfold,DIRECT_EVIDENCE_EFFECT,121,pair,0,0,0,0,0,0,0,1.0,1.0,1.0,1.0,1.0,1.0,0.0,0.0,0,0,0,1.0
PAIR_PROTECT_ONLY,POSITIVE_PAIR_EVIDENCE,0,103,petfold,LOCAL_CONFLICT_EFFECT,121,pair,0,0,0,0,0,0,0,1.0,1.0,1.0,1.0,1.0,1.0,0.0,0.0,0,0,0,1.0
PAIR_PROTECT_ONLY,POSITIVE_PAIR_EVIDENCE,0,103,petfold,NON_EVIDENCED_EFFECT,121,pair,1917,0,0,0,1463,241,213,0.8952556023530504,0.9077787598919441,0.8968492212485739,0.8585680751173709,0.8729116945107399,0.8656804733727811,0.0,0.0,0,0,0,1.0
PAIR_PROTECT_ONLY,POSITIVE_PAIR_EVIDENCE,0,103,rnafold,DIRECT_EVIDENCE_EFFECT,121,pair,0,0,0,0,0,0,0,1.0,1.0,1.0,1.0,1.0,1.0,0.0,0.0,0,0,0,1.0
PAIR_PROTECT_ONLY,POSITIVE_PAIR_EVIDENCE,0,103,rnafold,LOCAL_CONFLICT_EFFECT,121,pair,0,0,0,0,0,0,0,1.0,1.0,1.0,1.0,1.0,1.0,0.0,0.0,0,0,0,1.0
PAIR_PROTECT_ONLY,POSITIVE_PAIR_EVIDENCE,0,103,rnafold,NON_EVIDENCED_EFFECT,121,pair,1896,0,0,0,1473,220,203,0.9069374161618192,0.9138670306547281,0.9058176119079561,0.8700531600708801,0.8788782816229117,0.8744434550311665,0.0,0.0,0,0,0,1.0
PAIR_PROTECT_ONLY,POSITIVE_PAIR_EVIDENCE,0,103,trrosettarna2_native_ss,DIRECT_EVIDENCE_EFFECT,121,pair,0,0,0,0,0,0,0,1.0,1.0,1.0,1.0,1.0,1.0,0.0,0.0,0,0,0,1.0
PAIR_PROTECT_ONLY,POSITIVE_PAIR_EVIDENCE,0,103,trrosettarna2_native_ss,LOCAL_CONFLICT_EFFECT,121,pair,0,0,0,0,0,0,0,1.0,1.0,1.0,1.0,1.0,1.0,0.0,0.0,0,0,0,1.0
PAIR_PROTECT_ONLY,POSITIVE_PAIR_EVIDENCE,0,103,trrosettarna2_native_ss,NON_EVIDENCED_EFFECT,121,pair,2108,0,0,0,1461,432,215,0.7905636556834104,0.9120849106151278,0.8428713642132949,0.7717908082408875,0.8717183770883055,0.8187167273746148,0.0,0.0,0,0,0,1.0
PAIR_PROTECT_ONLY,POSITIVE_PAIR_EVIDENCE,0,107,petfold,DIRECT_EVIDENCE_EFFECT,121,pair,0,0,0,0,0,0,0,1.0,1.0,1.0,1.0,1.0,1.0,0.0,0.0,0,0,0,1.0
PAIR_PROTECT_ONLY,POSITIVE_PAIR_EVIDENCE,0,107,petfold,LOCAL_CONFLICT_EFFECT,121,pair,0,0,0,0,0,0,0,1.0,1.0,1.0,1.0,1.0,1.0,0.0,0.0,0,0,0,1.0
PAIR_PROTECT_ONLY,POSITIVE_PAIR_EVIDENCE,0,107,petfold,NON_EVIDENCED_EFFECT,121,pair,1917,0,0,0,1463,241,213,0.8952556023530504,0.9077787598919441,0.8968492212485739,0.8585680751173709,0.8729116945107399,0.8656804733727811,0.0,0.0,0,0,0,1.0
PAIR_PROTECT_ONLY,POSITIVE_PAIR_EVIDENCE,0,107,rnafold,DIRECT_EVIDENCE_EFFECT,121,pair,0,0,0,0,0,0,0,1.0,1.0,1.0,1.0,1.0,1.0,0.0,0.0,0,0,0,1.0
PAIR_PROTECT_ONLY,POSITIVE_PAIR_EVIDENCE,0,107,rnafold,LOCAL_CONFLICT_EFFECT,121,pair,0,0,0,0,0,0,0,1.0,1.0,1.0,1.0,1.0,1.0,0.0,0.0,0,0,0,1.0
PAIR_PROTECT_ONLY,POSITIVE_PAIR_EVIDENCE,0,107,rnafold,NON_EVIDENCED_EFFECT,121,pair,1896,0,0,0,1473,220,203,0.9069374161618192,0.9138670306547281,0.9058176119079561,0.8700531600708801,0.8788782816229117,0.8744434550311665,0.0,0.0,0,0,0,1.0
PAIR_PROTECT_ONLY,POSITIVE_PAIR_EVIDENCE,0,107,trrosettarna2_native_ss,DIRECT_EVIDENCE_EFFECT,121,pair,0,0,0,0,0,0,0,1.0,1.0,1.0,1.0,1.0,1.0,0.0,0.0,0,0,0,1.0
PAIR_PROTECT_ONLY,POSITIVE_PAIR_EVIDENCE,0,107,trrosettarna2_native_ss,LOCAL_CONFLICT_EFFECT,121,pair,0,0,0,0,0,0,0,1.0,1.0,1.0,1.0,1.0,1.0,0.0,0.0,0,0,0,1.0
PAIR_PROTECT_ONLY,POSITIVE_PAIR_EVIDENCE,0,107,trrosettarna2_native_ss,NON_EVIDENCED_EFFECT,121,pair,2108,0,0,0,1461,432,215,0.7905636556834104,0.9120849106151278,0.8428713642132949,0.7717908082408875,0.8717183770883055,0.8187167273746148,0.0,0.0,0,0,0,1.0
PAIR_PROTECT_ONLY,POSITIVE_PAIR_EVIDENCE,0,109,petfold,DIRECT_EVIDENCE_EFFECT,121,pair,0,0,0,0,0,0,0,1.0,1.0,1.0,1.0,1.0,1.0,0.0,0.0,0,0,0,1.0
PAIR_PROTECT_ONLY,POSITIVE_PAIR_EVIDENCE,0,109,petfold,LOCAL_CONFLICT_EFFECT,121,pair,0,0,0,0,0,0,0,1.0,1.0,1.0,1.0,1.0,1.0,0.0,0.0,0,0,0,1.0
PAIR_PROTECT_ONLY,POSITIVE_PAIR_EVIDENCE,0,109,petfold,NON_EVIDENCED_EFFECT,121,pair,1917,0,0,0,1463,241,213,0.8952556023530504,0.9077787598919441,0.8968492212485739,0.8585680751173709,0.8729116945107399,0.8656804733727811,0.0,0.0,0,0,0,1.0
PAIR_PROTECT_ONLY,POSITIVE_PAIR_EVIDENCE,0,109,rnafold,DIRECT_EVIDENCE_EFFECT,121,pair,0,0,0,0,0,0,0,1.0,1.0,1.0,1.0,1.0,1.0,0.0,0.0,0,0,0,1.0
PAIR_PROTECT_ONLY,POSITIVE_PAIR_EVIDENCE,0,109,rnafold,LOCAL_CONFLICT_EFFECT,121,pair,0,0,0,0,0,0,0,1.0,1.0,1.0,1.0,1.0,1.0,0.0,0.0,0,0,0,1.0
PAIR_PROTECT_ONLY,POSITIVE_PAIR_EVIDENCE,0,109,rnafold,NON_EVIDENCED_EFFECT,121,pair,1896,0,0,0,1473,220,203,0.9069374161618192,0.9138670306547281,0.9058176119079561,0.8700531600708801,0.8788782816229117,0.8744434550311665,0.0,0.0,0,0,0,1.0
PAIR_PROTECT_ONLY,POSITIVE_PAIR_EVIDENCE,0,109,trrosettarna2_native_ss,DIRECT_EVIDENCE_EFFECT,121,pair,0,0,0,0,0,0,0,1.0,1.0,1.0,1.0,1.0,1.0,0.0,0.0,0,0,0,1.0
PAIR_PROTECT_ONLY,POSITIVE_PAIR_EVIDENCE,0,109,trrosettarna2_native_ss,LOCAL_CONFLICT_EFFECT,121,pair,0,0,0,0,0,0,0,1.0,1.0,1.0,1.0,1.0,1.0,0.0,0.0,0,0,0,1.0
PAIR_PROTECT_ONLY,POSITIVE_PAIR_EVIDENCE,0,109,trrosettarna2_native_ss,NON_EVIDENCED_EFFECT,121,pair,2108,0,0,0,1461,432,215,0.7905636556834104,0.9120849106151278,0.8428713642132949,0.7717908082408875,0.8717183770883055,0.8187167273746148,0.0,0.0,0,0,0,1.0
PAIR_PROTECT_ONLY,POSITIVE_PAIR_EVIDENCE,0,113,petfold,DIRECT_EVIDENCE_EFFECT,121,pair,0,0,0,0,0,0,0,1.0,1.0,1.0,1.0,1.0,1.0,0.0,0.0,0,0,0,1.0
PAIR_PROTECT_ONLY,POSITIVE_PAIR_EVIDENCE,0,113,petfold,LOCAL_CONFLICT_EFFECT,121,pair,0,0,0,0,0,0,0,1.0,1.0,1.0,1.0,1.0,1.0,0.0,0.0,0,0,0,1.0
PAIR_PROTECT_ONLY,POSITIVE_PAIR_EVIDENCE,0,113,petfold,NON_EVIDENCED_EFFECT,121,pair,1917,0,0,0,1463,241,213,0.8952556023530504,0.9077787598919441,0.8968492212485739,0.8585680751173709,0.8729116945107399,0.8656804733727811,0.0,0.0,0,0,0,1.0
PAIR_PROTECT_ONLY,POSITIVE_PAIR_EVIDENCE,0,113,rnafold,DIRECT_EVIDENCE_EFFECT,121,pair,0,0,0,0,0,0,0,1.0,1.0,1.0,1.0,1.0,1.0,0.0,0.0,0,0,0,1.0
PAIR_PROTECT_ONLY,POSITIVE_PAIR_EVIDENCE,0,113,rnafold,LOCAL_CONFLICT_EFFECT,121,pair,0,0,0,0,0,0,0,1.0,1.0,1.0,1.0,1.0,1.0,0.0,0.0,0,0,0,1.0
PAIR_PROTECT_ONLY,POSITIVE_PAIR_EVIDENCE,0,113,rnafold,NON_EVIDENCED_EFFECT,121,pair,1896,0,0,0,1473,220,203,0.9069374161618192,0.9138670306547281,0.9058176119079561,0.8700531600708801,0.8788782816229117,0.8744434550311665,0.0,0.0,0,0,0,1.0
PAIR_PROTECT_ONLY,POSITIVE_PAIR_EVIDENCE,0,113,trrosettarna2_native_ss,DIRECT_EVIDENCE_EFFECT,121,pair,0,0,0,0,0,0,0,1.0,1.0,1.0,1.0,1.0,1.0,0.0,0.0,0,0,0,1.0
PAIR_PROTECT_ONLY,POSITIVE_PAIR_EVIDENCE,0,113,trrosettarna2_native_ss,LOCAL_CONFLICT_EFFECT,121,pair,0,0,0,0,0,0,0,1.0,1.0,1.0,1.0,1.0,1.0,0.0,0.0,0,0,0,1.0
PAIR_PROTECT_ONLY,POSITIVE_PAIR_EVIDENCE,0,113,trrosettarna2_native_ss,NON_EVIDENCED_EFFECT,121,pair,2108,0,0,0,1461,432,215,0.7905636556834104,0.9120849106151278,0.8428713642132949,0.7717908082408875,0.8717183770883055,0.8187167273746148,0.0,0.0,0,0,0,1.0
PAIR_PROTECT_ONLY,POSITIVE_PAIR_EVIDENCE,1,101,petfold,DIRECT_EVIDENCE_EFFECT,121,pair,121,121,110,110,110,0,11,0.9090909090909091,0.9090909090909091,0.9090909090909091,1.0,0.9090909090909091,0.9523809523809523,0.0,0.0,0,0,0,1.0
PAIR_PROTECT_ONLY,POSITIVE_PAIR_EVIDENCE,1,101,petfold,LOCAL_CONFLICT_EFFECT,121,pair,9,0,0,0,0,0,0,1.0,1.0,1.0,1.0,1.0,1.0,0.05785123966942149,1.0,9,0,9,1.0
PAIR_PROTECT_ONLY,POSITIVE_PAIR_EVIDENCE,1,101,petfold,NON_EVIDENCED_EFFECT,121,pair,1787,0,0,0,1353,232,202,0.8913111820878411,0.9076448790274508,0.8941138338516147,0.853627760252366,0.8700964630225081,0.8617834394904459,0.0,0.0,0,0,0,1.0
PAIR_PROTECT_ONLY,POSITIVE_PAIR_EVIDENCE,1,101,rnafold,DIRECT_EVIDENCE_EFFECT,121,pair,121,121,113,113,113,0,8,0.9338842975206612,0.9338842975206612,0.9338842975206612,1.0,0.9338842975206612,0.9658119658119658,0.0,0.0,0,0,0,1.0
PAIR_PROTECT_ONLY,POSITIVE_PAIR_EVIDENCE,1,101,rnafold,LOCAL_CONFLICT_EFFECT,121,pair,4,0,0,0,0,0,0,1.0,1.0,1.0,1.0,1.0,1.0,0.01652892561983471,1.0,4,0,4,1.0
PAIR_PROTECT_ONLY,POSITIVE_PAIR_EVIDENCE,1,101,rnafold,NON_EVIDENCED_EFFECT,121,pair,1771,0,0,0,1360,216,195,0.90131480501018,0.9126912234849524,0.9018777765990463,0.8629441624365483,0.8745980707395499,0.868732034493772,0.0,0.0,0,0,0,1.0
PAIR_PROTECT_ONLY,POSITIVE_PAIR_EVIDENCE,1,101,trrosettarna2_native_ss,DIRECT_EVIDENCE_EFFECT,121,pair,121,121,111,111,111,0,10,0.9173553719008265,0.9173553719008265,0.9173553719008265,1.0,0.9173553719008265,0.9568965517241379,0.0,0.0,0,0,0,1.0
PAIR_PROTECT_ONLY,POSITIVE_PAIR_EVIDENCE,1,101,trrosettarna2_native_ss,LOCAL_CONFLICT_EFFECT,121,pair,18,0,0,0,0,0,0,1.0,1.0,1.0,1.0,1.0,1.0,0.0743801652892562,1.0,18,0,18,1.0
PAIR_PROTECT_ONLY,POSITIVE_PAIR_EVIDENCE,1,101,trrosettarna2_native_ss,NON_EVIDENCED_EFFECT,121,pair,1969,0,0,0,1350,414,205,0.7786047228770009,0.9108469332875563,0.8346702236622415,0.7653061224489796,0.8681672025723473,0.8134980415787888,0.0,0.0,0,0,0,1.0
PAIR_PROTECT_ONLY,POSITIVE_PAIR_EVIDENCE,1,103,petfold,DIRECT_EVIDENCE_EFFECT,121,pair,121,121,112,112,112,0,9,0.9256198347107438,0.9256198347107438,0.9256198347107438,1.0,0.9256198347107438,0.9613733905579399,0.0,0.0,0,0,0,1.0
PAIR_PROTECT_ONLY,POSITIVE_PAIR_EVIDENCE,1,103,petfold,LOCAL_CONFLICT_EFFECT,121,pair,7,0,0,0,0,0,0,1.0,1.0,1.0,1.0,1.0,1.0,0.049586776859504134,1.0,7,0,7,1.0
PAIR_PROTECT_ONLY,POSITIVE_PAIR_EVIDENCE,1,103,petfold,NON_EVIDENCED_EFFECT,121,pair,1789,0,0,0,1351,234,204,0.8908566216765106,0.9044304982826449,0.8918060853838556,0.852365930599369,0.8688102893890676,0.8605095541401274,0.0,0.0,0,0,0,1.0
PAIR_PROTECT_ONLY,POSITIVE_PAIR_EVIDENCE,1,103,rnafold,DIRECT_EVIDENCE_EFFECT,121,pair,121,121,112,112,112,0,9,0.9256198347107438,0.9256198347107438,0.9256198347107438,1.0,0.9256198347107438,0.9613733905579399,0.0,0.0,0,0,0,1.0
PAIR_PROTECT_ONLY,POSITIVE_PAIR_EVIDENCE,1,103,rnafold,LOCAL_CONFLICT_EFFECT,121,pair,7,0,0,0,0,0,0,1.0,1.0,1.0,1.0,1.0,1.0,0.049586776859504134,1.0,7,0,7,1.0
PAIR_PROTECT_ONLY,POSITIVE_PAIR_EVIDENCE,1,103,rnafold,NON_EVIDENCED_EFFECT,121,pair,1768,0,0,0,1361,213,194,0.903480788477207,0.9110955251074918,0.9015394551436562,0.8646759847522236,0.8752411575562701,0.869926494087568,0.0,0.0,0,0,0,1.0
PAIR_PROTECT_ONLY,POSITIVE_PAIR_EVIDENCE,1,103,trrosettarna2_native_ss,DIRECT_EVIDENCE_EFFECT,121,pair,121,121,110,110,110,0,11,0.9090909090909091,0.9090909090909091,0.9090909090909091,1.0,0.9090909090909091,0.9523809523809523,0.0,0.0,0,0,0,1.0
PAIR_PROTECT_ONLY,POSITIVE_PAIR_EVIDENCE,1,103,trrosettarna2_native_ss,LOCAL_CONFLICT_EFFECT,121,pair,18,0,0,0,0,0,0,1.0,1.0,1.0,1.0,1.0,1.0,0.09090909090909091,1.0,18,0,18,1.0
PAIR_PROTECT_ONLY,POSITIVE_PAIR_EVIDENCE,1,103,trrosettarna2_native_ss,NON_EVIDENCED_EFFECT,121,pair,1969,0,0,0,1351,414,204,0.7812600829201379,0.9133313646700443,0.8371391250325969,0.7654390934844193,0.8688102893890676,0.813855421686747,0.0,0.0,0,0,0,1.0
PAIR_PROTECT_ONLY,POSITIVE_PAIR_EVIDENCE,1,107,petfold,DIRECT_EVIDENCE_EFFECT,121,pair,121,121,113,113,113,0,8,0.9338842975206612,0.9338842975206612,0.9338842975206612,1.0,0.9338842975206612,0.9658119658119658,0.0,0.0,0,0,0,1.0
PAIR_PROTECT_ONLY,POSITIVE_PAIR_EVIDENCE,1,107,petfold,LOCAL_CONFLICT_EFFECT,121,pair,4,0,0,0,0,0,0,1.0,1.0,1.0,1.0,1.0,1.0,0.024793388429752067,1.0,4,0,4,1.0
PAIR_PROTECT_ONLY,POSITIVE_PAIR_EVIDENCE,1,107,petfold,NON_EVIDENCED_EFFECT,121,pair,1792,0,0,0,1350,237,205,0.8904042597109907,0.9066908370532476,0.8933580133601107,0.8506616257088847,0.8681672025723473,0.8593252705283259,0.0,0.0,0,0,0,1.0
PAIR_PROTECT_ONLY,POSITIVE_PAIR_EVIDENCE,1,107,rnafold,DIRECT_EVIDENCE_EFFECT,121,pair,121,121,113,113,113,0,8,0.9338842975206612,0.9338842975206612,0.9338842975206612,1.0,0.9338842975206612,0.9658119658119658,0.0,0.0,0,0,0,1.0
PAIR_PROTECT_ONLY,POSITIVE_PAIR_EVIDENCE,1,107,rnafold,LOCAL_CONFLICT_EFFECT,121,pair,4,0,0,0,0,0,0,1.0,1.0,1.0,1.0,1.0,1.0,0.024793388429752067,1.0,4,0,4,1.0
PAIR_PROTECT_ONLY,POSITIVE_PAIR_EVIDENCE,1,107,rnafold,NON_EVIDENCED_EFFECT,121,pair,1771,0,0,0,1360,216,195,0.9029777322923327,0.9133558638780945,0.9030849225059597,0.8629441624365483,0.8745980707395499,0.868732034493772,0.0,0.0,0,0,0,1.0
PAIR_PROTECT_ONLY,POSITIVE_PAIR_EVIDENCE,1,107,trrosettarna2_native_ss,DIRECT_EVIDENCE_EFFECT,121,pair,121,121,113,113,113,0,8,0.9338842975206612,0.9338842975206612,0.9338842975206612,1.0,0.9338842975206612,0.9658119658119658,0.0,0.0,0,0,0,1.0
PAIR_PROTECT_ONLY,POSITIVE_PAIR_EVIDENCE,1,107,trrosettarna2_native_ss,LOCAL_CONFLICT_EFFECT,121,pair,15,0,0,0,0,0,0,1.0,1.0,1.0,1.0,1.0,1.0,0.06611570247933884,1.0,15,0,15,1.0
PAIR_PROTECT_ONLY,POSITIVE_PAIR_EVIDENCE,1,107,trrosettarna2_native_ss,NON_EVIDENCED_EFFECT,121,pair,1972,0,0,0,1348,417,207,0.7793583035374194,0.9118568860694659,0.8354897345112541,0.7637393767705383,0.8668810289389067,0.8120481927710843,0.0,0.0,0,0,0,1.0
PAIR_PROTECT_ONLY,POSITIVE_PAIR_EVIDENCE,1,109,petfold,DIRECT_EVIDENCE_EFFECT,121,pair,121,121,112,112,112,0,9,0.9256198347107438,0.9256198347107438,0.9256198347107438,1.0,0.9256198347107438,0.9613733905579399,0.0,0.0,0,0,0,1.0
PAIR_PROTECT_ONLY,POSITIVE_PAIR_EVIDENCE,1,109,petfold,LOCAL_CONFLICT_EFFECT,121,pair,8,0,0,0,0,0,0,1.0,1.0,1.0,1.0,1.0,1.0,0.049586776859504134,1.0,8,0,8,1.0
PAIR_PROTECT_ONLY,POSITIVE_PAIR_EVIDENCE,1,109,petfold,NON_EVIDENCED_EFFECT,121,pair,1788,0,0,0,1351,233,204,0.891011603641957,0.9050733306679165,0.8923649943497443,0.8529040404040404,0.8688102893890676,0.8607836890729532,0.0,0.0,0,0,0,1.0
PAIR_PROTECT_ONLY,POSITIVE_PAIR_EVIDENCE,1,109,rnafold,DIRECT_EVIDENCE_EFFECT,121,pair,121,121,112,112,112,0,9,0.9256198347107438,0.9256198347107438,0.9256198347107438,1.0,0.9256198347107438,0.9613733905579399,0.0,0.0,0,0,0,1.0
PAIR_PROTECT_ONLY,POSITIVE_PAIR_EVIDENCE,1,109,rnafold,LOCAL_CONFLICT_EFFECT,121,pair,8,0,0,0,0,0,0,1.0,1.0,1.0,1.0,1.0,1.0,0.049586776859504134,1.0,8,0,8,1.0
PAIR_PROTECT_ONLY,POSITIVE_PAIR_EVIDENCE,1,109,rnafold,NON_EVIDENCED_EFFECT,121,pair,1767,0,0,0,1361,212,194,0.9036642197049173,0.9117383574927636,0.9021068803430279,0.8652256834075016,0.8752411575562701,0.8702046035805626,0.0,0.0,0,0,0,1.0
PAIR_PROTECT_ONLY,POSITIVE_PAIR_EVIDENCE,1,109,trrosettarna2_native_ss,DIRECT_EVIDENCE_EFFECT,121,pair,121,121,113,113,113,0,8,0.9338842975206612,0.9338842975206612,0.9338842975206612,1.0,0.9338842975206612,0.9658119658119658,0.0,0.0,0,0,0,1.0
PAIR_PROTECT_ONLY,POSITIVE_PAIR_EVIDENCE,1,109,trrosettarna2_native_ss,LOCAL_CONFLICT_EFFECT,121,pair,16,0,0,0,0,0,0,1.0,1.0,1.0,1.0,1.0,1.0,0.06611570247933884,1.0,16,0,16,1.0
PAIR_PROTECT_ONLY,POSITIVE_PAIR_EVIDENCE,1,109,trrosettarna2_native_ss,NON_EVIDENCED_EFFECT,121,pair,1971,0,0,0,1348,416,207,0.7778040998959983,0.9099486932521822,0.8337729182071006,0.764172335600907,0.8668810289389067,0.8122928592949684,0.0,0.0,0,0,0,1.0
PAIR_PROTECT_ONLY,POSITIVE_PAIR_EVIDENCE,1,113,petfold,DIRECT_EVIDENCE_EFFECT,121,pair,121,121,110,110,110,0,11,0.9090909090909091,0.9090909090909091,0.9090909090909091,1.0,0.9090909090909091,0.9523809523809523,0.0,0.0,0,0,0,1.0
PAIR_PROTECT_ONLY,POSITIVE_PAIR_EVIDENCE,1,113,petfold,LOCAL_CONFLICT_EFFECT,121,pair,7,0,0,0,0,0,0,1.0,1.0,1.0,1.0,1.0,1.0,0.04132231404958678,1.0,7,0,7,1.0
PAIR_PROTECT_ONLY,POSITIVE_PAIR_EVIDENCE,1,113,petfold,NON_EVIDENCED_EFFECT,121,pair,1789,0,0,0,1353,234,202,0.8921977651647299,0.9090664385590811,0.895708435032767,0.8525519848771267,0.8700964630225081,0.8612348822406111,0.0,0.0,0,0,0,1.0
PAIR_PROTECT_ONLY,POSITIVE_PAIR_EVIDENCE,1,113,rnafold,DIRECT_EVIDENCE_EFFECT,121,pair,121,121,111,111,111,0,10,0.9173553719008265,0.9173553719008265,0.9173553719008265,1.0,0.9173553719008265,0.9568965517241379,0.0,0.0,0,0,0,1.0
PAIR_PROTECT_ONLY,POSITIVE_PAIR_EVIDENCE,1,113,rnafold,LOCAL_CONFLICT_EFFECT,121,pair,6,0,0,0,0,0,0,1.0,1.0,1.0,1.0,1.0,1.0,0.03305785123966942,1.0,6,0,6,1.0
PAIR_PROTECT_ONLY,POSITIVE_PAIR_EVIDENCE,1,113,rnafold,NON_EVIDENCED_EFFECT,121,pair,1769,0,0,0,1362,214,193,0.9042564349791656,0.9152149364583081,0.9049027958173762,0.8642131979695431,0.8758842443729904,0.8700095816033216,0.0,0.0,0,0,0,1.0
PAIR_PROTECT_ONLY,POSITIVE_PAIR_EVIDENCE,1,113,trrosettarna2_native_ss,DIRECT_EVIDENCE_EFFECT,121,pair,121,121,109,109,109,0,12,0.9008264462809917,0.9008264462809917,0.9008264462809917,1.0,0.9008264462809917,0.9478260869565217,0.0,0.0,0,0,0,1.0
PAIR_PROTECT_ONLY,POSITIVE_PAIR_EVIDENCE,1,113,trrosettarna2_native_ss,LOCAL_CONFLICT_EFFECT,121,pair,20,0,0,0,0,0,0,1.0,1.0,1.0,1.0,1.0,1.0,0.08264462809917356,1.0,20,0,20,1.0
PAIR_PROTECT_ONLY,POSITIVE_PAIR_EVIDENCE,1,113,trrosettarna2_native_ss,NON_EVIDENCED_EFFECT,121,pair,1967,0,0,0,1352,412,203,0.7814591952970323,0.9128904064211681,0.8370959514457337,0.7664399092970522,0.8694533762057878,0.8147032238626092,0.0,0.0,0,0,0,1.0
PAIR_PROTECT_ONLY,POSITIVE_PAIR_EVIDENCE,5,101,petfold,DIRECT_EVIDENCE_EFFECT,121,pair,130,130,116,116,116,0,14,0.9173553719008265,0.9090909090909091,0.9118457300275482,1.0,0.8923076923076924,0.943089430894309,0.0,0.0,0,0,0,1.0
PAIR_PROTECT_ONLY,POSITIVE_PAIR_EVIDENCE,5,101,petfold,LOCAL_CONFLICT_EFFECT,121,pair,10,0,0,0,0,0,0,1.0,1.0,1.0,1.0,1.0,1.0,0.05785123966942149,1.0,10,0,10,1.0
PAIR_PROTECT_ONLY,POSITIVE_PAIR_EVIDENCE,5,101,petfold,NON_EVIDENCED_EFFECT,121,pair,1777,0,0,0,1347,231,199,0.8903271476337686,0.9071404387367549,0.8940060764431057,0.8536121673003803,0.871280724450194,0.8623559539052497,0.0,0.0,0,0,0,1.0
PAIR_PROTECT_ONLY,POSITIVE_PAIR_EVIDENCE,5,101,rnafold,DIRECT_EVIDENCE_EFFECT,121,pair,130,130,116,116,116,0,14,0.9173553719008265,0.9090909090909091,0.9118457300275482,1.0,0.8923076923076924,0.943089430894309,0.0,0.0,0,0,0,1.0
PAIR_PROTECT_ONLY,POSITIVE_PAIR_EVIDENCE,5,101,rnafold,LOCAL_CONFLICT_EFFECT,121,pair,11,0,0,0,0,0,0,1.0,1.0,1.0,1.0,1.0,1.0,0.049586776859504134,1.0,11,0,11,1.0
PAIR_PROTECT_ONLY,POSITIVE_PAIR_EVIDENCE,5,101,rnafold,NON_EVIDENCED_EFFECT,121,pair,1755,0,0,0,1357,209,189,0.9024423280065359,0.9138098490080674,0.9034900382491419,0.8665389527458492,0.8777490297542044,0.872107969151671,0.0,0.0,0,0,0,1.0
PAIR_PROTECT_ONLY,POSITIVE_PAIR_EVIDENCE,5,101,trrosettarna2_native_ss,DIRECT_EVIDENCE_EFFECT,121,pair,130,130,114,114,114,0,16,0.9008264462809917,0.9008264462809917,0.9008264462809917,1.0,0.8769230769230769,0.9344262295081968,0.0,0.0,0,0,0,1.0
PAIR_PROTECT_ONLY,POSITIVE_PAIR_EVIDENCE,5,101,trrosettarna2_native_ss,LOCAL_CONFLICT_EFFECT,121,pair,20,0,0,0,0,0,0,1.0,1.0,1.0,1.0,1.0,1.0,0.0743801652892562,1.0,20,0,20,1.0
PAIR_PROTECT_ONLY,POSITIVE_PAIR_EVIDENCE,5,101,trrosettarna2_native_ss,NON_EVIDENCED_EFFECT,121,pair,1958,0,0,0,1347,412,199,0.7786708003998889,0.9119349997491873,0.8352315472012845,0.7657760090960773,0.871280724450194,0.8151285930408472,0.0,0.0,0,0,0,1.0
PAIR_PROTECT_ONLY,POSITIVE_PAIR_EVIDENCE,5,103,petfold,DIRECT_EVIDENCE_EFFECT,121,pair,130,130,120,120,120,0,10,0.9421487603305785,0.9338842975206612,0.9363636363636363,1.0,0.9230769230769231,0.96,0.0,0.0,0,0,0,1.0
PAIR_PROTECT_ONLY,POSITIVE_PAIR_EVIDENCE,5,103,petfold,LOCAL_CONFLICT_EFFECT,121,pair,8,0,0,0,0,0,0,1.0,1.0,1.0,1.0,1.0,1.0,0.049586776859504134,1.0,8,0,8,1.0
PAIR_PROTECT_ONLY,POSITIVE_PAIR_EVIDENCE,5,103,petfold,NON_EVIDENCED_EFFECT,121,pair,1779,0,0,0,1343,233,203,0.8904075297088107,0.905419325287398,0.8921515304830517,0.8521573604060914,0.8686934023285899,0.860345932094811,0.0,0.0,0,0,0,1.0
PAIR_PROTECT_ONLY,POSITIVE_PAIR_EVIDENCE,5,103,rnafold,DIRECT_EVIDENCE_EFFECT,121,pair,130,130,120,120,120,0,10,0.9421487603305785,0.9338842975206612,0.9363636363636363,1.0,0.9230769230769231,0.96,0.0,0.0,0,0,0,1.0
PAIR_PROTECT_ONLY,POSITIVE_PAIR_EVIDENCE,5,103,rnafold,LOCAL_CONFLICT_EFFECT,121,pair,6,0,0,0,0,0,0,1.0,1.0,1.0,1.0,1.0,1.0,0.04132231404958678,1.0,6,0,6,1.0
PAIR_PROTECT_ONLY,POSITIVE_PAIR_EVIDENCE,5,103,rnafold,NON_EVIDENCED_EFFECT,121,pair,1760,0,0,0,1353,214,193,0.9027412163272593,0.9120887355587106,0.9017465761691469,0.8634333120612636,0.8751617076326003,0.8692579505300353,0.0,0.0,0,0,0,1.0
PAIR_PROTECT_ONLY,POSITIVE_PAIR_EVIDENCE,5,103,trrosettarna2_native_ss,DIRECT_EVIDENCE_EFFECT,121,pair,130,130,117,117,117,0,13,0.9338842975206612,0.9228650137741047,0.9267217630853996,1.0,0.9,0.9473684210526315,0.0,0.0,0,0,0,1.0
PAIR_PROTECT_ONLY,POSITIVE_PAIR_EVIDENCE,5,103,trrosettarna2_native_ss,LOCAL_CONFLICT_EFFECT,121,pair,15,0,0,0,0,0,0,1.0,1.0,1.0,1.0,1.0,1.0,0.06611570247933884,1.0,15,0,15,1.0
PAIR_PROTECT_ONLY,POSITIVE_PAIR_EVIDENCE,5,103,trrosettarna2_native_ss,NON_EVIDENCED_EFFECT,121,pair,1963,0,0,0,1344,417,202,0.7772861835661251,0.9109282340563704,0.8342017513767307,0.7632027257240205,0.869340232858991,0.812821288176595,0.0,0.0,0,0,0,1.0
PAIR_PROTECT_ONLY,POSITIVE_PAIR_EVIDENCE,5,107,petfold,DIRECT_EVIDENCE_EFFECT,121,pair,130,130,119,119,119,0,11,0.9421487603305785,0.9297520661157025,0.9336088154269973,1.0,0.9153846153846154,0.9558232931726908,0.0,0.0,0,0,0,1.0
PAIR_PROTECT_ONLY,POSITIVE_PAIR_EVIDENCE,5,107,petfold,LOCAL_CONFLICT_EFFECT,121,pair,10,0,0,0,0,0,0,1.0,1.0,1.0,1.0,1.0,1.0,0.04132231404958678,1.0,10,0,10,1.0
PAIR_PROTECT_ONLY,POSITIVE_PAIR_EVIDENCE,5,107,petfold,NON_EVIDENCED_EFFECT,121,pair,1777,0,0,0,1344,231,202,0.8904955698794955,0.9052066653186405,0.8923904967498835,0.8533333333333334,0.869340232858991,0.8612624158923422,0.0,0.0,0,0,0,1.0
PAIR_PROTECT_ONLY,POSITIVE_PAIR_EVIDENCE,5,107,rnafold,DIRECT_EVIDENCE_EFFECT,121,pair,130,130,119,119,119,0,11,0.9421487603305785,0.9297520661157025,0.9336088154269973,1.0,0.9153846153846154,0.9558232931726908,0.0,0.0,0,0,0,1.0
PAIR_PROTECT_ONLY,POSITIVE_PAIR_EVIDENCE,5,107,rnafold,LOCAL_CONFLICT_EFFECT,121,pair,9,0,0,0,0,0,0,1.0,1.0,1.0,1.0,1.0,1.0,0.04132231404958678,1.0,9,0,9,1.0
PAIR_PROTECT_ONLY,POSITIVE_PAIR_EVIDENCE,5,107,rnafold,NON_EVIDENCED_EFFECT,121,pair,1757,0,0,0,1354,211,192,0.9030212706921146,0.911876075589953,0.902077683707989,0.8651757188498402,0.8758085381630013,0.8704596592735455,0.0,0.0,0,0,0,1.0
PAIR_PROTECT_ONLY,POSITIVE_PAIR_EVIDENCE,5,107,trrosettarna2_native_ss,DIRECT_EVIDENCE_EFFECT,121,pair,130,130,119,119,119,0,11,0.9338842975206612,0.9242424242424242,0.9269972451790633,1.0,0.9153846153846154,0.9558232931726908,0.0,0.0,0,0,0,1.0
PAIR_PROTECT_ONLY,POSITIVE_PAIR_EVIDENCE,5,107,trrosettarna2_native_ss,LOCAL_CONFLICT_EFFECT,121,pair,16,0,0,0,0,0,0,1.0,1.0,1.0,1.0,1.0,1.0,0.0743801652892562,1.0,16,0,16,1.0
PAIR_PROTECT_ONLY,POSITIVE_PAIR_EVIDENCE,5,107,trrosettarna2_native_ss,NON_EVIDENCED_EFFECT,121,pair,1962,0,0,0,1342,416,204,0.7787713929695139,0.9112070360573421,0.8349217696864077,0.7633674630261661,0.8680465717981889,0.8123486682808717,0.0,0.0,0,0,0,1.0
PAIR_PROTECT_ONLY,POSITIVE_PAIR_EVIDENCE,5,109,petfold,DIRECT_EVIDENCE_EFFECT,121,pair,130,130,117,117,117,0,13,0.9338842975206612,0.9173553719008265,0.9225895316804408,1.0,0.9,0.9473684210526315,0.0,0.0,0,0,0,1.0
PAIR_PROTECT_ONLY,POSITIVE_PAIR_EVIDENCE,5,109,petfold,LOCAL_CONFLICT_EFFECT,121,pair,8,0,0,0,0,0,0,1.0,1.0,1.0,1.0,1.0,1.0,0.04132231404958678,1.0,8,0,8,1.0
PAIR_PROTECT_ONLY,POSITIVE_PAIR_EVIDENCE,5,109,petfold,NON_EVIDENCED_EFFECT,121,pair,1779,0,0,0,1346,233,200,0.8899712957745531,0.9068655117721383,0.893102417492191,0.8524382520582647,0.8706338939197931,0.86144,0.0,0.0,0,0,0,1.0
PAIR_PROTECT_ONLY,POSITIVE_PAIR_EVIDENCE,5,109,rnafold,DIRECT_EVIDENCE_EFFECT,121,pair,130,130,118,118,118,0,12,0.9421487603305785,0.9256198347107438,0.9308539944903582,1.0,0.9076923076923077,0.9516129032258065,0.0,0.0,0,0,0,1.0
PAIR_PROTECT_ONLY,POSITIVE_PAIR_EVIDENCE,5,109,rnafold,LOCAL_CONFLICT_EFFECT,121,pair,8,0,0,0,0,0,0,1.0,1.0,1.0,1.0,1.0,1.0,0.04132231404958678,1.0,8,0,8,1.0
PAIR_PROTECT_ONLY,POSITIVE_PAIR_EVIDENCE,5,109,rnafold,NON_EVIDENCED_EFFECT,121,pair,1758,0,0,0,1355,212,191,0.902235455837893,0.912708475762459,0.9023133904791238,0.8647096362476069,0.8764553686934023,0.8705428846771603,0.0,0.0,0,0,0,1.0
PAIR_PROTECT_ONLY,POSITIVE_PAIR_EVIDENCE,5,109,trrosettarna2_native_ss,DIRECT_EVIDENCE_EFFECT,121,pair,130,130,120,120,120,0,10,0.9504132231404959,0.9380165289256198,0.9418732782369146,1.0,0.9230769230769231,0.96,0.0,0.0,0,0,0,1.0
PAIR_PROTECT_ONLY,POSITIVE_PAIR_EVIDENCE,5,109,trrosettarna2_native_ss,LOCAL_CONFLICT_EFFECT,121,pair,14,0,0,0,0,0,0,1.0,1.0,1.0,1.0,1.0,1.0,0.05785123966942149,1.0,14,0,14,1.0
PAIR_PROTECT_ONLY,POSITIVE_PAIR_EVIDENCE,5,109,trrosettarna2_native_ss,NON_EVIDENCED_EFFECT,121,pair,1964,0,0,0,1341,418,205,0.7771674277897437,0.9097647126101173,0.833346820014421,0.7623649801023309,0.8673997412677878,0.8114977307110439,0.0,0.0,0,0,0,1.0
PAIR_PROTECT_ONLY,POSITIVE_PAIR_EVIDENCE,5,113,petfold,DIRECT_EVIDENCE_EFFECT,121,pair,130,130,111,111,111,0,19,0.8760330578512396,0.8677685950413223,0.8702479338842974,1.0,0.8538461538461538,0.921161825726141,0.0,0.0,0,0,0,1.0
PAIR_PROTECT_ONLY,POSITIVE_PAIR_EVIDENCE,5,113,petfold,LOCAL_CONFLICT_EFFECT,121,pair,16,0,0,0,0,0,0,1.0,1.0,1.0,1.0,1.0,1.0,0.0743801652892562,1.0,16,0,16,1.0
PAIR_PROTECT_ONLY,POSITIVE_PAIR_EVIDENCE,5,113,petfold,NON_EVIDENCED_EFFECT,121,pair,1771,0,0,0,1352,225,194,0.8950772939006734,0.911774942502721,0.8988818889270708,0.8573240329740013,0.8745148771021992,0.8658341338456612,0.0,0.0,0,0,0,1.0
PAIR_PROTECT_ONLY,POSITIVE_PAIR_EVIDENCE,5,113,rnafold,DIRECT_EVIDENCE_EFFECT,121,pair,130,130,110,110,110,0,20,0.8760330578512396,0.8636363636363636,0.8674931129476584,1.0,0.8461538461538461,0.9166666666666666,0.0,0.0,0,0,0,1.0
PAIR_PROTECT_ONLY,POSITIVE_PAIR_EVIDENCE,5,113,rnafold,LOCAL_CONFLICT_EFFECT,121,pair,14,0,0,0,0,0,0,1.0,1.0,1.0,1.0,1.0,1.0,0.0743801652892562,1.0,14,0,14,1.0
PAIR_PROTECT_ONLY,POSITIVE_PAIR_EVIDENCE,5,113,rnafold,NON_EVIDENCED_EFFECT,121,pair,1752,0,0,0,1363,206,183,0.9072210326019013,0.9180911136378032,0.9083110134035686,0.868706182281708,0.8816300129366106,0.8751203852327448,0.0,0.0,0,0,0,1.0
PAIR_PROTECT_ONLY,POSITIVE_PAIR_EVIDENCE,5,113,trrosettarna2_native_ss,DIRECT_EVIDENCE_EFFECT,121,pair,130,130,117,117,117,0,13,0.9173553719008265,0.9173553719008265,0.9173553719008265,1.0,0.9,0.9473684210526315,0.0,0.0,0,0,0,1.0
PAIR_PROTECT_ONLY,POSITIVE_PAIR_EVIDENCE,5,113,trrosettarna2_native_ss,LOCAL_CONFLICT_EFFECT,121,pair,18,0,0,0,0,0,0,1.0,1.0,1.0,1.0,1.0,1.0,0.06611570247933884,1.0,18,0,18,1.0
PAIR_PROTECT_ONLY,POSITIVE_PAIR_EVIDENCE,5,113,trrosettarna2_native_ss,NON_EVIDENCED_EFFECT,121,pair,1960,0,0,0,1344,414,202,0.777720998667138,0.9108675066362395,0.8342450312415064,0.764505119453925,0.869340232858991,0.8135593220338984,0.0,0.0,0,0,0,1.0
PAIR_PROTECT_ONLY,POSITIVE_PAIR_EVIDENCE,10,101,petfold,DIRECT_EVIDENCE_EFFECT,121,pair,180,180,165,165,165,0,15,0.9586776859504132,0.9353994490358127,0.9430670339761249,1.0,0.9166666666666666,0.9565217391304348,0.0,0.0,0,0,0,1.0
PAIR_PROTECT_ONLY,POSITIVE_PAIR_EVIDENCE,10,101,petfold,LOCAL_CONFLICT_EFFECT,121,pair,15,0,0,0,0,0,0,1.0,1.0,1.0,1.0,1.0,1.0,0.05785123966942149,1.0,15,0,15,1.0
PAIR_PROTECT_ONLY,POSITIVE_PAIR_EVIDENCE,10,101,petfold,NON_EVIDENCED_EFFECT,121,pair,1722,0,0,0,1298,226,198,0.888566614721391,0.905098045227351,0.8917526868920479,0.8517060367454068,0.8676470588235294,0.8596026490066225,0.0,0.0,0,0,0,1.0
PAIR_PROTECT_ONLY,POSITIVE_PAIR_EVIDENCE,10,101,rnafold,DIRECT_EVIDENCE_EFFECT,121,pair,180,180,165,165,165,0,15,0.9586776859504132,0.9353994490358127,0.9430670339761249,1.0,0.9166666666666666,0.9565217391304348,0.0,0.0,0,0,0,1.0
PAIR_PROTECT_ONLY,POSITIVE_PAIR_EVIDENCE,10,101,rnafold,LOCAL_CONFLICT_EFFECT,121,pair,14,0,0,0,0,0,0,1.0,1.0,1.0,1.0,1.0,1.0,0.049586776859504134,1.0,14,0,14,1.0
PAIR_PROTECT_ONLY,POSITIVE_PAIR_EVIDENCE,10,101,rnafold,NON_EVIDENCED_EFFECT,121,pair,1702,0,0,0,1308,206,188,0.9013000034779013,0.9118603103100494,0.9016073840362998,0.8639365918097754,0.8743315508021391,0.8691029900332226,0.0,0.0,0,0,0,1.0
PAIR_PROTECT_ONLY,POSITIVE_PAIR_EVIDENCE,10,101,trrosettarna2_native_ss,DIRECT_EVIDENCE_EFFECT,121,pair,180,180,161,161,161,0,19,0.9338842975206612,0.9140495867768594,0.920752984389348,1.0,0.8944444444444445,0.9442815249266863,0.0,0.0,0,0,0,1.0
PAIR_PROTECT_ONLY,POSITIVE_PAIR_EVIDENCE,10,101,trrosettarna2_native_ss,LOCAL_CONFLICT_EFFECT,121,pair,29,0,0,0,0,0,0,1.0,1.0,1.0,1.0,1.0,1.0,0.09917355371900827,1.0,29,0,29,1.0
PAIR_PROTECT_ONLY,POSITIVE_PAIR_EVIDENCE,10,101,trrosettarna2_native_ss,NON_EVIDENCED_EFFECT,121,pair,1899,0,0,0,1300,403,196,0.7770865337500693,0.911604690988257,0.8342449159372851,0.7633587786259542,0.8689839572192514,0.8127539856205064,0.0,0.0,0,0,0,1.0
PAIR_PROTECT_ONLY,POSITIVE_PAIR_EVIDENCE,10,103,petfold,DIRECT_EVIDENCE_EFFECT,121,pair,180,180,160,160,160,0,20,0.9421487603305785,0.9177685950413222,0.9258034894398531,1.0,0.8888888888888888,0.9411764705882353,0.0,0.0,0,0,0,1.0
PAIR_PROTECT_ONLY,POSITIVE_PAIR_EVIDENCE,10,103,petfold,LOCAL_CONFLICT_EFFECT,121,pair,14,0,0,0,0,0,0,1.0,1.0,1.0,1.0,1.0,1.0,0.06611570247933884,1.0,14,0,14,1.0
PAIR_PROTECT_ONLY,POSITIVE_PAIR_EVIDENCE,10,103,petfold,NON_EVIDENCED_EFFECT,121,pair,1723,0,0,0,1303,227,193,0.8895572826716869,0.9056459589235417,0.8922207878978353,0.8516339869281045,0.8709893048128342,0.8612029081295439,0.0,0.0,0,0,0,1.0
PAIR_PROTECT_ONLY,POSITIVE_PAIR_EVIDENCE,10,103,rnafold,DIRECT_EVIDENCE_EFFECT,121,pair,180,180,162,162,162,0,18,0.9504132231404959,0.9301652892561983,0.9368227731864095,1.0,0.9,0.9473684210526315,0.0,0.0,0,0,0,1.0
PAIR_PROTECT_ONLY,POSITIVE_PAIR_EVIDENCE,10,103,rnafold,LOCAL_CONFLICT_EFFECT,121,pair,13,0,0,0,0,0,0,1.0,1.0,1.0,1.0,1.0,1.0,0.05785123966942149,1.0,13,0,13,1.0
PAIR_PROTECT_ONLY,POSITIVE_PAIR_EVIDENCE,10,103,rnafold,NON_EVIDENCED_EFFECT,121,pair,1703,0,0,0,1311,207,185,0.901732863901645,0.9110308135379207,0.9010906906349005,0.8636363636363636,0.8763368983957219,0.8699402786994028,0.0,0.0,0,0,0,1.0
PAIR_PROTECT_ONLY,POSITIVE_PAIR_EVIDENCE,10,103,trrosettarna2_native_ss,DIRECT_EVIDENCE_EFFECT,121,pair,180,180,157,157,157,0,23,0.9338842975206612,0.9057851239669421,0.9139118457300275,1.0,0.8722222222222222,0.9317507418397626,0.0,0.0,0,0,0,1.0
PAIR_PROTECT_ONLY,POSITIVE_PAIR_EVIDENCE,10,103,trrosettarna2_native_ss,LOCAL_CONFLICT_EFFECT,121,pair,29,0,0,0,0,0,0,1.0,1.0,1.0,1.0,1.0,1.0,0.09090909090909091,1.0,29,0,29,1.0
PAIR_PROTECT_ONLY,POSITIVE_PAIR_EVIDENCE,10,103,trrosettarna2_native_ss,NON_EVIDENCED_EFFECT,121,pair,1899,0,0,0,1304,403,192,0.7782560194974508,0.9123125965283925,0.8350234507801008,0.7639132981839485,0.8716577540106952,0.8142366531376835,0.0,0.0,0,0,0,1.0
PAIR_PROTECT_ONLY,POSITIVE_PAIR_EVIDENCE,10,107,petfold,DIRECT_EVIDENCE_EFFECT,121,pair,180,180,158,158,158,0,22,0.9421487603305785,0.9034435261707988,0.9167716122261578,1.0,0.8777777777777778,0.9349112426035503,0.0,0.0,0,0,0,1.0
PAIR_PROTECT_ONLY,POSITIVE_PAIR_EVIDENCE,10,107,petfold,LOCAL_CONFLICT_EFFECT,121,pair,17,0,0,0,0,0,0,1.0,1.0,1.0,1.0,1.0,1.0,0.0743801652892562,1.0,17,0,17,1.0
PAIR_PROTECT_ONLY,POSITIVE_PAIR_EVIDENCE,10,107,petfold,NON_EVIDENCED_EFFECT,121,pair,1720,0,0,0,1305,224,191,0.8890013489603457,0.9078951848904069,0.8936688802698723,0.8534990189666448,0.8723262032085561,0.8628099173553719,0.0,0.0,0,0,0,1.0
PAIR_PROTECT_ONLY,POSITIVE_PAIR_EVIDENCE,10,107,rnafold,DIRECT_EVIDENCE_EFFECT,121,pair,180,180,159,159,159,0,21,0.9504132231404959,0.9117079889807163,0.9250360750360751,1.0,0.8833333333333333,0.9380530973451328,0.0,0.0,0,0,0,1.0
PAIR_PROTECT_ONLY,POSITIVE_PAIR_EVIDENCE,10,107,rnafold,LOCAL_CONFLICT_EFFECT,121,pair,15,0,0,0,0,0,0,1.0,1.0,1.0,1.0,1.0,1.0,0.05785123966942149,1.0,15,0,15,1.0
PAIR_PROTECT_ONLY,POSITIVE_PAIR_EVIDENCE,10,107,rnafold,NON_EVIDENCED_EFFECT,121,pair,1701,0,0,0,1314,205,182,0.9002444149675874,0.9138310036921137,0.9024995964668939,0.8650427913100724,0.8783422459893048,0.8716417910447761,0.0,0.0,0,0,0,1.0
PAIR_PROTECT_ONLY,POSITIVE_PAIR_EVIDENCE,10,107,trrosettarna2_native_ss,DIRECT_EVIDENCE_EFFECT,121,pair,180,180,157,157,157,0,23,0.9504132231404959,0.91831955922865,0.9283746556473829,1.0,0.8722222222222222,0.9317507418397626,0.0,0.0,0,0,0,1.0
PAIR_PROTECT_ONLY,POSITIVE_PAIR_EVIDENCE,10,107,trrosettarna2_native_ss,LOCAL_CONFLICT_EFFECT,121,pair,29,0,0,0,0,0,0,1.0,1.0,1.0,1.0,1.0,1.0,0.09090909090909091,1.0,29,0,29,1.0
PAIR_PROTECT_ONLY,POSITIVE_PAIR_EVIDENCE,10,107,trrosettarna2_native_ss,NON_EVIDENCED_EFFECT,121,pair,1899,0,0,0,1304,403,192,0.7765999623538032,0.9110936144123054,0.8336799717911654,0.7639132981839485,0.8716577540106952,0.8142366531376835,0.0,0.0,0,0,0,1.0
PAIR_PROTECT_ONLY,POSITIVE_PAIR_EVIDENCE,10,109,petfold,DIRECT_EVIDENCE_EFFECT,121,pair,180,180,153,153,153,0,27,0.9256198347107438,0.8896694214876033,0.8996458087367178,1.0,0.85,0.918918918918919,0.0,0.0,0,0,0,1.0
PAIR_PROTECT_ONLY,POSITIVE_PAIR_EVIDENCE,10,109,petfold,LOCAL_CONFLICT_EFFECT,121,pair,20,0,0,0,0,0,0,1.0,1.0,1.0,1.0,1.0,1.0,0.0743801652892562,1.0,20,0,20,1.0
PAIR_PROTECT_ONLY,POSITIVE_PAIR_EVIDENCE,10,109,petfold,NON_EVIDENCED_EFFECT,121,pair,1717,0,0,0,1310,221,186,0.8918505260915072,0.9101616356814978,0.8959016920866972,0.8556499020248204,0.8756684491978609,0.8655434423521638,0.0,0.0,0,0,0,1.0
PAIR_PROTECT_ONLY,POSITIVE_PAIR_EVIDENCE,10,109,rnafold,DIRECT_EVIDENCE_EFFECT,121,pair,180,180,154,154,154,0,26,0.9338842975206612,0.8979338842975207,0.9079102715466352,1.0,0.8555555555555555,0.9221556886227545,0.0,0.0,0,0,0,1.0
PAIR_PROTECT_ONLY,POSITIVE_PAIR_EVIDENCE,10,109,rnafold,LOCAL_CONFLICT_EFFECT,121,pair,19,0,0,0,0,0,0,1.0,1.0,1.0,1.0,1.0,1.0,0.0743801652892562,1.0,19,0,19,1.0
PAIR_PROTECT_ONLY,POSITIVE_PAIR_EVIDENCE,10,109,rnafold,NON_EVIDENCED_EFFECT,121,pair,1697,0,0,0,1319,201,177,0.904450247824899,0.9162881728557412,0.9053908219504532,0.8677631578947368,0.8816844919786097,0.8746684350132626,0.0,0.0,0,0,0,1.0
PAIR_PROTECT_ONLY,POSITIVE_PAIR_EVIDENCE,10,109,trrosettarna2_native_ss,DIRECT_EVIDENCE_EFFECT,121,pair,180,180,156,156,156,0,24,0.9173553719008265,0.9055096418732782,0.9084677948314313,1.0,0.8666666666666667,0.9285714285714286,0.0,0.0,0,0,0,1.0
PAIR_PROTECT_ONLY,POSITIVE_PAIR_EVIDENCE,10,109,trrosettarna2_native_ss,LOCAL_CONFLICT_EFFECT,121,pair,31,0,0,0,0,0,0,1.0,1.0,1.0,1.0,1.0,1.0,0.08264462809917356,1.0,31,0,31,1.0
PAIR_PROTECT_ONLY,POSITIVE_PAIR_EVIDENCE,10,109,trrosettarna2_native_ss,NON_EVIDENCED_EFFECT,121,pair,1897,0,0,0,1305,401,191,0.7787471213421125,0.912796752263793,0.8357790589842451,0.764947245017585,0.8723262032085561,0.8151155527795128,0.0,0.0,0,0,0,1.0
PAIR_PROTECT_ONLY,POSITIVE_PAIR_EVIDENCE,10,113,petfold,DIRECT_EVIDENCE_EFFECT,121,pair,180,180,161,161,161,0,19,0.9504132231404959,0.9191460055096419,0.92910927456382,1.0,0.8944444444444445,0.9442815249266863,0.0,0.0,0,0,0,1.0
PAIR_PROTECT_ONLY,POSITIVE_PAIR_EVIDENCE,10,113,petfold,LOCAL_CONFLICT_EFFECT,121,pair,16,0,0,0,0,0,0,1.0,1.0,1.0,1.0,1.0,1.0,0.06611570247933884,1.0,16,0,16,1.0
PAIR_PROTECT_ONLY,POSITIVE_PAIR_EVIDENCE,10,113,petfold,NON_EVIDENCED_EFFECT,121,pair,1721,0,0,0,1302,225,194,0.8891980867230184,0.9052728863783854,0.8915746039271649,0.8526522593320236,0.8703208556149733,0.8613959642739001,0.0,0.0,0,0,0,1.0
PAIR_PROTECT_ONLY,POSITIVE_PAIR_EVIDENCE,10,113,rnafold,DIRECT_EVIDENCE_EFFECT,121,pair,180,180,161,161,161,0,19,0.9504132231404959,0.9191460055096419,0.92910927456382,1.0,0.8944444444444445,0.9442815249266863,0.0,0.0,0,0,0,1.0
PAIR_PROTECT_ONLY,POSITIVE_PAIR_EVIDENCE,10,113,rnafold,LOCAL_CONFLICT_EFFECT,121,pair,15,0,0,0,0,0,0,1.0,1.0,1.0,1.0,1.0,1.0,0.06611570247933884,1.0,15,0,15,1.0
PAIR_PROTECT_ONLY,POSITIVE_PAIR_EVIDENCE,10,113,rnafold,NON_EVIDENCED_EFFECT,121,pair,1701,0,0,0,1312,205,184,0.902075340259795,0.9120351514610838,0.9015028103213576,0.8648648648648649,0.8770053475935828,0.8708927978758713,0.0,0.0,0,0,0,1.0
PAIR_PROTECT_ONLY,POSITIVE_PAIR_EVIDENCE,10,113,trrosettarna2_native_ss,DIRECT_EVIDENCE_EFFECT,121,pair,180,180,161,161,161,0,19,0.9256198347107438,0.9132231404958677,0.9170798898071626,1.0,0.8944444444444445,0.9442815249266863,0.0,0.0,0,0,0,1.0
PAIR_PROTECT_ONLY,POSITIVE_PAIR_EVIDENCE,10,113,trrosettarna2_native_ss,LOCAL_CONFLICT_EFFECT,121,pair,30,0,0,0,0,0,0,1.0,1.0,1.0,1.0,1.0,1.0,0.08264462809917356,1.0,30,0,30,1.0
PAIR_PROTECT_ONLY,POSITIVE_PAIR_EVIDENCE,10,113,trrosettarna2_native_ss,NON_EVIDENCED_EFFECT,121,pair,1898,0,0,0,1300,402,196,0.7768653446532215,0.9116277529732989,0.8339690207757294,0.763807285546416,0.8689839572192514,0.8130081300813008,0.0,0.0,0,0,0,1.0
PAIR_PROTECT_ONLY,POSITIVE_PAIR_EVIDENCE,20,101,petfold,DIRECT_EVIDENCE_EFFECT,121,pair,338,338,295,295,295,0,43,0.9669421487603306,0.9111659690172087,0.9291713659520635,1.0,0.8727810650887574,0.9320695102685624,0.0,0.0,0,0,0,1.0
PAIR_PROTECT_ONLY,POSITIVE_PAIR_EVIDENCE,20,101,petfold,LOCAL_CONFLICT_EFFECT,121,pair,38,0,0,0,0,0,0,1.0,1.0,1.0,1.0,1.0,1.0,0.09090909090909091,1.0,38,0,38,1.0
PAIR_PROTECT_ONLY,POSITIVE_PAIR_EVIDENCE,20,101,petfold,NON_EVIDENCED_EFFECT,121,pair,1541,0,0,0,1168,203,170,0.8860153185138084,0.9066201777188652,0.8911325868724914,0.8519328956965718,0.8729446935724963,0.8623108157991879,0.0,0.0,0,0,0,1.0
PAIR_PROTECT_ONLY,POSITIVE_PAIR_EVIDENCE,20,101,rnafold,DIRECT_EVIDENCE_EFFECT,121,pair,338,338,298,298,298,0,40,0.9669421487603306,0.9214965475296054,0.9358616453696156,1.0,0.8816568047337278,0.9371069182389937,0.0,0.0,0,0,0,1.0
PAIR_PROTECT_ONLY,POSITIVE_PAIR_EVIDENCE,20,101,rnafold,LOCAL_CONFLICT_EFFECT,121,pair,34,0,0,0,0,0,0,1.0,1.0,1.0,1.0,1.0,1.0,0.0743801652892562,1.0,34,0,34,1.0
PAIR_PROTECT_ONLY,POSITIVE_PAIR_EVIDENCE,20,101,rnafold,NON_EVIDENCED_EFFECT,121,pair,1524,0,0,0,1175,186,163,0.8983746576785807,0.9115786341600635,0.8999295919096578,0.8633357825128581,0.8781763826606876,0.8706928492034087,0.0,0.0,0,0,0,1.0
PAIR_PROTECT_ONLY,POSITIVE_PAIR_EVIDENCE,20,101,trrosettarna2_native_ss,DIRECT_EVIDENCE_EFFECT,121,pair,338,338,299,299,299,0,39,0.9504132231404959,0.9188997412137908,0.9294989445815892,1.0,0.8846153846153846,0.9387755102040817,0.0,0.0,0,0,0,1.0
PAIR_PROTECT_ONLY,POSITIVE_PAIR_EVIDENCE,20,101,trrosettarna2_native_ss,LOCAL_CONFLICT_EFFECT,121,pair,45,0,0,0,0,0,0,1.0,1.0,1.0,1.0,1.0,1.0,0.09917355371900827,1.0,45,0,45,1.0
PAIR_PROTECT_ONLY,POSITIVE_PAIR_EVIDENCE,20,101,trrosettarna2_native_ss,NON_EVIDENCED_EFFECT,121,pair,1725,0,0,0,1162,387,176,0.764672463535977,0.9101874862995427,0.8260379834084463,0.750161394448031,0.8684603886397608,0.804987876688604,0.0,0.0,0,0,0,1.0
PAIR_PROTECT_ONLY,POSITIVE_PAIR_EVIDENCE,20,103,petfold,DIRECT_EVIDENCE_EFFECT,121,pair,338,338,295,295,295,0,43,0.9669421487603306,0.9099883128808748,0.928812887539188,1.0,0.8727810650887574,0.9320695102685624,0.0,0.0,0,0,0,1.0
PAIR_PROTECT_ONLY,POSITIVE_PAIR_EVIDENCE,20,103,petfold,LOCAL_CONFLICT_EFFECT,121,pair,31,0,0,0,0,0,0,1.0,1.0,1.0,1.0,1.0,1.0,0.09090909090909091,1.0,31,0,31,1.0
PAIR_PROTECT_ONLY,POSITIVE_PAIR_EVIDENCE,20,103,petfold,NON_EVIDENCED_EFFECT,121,pair,1548,0,0,0,1168,210,170,0.8864622198931593,0.9071444389990816,0.8918400749600633,0.8476052249637155,0.8729446935724963,0.8600883652430045,0.0,0.0,0,0,0,1.0
PAIR_PROTECT_ONLY,POSITIVE_PAIR_EVIDENCE,20,103,rnafold,DIRECT_EVIDENCE_EFFECT,121,pair,338,338,296,296,296,0,42,0.9669421487603306,0.9113657233491944,0.9295642023400895,1.0,0.8757396449704142,0.9337539432176656,0.0,0.0,0,0,0,1.0
PAIR_PROTECT_ONLY,POSITIVE_PAIR_EVIDENCE,20,103,rnafold,LOCAL_CONFLICT_EFFECT,121,pair,33,0,0,0,0,0,0,1.0,1.0,1.0,1.0,1.0,1.0,0.08264462809917356,1.0,33,0,33,1.0
PAIR_PROTECT_ONLY,POSITIVE_PAIR_EVIDENCE,20,103,rnafold,NON_EVIDENCED_EFFECT,121,pair,1525,0,0,0,1177,187,161,0.9010931328507077,0.914312294100821,0.9028453768863006,0.8629032258064516,0.8796711509715994,0.8712065136935603,0.0,0.0,0,0,0,1.0
PAIR_PROTECT_ONLY,POSITIVE_PAIR_EVIDENCE,20,103,trrosettarna2_native_ss,DIRECT_EVIDENCE_EFFECT,121,pair,338,338,294,294,294,0,44,0.9421487603305785,0.9132815760914935,0.9224842879801558,1.0,0.8698224852071006,0.930379746835443,0.0,0.0,0,0,0,1.0
PAIR_PROTECT_ONLY,POSITIVE_PAIR_EVIDENCE,20,103,trrosettarna2_native_ss,LOCAL_CONFLICT_EFFECT,121,pair,60,0,0,0,0,0,0,1.0,1.0,1.0,1.0,1.0,1.0,0.10743801652892562,1.0,60,0,60,1.0
PAIR_PROTECT_ONLY,POSITIVE_PAIR_EVIDENCE,20,103,trrosettarna2_native_ss,NON_EVIDENCED_EFFECT,121,pair,1710,0,0,0,1167,372,171,0.7675982482824703,0.9115966750689649,0.8279450113827536,0.7582846003898636,0.8721973094170403,0.8112617309697602,0.0,0.0,0,0,0,1.0
PAIR_PROTECT_ONLY,POSITIVE_PAIR_EVIDENCE,20,107,petfold,DIRECT_EVIDENCE_EFFECT,121,pair,338,338,290,290,290,0,48,0.9586776859504132,0.9028227970376731,0.9207169564281352,1.0,0.8579881656804734,0.9235668789808917,0.0,0.0,0,0,0,1.0
PAIR_PROTECT_ONLY,POSITIVE_PAIR_EVIDENCE,20,107,petfold,LOCAL_CONFLICT_EFFECT,121,pair,50,0,0,0,0,0,0,1.0,1.0,1.0,1.0,1.0,1.0,0.10743801652892562,1.0,50,0,50,1.0
PAIR_PROTECT_ONLY,POSITIVE_PAIR_EVIDENCE,20,107,petfold,NON_EVIDENCED_EFFECT,121,pair,1529,0,0,0,1173,191,165,0.8899317967236294,0.9093020771800547,0.894215721368415,0.8599706744868035,0.8766816143497758,0.8682457438934122,0.0,0.0,0,0,0,1.0
PAIR_PROTECT_ONLY,POSITIVE_PAIR_EVIDENCE,20,107,rnafold,DIRECT_EVIDENCE_EFFECT,121,pair,338,338,293,293,293,0,45,0.9586776859504132,0.9106740367070946,0.9255706885545946,1.0,0.8668639053254438,0.9286846275752774,0.0,0.0,0,0,0,1.0
PAIR_PROTECT_ONLY,POSITIVE_PAIR_EVIDENCE,20,107,rnafold,LOCAL_CONFLICT_EFFECT,121,pair,49,0,0,0,0,0,0,1.0,1.0,1.0,1.0,1.0,1.0,0.09917355371900827,1.0,49,0,49,1.0
PAIR_PROTECT_ONLY,POSITIVE_PAIR_EVIDENCE,20,107,rnafold,NON_EVIDENCED_EFFECT,121,pair,1509,0,0,0,1180,171,158,0.9036573623869868,0.9147196704440264,0.9039473782796023,0.8734270910436713,0.8819133034379671,0.8776496838973596,0.0,0.0,0,0,0,1.0
PAIR_PROTECT_ONLY,POSITIVE_PAIR_EVIDENCE,20,107,trrosettarna2_native_ss,DIRECT_EVIDENCE_EFFECT,121,pair,338,338,293,293,293,0,45,0.9421487603305785,0.9045579764588029,0.9161012163442889,1.0,0.8668639053254438,0.9286846275752774,0.0,0.0,0,0,0,1.0
PAIR_PROTECT_ONLY,POSITIVE_PAIR_EVIDENCE,20,107,trrosettarna2_native_ss,LOCAL_CONFLICT_EFFECT,121,pair,55,0,0,0,0,0,0,1.0,1.0,1.0,1.0,1.0,1.0,0.10743801652892562,1.0,55,0,55,1.0
PAIR_PROTECT_ONLY,POSITIVE_PAIR_EVIDENCE,20,107,trrosettarna2_native_ss,NON_EVIDENCED_EFFECT,121,pair,1715,0,0,0,1168,377,170,0.7688939296350642,0.9147618304035416,0.8303879919793519,0.7559870550161812,0.8729446935724963,0.8102670828997572,0.0,0.0,0,0,0,1.0
PAIR_PROTECT_ONLY,POSITIVE_PAIR_EVIDENCE,20,109,petfold,DIRECT_EVIDENCE_EFFECT,121,pair,338,338,296,296,296,0,42,0.9752066115702479,0.9129071112542188,0.9320731706551628,1.0,0.8757396449704142,0.9337539432176656,0.0,0.0,0,0,0,1.0
PAIR_PROTECT_ONLY,POSITIVE_PAIR_EVIDENCE,20,109,petfold,LOCAL_CONFLICT_EFFECT,121,pair,39,0,0,0,0,0,0,1.0,1.0,1.0,1.0,1.0,1.0,0.09090909090909091,1.0,39,0,39,1.0
PAIR_PROTECT_ONLY,POSITIVE_PAIR_EVIDENCE,20,109,petfold,NON_EVIDENCED_EFFECT,121,pair,1540,0,0,0,1167,202,171,0.8868224610305617,0.9057248389103031,0.891134564255029,0.8524470416362309,0.8721973094170403,0.8622090875507943,0.0,0.0,0,0,0,1.0
PAIR_PROTECT_ONLY,POSITIVE_PAIR_EVIDENCE,20,109,rnafold,DIRECT_EVIDENCE_EFFECT,121,pair,338,338,296,296,296,0,42,0.9752066115702479,0.9158587051149035,0.9339514576574167,1.0,0.8757396449704142,0.9337539432176656,0.0,0.0,0,0,0,1.0
PAIR_PROTECT_ONLY,POSITIVE_PAIR_EVIDENCE,20,109,rnafold,LOCAL_CONFLICT_EFFECT,121,pair,39,0,0,0,0,0,0,1.0,1.0,1.0,1.0,1.0,1.0,0.09090909090909091,1.0,39,0,39,1.0
PAIR_PROTECT_ONLY,POSITIVE_PAIR_EVIDENCE,20,109,rnafold,NON_EVIDENCED_EFFECT,121,pair,1519,0,0,0,1177,181,161,0.9009951524925358,0.9125097517234123,0.9018584257076604,0.8667157584683358,0.8796711509715994,0.8731454005934718,0.0,0.0,0,0,0,1.0
PAIR_PROTECT_ONLY,POSITIVE_PAIR_EVIDENCE,20,109,trrosettarna2_native_ss,DIRECT_EVIDENCE_EFFECT,121,pair,338,338,299,299,299,0,39,0.9504132231404959,0.9185032139577594,0.9283648170011807,1.0,0.8846153846153846,0.9387755102040817,0.0,0.0,0,0,0,1.0
PAIR_PROTECT_ONLY,POSITIVE_PAIR_EVIDENCE,20,109,trrosettarna2_native_ss,LOCAL_CONFLICT_EFFECT,121,pair,57,0,0,0,0,0,0,1.0,1.0,1.0,1.0,1.0,1.0,0.10743801652892562,1.0,57,0,57,1.0
PAIR_PROTECT_ONLY,POSITIVE_PAIR_EVIDENCE,20,109,trrosettarna2_native_ss,NON_EVIDENCED_EFFECT,121,pair,1713,0,0,0,1162,375,176,0.7670660617312952,0.9105331036541537,0.8271399944846094,0.7560182173064411,0.8684603886397608,0.8083478260869565,0.0,0.0,0,0,0,1.0
PAIR_PROTECT_ONLY,POSITIVE_PAIR_EVIDENCE,20,113,petfold,DIRECT_EVIDENCE_EFFECT,121,pair,338,338,292,292,292,0,46,0.9669421487603306,0.8923449369730362,0.9154716832888928,1.0,0.863905325443787,0.926984126984127,0.0,0.0,0,0,0,1.0
PAIR_PROTECT_ONLY,POSITIVE_PAIR_EVIDENCE,20,113,petfold,LOCAL_CONFLICT_EFFECT,121,pair,38,0,0,0,0,0,0,1.0,1.0,1.0,1.0,1.0,1.0,0.1322314049586777,1.0,38,0,38,1.0
PAIR_PROTECT_ONLY,POSITIVE_PAIR_EVIDENCE,20,113,petfold,NON_EVIDENCED_EFFECT,121,pair,1541,0,0,0,1171,203,167,0.8915699107118342,0.9107614041923716,0.8954915709547094,0.8522561863173217,0.875186846038864,0.8635693215339233,0.0,0.0,0,0,0,1.0
PAIR_PROTECT_ONLY,POSITIVE_PAIR_EVIDENCE,20,113,rnafold,DIRECT_EVIDENCE_EFFECT,121,pair,338,338,294,294,294,0,44,0.9669421487603306,0.8972284831788964,0.9186594046584323,1.0,0.8698224852071006,0.930379746835443,0.0,0.0,0,0,0,1.0
PAIR_PROTECT_ONLY,POSITIVE_PAIR_EVIDENCE,20,113,rnafold,LOCAL_CONFLICT_EFFECT,121,pair,34,0,0,0,0,0,0,1.0,1.0,1.0,1.0,1.0,1.0,0.10743801652892562,1.0,34,0,34,1.0
PAIR_PROTECT_ONLY,POSITIVE_PAIR_EVIDENCE,20,113,rnafold,NON_EVIDENCED_EFFECT,121,pair,1524,0,0,0,1179,186,159,0.9027074402282097,0.9172940440259351,0.9047650628405918,0.8637362637362638,0.8811659192825112,0.8723640399556049,0.0,0.0,0,0,0,1.0
PAIR_PROTECT_ONLY,POSITIVE_PAIR_EVIDENCE,20,113,trrosettarna2_native_ss,DIRECT_EVIDENCE_EFFECT,121,pair,338,338,294,294,294,0,44,0.9421487603305785,0.9119667751899158,0.9210523177465326,1.0,0.8698224852071006,0.930379746835443,0.0,0.0,0,0,0,1.0
PAIR_PROTECT_ONLY,POSITIVE_PAIR_EVIDENCE,20,113,trrosettarna2_native_ss,LOCAL_CONFLICT_EFFECT,121,pair,57,0,0,0,0,0,0,1.0,1.0,1.0,1.0,1.0,1.0,0.09917355371900827,1.0,57,0,57,1.0
PAIR_PROTECT_ONLY,POSITIVE_PAIR_EVIDENCE,20,113,trrosettarna2_native_ss,NON_EVIDENCED_EFFECT,121,pair,1713,0,0,0,1167,375,171,0.768038606762999,0.9126180741457844,0.8289020515569401,0.7568093385214008,0.8721973094170403,0.8104166666666667,0.0,0.0,0,0,0,1.0
PAIR_PROTECT_ONLY,POSITIVE_PAIR_EVIDENCE,50,101,petfold,DIRECT_EVIDENCE_EFFECT,121,pair,875,875,759,759,759,0,116,0.9917355371900827,0.8999222206018722,0.9281403526066452,1.0,0.8674285714285714,0.9290085679314566,0.0,0.0,0,0,0,1.0
PAIR_PROTECT_ONLY,POSITIVE_PAIR_EVIDENCE,50,101,petfold,LOCAL_CONFLICT_EFFECT,121,pair,95,0,0,0,0,0,0,1.0,1.0,1.0,1.0,1.0,1.0,0.18181818181818182,1.0,95,0,95,1.0
PAIR_PROTECT_ONLY,POSITIVE_PAIR_EVIDENCE,50,101,petfold,NON_EVIDENCED_EFFECT,121,pair,947,0,0,0,704,146,97,0.8729304044143616,0.9157187050782092,0.885362985750688,0.8282352941176471,0.8789013732833958,0.8528164748637189,0.0,0.0,0,0,0,1.0
PAIR_PROTECT_ONLY,POSITIVE_PAIR_EVIDENCE,50,101,rnafold,DIRECT_EVIDENCE_EFFECT,121,pair,875,875,762,762,762,0,113,0.9917355371900827,0.9029533186742926,0.929826414779293,1.0,0.8708571428571429,0.9309712889431888,0.0,0.0,0,0,0,1.0
PAIR_PROTECT_ONLY,POSITIVE_PAIR_EVIDENCE,50,101,rnafold,LOCAL_CONFLICT_EFFECT,121,pair,94,0,0,0,0,0,0,1.0,1.0,1.0,1.0,1.0,1.0,0.17355371900826447,1.0,94,0,94,1.0
PAIR_PROTECT_ONLY,POSITIVE_PAIR_EVIDENCE,50,101,rnafold,NON_EVIDENCED_EFFECT,121,pair,927,0,0,0,711,126,90,0.8911353797717434,0.9256607029334302,0.900814147738111,0.8494623655913979,0.8876404494382022,0.8681318681318682,0.0,0.0,0,0,0,1.0
PAIR_PROTECT_ONLY,POSITIVE_PAIR_EVIDENCE,50,101,trrosettarna2_native_ss,DIRECT_EVIDENCE_EFFECT,121,pair,875,875,766,766,766,0,109,0.9586776859504132,0.9098727996095944,0.9271536526157329,1.0,0.8754285714285714,0.9335770871419866,0.0,0.0,0,0,0,1.0
PAIR_PROTECT_ONLY,POSITIVE_PAIR_EVIDENCE,50,101,trrosettarna2_native_ss,LOCAL_CONFLICT_EFFECT,121,pair,121,0,0,0,0,0,0,1.0,1.0,1.0,1.0,1.0,1.0,0.15702479338842976,1.0,121,0,121,1.0
PAIR_PROTECT_ONLY,POSITIVE_PAIR_EVIDENCE,50,101,trrosettarna2_native_ss,NON_EVIDENCED_EFFECT,121,pair,1112,0,0,0,695,311,106,0.6991880711570357,0.9144130902036041,0.782795119669833,0.6908548707753479,0.867665418227216,0.7692307692307693,0.0,0.0,0,0,0,1.0
PAIR_PROTECT_ONLY,POSITIVE_PAIR_EVIDENCE,50,103,petfold,DIRECT_EVIDENCE_EFFECT,121,pair,875,875,760,760,760,0,115,0.9917355371900827,0.9071044784808497,0.9356168248584185,1.0,0.8685714285714285,0.9296636085626911,0.0,0.0,0,0,0,1.0
PAIR_PROTECT_ONLY,POSITIVE_PAIR_EVIDENCE,50,103,petfold,LOCAL_CONFLICT_EFFECT,121,pair,93,0,0,0,0,0,0,1.0,1.0,1.0,1.0,1.0,1.0,0.15702479338842976,1.0,93,0,93,1.0
PAIR_PROTECT_ONLY,POSITIVE_PAIR_EVIDENCE,50,103,petfold,NON_EVIDENCED_EFFECT,121,pair,949,0,0,0,703,148,98,0.8675837859059464,0.9077472957234006,0.8775643406866641,0.8260869565217391,0.8776529338327091,0.851089588377724,0.0,0.0,0,0,0,1.0
PAIR_PROTECT_ONLY,POSITIVE_PAIR_EVIDENCE,50,103,rnafold,DIRECT_EVIDENCE_EFFECT,121,pair,875,875,762,762,762,0,113,0.9917355371900827,0.9090110128618615,0.9366379137896998,1.0,0.8708571428571429,0.9309712889431888,0.0,0.0,0,0,0,1.0
PAIR_PROTECT_ONLY,POSITIVE_PAIR_EVIDENCE,50,103,rnafold,LOCAL_CONFLICT_EFFECT,121,pair,93,0,0,0,0,0,0,1.0,1.0,1.0,1.0,1.0,1.0,0.15702479338842976,1.0,93,0,93,1.0
PAIR_PROTECT_ONLY,POSITIVE_PAIR_EVIDENCE,50,103,rnafold,NON_EVIDENCED_EFFECT,121,pair,928,0,0,0,711,127,90,0.8891107469206643,0.9186258570151851,0.8946662703286775,0.8484486873508353,0.8876404494382022,0.8676021964612569,0.0,0.0,0,0,0,1.0
PAIR_PROTECT_ONLY,POSITIVE_PAIR_EVIDENCE,50,103,trrosettarna2_native_ss,DIRECT_EVIDENCE_EFFECT,121,pair,875,875,755,755,755,0,120,0.9586776859504132,0.9065455181022913,0.9240340074009533,1.0,0.8628571428571429,0.9263803680981595,0.0,0.0,0,0,0,1.0
PAIR_PROTECT_ONLY,POSITIVE_PAIR_EVIDENCE,50,103,trrosettarna2_native_ss,LOCAL_CONFLICT_EFFECT,121,pair,126,0,0,0,0,0,0,1.0,1.0,1.0,1.0,1.0,1.0,0.1487603305785124,1.0,126,0,126,1.0
PAIR_PROTECT_ONLY,POSITIVE_PAIR_EVIDENCE,50,103,trrosettarna2_native_ss,NON_EVIDENCED_EFFECT,121,pair,1107,0,0,0,706,306,95,0.7028380921576312,0.9180535647926953,0.7860649197443391,0.6976284584980237,0.8813982521847691,0.7788196359624932,0.0,0.0,0,0,0,1.0
PAIR_PROTECT_ONLY,POSITIVE_PAIR_EVIDENCE,50,107,petfold,DIRECT_EVIDENCE_EFFECT,121,pair,875,875,764,764,764,0,111,0.9917355371900827,0.9002674481973693,0.9325929842617946,1.0,0.8731428571428571,0.9322757779133618,0.0,0.0,0,0,0,1.0
PAIR_PROTECT_ONLY,POSITIVE_PAIR_EVIDENCE,50,107,petfold,LOCAL_CONFLICT_EFFECT,121,pair,74,0,0,0,0,0,0,1.0,1.0,1.0,1.0,1.0,1.0,0.17355371900826447,1.0,74,0,74,1.0
PAIR_PROTECT_ONLY,POSITIVE_PAIR_EVIDENCE,50,107,petfold,NON_EVIDENCED_EFFECT,121,pair,968,0,0,0,699,167,102,0.8633191546475455,0.9165925751894131,0.8813646626943784,0.8071593533487298,0.8726591760299626,0.8386322735452909,0.0,0.0,0,0,0,1.0
PAIR_PROTECT_ONLY,POSITIVE_PAIR_EVIDENCE,50,107,rnafold,DIRECT_EVIDENCE_EFFECT,121,pair,875,875,770,770,770,0,105,0.9917355371900827,0.9072704013111635,0.937127686158251,1.0,0.88,0.9361702127659575,0.0,0.0,0,0,0,1.0
PAIR_PROTECT_ONLY,POSITIVE_PAIR_EVIDENCE,50,107,rnafold,LOCAL_CONFLICT_EFFECT,121,pair,72,0,0,0,0,0,0,1.0,1.0,1.0,1.0,1.0,1.0,0.17355371900826447,1.0,72,0,72,1.0
PAIR_PROTECT_ONLY,POSITIVE_PAIR_EVIDENCE,50,107,rnafold,NON_EVIDENCED_EFFECT,121,pair,949,0,0,0,703,148,98,0.8813930712691043,0.9213479208538496,0.8935265065611584,0.8260869565217391,0.8776529338327091,0.851089588377724,0.0,0.0,0,0,0,1.0
PAIR_PROTECT_ONLY,POSITIVE_PAIR_EVIDENCE,50,107,trrosettarna2_native_ss,DIRECT_EVIDENCE_EFFECT,121,pair,875,875,759,759,759,0,116,0.9586776859504132,0.9042326520048403,0.9212483305349426,1.0,0.8674285714285714,0.9290085679314566,0.0,0.0,0,0,0,1.0
PAIR_PROTECT_ONLY,POSITIVE_PAIR_EVIDENCE,50,107,trrosettarna2_native_ss,LOCAL_CONFLICT_EFFECT,121,pair,127,0,0,0,0,0,0,1.0,1.0,1.0,1.0,1.0,1.0,0.15702479338842976,1.0,127,0,127,1.0
PAIR_PROTECT_ONLY,POSITIVE_PAIR_EVIDENCE,50,107,trrosettarna2_native_ss,NON_EVIDENCED_EFFECT,121,pair,1106,0,0,0,702,305,99,0.7041895116336189,0.9203073990129327,0.7881908074880118,0.6971201588877854,0.8764044943820225,0.7765486725663717,0.0,0.0,0,0,0,1.0
PAIR_PROTECT_ONLY,POSITIVE_PAIR_EVIDENCE,50,109,petfold,DIRECT_EVIDENCE_EFFECT,121,pair,875,875,768,768,768,0,107,0.9917355371900827,0.9052878718897193,0.9330049184592288,1.0,0.8777142857142857,0.9348752282410225,0.0,0.0,0,0,0,1.0
PAIR_PROTECT_ONLY,POSITIVE_PAIR_EVIDENCE,50,109,petfold,LOCAL_CONFLICT_EFFECT,121,pair,82,0,0,0,0,0,0,1.0,1.0,1.0,1.0,1.0,1.0,0.1487603305785124,1.0,82,0,82,1.0
PAIR_PROTECT_ONLY,POSITIVE_PAIR_EVIDENCE,50,109,petfold,NON_EVIDENCED_EFFECT,121,pair,960,0,0,0,695,159,106,0.8643912912921178,0.9098351034121784,0.8769992969785922,0.8138173302107728,0.867665418227216,0.8398791540785498,0.0,0.0,0,0,0,1.0
PAIR_PROTECT_ONLY,POSITIVE_PAIR_EVIDENCE,50,109,rnafold,DIRECT_EVIDENCE_EFFECT,121,pair,875,875,775,775,775,0,100,0.9917355371900827,0.9130516803098232,0.9374931215895496,1.0,0.8857142857142857,0.9393939393939394,0.0,0.0,0,0,0,1.0
PAIR_PROTECT_ONLY,POSITIVE_PAIR_EVIDENCE,50,109,rnafold,LOCAL_CONFLICT_EFFECT,121,pair,79,0,0,0,0,0,0,1.0,1.0,1.0,1.0,1.0,1.0,0.1487603305785124,1.0,79,0,79,1.0
PAIR_PROTECT_ONLY,POSITIVE_PAIR_EVIDENCE,50,109,rnafold,NON_EVIDENCED_EFFECT,121,pair,942,0,0,0,698,141,103,0.8839186768865914,0.9140591621816919,0.8895677421374925,0.831942789034565,0.8714107365792759,0.8512195121951219,0.0,0.0,0,0,0,1.0
PAIR_PROTECT_ONLY,POSITIVE_PAIR_EVIDENCE,50,109,trrosettarna2_native_ss,DIRECT_EVIDENCE_EFFECT,121,pair,875,875,766,766,766,0,109,0.9586776859504132,0.9081664707113863,0.9252128768365857,1.0,0.8754285714285714,0.9335770871419866,0.0,0.0,0,0,0,1.0
PAIR_PROTECT_ONLY,POSITIVE_PAIR_EVIDENCE,50,109,trrosettarna2_native_ss,LOCAL_CONFLICT_EFFECT,121,pair,122,0,0,0,0,0,0,1.0,1.0,1.0,1.0,1.0,1.0,0.14049586776859505,1.0,122,0,122,1.0
PAIR_PROTECT_ONLY,POSITIVE_PAIR_EVIDENCE,50,109,trrosettarna2_native_ss,NON_EVIDENCED_EFFECT,121,pair,1111,0,0,0,695,310,106,0.6995510470584542,0.9162825097607706,0.7836510744798563,0.6915422885572139,0.867665418227216,0.769656699889258,0.0,0.0,0,0,0,1.0
PAIR_PROTECT_ONLY,POSITIVE_PAIR_EVIDENCE,50,113,petfold,DIRECT_EVIDENCE_EFFECT,121,pair,875,875,761,761,761,0,114,0.9834710743801653,0.8958421292688165,0.9251134125515296,1.0,0.8697142857142857,0.9303178484107579,0.0,0.0,0,0,0,1.0
PAIR_PROTECT_ONLY,POSITIVE_PAIR_EVIDENCE,50,113,petfold,LOCAL_CONFLICT_EFFECT,121,pair,87,0,0,0,0,0,0,1.0,1.0,1.0,1.0,1.0,1.0,0.15702479338842976,1.0,87,0,87,1.0
PAIR_PROTECT_ONLY,POSITIVE_PAIR_EVIDENCE,50,113,petfold,NON_EVIDENCED_EFFECT,121,pair,955,0,0,0,702,154,99,0.8669803028225488,0.9206790609278931,0.8849347293099951,0.8200934579439252,0.8764044943820225,0.8473144236572119,0.0,0.0,0,0,0,1.0
PAIR_PROTECT_ONLY,POSITIVE_PAIR_EVIDENCE,50,113,rnafold,DIRECT_EVIDENCE_EFFECT,121,pair,875,875,767,767,767,0,108,0.9834710743801653,0.9033654140648286,0.9294884836041175,1.0,0.8765714285714286,0.9342265529841657,0.0,0.0,0,0,0,1.0
PAIR_PROTECT_ONLY,POSITIVE_PAIR_EVIDENCE,50,113,rnafold,LOCAL_CONFLICT_EFFECT,121,pair,82,0,0,0,0,0,0,1.0,1.0,1.0,1.0,1.0,1.0,0.14049586776859505,1.0,82,0,82,1.0
PAIR_PROTECT_ONLY,POSITIVE_PAIR_EVIDENCE,50,113,rnafold,NON_EVIDENCED_EFFECT,121,pair,939,0,0,0,706,138,95,0.8837663330565616,0.9251994143118829,0.8966825735612945,0.8364928909952607,0.8813982521847691,0.8583586626139817,0.0,0.0,0,0,0,1.0
PAIR_PROTECT_ONLY,POSITIVE_PAIR_EVIDENCE,50,113,trrosettarna2_native_ss,DIRECT_EVIDENCE_EFFECT,121,pair,875,875,767,767,767,0,108,0.9586776859504132,0.9118006924870022,0.9274208517178981,1.0,0.8765714285714286,0.9342265529841657,0.0,0.0,0,0,0,1.0
PAIR_PROTECT_ONLY,POSITIVE_PAIR_EVIDENCE,50,113,trrosettarna2_native_ss,LOCAL_CONFLICT_EFFECT,121,pair,120,0,0,0,0,0,0,1.0,1.0,1.0,1.0,1.0,1.0,0.1487603305785124,1.0,120,0,120,1.0
PAIR_PROTECT_ONLY,POSITIVE_PAIR_EVIDENCE,50,113,trrosettarna2_native_ss,NON_EVIDENCED_EFFECT,121,pair,1113,0,0,0,694,312,107,0.6970459462812622,0.9126749677639006,0.7810049529155113,0.6898608349900597,0.8664169787765293,0.7681239623685667,0.0,0.0,0,0,0,1.0
UNPAIRED_HARD_DELETE,UNPAIRED_NUCLEOTIDE_EVIDENCE,0,101,petfold,DIRECT_EVIDENCE_EFFECT,121,nucleotide,0,0,0,0,,,,,,,,,,,,0,0,0,1.0
UNPAIRED_HARD_DELETE,UNPAIRED_NUCLEOTIDE_EVIDENCE,0,101,petfold,LOCAL_CONFLICT_EFFECT,121,pair,0,0,0,0,0,0,0,1.0,1.0,1.0,1.0,1.0,1.0,0.0,0.0,0,0,0,1.0
UNPAIRED_HARD_DELETE,UNPAIRED_NUCLEOTIDE_EVIDENCE,0,101,petfold,NON_EVIDENCED_EFFECT,121,pair,1917,0,0,0,1463,241,213,0.8952556023530504,0.9077787598919441,0.8968492212485739,0.8585680751173709,0.8729116945107399,0.8656804733727811,0.0,0.0,0,0,0,1.0
UNPAIRED_HARD_DELETE,UNPAIRED_NUCLEOTIDE_EVIDENCE,0,101,rnafold,DIRECT_EVIDENCE_EFFECT,121,nucleotide,0,0,0,0,,,,,,,,,,,,0,0,0,1.0
UNPAIRED_HARD_DELETE,UNPAIRED_NUCLEOTIDE_EVIDENCE,0,101,rnafold,LOCAL_CONFLICT_EFFECT,121,pair,0,0,0,0,0,0,0,1.0,1.0,1.0,1.0,1.0,1.0,0.0,0.0,0,0,0,1.0
UNPAIRED_HARD_DELETE,UNPAIRED_NUCLEOTIDE_EVIDENCE,0,101,rnafold,NON_EVIDENCED_EFFECT,121,pair,1896,0,0,0,1473,220,203,0.9069374161618192,0.9138670306547281,0.9058176119079561,0.8700531600708801,0.8788782816229117,0.8744434550311665,0.0,0.0,0,0,0,1.0
UNPAIRED_HARD_DELETE,UNPAIRED_NUCLEOTIDE_EVIDENCE,0,101,trrosettarna2_native_ss,DIRECT_EVIDENCE_EFFECT,121,nucleotide,0,0,0,0,,,,,,,,,,,,0,0,0,1.0
UNPAIRED_HARD_DELETE,UNPAIRED_NUCLEOTIDE_EVIDENCE,0,101,trrosettarna2_native_ss,LOCAL_CONFLICT_EFFECT,121,pair,0,0,0,0,0,0,0,1.0,1.0,1.0,1.0,1.0,1.0,0.0,0.0,0,0,0,1.0
UNPAIRED_HARD_DELETE,UNPAIRED_NUCLEOTIDE_EVIDENCE,0,101,trrosettarna2_native_ss,NON_EVIDENCED_EFFECT,121,pair,2108,0,0,0,1461,432,215,0.7905636556834104,0.9120849106151278,0.8428713642132949,0.7717908082408875,0.8717183770883055,0.8187167273746148,0.0,0.0,0,0,0,1.0
UNPAIRED_HARD_DELETE,UNPAIRED_NUCLEOTIDE_EVIDENCE,0,103,petfold,DIRECT_EVIDENCE_EFFECT,121,nucleotide,0,0,0,0,,,,,,,,,,,,0,0,0,1.0
UNPAIRED_HARD_DELETE,UNPAIRED_NUCLEOTIDE_EVIDENCE,0,103,petfold,LOCAL_CONFLICT_EFFECT,121,pair,0,0,0,0,0,0,0,1.0,1.0,1.0,1.0,1.0,1.0,0.0,0.0,0,0,0,1.0
UNPAIRED_HARD_DELETE,UNPAIRED_NUCLEOTIDE_EVIDENCE,0,103,petfold,NON_EVIDENCED_EFFECT,121,pair,1917,0,0,0,1463,241,213,0.8952556023530504,0.9077787598919441,0.8968492212485739,0.8585680751173709,0.8729116945107399,0.8656804733727811,0.0,0.0,0,0,0,1.0
UNPAIRED_HARD_DELETE,UNPAIRED_NUCLEOTIDE_EVIDENCE,0,103,rnafold,DIRECT_EVIDENCE_EFFECT,121,nucleotide,0,0,0,0,,,,,,,,,,,,0,0,0,1.0
UNPAIRED_HARD_DELETE,UNPAIRED_NUCLEOTIDE_EVIDENCE,0,103,rnafold,LOCAL_CONFLICT_EFFECT,121,pair,0,0,0,0,0,0,0,1.0,1.0,1.0,1.0,1.0,1.0,0.0,0.0,0,0,0,1.0
UNPAIRED_HARD_DELETE,UNPAIRED_NUCLEOTIDE_EVIDENCE,0,103,rnafold,NON_EVIDENCED_EFFECT,121,pair,1896,0,0,0,1473,220,203,0.9069374161618192,0.9138670306547281,0.9058176119079561,0.8700531600708801,0.8788782816229117,0.8744434550311665,0.0,0.0,0,0,0,1.0
UNPAIRED_HARD_DELETE,UNPAIRED_NUCLEOTIDE_EVIDENCE,0,103,trrosettarna2_native_ss,DIRECT_EVIDENCE_EFFECT,121,nucleotide,0,0,0,0,,,,,,,,,,,,0,0,0,1.0
UNPAIRED_HARD_DELETE,UNPAIRED_NUCLEOTIDE_EVIDENCE,0,103,trrosettarna2_native_ss,LOCAL_CONFLICT_EFFECT,121,pair,0,0,0,0,0,0,0,1.0,1.0,1.0,1.0,1.0,1.0,0.0,0.0,0,0,0,1.0
UNPAIRED_HARD_DELETE,UNPAIRED_NUCLEOTIDE_EVIDENCE,0,103,trrosettarna2_native_ss,NON_EVIDENCED_EFFECT,121,pair,2108,0,0,0,1461,432,215,0.7905636556834104,0.9120849106151278,0.8428713642132949,0.7717908082408875,0.8717183770883055,0.8187167273746148,0.0,0.0,0,0,0,1.0
UNPAIRED_HARD_DELETE,UNPAIRED_NUCLEOTIDE_EVIDENCE,0,107,petfold,DIRECT_EVIDENCE_EFFECT,121,nucleotide,0,0,0,0,,,,,,,,,,,,0,0,0,1.0
UNPAIRED_HARD_DELETE,UNPAIRED_NUCLEOTIDE_EVIDENCE,0,107,petfold,LOCAL_CONFLICT_EFFECT,121,pair,0,0,0,0,0,0,0,1.0,1.0,1.0,1.0,1.0,1.0,0.0,0.0,0,0,0,1.0
UNPAIRED_HARD_DELETE,UNPAIRED_NUCLEOTIDE_EVIDENCE,0,107,petfold,NON_EVIDENCED_EFFECT,121,pair,1917,0,0,0,1463,241,213,0.8952556023530504,0.9077787598919441,0.8968492212485739,0.8585680751173709,0.8729116945107399,0.8656804733727811,0.0,0.0,0,0,0,1.0
UNPAIRED_HARD_DELETE,UNPAIRED_NUCLEOTIDE_EVIDENCE,0,107,rnafold,DIRECT_EVIDENCE_EFFECT,121,nucleotide,0,0,0,0,,,,,,,,,,,,0,0,0,1.0
UNPAIRED_HARD_DELETE,UNPAIRED_NUCLEOTIDE_EVIDENCE,0,107,rnafold,LOCAL_CONFLICT_EFFECT,121,pair,0,0,0,0,0,0,0,1.0,1.0,1.0,1.0,1.0,1.0,0.0,0.0,0,0,0,1.0
UNPAIRED_HARD_DELETE,UNPAIRED_NUCLEOTIDE_EVIDENCE,0,107,rnafold,NON_EVIDENCED_EFFECT,121,pair,1896,0,0,0,1473,220,203,0.9069374161618192,0.9138670306547281,0.9058176119079561,0.8700531600708801,0.8788782816229117,0.8744434550311665,0.0,0.0,0,0,0,1.0
UNPAIRED_HARD_DELETE,UNPAIRED_NUCLEOTIDE_EVIDENCE,0,107,trrosettarna2_native_ss,DIRECT_EVIDENCE_EFFECT,121,nucleotide,0,0,0,0,,,,,,,,,,,,0,0,0,1.0
UNPAIRED_HARD_DELETE,UNPAIRED_NUCLEOTIDE_EVIDENCE,0,107,trrosettarna2_native_ss,LOCAL_CONFLICT_EFFECT,121,pair,0,0,0,0,0,0,0,1.0,1.0,1.0,1.0,1.0,1.0,0.0,0.0,0,0,0,1.0
UNPAIRED_HARD_DELETE,UNPAIRED_NUCLEOTIDE_EVIDENCE,0,107,trrosettarna2_native_ss,NON_EVIDENCED_EFFECT,121,pair,2108,0,0,0,1461,432,215,0.7905636556834104,0.9120849106151278,0.8428713642132949,0.7717908082408875,0.8717183770883055,0.8187167273746148,0.0,0.0,0,0,0,1.0
UNPAIRED_HARD_DELETE,UNPAIRED_NUCLEOTIDE_EVIDENCE,0,109,petfold,DIRECT_EVIDENCE_EFFECT,121,nucleotide,0,0,0,0,,,,,,,,,,,,0,0,0,1.0
UNPAIRED_HARD_DELETE,UNPAIRED_NUCLEOTIDE_EVIDENCE,0,109,petfold,LOCAL_CONFLICT_EFFECT,121,pair,0,0,0,0,0,0,0,1.0,1.0,1.0,1.0,1.0,1.0,0.0,0.0,0,0,0,1.0
UNPAIRED_HARD_DELETE,UNPAIRED_NUCLEOTIDE_EVIDENCE,0,109,petfold,NON_EVIDENCED_EFFECT,121,pair,1917,0,0,0,1463,241,213,0.8952556023530504,0.9077787598919441,0.8968492212485739,0.8585680751173709,0.8729116945107399,0.8656804733727811,0.0,0.0,0,0,0,1.0
UNPAIRED_HARD_DELETE,UNPAIRED_NUCLEOTIDE_EVIDENCE,0,109,rnafold,DIRECT_EVIDENCE_EFFECT,121,nucleotide,0,0,0,0,,,,,,,,,,,,0,0,0,1.0
UNPAIRED_HARD_DELETE,UNPAIRED_NUCLEOTIDE_EVIDENCE,0,109,rnafold,LOCAL_CONFLICT_EFFECT,121,pair,0,0,0,0,0,0,0,1.0,1.0,1.0,1.0,1.0,1.0,0.0,0.0,0,0,0,1.0
UNPAIRED_HARD_DELETE,UNPAIRED_NUCLEOTIDE_EVIDENCE,0,109,rnafold,NON_EVIDENCED_EFFECT,121,pair,1896,0,0,0,1473,220,203,0.9069374161618192,0.9138670306547281,0.9058176119079561,0.8700531600708801,0.8788782816229117,0.8744434550311665,0.0,0.0,0,0,0,1.0
UNPAIRED_HARD_DELETE,UNPAIRED_NUCLEOTIDE_EVIDENCE,0,109,trrosettarna2_native_ss,DIRECT_EVIDENCE_EFFECT,121,nucleotide,0,0,0,0,,,,,,,,,,,,0,0,0,1.0
UNPAIRED_HARD_DELETE,UNPAIRED_NUCLEOTIDE_EVIDENCE,0,109,trrosettarna2_native_ss,LOCAL_CONFLICT_EFFECT,121,pair,0,0,0,0,0,0,0,1.0,1.0,1.0,1.0,1.0,1.0,0.0,0.0,0,0,0,1.0
UNPAIRED_HARD_DELETE,UNPAIRED_NUCLEOTIDE_EVIDENCE,0,109,trrosettarna2_native_ss,NON_EVIDENCED_EFFECT,121,pair,2108,0,0,0,1461,432,215,0.7905636556834104,0.9120849106151278,0.8428713642132949,0.7717908082408875,0.8717183770883055,0.8187167273746148,0.0,0.0,0,0,0,1.0
UNPAIRED_HARD_DELETE,UNPAIRED_NUCLEOTIDE_EVIDENCE,0,113,petfold,DIRECT_EVIDENCE_EFFECT,121,nucleotide,0,0,0,0,,,,,,,,,,,,0,0,0,1.0
UNPAIRED_HARD_DELETE,UNPAIRED_NUCLEOTIDE_EVIDENCE,0,113,petfold,LOCAL_CONFLICT_EFFECT,121,pair,0,0,0,0,0,0,0,1.0,1.0,1.0,1.0,1.0,1.0,0.0,0.0,0,0,0,1.0
UNPAIRED_HARD_DELETE,UNPAIRED_NUCLEOTIDE_EVIDENCE,0,113,petfold,NON_EVIDENCED_EFFECT,121,pair,1917,0,0,0,1463,241,213,0.8952556023530504,0.9077787598919441,0.8968492212485739,0.8585680751173709,0.8729116945107399,0.8656804733727811,0.0,0.0,0,0,0,1.0
UNPAIRED_HARD_DELETE,UNPAIRED_NUCLEOTIDE_EVIDENCE,0,113,rnafold,DIRECT_EVIDENCE_EFFECT,121,nucleotide,0,0,0,0,,,,,,,,,,,,0,0,0,1.0
UNPAIRED_HARD_DELETE,UNPAIRED_NUCLEOTIDE_EVIDENCE,0,113,rnafold,LOCAL_CONFLICT_EFFECT,121,pair,0,0,0,0,0,0,0,1.0,1.0,1.0,1.0,1.0,1.0,0.0,0.0,0,0,0,1.0
UNPAIRED_HARD_DELETE,UNPAIRED_NUCLEOTIDE_EVIDENCE,0,113,rnafold,NON_EVIDENCED_EFFECT,121,pair,1896,0,0,0,1473,220,203,0.9069374161618192,0.9138670306547281,0.9058176119079561,0.8700531600708801,0.8788782816229117,0.8744434550311665,0.0,0.0,0,0,0,1.0
UNPAIRED_HARD_DELETE,UNPAIRED_NUCLEOTIDE_EVIDENCE,0,113,trrosettarna2_native_ss,DIRECT_EVIDENCE_EFFECT,121,nucleotide,0,0,0,0,,,,,,,,,,,,0,0,0,1.0
UNPAIRED_HARD_DELETE,UNPAIRED_NUCLEOTIDE_EVIDENCE,0,113,trrosettarna2_native_ss,LOCAL_CONFLICT_EFFECT,121,pair,0,0,0,0,0,0,0,1.0,1.0,1.0,1.0,1.0,1.0,0.0,0.0,0,0,0,1.0
UNPAIRED_HARD_DELETE,UNPAIRED_NUCLEOTIDE_EVIDENCE,0,113,trrosettarna2_native_ss,NON_EVIDENCED_EFFECT,121,pair,2108,0,0,0,1461,432,215,0.7905636556834104,0.9120849106151278,0.8428713642132949,0.7717908082408875,0.8717183770883055,0.8187167273746148,0.0,0.0,0,0,0,1.0
UNPAIRED_HARD_DELETE,UNPAIRED_NUCLEOTIDE_EVIDENCE,1,101,petfold,DIRECT_EVIDENCE_EFFECT,121,nucleotide,0,121,104,121,,,,,,,,,,,,0,0,0,1.0
UNPAIRED_HARD_DELETE,UNPAIRED_NUCLEOTIDE_EVIDENCE,1,101,petfold,LOCAL_CONFLICT_EFFECT,121,pair,17,0,0,0,0,0,0,1.0,1.0,1.0,1.0,1.0,1.0,0.14049586776859505,1.0,17,0,17,1.0
UNPAIRED_HARD_DELETE,UNPAIRED_NUCLEOTIDE_EVIDENCE,1,101,petfold,NON_EVIDENCED_EFFECT,121,pair,1900,0,0,0,1463,224,213,0.9059541488994135,0.9077787598919441,0.9020326598094781,0.8672199170124482,0.8729116945107399,0.8700564971751412,0.0,0.0,0,0,0,1.0
UNPAIRED_HARD_DELETE,UNPAIRED_NUCLEOTIDE_EVIDENCE,1,101,rnafold,DIRECT_EVIDENCE_EFFECT,121,nucleotide,0,121,105,121,,,,,,,,,,,,0,0,0,1.0
UNPAIRED_HARD_DELETE,UNPAIRED_NUCLEOTIDE_EVIDENCE,1,101,rnafold,LOCAL_CONFLICT_EFFECT,121,pair,16,0,0,0,0,0,0,1.0,1.0,1.0,1.0,1.0,1.0,0.1322314049586777,1.0,16,0,16,1.0
UNPAIRED_HARD_DELETE,UNPAIRED_NUCLEOTIDE_EVIDENCE,1,101,rnafold,NON_EVIDENCED_EFFECT,121,pair,1880,0,0,0,1473,204,203,0.9171879247220843,0.9138670306547281,0.9107428567565491,0.8783542039355993,0.8788782816229117,0.8786161646286907,0.0,0.0,0,0,0,1.0
UNPAIRED_HARD_DELETE,UNPAIRED_NUCLEOTIDE_EVIDENCE,1,101,trrosettarna2_native_ss,DIRECT_EVIDENCE_EFFECT,121,nucleotide,0,121,86,121,,,,,,,,,,,,0,0,0,1.0
UNPAIRED_HARD_DELETE,UNPAIRED_NUCLEOTIDE_EVIDENCE,1,101,trrosettarna2_native_ss,LOCAL_CONFLICT_EFFECT,121,pair,35,0,0,0,0,0,0,1.0,1.0,1.0,1.0,1.0,1.0,0.2892561983471074,1.0,35,0,35,1.0
UNPAIRED_HARD_DELETE,UNPAIRED_NUCLEOTIDE_EVIDENCE,1,101,trrosettarna2_native_ss,NON_EVIDENCED_EFFECT,121,pair,2073,0,0,0,1461,397,215,0.8102918708017104,0.9120849106151278,0.8545136056606705,0.7863293864370291,0.8717183770883055,0.8268251273344652,0.0,0.0,0,0,0,1.0
UNPAIRED_HARD_DELETE,UNPAIRED_NUCLEOTIDE_EVIDENCE,1,103,petfold,DIRECT_EVIDENCE_EFFECT,121,nucleotide,0,121,105,121,,,,,,,,,,,,0,0,0,1.0
UNPAIRED_HARD_DELETE,UNPAIRED_NUCLEOTIDE_EVIDENCE,1,103,petfold,LOCAL_CONFLICT_EFFECT,121,pair,16,0,0,0,0,0,0,1.0,1.0,1.0,1.0,1.0,1.0,0.1322314049586777,1.0,16,0,16,1.0
UNPAIRED_HARD_DELETE,UNPAIRED_NUCLEOTIDE_EVIDENCE,1,103,petfold,NON_EVIDENCED_EFFECT,121,pair,1901,0,0,0,1463,225,213,0.9032994945259615,0.9077787598919441,0.9011687106882,0.8667061611374408,0.8729116945107399,0.8697978596908442,0.0,0.0,0,0,0,1.0
UNPAIRED_HARD_DELETE,UNPAIRED_NUCLEOTIDE_EVIDENCE,1,103,rnafold,DIRECT_EVIDENCE_EFFECT,121,nucleotide,0,121,107,121,,,,,,,,,,,,0,0,0,1.0
UNPAIRED_HARD_DELETE,UNPAIRED_NUCLEOTIDE_EVIDENCE,1,103,rnafold,LOCAL_CONFLICT_EFFECT,121,pair,14,0,0,0,0,0,0,1.0,1.0,1.0,1.0,1.0,1.0,0.11570247933884298,1.0,14,0,14,1.0
UNPAIRED_HARD_DELETE,UNPAIRED_NUCLEOTIDE_EVIDENCE,1,103,rnafold,NON_EVIDENCED_EFFECT,121,pair,1882,0,0,0,1473,206,203,0.9135693057037123,0.9138670306547281,0.9094081732769976,0.8773079213817748,0.8788782816229117,0.8780923994038748,0.0,0.0,0,0,0,1.0
UNPAIRED_HARD_DELETE,UNPAIRED_NUCLEOTIDE_EVIDENCE,1,103,trrosettarna2_native_ss,DIRECT_EVIDENCE_EFFECT,121,nucleotide,0,121,87,121,,,,,,,,,,,,0,0,0,1.0
UNPAIRED_HARD_DELETE,UNPAIRED_NUCLEOTIDE_EVIDENCE,1,103,trrosettarna2_native_ss,LOCAL_CONFLICT_EFFECT,121,pair,34,0,0,0,0,0,0,1.0,1.0,1.0,1.0,1.0,1.0,0.2809917355371901,1.0,34,0,34,1.0
UNPAIRED_HARD_DELETE,UNPAIRED_NUCLEOTIDE_EVIDENCE,1,103,trrosettarna2_native_ss,NON_EVIDENCED_EFFECT,121,pair,2074,0,0,0,1461,398,215,0.810247744448208,0.9120849106151278,0.8543352069689977,0.7859064012910166,0.8717183770883055,0.8265912305516266,0.0,0.0,0,0,0,1.0
UNPAIRED_HARD_DELETE,UNPAIRED_NUCLEOTIDE_EVIDENCE,1,107,petfold,DIRECT_EVIDENCE_EFFECT,121,nucleotide,0,121,106,121,,,,,,,,,,,,0,0,0,1.0
UNPAIRED_HARD_DELETE,UNPAIRED_NUCLEOTIDE_EVIDENCE,1,107,petfold,LOCAL_CONFLICT_EFFECT,121,pair,15,0,0,0,0,0,0,1.0,1.0,1.0,1.0,1.0,1.0,0.12396694214876033,1.0,15,0,15,1.0
UNPAIRED_HARD_DELETE,UNPAIRED_NUCLEOTIDE_EVIDENCE,1,107,petfold,NON_EVIDENCED_EFFECT,121,pair,1902,0,0,0,1463,226,213,0.9041500705885364,0.9077787598919441,0.9014212792302841,0.8661930136175252,0.8729116945107399,0.8695393759286776,0.0,0.0,0,0,0,1.0
UNPAIRED_HARD_DELETE,UNPAIRED_NUCLEOTIDE_EVIDENCE,1,107,rnafold,DIRECT_EVIDENCE_EFFECT,121,nucleotide,0,121,112,121,,,,,,,,,,,,0,0,0,1.0
UNPAIRED_HARD_DELETE,UNPAIRED_NUCLEOTIDE_EVIDENCE,1,107,rnafold,LOCAL_CONFLICT_EFFECT,121,pair,9,0,0,0,0,0,0,1.0,1.0,1.0,1.0,1.0,1.0,0.0743801652892562,1.0,9,0,9,1.0
UNPAIRED_HARD_DELETE,UNPAIRED_NUCLEOTIDE_EVIDENCE,1,107,rnafold,NON_EVIDENCED_EFFECT,121,pair,1887,0,0,0,1473,211,203,0.9131695811260415,0.9138670306547281,0.9088015726046772,0.8747030878859857,0.8788782816229117,0.8767857142857143,0.0,0.0,0,0,0,1.0
UNPAIRED_HARD_DELETE,UNPAIRED_NUCLEOTIDE_EVIDENCE,1,107,trrosettarna2_native_ss,DIRECT_EVIDENCE_EFFECT,121,nucleotide,0,121,78,121,,,,,,,,,,,,0,0,0,1.0
UNPAIRED_HARD_DELETE,UNPAIRED_NUCLEOTIDE_EVIDENCE,1,107,trrosettarna2_native_ss,LOCAL_CONFLICT_EFFECT,121,pair,43,0,0,0,0,0,0,1.0,1.0,1.0,1.0,1.0,1.0,0.35537190082644626,1.0,43,0,43,1.0
UNPAIRED_HARD_DELETE,UNPAIRED_NUCLEOTIDE_EVIDENCE,1,107,trrosettarna2_native_ss,NON_EVIDENCED_EFFECT,121,pair,2065,0,0,0,1461,389,215,0.8130514846442716,0.9120849106151278,0.8561920738209233,0.7897297297297298,0.8717183770883055,0.8287010777084515,0.0,0.0,0,0,0,1.0
UNPAIRED_HARD_DELETE,UNPAIRED_NUCLEOTIDE_EVIDENCE,1,109,petfold,DIRECT_EVIDENCE_EFFECT,121,nucleotide,0,121,100,121,,,,,,,,,,,,0,0,0,1.0
UNPAIRED_HARD_DELETE,UNPAIRED_NUCLEOTIDE_EVIDENCE,1,109,petfold,LOCAL_CONFLICT_EFFECT,121,pair,21,0,0,0,0,0,0,1.0,1.0,1.0,1.0,1.0,1.0,0.17355371900826447,1.0,21,0,21,1.0
UNPAIRED_HARD_DELETE,UNPAIRED_NUCLEOTIDE_EVIDENCE,1,109,petfold,NON_EVIDENCED_EFFECT,121,pair,1896,0,0,0,1463,220,213,0.9057801370117188,0.9077787598919441,0.9023795445307521,0.869281045751634,0.8729116945107399,0.8710925870794879,0.0,0.0,0,0,0,1.0
UNPAIRED_HARD_DELETE,UNPAIRED_NUCLEOTIDE_EVIDENCE,1,109,rnafold,DIRECT_EVIDENCE_EFFECT,121,nucleotide,0,121,102,121,,,,,,,,,,,,0,0,0,1.0
UNPAIRED_HARD_DELETE,UNPAIRED_NUCLEOTIDE_EVIDENCE,1,109,rnafold,LOCAL_CONFLICT_EFFECT,121,pair,19,0,0,0,0,0,0,1.0,1.0,1.0,1.0,1.0,1.0,0.15702479338842976,1.0,19,0,19,1.0
UNPAIRED_HARD_DELETE,UNPAIRED_NUCLEOTIDE_EVIDENCE,1,109,rnafold,NON_EVIDENCED_EFFECT,121,pair,1877,0,0,0,1473,201,203,0.9166157536396622,0.9138670306547281,0.9108919206112116,0.8799283154121864,0.8788782816229117,0.8794029850746269,0.0,0.0,0,0,0,1.0
UNPAIRED_HARD_DELETE,UNPAIRED_NUCLEOTIDE_EVIDENCE,1,109,trrosettarna2_native_ss,DIRECT_EVIDENCE_EFFECT,121,nucleotide,0,121,76,121,,,,,,,,,,,,0,0,0,1.0
UNPAIRED_HARD_DELETE,UNPAIRED_NUCLEOTIDE_EVIDENCE,1,109,trrosettarna2_native_ss,LOCAL_CONFLICT_EFFECT,121,pair,45,0,0,0,0,0,0,1.0,1.0,1.0,1.0,1.0,1.0,0.371900826446281,1.0,45,0,45,1.0
UNPAIRED_HARD_DELETE,UNPAIRED_NUCLEOTIDE_EVIDENCE,1,109,trrosettarna2_native_ss,NON_EVIDENCED_EFFECT,121,pair,2063,0,0,0,1461,387,215,0.8145369457995719,0.9120849106151278,0.8567099074388023,0.7905844155844156,0.8717183770883055,0.8291713961407492,0.0,0.0,0,0,0,1.0
UNPAIRED_HARD_DELETE,UNPAIRED_NUCLEOTIDE_EVIDENCE,1,113,petfold,DIRECT_EVIDENCE_EFFECT,121,nucleotide,0,121,103,121,,,,,,,,,,,,0,0,0,1.0
UNPAIRED_HARD_DELETE,UNPAIRED_NUCLEOTIDE_EVIDENCE,1,113,petfold,LOCAL_CONFLICT_EFFECT,121,pair,18,0,0,0,0,0,0,1.0,1.0,1.0,1.0,1.0,1.0,0.1487603305785124,1.0,18,0,18,1.0
UNPAIRED_HARD_DELETE,UNPAIRED_NUCLEOTIDE_EVIDENCE,1,113,petfold,NON_EVIDENCED_EFFECT,121,pair,1899,0,0,0,1463,223,213,0.9028956929259876,0.9077787598919441,0.9008369518024504,0.8677342823250297,0.8729116945107399,0.8703152885187388,0.0,0.0,0,0,0,1.0
UNPAIRED_HARD_DELETE,UNPAIRED_NUCLEOTIDE_EVIDENCE,1,113,rnafold,DIRECT_EVIDENCE_EFFECT,121,nucleotide,0,121,106,121,,,,,,,,,,,,0,0,0,1.0
UNPAIRED_HARD_DELETE,UNPAIRED_NUCLEOTIDE_EVIDENCE,1,113,rnafold,LOCAL_CONFLICT_EFFECT,121,pair,15,0,0,0,0,0,0,1.0,1.0,1.0,1.0,1.0,1.0,0.12396694214876033,1.0,15,0,15,1.0
UNPAIRED_HARD_DELETE,UNPAIRED_NUCLEOTIDE_EVIDENCE,1,113,rnafold,NON_EVIDENCED_EFFECT,121,pair,1881,0,0,0,1473,205,203,0.9131735831788031,0.9138670306547281,0.9091251254270484,0.8778307508939214,0.8788782816229117,0.8783542039355993,0.0,0.0,0,0,0,1.0
UNPAIRED_HARD_DELETE,UNPAIRED_NUCLEOTIDE_EVIDENCE,1,113,trrosettarna2_native_ss,DIRECT_EVIDENCE_EFFECT,121,nucleotide,0,121,77,121,,,,,,,,,,,,0,0,0,1.0
UNPAIRED_HARD_DELETE,UNPAIRED_NUCLEOTIDE_EVIDENCE,1,113,trrosettarna2_native_ss,LOCAL_CONFLICT_EFFECT,121,pair,44,0,0,0,0,0,0,1.0,1.0,1.0,1.0,1.0,1.0,0.36363636363636365,1.0,44,0,44,1.0
UNPAIRED_HARD_DELETE,UNPAIRED_NUCLEOTIDE_EVIDENCE,1,113,trrosettarna2_native_ss,NON_EVIDENCED_EFFECT,121,pair,2064,0,0,0,1461,388,215,0.8149146817498449,0.9120849106151278,0.8566398485954532,0.7901568415359654,0.8717183770883055,0.828936170212766,0.0,0.0,0,0,0,1.0
UNPAIRED_HARD_DELETE,UNPAIRED_NUCLEOTIDE_EVIDENCE,5,101,petfold,DIRECT_EVIDENCE_EFFECT,121,nucleotide,0,134,112,134,,,,,,,,,,,,0,0,0,1.0
UNPAIRED_HARD_DELETE,UNPAIRED_NUCLEOTIDE_EVIDENCE,5,101,petfold,LOCAL_CONFLICT_EFFECT,121,pair,21,0,0,0,0,0,0,1.0,1.0,1.0,1.0,1.0,1.0,0.1652892561983471,1.0,21,0,21,1.0
UNPAIRED_HARD_DELETE,UNPAIRED_NUCLEOTIDE_EVIDENCE,5,101,petfold,NON_EVIDENCED_EFFECT,121,pair,1896,0,0,0,1463,220,213,0.9068886441426117,0.9077787598919441,0.9031962854314166,0.869281045751634,0.8729116945107399,0.8710925870794879,0.0,0.0,0,0,0,1.0
UNPAIRED_HARD_DELETE,UNPAIRED_NUCLEOTIDE_EVIDENCE,5,101,rnafold,DIRECT_EVIDENCE_EFFECT,121,nucleotide,0,134,116,134,,,,,,,,,,,,0,0,0,1.0
UNPAIRED_HARD_DELETE,UNPAIRED_NUCLEOTIDE_EVIDENCE,5,101,rnafold,LOCAL_CONFLICT_EFFECT,121,pair,18,0,0,0,0,0,0,1.0,1.0,1.0,1.0,1.0,1.0,0.14049586776859505,1.0,18,0,18,1.0
UNPAIRED_HARD_DELETE,UNPAIRED_NUCLEOTIDE_EVIDENCE,5,101,rnafold,NON_EVIDENCED_EFFECT,121,pair,1878,0,0,0,1473,202,203,0.9174379759990472,0.9138670306547281,0.9116285500022977,0.8794029850746269,0.8788782816229117,0.8791405550581916,0.0,0.0,0,0,0,1.0
UNPAIRED_HARD_DELETE,UNPAIRED_NUCLEOTIDE_EVIDENCE,5,101,trrosettarna2_native_ss,DIRECT_EVIDENCE_EFFECT,121,nucleotide,0,134,90,134,,,,,,,,,,,,0,0,0,1.0
UNPAIRED_HARD_DELETE,UNPAIRED_NUCLEOTIDE_EVIDENCE,5,101,trrosettarna2_native_ss,LOCAL_CONFLICT_EFFECT,121,pair,43,0,0,0,0,0,0,1.0,1.0,1.0,1.0,1.0,1.0,0.35537190082644626,1.0,43,0,43,1.0
UNPAIRED_HARD_DELETE,UNPAIRED_NUCLEOTIDE_EVIDENCE,5,101,trrosettarna2_native_ss,NON_EVIDENCED_EFFECT,121,pair,2065,0,0,0,1461,389,215,0.814430870482851,0.9120849106151278,0.8569416987342018,0.7897297297297298,0.8717183770883055,0.8287010777084515,0.0,0.0,0,0,0,1.0
UNPAIRED_HARD_DELETE,UNPAIRED_NUCLEOTIDE_EVIDENCE,5,103,petfold,DIRECT_EVIDENCE_EFFECT,121,nucleotide,0,134,113,134,,,,,,,,,,,,0,0,0,1.0
UNPAIRED_HARD_DELETE,UNPAIRED_NUCLEOTIDE_EVIDENCE,5,103,petfold,LOCAL_CONFLICT_EFFECT,121,pair,21,0,0,0,0,0,0,1.0,1.0,1.0,1.0,1.0,1.0,0.1652892561983471,1.0,21,0,21,1.0
UNPAIRED_HARD_DELETE,UNPAIRED_NUCLEOTIDE_EVIDENCE,5,103,petfold,NON_EVIDENCED_EFFECT,121,pair,1896,0,0,0,1463,220,213,0.9056892380313576,0.9077787598919441,0.9026732446156555,0.869281045751634,0.8729116945107399,0.8710925870794879,0.0,0.0,0,0,0,1.0
UNPAIRED_HARD_DELETE,UNPAIRED_NUCLEOTIDE_EVIDENCE,5,103,rnafold,DIRECT_EVIDENCE_EFFECT,121,nucleotide,0,134,118,134,,,,,,,,,,,,0,0,0,1.0
UNPAIRED_HARD_DELETE,UNPAIRED_NUCLEOTIDE_EVIDENCE,5,103,rnafold,LOCAL_CONFLICT_EFFECT,121,pair,16,0,0,0,0,0,0,1.0,1.0,1.0,1.0,1.0,1.0,0.12396694214876033,1.0,16,0,16,1.0
UNPAIRED_HARD_DELETE,UNPAIRED_NUCLEOTIDE_EVIDENCE,5,103,rnafold,NON_EVIDENCED_EFFECT,121,pair,1880,0,0,0,1473,204,203,0.9145995072048332,0.9138670306547281,0.910093793200329,0.8783542039355993,0.8788782816229117,0.8786161646286907,0.0,0.0,0,0,0,1.0
UNPAIRED_HARD_DELETE,UNPAIRED_NUCLEOTIDE_EVIDENCE,5,103,trrosettarna2_native_ss,DIRECT_EVIDENCE_EFFECT,121,nucleotide,0,134,96,134,,,,,,,,,,,,0,0,0,1.0
UNPAIRED_HARD_DELETE,UNPAIRED_NUCLEOTIDE_EVIDENCE,5,103,trrosettarna2_native_ss,LOCAL_CONFLICT_EFFECT,121,pair,38,0,0,0,0,0,0,1.0,1.0,1.0,1.0,1.0,1.0,0.3140495867768595,1.0,38,0,38,1.0
UNPAIRED_HARD_DELETE,UNPAIRED_NUCLEOTIDE_EVIDENCE,5,103,trrosettarna2_native_ss,NON_EVIDENCED_EFFECT,121,pair,2070,0,0,0,1461,394,215,0.8102922450902937,0.9120849106151278,0.8545207453773556,0.7876010781671159,0.8717183770883055,0.8275276125743416,0.0,0.0,0,0,0,1.0
UNPAIRED_HARD_DELETE,UNPAIRED_NUCLEOTIDE_EVIDENCE,5,107,petfold,DIRECT_EVIDENCE_EFFECT,121,nucleotide,0,134,111,134,,,,,,,,,,,,0,0,0,1.0
UNPAIRED_HARD_DELETE,UNPAIRED_NUCLEOTIDE_EVIDENCE,5,107,petfold,LOCAL_CONFLICT_EFFECT,121,pair,22,0,0,0,0,0,0,1.0,1.0,1.0,1.0,1.0,1.0,0.1652892561983471,1.0,22,0,22,1.0
UNPAIRED_HARD_DELETE,UNPAIRED_NUCLEOTIDE_EVIDENCE,5,107,petfold,NON_EVIDENCED_EFFECT,121,pair,1895,0,0,0,1463,219,213,0.9043883933638562,0.9077787598919441,0.9014857782477987,0.8697978596908442,0.8729116945107399,0.8713519952352591,0.0,0.0,0,0,0,1.0
UNPAIRED_HARD_DELETE,UNPAIRED_NUCLEOTIDE_EVIDENCE,5,107,rnafold,DIRECT_EVIDENCE_EFFECT,121,nucleotide,0,134,114,134,,,,,,,,,,,,0,0,0,1.0
UNPAIRED_HARD_DELETE,UNPAIRED_NUCLEOTIDE_EVIDENCE,5,107,rnafold,LOCAL_CONFLICT_EFFECT,121,pair,19,0,0,0,0,0,0,1.0,1.0,1.0,1.0,1.0,1.0,0.14049586776859505,1.0,19,0,19,1.0
UNPAIRED_HARD_DELETE,UNPAIRED_NUCLEOTIDE_EVIDENCE,5,107,rnafold,NON_EVIDENCED_EFFECT,121,pair,1877,0,0,0,1473,201,203,0.9146608456514996,0.9138670306547281,0.9097895791496269,0.8799283154121864,0.8788782816229117,0.8794029850746269,0.0,0.0,0,0,0,1.0
UNPAIRED_HARD_DELETE,UNPAIRED_NUCLEOTIDE_EVIDENCE,5,107,trrosettarna2_native_ss,DIRECT_EVIDENCE_EFFECT,121,nucleotide,0,134,84,134,,,,,,,,,,,,0,0,0,1.0
UNPAIRED_HARD_DELETE,UNPAIRED_NUCLEOTIDE_EVIDENCE,5,107,trrosettarna2_native_ss,LOCAL_CONFLICT_EFFECT,121,pair,50,0,0,0,0,0,0,1.0,1.0,1.0,1.0,1.0,1.0,0.39669421487603307,1.0,50,0,50,1.0
UNPAIRED_HARD_DELETE,UNPAIRED_NUCLEOTIDE_EVIDENCE,5,107,trrosettarna2_native_ss,NON_EVIDENCED_EFFECT,121,pair,2058,0,0,0,1461,382,215,0.8150063703023963,0.9120849106151278,0.8571769697596952,0.7927292457948997,0.8717183770883055,0.8303495311167945,0.0,0.0,0,0,0,1.0
UNPAIRED_HARD_DELETE,UNPAIRED_NUCLEOTIDE_EVIDENCE,5,109,petfold,DIRECT_EVIDENCE_EFFECT,121,nucleotide,0,134,116,134,,,,,,,,,,,,0,0,0,1.0
UNPAIRED_HARD_DELETE,UNPAIRED_NUCLEOTIDE_EVIDENCE,5,109,petfold,LOCAL_CONFLICT_EFFECT,121,pair,18,0,0,0,0,0,0,1.0,1.0,1.0,1.0,1.0,1.0,0.14049586776859505,1.0,18,0,18,1.0
UNPAIRED_HARD_DELETE,UNPAIRED_NUCLEOTIDE_EVIDENCE,5,109,petfold,NON_EVIDENCED_EFFECT,121,pair,1899,0,0,0,1463,223,213,0.9039680411438205,0.9077787598919441,0.9016153867023994,0.8677342823250297,0.8729116945107399,0.8703152885187388,0.0,0.0,0,0,0,1.0
UNPAIRED_HARD_DELETE,UNPAIRED_NUCLEOTIDE_EVIDENCE,5,109,rnafold,DIRECT_EVIDENCE_EFFECT,121,nucleotide,0,134,121,134,,,,,,,,,,,,0,0,0,1.0
UNPAIRED_HARD_DELETE,UNPAIRED_NUCLEOTIDE_EVIDENCE,5,109,rnafold,LOCAL_CONFLICT_EFFECT,121,pair,13,0,0,0,0,0,0,1.0,1.0,1.0,1.0,1.0,1.0,0.10743801652892562,1.0,13,0,13,1.0
UNPAIRED_HARD_DELETE,UNPAIRED_NUCLEOTIDE_EVIDENCE,5,109,rnafold,NON_EVIDENCED_EFFECT,121,pair,1883,0,0,0,1473,207,203,0.9133169807859063,0.9138670306547281,0.9094127526459833,0.8767857142857143,0.8788782816229117,0.8778307508939214,0.0,0.0,0,0,0,1.0
UNPAIRED_HARD_DELETE,UNPAIRED_NUCLEOTIDE_EVIDENCE,5,109,trrosettarna2_native_ss,DIRECT_EVIDENCE_EFFECT,121,nucleotide,0,134,91,134,,,,,,,,,,,,0,0,0,1.0
UNPAIRED_HARD_DELETE,UNPAIRED_NUCLEOTIDE_EVIDENCE,5,109,trrosettarna2_native_ss,LOCAL_CONFLICT_EFFECT,121,pair,43,0,0,0,0,0,0,1.0,1.0,1.0,1.0,1.0,1.0,0.3305785123966942,1.0,43,0,43,1.0
UNPAIRED_HARD_DELETE,UNPAIRED_NUCLEOTIDE_EVIDENCE,5,109,trrosettarna2_native_ss,NON_EVIDENCED_EFFECT,121,pair,2065,0,0,0,1461,389,215,0.8098497915708964,0.9120849106151278,0.854292028657639,0.7897297297297298,0.8717183770883055,0.8287010777084515,0.0,0.0,0,0,0,1.0
UNPAIRED_HARD_DELETE,UNPAIRED_NUCLEOTIDE_EVIDENCE,5,113,petfold,DIRECT_EVIDENCE_EFFECT,121,nucleotide,0,134,110,134,,,,,,,,,,,,0,0,0,1.0
UNPAIRED_HARD_DELETE,UNPAIRED_NUCLEOTIDE_EVIDENCE,5,113,petfold,LOCAL_CONFLICT_EFFECT,121,pair,24,0,0,0,0,0,0,1.0,1.0,1.0,1.0,1.0,1.0,0.19008264462809918,1.0,24,0,24,1.0
UNPAIRED_HARD_DELETE,UNPAIRED_NUCLEOTIDE_EVIDENCE,5,113,petfold,NON_EVIDENCED_EFFECT,121,pair,1893,0,0,0,1463,217,213,0.9075030853614654,0.9077787598919441,0.9033939591785879,0.8708333333333333,0.8729116945107399,0.8718712753277712,0.0,0.0,0,0,0,1.0
UNPAIRED_HARD_DELETE,UNPAIRED_NUCLEOTIDE_EVIDENCE,5,113,rnafold,DIRECT_EVIDENCE_EFFECT,121,nucleotide,0,134,117,134,,,,,,,,,,,,0,0,0,1.0
UNPAIRED_HARD_DELETE,UNPAIRED_NUCLEOTIDE_EVIDENCE,5,113,rnafold,LOCAL_CONFLICT_EFFECT,121,pair,17,0,0,0,0,0,0,1.0,1.0,1.0,1.0,1.0,1.0,0.1322314049586777,1.0,17,0,17,1.0
UNPAIRED_HARD_DELETE,UNPAIRED_NUCLEOTIDE_EVIDENCE,5,113,rnafold,NON_EVIDENCED_EFFECT,121,pair,1879,0,0,0,1473,203,203,0.9163903756383914,0.9138670306547281,0.9108048758894017,0.8788782816229117,0.8788782816229117,0.8788782816229117,0.0,0.0,0,0,0,1.0
UNPAIRED_HARD_DELETE,UNPAIRED_NUCLEOTIDE_EVIDENCE,5,113,trrosettarna2_native_ss,DIRECT_EVIDENCE_EFFECT,121,nucleotide,0,134,93,134,,,,,,,,,,,,0,0,0,1.0
UNPAIRED_HARD_DELETE,UNPAIRED_NUCLEOTIDE_EVIDENCE,5,113,trrosettarna2_native_ss,LOCAL_CONFLICT_EFFECT,121,pair,41,0,0,0,0,0,0,1.0,1.0,1.0,1.0,1.0,1.0,0.32231404958677684,1.0,41,0,41,1.0
UNPAIRED_HARD_DELETE,UNPAIRED_NUCLEOTIDE_EVIDENCE,5,113,trrosettarna2_native_ss,NON_EVIDENCED_EFFECT,121,pair,2067,0,0,0,1461,391,215,0.807985144695637,0.9120849106151278,0.8534095208598254,0.7888768898488121,0.8717183770883055,0.8282312925170068,0.0,0.0,0,0,0,1.0
UNPAIRED_HARD_DELETE,UNPAIRED_NUCLEOTIDE_EVIDENCE,10,101,petfold,DIRECT_EVIDENCE_EFFECT,121,nucleotide,0,185,157,185,,,,,,,,,,,,0,0,0,1.0
UNPAIRED_HARD_DELETE,UNPAIRED_NUCLEOTIDE_EVIDENCE,10,101,petfold,LOCAL_CONFLICT_EFFECT,121,pair,28,0,0,0,0,0,0,1.0,1.0,1.0,1.0,1.0,1.0,0.18181818181818182,1.0,28,0,28,1.0
UNPAIRED_HARD_DELETE,UNPAIRED_NUCLEOTIDE_EVIDENCE,10,101,petfold,NON_EVIDENCED_EFFECT,121,pair,1889,0,0,0,1463,213,213,0.9053109757939267,0.9077787598919441,0.9018565476556093,0.8729116945107399,0.8729116945107399,0.8729116945107399,0.0,0.0,0,0,0,1.0
UNPAIRED_HARD_DELETE,UNPAIRED_NUCLEOTIDE_EVIDENCE,10,101,rnafold,DIRECT_EVIDENCE_EFFECT,121,nucleotide,0,185,161,185,,,,,,,,,,,,0,0,0,1.0
UNPAIRED_HARD_DELETE,UNPAIRED_NUCLEOTIDE_EVIDENCE,10,101,rnafold,LOCAL_CONFLICT_EFFECT,121,pair,24,0,0,0,0,0,0,1.0,1.0,1.0,1.0,1.0,1.0,0.15702479338842976,1.0,24,0,24,1.0
UNPAIRED_HARD_DELETE,UNPAIRED_NUCLEOTIDE_EVIDENCE,10,101,rnafold,NON_EVIDENCED_EFFECT,121,pair,1872,0,0,0,1473,196,203,0.9155426161984299,0.9138670306547281,0.9100178897715786,0.8825644098262433,0.8788782816229117,0.8807174887892377,0.0,0.0,0,0,0,1.0
UNPAIRED_HARD_DELETE,UNPAIRED_NUCLEOTIDE_EVIDENCE,10,101,trrosettarna2_native_ss,DIRECT_EVIDENCE_EFFECT,121,nucleotide,0,185,117,185,,,,,,,,,,,,0,0,0,1.0
UNPAIRED_HARD_DELETE,UNPAIRED_NUCLEOTIDE_EVIDENCE,10,101,trrosettarna2_native_ss,LOCAL_CONFLICT_EFFECT,121,pair,67,0,0,0,0,0,0,1.0,1.0,1.0,1.0,1.0,1.0,0.4132231404958678,1.0,67,0,67,1.0
UNPAIRED_HARD_DELETE,UNPAIRED_NUCLEOTIDE_EVIDENCE,10,101,trrosettarna2_native_ss,NON_EVIDENCED_EFFECT,121,pair,2041,0,0,0,1461,365,215,0.818236178497856,0.9120849106151278,0.8589555856140959,0.8001095290251917,0.8717183770883055,0.834380354083381,0.0,0.0,0,0,0,1.0
UNPAIRED_HARD_DELETE,UNPAIRED_NUCLEOTIDE_EVIDENCE,10,103,petfold,DIRECT_EVIDENCE_EFFECT,121,nucleotide,0,185,157,185,,,,,,,,,,,,0,0,0,1.0
UNPAIRED_HARD_DELETE,UNPAIRED_NUCLEOTIDE_EVIDENCE,10,103,petfold,LOCAL_CONFLICT_EFFECT,121,pair,27,0,0,0,0,0,0,1.0,1.0,1.0,1.0,1.0,1.0,0.17355371900826447,1.0,27,0,27,1.0
UNPAIRED_HARD_DELETE,UNPAIRED_NUCLEOTIDE_EVIDENCE,10,103,petfold,NON_EVIDENCED_EFFECT,121,pair,1890,0,0,0,1463,214,213,0.9050182461146201,0.9077787598919441,0.902287267188994,0.8723911747167561,0.8729116945107399,0.872651356993737,0.0,0.0,0,0,0,1.0
UNPAIRED_HARD_DELETE,UNPAIRED_NUCLEOTIDE_EVIDENCE,10,103,rnafold,DIRECT_EVIDENCE_EFFECT,121,nucleotide,0,185,159,185,,,,,,,,,,,,0,0,0,1.0
UNPAIRED_HARD_DELETE,UNPAIRED_NUCLEOTIDE_EVIDENCE,10,103,rnafold,LOCAL_CONFLICT_EFFECT,121,pair,25,0,0,0,0,0,0,1.0,1.0,1.0,1.0,1.0,1.0,0.15702479338842976,1.0,25,0,25,1.0
UNPAIRED_HARD_DELETE,UNPAIRED_NUCLEOTIDE_EVIDENCE,10,103,rnafold,NON_EVIDENCED_EFFECT,121,pair,1871,0,0,0,1473,195,203,0.9155680585912195,0.9138670306547281,0.9106375198156561,0.8830935251798561,0.8788782816229117,0.8809808612440191,0.0,0.0,0,0,0,1.0
UNPAIRED_HARD_DELETE,UNPAIRED_NUCLEOTIDE_EVIDENCE,10,103,trrosettarna2_native_ss,DIRECT_EVIDENCE_EFFECT,121,nucleotide,0,185,129,185,,,,,,,,,,,,0,0,0,1.0
UNPAIRED_HARD_DELETE,UNPAIRED_NUCLEOTIDE_EVIDENCE,10,103,trrosettarna2_native_ss,LOCAL_CONFLICT_EFFECT,121,pair,54,0,0,0,0,0,0,1.0,1.0,1.0,1.0,1.0,1.0,0.3884297520661157,1.0,54,0,54,1.0
UNPAIRED_HARD_DELETE,UNPAIRED_NUCLEOTIDE_EVIDENCE,10,103,trrosettarna2_native_ss,NON_EVIDENCED_EFFECT,121,pair,2054,0,0,0,1461,378,215,0.814364516892475,0.9120849106151278,0.8569232202582633,0.7944535073409462,0.8717183770883055,0.8312944523470839,0.0,0.0,0,0,0,1.0
UNPAIRED_HARD_DELETE,UNPAIRED_NUCLEOTIDE_EVIDENCE,10,107,petfold,DIRECT_EVIDENCE_EFFECT,121,nucleotide,0,185,152,185,,,,,,,,,,,,0,0,0,1.0
UNPAIRED_HARD_DELETE,UNPAIRED_NUCLEOTIDE_EVIDENCE,10,107,petfold,LOCAL_CONFLICT_EFFECT,121,pair,33,0,0,0,0,0,0,1.0,1.0,1.0,1.0,1.0,1.0,0.2231404958677686,1.0,33,0,33,1.0
UNPAIRED_HARD_DELETE,UNPAIRED_NUCLEOTIDE_EVIDENCE,10,107,petfold,NON_EVIDENCED_EFFECT,121,pair,1884,0,0,0,1463,208,213,0.9084879439047145,0.9077787598919441,0.903783626469207,0.8755236385397965,0.8729116945107399,0.8742157155661787,0.0,0.0,0,0,0,1.0
UNPAIRED_HARD_DELETE,UNPAIRED_NUCLEOTIDE_EVIDENCE,10,107,rnafold,DIRECT_EVIDENCE_EFFECT,121,nucleotide,0,185,155,185,,,,,,,,,,,,0,0,0,1.0
UNPAIRED_HARD_DELETE,UNPAIRED_NUCLEOTIDE_EVIDENCE,10,107,rnafold,LOCAL_CONFLICT_EFFECT,121,pair,30,0,0,0,0,0,0,1.0,1.0,1.0,1.0,1.0,1.0,0.19008264462809918,1.0,30,0,30,1.0
UNPAIRED_HARD_DELETE,UNPAIRED_NUCLEOTIDE_EVIDENCE,10,107,rnafold,NON_EVIDENCED_EFFECT,121,pair,1866,0,0,0,1473,190,203,0.9182281440801763,0.9138670306547281,0.9117432428716773,0.8857486470234516,0.8788782816229117,0.8823000898472596,0.0,0.0,0,0,0,1.0
UNPAIRED_HARD_DELETE,UNPAIRED_NUCLEOTIDE_EVIDENCE,10,107,trrosettarna2_native_ss,DIRECT_EVIDENCE_EFFECT,121,nucleotide,0,185,122,185,,,,,,,,,,,,0,0,0,1.0
UNPAIRED_HARD_DELETE,UNPAIRED_NUCLEOTIDE_EVIDENCE,10,107,trrosettarna2_native_ss,LOCAL_CONFLICT_EFFECT,121,pair,63,0,0,0,0,0,0,1.0,1.0,1.0,1.0,1.0,1.0,0.4297520661157025,1.0,63,0,63,1.0
UNPAIRED_HARD_DELETE,UNPAIRED_NUCLEOTIDE_EVIDENCE,10,107,trrosettarna2_native_ss,NON_EVIDENCED_EFFECT,121,pair,2045,0,0,0,1461,369,215,0.8179963228982006,0.9120849106151278,0.8589847525368227,0.7983606557377049,0.8717183770883055,0.8334284084426697,0.0,0.0,0,0,0,1.0
UNPAIRED_HARD_DELETE,UNPAIRED_NUCLEOTIDE_EVIDENCE,10,109,petfold,DIRECT_EVIDENCE_EFFECT,121,nucleotide,0,185,160,185,,,,,,,,,,,,0,0,0,1.0
UNPAIRED_HARD_DELETE,UNPAIRED_NUCLEOTIDE_EVIDENCE,10,109,petfold,LOCAL_CONFLICT_EFFECT,121,pair,25,0,0,0,0,0,0,1.0,1.0,1.0,1.0,1.0,1.0,0.17355371900826447,1.0,25,0,25,1.0
UNPAIRED_HARD_DELETE,UNPAIRED_NUCLEOTIDE_EVIDENCE,10,109,petfold,NON_EVIDENCED_EFFECT,121,pair,1892,0,0,0,1463,216,213,0.9037214539205928,0.9077787598919441,0.9015034730664205,0.8713519952352591,0.8729116945107399,0.8721311475409836,0.0,0.0,0,0,0,1.0
UNPAIRED_HARD_DELETE,UNPAIRED_NUCLEOTIDE_EVIDENCE,10,109,rnafold,DIRECT_EVIDENCE_EFFECT,121,nucleotide,0,185,160,185,,,,,,,,,,,,0,0,0,1.0
UNPAIRED_HARD_DELETE,UNPAIRED_NUCLEOTIDE_EVIDENCE,10,109,rnafold,LOCAL_CONFLICT_EFFECT,121,pair,25,0,0,0,0,0,0,1.0,1.0,1.0,1.0,1.0,1.0,0.15702479338842976,1.0,25,0,25,1.0
UNPAIRED_HARD_DELETE,UNPAIRED_NUCLEOTIDE_EVIDENCE,10,109,rnafold,NON_EVIDENCED_EFFECT,121,pair,1871,0,0,0,1473,195,203,0.9152760648079903,0.9138670306547281,0.910359298784875,0.8830935251798561,0.8788782816229117,0.8809808612440191,0.0,0.0,0,0,0,1.0
UNPAIRED_HARD_DELETE,UNPAIRED_NUCLEOTIDE_EVIDENCE,10,109,trrosettarna2_native_ss,DIRECT_EVIDENCE_EFFECT,121,nucleotide,0,185,130,185,,,,,,,,,,,,0,0,0,1.0
UNPAIRED_HARD_DELETE,UNPAIRED_NUCLEOTIDE_EVIDENCE,10,109,trrosettarna2_native_ss,LOCAL_CONFLICT_EFFECT,121,pair,55,0,0,0,0,0,0,1.0,1.0,1.0,1.0,1.0,1.0,0.36363636363636365,1.0,55,0,55,1.0
UNPAIRED_HARD_DELETE,UNPAIRED_NUCLEOTIDE_EVIDENCE,10,109,trrosettarna2_native_ss,NON_EVIDENCED_EFFECT,121,pair,2053,0,0,0,1461,377,215,0.8163507977008412,0.9120849106151278,0.8576634733923506,0.794885745375408,0.8717183770883055,0.8315310187820149,0.0,0.0,0,0,0,1.0
UNPAIRED_HARD_DELETE,UNPAIRED_NUCLEOTIDE_EVIDENCE,10,113,petfold,DIRECT_EVIDENCE_EFFECT,121,nucleotide,0,185,156,185,,,,,,,,,,,,0,0,0,1.0
UNPAIRED_HARD_DELETE,UNPAIRED_NUCLEOTIDE_EVIDENCE,10,113,petfold,LOCAL_CONFLICT_EFFECT,121,pair,29,0,0,0,0,0,0,1.0,1.0,1.0,1.0,1.0,1.0,0.19834710743801653,1.0,29,0,29,1.0
UNPAIRED_HARD_DELETE,UNPAIRED_NUCLEOTIDE_EVIDENCE,10,113,petfold,NON_EVIDENCED_EFFECT,121,pair,1888,0,0,0,1463,212,213,0.9070414671305137,0.9077787598919441,0.9033882176732423,0.8734328358208955,0.8729116945107399,0.8731721874067443,0.0,0.0,0,0,0,1.0
UNPAIRED_HARD_DELETE,UNPAIRED_NUCLEOTIDE_EVIDENCE,10,113,rnafold,DIRECT_EVIDENCE_EFFECT,121,nucleotide,0,185,157,185,,,,,,,,,,,,0,0,0,1.0
UNPAIRED_HARD_DELETE,UNPAIRED_NUCLEOTIDE_EVIDENCE,10,113,rnafold,LOCAL_CONFLICT_EFFECT,121,pair,28,0,0,0,0,0,0,1.0,1.0,1.0,1.0,1.0,1.0,0.18181818181818182,1.0,28,0,28,1.0
UNPAIRED_HARD_DELETE,UNPAIRED_NUCLEOTIDE_EVIDENCE,10,113,rnafold,NON_EVIDENCED_EFFECT,121,pair,1868,0,0,0,1473,192,203,0.9180979096436079,0.9138670306547281,0.9120376220065184,0.8846846846846846,0.8788782816229117,0.881771924573481,0.0,0.0,0,0,0,1.0
UNPAIRED_HARD_DELETE,UNPAIRED_NUCLEOTIDE_EVIDENCE,10,113,trrosettarna2_native_ss,DIRECT_EVIDENCE_EFFECT,121,nucleotide,0,185,131,185,,,,,,,,,,,,0,0,0,1.0
UNPAIRED_HARD_DELETE,UNPAIRED_NUCLEOTIDE_EVIDENCE,10,113,trrosettarna2_native_ss,LOCAL_CONFLICT_EFFECT,121,pair,54,0,0,0,0,0,0,1.0,1.0,1.0,1.0,1.0,1.0,0.4049586776859504,1.0,54,0,54,1.0
UNPAIRED_HARD_DELETE,UNPAIRED_NUCLEOTIDE_EVIDENCE,10,113,trrosettarna2_native_ss,NON_EVIDENCED_EFFECT,121,pair,2054,0,0,0,1461,378,215,0.8166989119982926,0.9120849106151278,0.8579093986772279,0.7944535073409462,0.8717183770883055,0.8312944523470839,0.0,0.0,0,0,0,1.0
UNPAIRED_HARD_DELETE,UNPAIRED_NUCLEOTIDE_EVIDENCE,20,101,petfold,DIRECT_EVIDENCE_EFFECT,121,nucleotide,0,333,267,333,,,,,,,,,,,,0,0,0,1.0
UNPAIRED_HARD_DELETE,UNPAIRED_NUCLEOTIDE_EVIDENCE,20,101,petfold,LOCAL_CONFLICT_EFFECT,121,pair,59,0,0,0,0,0,0,1.0,1.0,1.0,1.0,1.0,1.0,0.30578512396694213,1.0,59,0,59,1.0
UNPAIRED_HARD_DELETE,UNPAIRED_NUCLEOTIDE_EVIDENCE,20,101,petfold,NON_EVIDENCED_EFFECT,121,pair,1858,0,0,0,1463,182,213,0.9159472877382056,0.9077787598919441,0.9077192739266376,0.8893617021276595,0.8729116945107399,0.8810599217103282,0.0,0.0,0,0,0,1.0
UNPAIRED_HARD_DELETE,UNPAIRED_NUCLEOTIDE_EVIDENCE,20,101,rnafold,DIRECT_EVIDENCE_EFFECT,121,nucleotide,0,333,281,333,,,,,,,,,,,,0,0,0,1.0
UNPAIRED_HARD_DELETE,UNPAIRED_NUCLEOTIDE_EVIDENCE,20,101,rnafold,LOCAL_CONFLICT_EFFECT,121,pair,47,0,0,0,0,0,0,1.0,1.0,1.0,1.0,1.0,1.0,0.23140495867768596,1.0,47,0,47,1.0
UNPAIRED_HARD_DELETE,UNPAIRED_NUCLEOTIDE_EVIDENCE,20,101,rnafold,NON_EVIDENCED_EFFECT,121,pair,1849,0,0,0,1473,173,203,0.9226358376555206,0.9138670306547281,0.9141465285411048,0.8948967193195626,0.8788782816229117,0.8868151715833835,0.0,0.0,0,0,0,1.0
UNPAIRED_HARD_DELETE,UNPAIRED_NUCLEOTIDE_EVIDENCE,20,101,trrosettarna2_native_ss,DIRECT_EVIDENCE_EFFECT,121,nucleotide,0,333,217,333,,,,,,,,,,,,0,0,0,1.0
UNPAIRED_HARD_DELETE,UNPAIRED_NUCLEOTIDE_EVIDENCE,20,101,trrosettarna2_native_ss,LOCAL_CONFLICT_EFFECT,121,pair,103,0,0,0,0,0,0,1.0,1.0,1.0,1.0,1.0,1.0,0.5206611570247934,1.0,103,0,103,1.0
UNPAIRED_HARD_DELETE,UNPAIRED_NUCLEOTIDE_EVIDENCE,20,101,trrosettarna2_native_ss,NON_EVIDENCED_EFFECT,121,pair,2005,0,0,0,1461,329,215,0.8315675972907787,0.9120849106151278,0.8667674405672888,0.8162011173184358,0.8717183770883055,0.8430467397576457,0.0,0.0,0,0,0,1.0
UNPAIRED_HARD_DELETE,UNPAIRED_NUCLEOTIDE_EVIDENCE,20,103,petfold,DIRECT_EVIDENCE_EFFECT,121,nucleotide,0,333,280,333,,,,,,,,,,,,0,0,0,1.0
UNPAIRED_HARD_DELETE,UNPAIRED_NUCLEOTIDE_EVIDENCE,20,103,petfold,LOCAL_CONFLICT_EFFECT,121,pair,51,0,0,0,0,0,0,1.0,1.0,1.0,1.0,1.0,1.0,0.2396694214876033,1.0,51,0,51,1.0
UNPAIRED_HARD_DELETE,UNPAIRED_NUCLEOTIDE_EVIDENCE,20,103,petfold,NON_EVIDENCED_EFFECT,121,pair,1866,0,0,0,1463,190,213,0.9127049390812103,0.9077787598919441,0.9063637290866551,0.8850574712643678,0.8729116945107399,0.8789426254130369,0.0,0.0,0,0,0,1.0
UNPAIRED_HARD_DELETE,UNPAIRED_NUCLEOTIDE_EVIDENCE,20,103,rnafold,DIRECT_EVIDENCE_EFFECT,121,nucleotide,0,333,283,333,,,,,,,,,,,,0,0,0,1.0
UNPAIRED_HARD_DELETE,UNPAIRED_NUCLEOTIDE_EVIDENCE,20,103,rnafold,LOCAL_CONFLICT_EFFECT,121,pair,48,0,0,0,0,0,0,1.0,1.0,1.0,1.0,1.0,1.0,0.2231404958677686,1.0,48,0,48,1.0
UNPAIRED_HARD_DELETE,UNPAIRED_NUCLEOTIDE_EVIDENCE,20,103,rnafold,NON_EVIDENCED_EFFECT,121,pair,1848,0,0,0,1473,172,203,0.9235519595664053,0.9138670306547281,0.9148899604262469,0.8954407294832827,0.8788782816229117,0.8870822041553749,0.0,0.0,0,0,0,1.0
UNPAIRED_HARD_DELETE,UNPAIRED_NUCLEOTIDE_EVIDENCE,20,103,trrosettarna2_native_ss,DIRECT_EVIDENCE_EFFECT,121,nucleotide,0,333,228,333,,,,,,,,,,,,0,0,0,1.0
UNPAIRED_HARD_DELETE,UNPAIRED_NUCLEOTIDE_EVIDENCE,20,103,trrosettarna2_native_ss,LOCAL_CONFLICT_EFFECT,121,pair,102,0,0,0,0,0,0,1.0,1.0,1.0,1.0,1.0,1.0,0.5206611570247934,1.0,102,0,102,1.0
UNPAIRED_HARD_DELETE,UNPAIRED_NUCLEOTIDE_EVIDENCE,20,103,trrosettarna2_native_ss,NON_EVIDENCED_EFFECT,121,pair,2006,0,0,0,1461,330,215,0.8370839016174983,0.9120849106151278,0.8700230878306571,0.8157453936348409,0.8717183770883055,0.842803576579175,0.0,0.0,0,0,0,1.0
UNPAIRED_HARD_DELETE,UNPAIRED_NUCLEOTIDE_EVIDENCE,20,107,petfold,DIRECT_EVIDENCE_EFFECT,121,nucleotide,0,333,288,333,,,,,,,,,,,,0,0,0,1.0
UNPAIRED_HARD_DELETE,UNPAIRED_NUCLEOTIDE_EVIDENCE,20,107,petfold,LOCAL_CONFLICT_EFFECT,121,pair,44,0,0,0,0,0,0,1.0,1.0,1.0,1.0,1.0,1.0,0.24793388429752067,1.0,44,0,44,1.0
UNPAIRED_HARD_DELETE,UNPAIRED_NUCLEOTIDE_EVIDENCE,20,107,petfold,NON_EVIDENCED_EFFECT,121,pair,1873,0,0,0,1463,197,213,0.9078044239756322,0.9077787598919441,0.9036219622090245,0.8813253012048192,0.8729116945107399,0.8770983213429256,0.0,0.0,0,0,0,1.0
UNPAIRED_HARD_DELETE,UNPAIRED_NUCLEOTIDE_EVIDENCE,20,107,rnafold,DIRECT_EVIDENCE_EFFECT,121,nucleotide,0,333,290,333,,,,,,,,,,,,0,0,0,1.0
UNPAIRED_HARD_DELETE,UNPAIRED_NUCLEOTIDE_EVIDENCE,20,107,rnafold,LOCAL_CONFLICT_EFFECT,121,pair,42,0,0,0,0,0,0,1.0,1.0,1.0,1.0,1.0,1.0,0.2231404958677686,1.0,42,0,42,1.0
UNPAIRED_HARD_DELETE,UNPAIRED_NUCLEOTIDE_EVIDENCE,20,107,rnafold,NON_EVIDENCED_EFFECT,121,pair,1854,0,0,0,1473,178,203,0.9188156416011771,0.9138670306547281,0.912204926095165,0.8921865536038764,0.8788782816229117,0.8854824165915239,0.0,0.0,0,0,0,1.0
UNPAIRED_HARD_DELETE,UNPAIRED_NUCLEOTIDE_EVIDENCE,20,107,trrosettarna2_native_ss,DIRECT_EVIDENCE_EFFECT,121,nucleotide,0,333,222,333,,,,,,,,,,,,0,0,0,1.0
UNPAIRED_HARD_DELETE,UNPAIRED_NUCLEOTIDE_EVIDENCE,20,107,trrosettarna2_native_ss,LOCAL_CONFLICT_EFFECT,121,pair,103,0,0,0,0,0,0,1.0,1.0,1.0,1.0,1.0,1.0,0.5537190082644629,1.0,103,0,103,1.0
UNPAIRED_HARD_DELETE,UNPAIRED_NUCLEOTIDE_EVIDENCE,20,107,trrosettarna2_native_ss,NON_EVIDENCED_EFFECT,121,pair,2005,0,0,0,1461,329,215,0.8362071500344426,0.9120849106151278,0.8687391929427094,0.8162011173184358,0.8717183770883055,0.8430467397576457,0.0,0.0,0,0,0,1.0
UNPAIRED_HARD_DELETE,UNPAIRED_NUCLEOTIDE_EVIDENCE,20,109,petfold,DIRECT_EVIDENCE_EFFECT,121,nucleotide,0,333,275,333,,,,,,,,,,,,0,0,0,1.0
UNPAIRED_HARD_DELETE,UNPAIRED_NUCLEOTIDE_EVIDENCE,20,109,petfold,LOCAL_CONFLICT_EFFECT,121,pair,53,0,0,0,0,0,0,1.0,1.0,1.0,1.0,1.0,1.0,0.2809917355371901,1.0,53,0,53,1.0
UNPAIRED_HARD_DELETE,UNPAIRED_NUCLEOTIDE_EVIDENCE,20,109,petfold,NON_EVIDENCED_EFFECT,121,pair,1864,0,0,0,1463,188,213,0.9155592652068638,0.9077787598919441,0.9075034282171451,0.886129618413083,0.8729116945107399,0.8794709948902916,0.0,0.0,0,0,0,1.0
UNPAIRED_HARD_DELETE,UNPAIRED_NUCLEOTIDE_EVIDENCE,20,109,rnafold,DIRECT_EVIDENCE_EFFECT,121,nucleotide,0,333,282,333,,,,,,,,,,,,0,0,0,1.0
UNPAIRED_HARD_DELETE,UNPAIRED_NUCLEOTIDE_EVIDENCE,20,109,rnafold,LOCAL_CONFLICT_EFFECT,121,pair,47,0,0,0,0,0,0,1.0,1.0,1.0,1.0,1.0,1.0,0.2396694214876033,1.0,47,0,47,1.0
UNPAIRED_HARD_DELETE,UNPAIRED_NUCLEOTIDE_EVIDENCE,20,109,rnafold,NON_EVIDENCED_EFFECT,121,pair,1849,0,0,0,1473,173,203,0.9251858904755464,0.9138670306547281,0.9153002814537501,0.8948967193195626,0.8788782816229117,0.8868151715833835,0.0,0.0,0,0,0,1.0
UNPAIRED_HARD_DELETE,UNPAIRED_NUCLEOTIDE_EVIDENCE,20,109,trrosettarna2_native_ss,DIRECT_EVIDENCE_EFFECT,121,nucleotide,0,333,219,333,,,,,,,,,,,,0,0,0,1.0
UNPAIRED_HARD_DELETE,UNPAIRED_NUCLEOTIDE_EVIDENCE,20,109,trrosettarna2_native_ss,LOCAL_CONFLICT_EFFECT,121,pair,106,0,0,0,0,0,0,1.0,1.0,1.0,1.0,1.0,1.0,0.6115702479338843,1.0,106,0,106,1.0
UNPAIRED_HARD_DELETE,UNPAIRED_NUCLEOTIDE_EVIDENCE,20,109,trrosettarna2_native_ss,NON_EVIDENCED_EFFECT,121,pair,2002,0,0,0,1461,326,215,0.8401798628102879,0.9120849106151278,0.8709964433564076,0.8175713486289872,0.8717183770883055,0.8437770719029744,0.0,0.0,0,0,0,1.0
UNPAIRED_HARD_DELETE,UNPAIRED_NUCLEOTIDE_EVIDENCE,20,113,petfold,DIRECT_EVIDENCE_EFFECT,121,nucleotide,0,333,276,333,,,,,,,,,,,,0,0,0,1.0
UNPAIRED_HARD_DELETE,UNPAIRED_NUCLEOTIDE_EVIDENCE,20,113,petfold,LOCAL_CONFLICT_EFFECT,121,pair,56,0,0,0,0,0,0,1.0,1.0,1.0,1.0,1.0,1.0,0.30578512396694213,1.0,56,0,56,1.0
UNPAIRED_HARD_DELETE,UNPAIRED_NUCLEOTIDE_EVIDENCE,20,113,petfold,NON_EVIDENCED_EFFECT,121,pair,1861,0,0,0,1463,185,213,0.9145824492277108,0.9077787598919441,0.9069598305843096,0.8877427184466019,0.8729116945107399,0.8802647412755716,0.0,0.0,0,0,0,1.0
UNPAIRED_HARD_DELETE,UNPAIRED_NUCLEOTIDE_EVIDENCE,20,113,rnafold,DIRECT_EVIDENCE_EFFECT,121,nucleotide,0,333,278,333,,,,,,,,,,,,0,0,0,1.0
UNPAIRED_HARD_DELETE,UNPAIRED_NUCLEOTIDE_EVIDENCE,20,113,rnafold,LOCAL_CONFLICT_EFFECT,121,pair,54,0,0,0,0,0,0,1.0,1.0,1.0,1.0,1.0,1.0,0.2809917355371901,1.0,54,0,54,1.0
UNPAIRED_HARD_DELETE,UNPAIRED_NUCLEOTIDE_EVIDENCE,20,113,rnafold,NON_EVIDENCED_EFFECT,121,pair,1842,0,0,0,1473,166,203,0.9257226248817326,0.9138670306547281,0.915671752571258,0.8987187309334961,0.8788782816229117,0.8886877828054298,0.0,0.0,0,0,0,1.0
UNPAIRED_HARD_DELETE,UNPAIRED_NUCLEOTIDE_EVIDENCE,20,113,trrosettarna2_native_ss,DIRECT_EVIDENCE_EFFECT,121,nucleotide,0,333,225,333,,,,,,,,,,,,0,0,0,1.0
UNPAIRED_HARD_DELETE,UNPAIRED_NUCLEOTIDE_EVIDENCE,20,113,trrosettarna2_native_ss,LOCAL_CONFLICT_EFFECT,121,pair,103,0,0,0,0,0,0,1.0,1.0,1.0,1.0,1.0,1.0,0.5702479338842975,1.0,103,0,103,1.0
UNPAIRED_HARD_DELETE,UNPAIRED_NUCLEOTIDE_EVIDENCE,20,113,trrosettarna2_native_ss,NON_EVIDENCED_EFFECT,121,pair,2005,0,0,0,1461,329,215,0.8359257131496683,0.9120849106151278,0.8691596172338008,0.8162011173184358,0.8717183770883055,0.8430467397576457,0.0,0.0,0,0,0,1.0
UNPAIRED_HARD_DELETE,UNPAIRED_NUCLEOTIDE_EVIDENCE,50,101,petfold,DIRECT_EVIDENCE_EFFECT,121,nucleotide,0,873,722,873,,,,,,,,,,,,0,0,0,1.0
UNPAIRED_HARD_DELETE,UNPAIRED_NUCLEOTIDE_EVIDENCE,50,101,petfold,LOCAL_CONFLICT_EFFECT,121,pair,122,0,0,0,0,0,0,1.0,1.0,1.0,1.0,1.0,1.0,0.4214876033057851,1.0,122,0,122,1.0
UNPAIRED_HARD_DELETE,UNPAIRED_NUCLEOTIDE_EVIDENCE,50,101,petfold,NON_EVIDENCED_EFFECT,121,pair,1795,0,0,0,1463,119,213,0.9439118099496078,0.9077787598919441,0.9213924449631312,0.9247787610619469,0.8729116945107399,0.898096992019644,0.0,0.0,0,0,0,1.0
UNPAIRED_HARD_DELETE,UNPAIRED_NUCLEOTIDE_EVIDENCE,50,101,rnafold,DIRECT_EVIDENCE_EFFECT,121,nucleotide,0,873,737,873,,,,,,,,,,,,0,0,0,1.0
UNPAIRED_HARD_DELETE,UNPAIRED_NUCLEOTIDE_EVIDENCE,50,101,rnafold,LOCAL_CONFLICT_EFFECT,121,pair,112,0,0,0,0,0,0,1.0,1.0,1.0,1.0,1.0,1.0,0.3884297520661157,1.0,112,0,112,1.0
UNPAIRED_HARD_DELETE,UNPAIRED_NUCLEOTIDE_EVIDENCE,50,101,rnafold,NON_EVIDENCED_EFFECT,121,pair,1784,0,0,0,1473,108,203,0.9500113228252205,0.9138670306547281,0.9274993982466011,0.9316888045540797,0.8788782816229117,0.9045133558489408,0.0,0.0,0,0,0,1.0
UNPAIRED_HARD_DELETE,UNPAIRED_NUCLEOTIDE_EVIDENCE,50,101,trrosettarna2_native_ss,DIRECT_EVIDENCE_EFFECT,121,nucleotide,0,873,598,873,,,,,,,,,,,,0,0,0,1.0
UNPAIRED_HARD_DELETE,UNPAIRED_NUCLEOTIDE_EVIDENCE,50,101,trrosettarna2_native_ss,LOCAL_CONFLICT_EFFECT,121,pair,218,0,0,0,0,0,0,1.0,1.0,1.0,1.0,1.0,1.0,0.7851239669421488,1.0,218,0,218,1.0
UNPAIRED_HARD_DELETE,UNPAIRED_NUCLEOTIDE_EVIDENCE,50,101,trrosettarna2_native_ss,NON_EVIDENCED_EFFECT,121,pair,1890,0,0,0,1461,214,215,0.8927098986130318,0.9120849106151278,0.9000632120468277,0.8722388059701492,0.8717183770883055,0.8719785138764548,0.0,0.0,0,0,0,1.0
UNPAIRED_HARD_DELETE,UNPAIRED_NUCLEOTIDE_EVIDENCE,50,103,petfold,DIRECT_EVIDENCE_EFFECT,121,nucleotide,0,873,738,873,,,,,,,,,,,,0,0,0,1.0
UNPAIRED_HARD_DELETE,UNPAIRED_NUCLEOTIDE_EVIDENCE,50,103,petfold,LOCAL_CONFLICT_EFFECT,121,pair,119,0,0,0,0,0,0,1.0,1.0,1.0,1.0,1.0,1.0,0.4049586776859504,1.0,119,0,119,1.0
UNPAIRED_HARD_DELETE,UNPAIRED_NUCLEOTIDE_EVIDENCE,50,103,petfold,NON_EVIDENCED_EFFECT,121,pair,1798,0,0,0,1463,122,213,0.9411735381007641,0.9077787598919441,0.9199231985211205,0.9230283911671924,0.8729116945107399,0.8972707758356332,0.0,0.0,0,0,0,1.0
UNPAIRED_HARD_DELETE,UNPAIRED_NUCLEOTIDE_EVIDENCE,50,103,rnafold,DIRECT_EVIDENCE_EFFECT,121,nucleotide,0,873,755,873,,,,,,,,,,,,0,0,0,1.0
UNPAIRED_HARD_DELETE,UNPAIRED_NUCLEOTIDE_EVIDENCE,50,103,rnafold,LOCAL_CONFLICT_EFFECT,121,pair,103,0,0,0,0,0,0,1.0,1.0,1.0,1.0,1.0,1.0,0.33884297520661155,1.0,103,0,103,1.0
UNPAIRED_HARD_DELETE,UNPAIRED_NUCLEOTIDE_EVIDENCE,50,103,rnafold,NON_EVIDENCED_EFFECT,121,pair,1793,0,0,0,1473,117,203,0.9443823966908016,0.9138670306547281,0.924709479821964,0.9264150943396227,0.8788782816229117,0.9020208205756277,0.0,0.0,0,0,0,1.0
UNPAIRED_HARD_DELETE,UNPAIRED_NUCLEOTIDE_EVIDENCE,50,103,trrosettarna2_native_ss,DIRECT_EVIDENCE_EFFECT,121,nucleotide,0,873,581,873,,,,,,,,,,,,0,0,0,1.0
UNPAIRED_HARD_DELETE,UNPAIRED_NUCLEOTIDE_EVIDENCE,50,103,trrosettarna2_native_ss,LOCAL_CONFLICT_EFFECT,121,pair,226,0,0,0,0,0,0,1.0,1.0,1.0,1.0,1.0,1.0,0.8016528925619835,1.0,226,0,226,1.0
UNPAIRED_HARD_DELETE,UNPAIRED_NUCLEOTIDE_EVIDENCE,50,103,trrosettarna2_native_ss,NON_EVIDENCED_EFFECT,121,pair,1882,0,0,0,1461,206,215,0.8970198373140094,0.9120849106151278,0.902262535971675,0.8764247150569886,0.8717183770883055,0.8740652108884236,0.0,0.0,0,0,0,1.0
UNPAIRED_HARD_DELETE,UNPAIRED_NUCLEOTIDE_EVIDENCE,50,107,petfold,DIRECT_EVIDENCE_EFFECT,121,nucleotide,0,873,728,873,,,,,,,,,,,,0,0,0,1.0
UNPAIRED_HARD_DELETE,UNPAIRED_NUCLEOTIDE_EVIDENCE,50,107,petfold,LOCAL_CONFLICT_EFFECT,121,pair,122,0,0,0,0,0,0,1.0,1.0,1.0,1.0,1.0,1.0,0.4214876033057851,1.0,122,0,122,1.0
UNPAIRED_HARD_DELETE,UNPAIRED_NUCLEOTIDE_EVIDENCE,50,107,petfold,NON_EVIDENCED_EFFECT,121,pair,1795,0,0,0,1463,119,213,0.9395338648829393,0.9077787598919441,0.9192489767353023,0.9247787610619469,0.8729116945107399,0.898096992019644,0.0,0.0,0,0,0,1.0
UNPAIRED_HARD_DELETE,UNPAIRED_NUCLEOTIDE_EVIDENCE,50,107,rnafold,DIRECT_EVIDENCE_EFFECT,121,nucleotide,0,873,750,873,,,,,,,,,,,,0,0,0,1.0
UNPAIRED_HARD_DELETE,UNPAIRED_NUCLEOTIDE_EVIDENCE,50,107,rnafold,LOCAL_CONFLICT_EFFECT,121,pair,105,0,0,0,0,0,0,1.0,1.0,1.0,1.0,1.0,1.0,0.35537190082644626,1.0,105,0,105,1.0
UNPAIRED_HARD_DELETE,UNPAIRED_NUCLEOTIDE_EVIDENCE,50,107,rnafold,NON_EVIDENCED_EFFECT,121,pair,1791,0,0,0,1473,115,203,0.9432841594373436,0.9138670306547281,0.9244053917474238,0.9275818639798489,0.8788782816229117,0.9025735294117647,0.0,0.0,0,0,0,1.0
UNPAIRED_HARD_DELETE,UNPAIRED_NUCLEOTIDE_EVIDENCE,50,107,trrosettarna2_native_ss,DIRECT_EVIDENCE_EFFECT,121,nucleotide,0,873,589,873,,,,,,,,,,,,0,0,0,1.0
UNPAIRED_HARD_DELETE,UNPAIRED_NUCLEOTIDE_EVIDENCE,50,107,trrosettarna2_native_ss,LOCAL_CONFLICT_EFFECT,121,pair,224,0,0,0,0,0,0,1.0,1.0,1.0,1.0,1.0,1.0,0.8099173553719008,1.0,224,0,224,1.0
UNPAIRED_HARD_DELETE,UNPAIRED_NUCLEOTIDE_EVIDENCE,50,107,trrosettarna2_native_ss,NON_EVIDENCED_EFFECT,121,pair,1884,0,0,0,1461,208,215,0.8961875090788818,0.9120849106151278,0.9016986518001273,0.8753744757339724,0.8717183770883055,0.873542600896861,0.0,0.0,0,0,0,1.0
UNPAIRED_HARD_DELETE,UNPAIRED_NUCLEOTIDE_EVIDENCE,50,109,petfold,DIRECT_EVIDENCE_EFFECT,121,nucleotide,0,873,739,873,,,,,,,,,,,,0,0,0,1.0
UNPAIRED_HARD_DELETE,UNPAIRED_NUCLEOTIDE_EVIDENCE,50,109,petfold,LOCAL_CONFLICT_EFFECT,121,pair,117,0,0,0,0,0,0,1.0,1.0,1.0,1.0,1.0,1.0,0.4380165289256198,1.0,117,0,117,1.0
UNPAIRED_HARD_DELETE,UNPAIRED_NUCLEOTIDE_EVIDENCE,50,109,petfold,NON_EVIDENCED_EFFECT,121,pair,1800,0,0,0,1463,124,213,0.9420558179442255,0.9077787598919441,0.9208041187657124,0.921865154379332,0.8729116945107399,0.8967208090714067,0.0,0.0,0,0,0,1.0
UNPAIRED_HARD_DELETE,UNPAIRED_NUCLEOTIDE_EVIDENCE,50,109,rnafold,DIRECT_EVIDENCE_EFFECT,121,nucleotide,0,873,756,873,,,,,,,,,,,,0,0,0,1.0
UNPAIRED_HARD_DELETE,UNPAIRED_NUCLEOTIDE_EVIDENCE,50,109,rnafold,LOCAL_CONFLICT_EFFECT,121,pair,103,0,0,0,0,0,0,1.0,1.0,1.0,1.0,1.0,1.0,0.36363636363636365,1.0,103,0,103,1.0
UNPAIRED_HARD_DELETE,UNPAIRED_NUCLEOTIDE_EVIDENCE,50,109,rnafold,NON_EVIDENCED_EFFECT,121,pair,1793,0,0,0,1473,117,203,0.9461819613059589,0.9138670306547281,0.9261205583700001,0.9264150943396227,0.8788782816229117,0.9020208205756277,0.0,0.0,0,0,0,1.0
UNPAIRED_HARD_DELETE,UNPAIRED_NUCLEOTIDE_EVIDENCE,50,109,trrosettarna2_native_ss,DIRECT_EVIDENCE_EFFECT,121,nucleotide,0,873,586,873,,,,,,,,,,,,0,0,0,1.0
UNPAIRED_HARD_DELETE,UNPAIRED_NUCLEOTIDE_EVIDENCE,50,109,trrosettarna2_native_ss,LOCAL_CONFLICT_EFFECT,121,pair,228,0,0,0,0,0,0,1.0,1.0,1.0,1.0,1.0,1.0,0.768595041322314,1.0,228,0,228,1.0
UNPAIRED_HARD_DELETE,UNPAIRED_NUCLEOTIDE_EVIDENCE,50,109,trrosettarna2_native_ss,NON_EVIDENCED_EFFECT,121,pair,1880,0,0,0,1461,204,215,0.8966641110895148,0.9120849106151278,0.9018578836856721,0.8774774774774775,0.8717183770883055,0.8745884465728824,0.0,0.0,0,0,0,1.0
UNPAIRED_HARD_DELETE,UNPAIRED_NUCLEOTIDE_EVIDENCE,50,113,petfold,DIRECT_EVIDENCE_EFFECT,121,nucleotide,0,873,721,873,,,,,,,,,,,,0,0,0,1.0
UNPAIRED_HARD_DELETE,UNPAIRED_NUCLEOTIDE_EVIDENCE,50,113,petfold,LOCAL_CONFLICT_EFFECT,121,pair,128,0,0,0,0,0,0,1.0,1.0,1.0,1.0,1.0,1.0,0.4380165289256198,1.0,128,0,128,1.0
UNPAIRED_HARD_DELETE,UNPAIRED_NUCLEOTIDE_EVIDENCE,50,113,petfold,NON_EVIDENCED_EFFECT,121,pair,1789,0,0,0,1463,113,213,0.9445297862653208,0.9077787598919441,0.9217715899407899,0.9282994923857868,0.8729116945107399,0.8997539975399754,0.0,0.0,0,0,0,1.0
UNPAIRED_HARD_DELETE,UNPAIRED_NUCLEOTIDE_EVIDENCE,50,113,rnafold,DIRECT_EVIDENCE_EFFECT,121,nucleotide,0,873,739,873,,,,,,,,,,,,0,0,0,1.0
UNPAIRED_HARD_DELETE,UNPAIRED_NUCLEOTIDE_EVIDENCE,50,113,rnafold,LOCAL_CONFLICT_EFFECT,121,pair,112,0,0,0,0,0,0,1.0,1.0,1.0,1.0,1.0,1.0,0.35537190082644626,1.0,112,0,112,1.0
UNPAIRED_HARD_DELETE,UNPAIRED_NUCLEOTIDE_EVIDENCE,50,113,rnafold,NON_EVIDENCED_EFFECT,121,pair,1784,0,0,0,1473,108,203,0.9475374495406809,0.9138670306547281,0.9266058763661935,0.9316888045540797,0.8788782816229117,0.9045133558489408,0.0,0.0,0,0,0,1.0
UNPAIRED_HARD_DELETE,UNPAIRED_NUCLEOTIDE_EVIDENCE,50,113,trrosettarna2_native_ss,DIRECT_EVIDENCE_EFFECT,121,nucleotide,0,873,587,873,,,,,,,,,,,,0,0,0,1.0
UNPAIRED_HARD_DELETE,UNPAIRED_NUCLEOTIDE_EVIDENCE,50,113,trrosettarna2_native_ss,LOCAL_CONFLICT_EFFECT,121,pair,232,0,0,0,0,0,0,1.0,1.0,1.0,1.0,1.0,1.0,0.8181818181818182,1.0,232,0,232,1.0
UNPAIRED_HARD_DELETE,UNPAIRED_NUCLEOTIDE_EVIDENCE,50,113,trrosettarna2_native_ss,NON_EVIDENCED_EFFECT,121,pair,1876,0,0,0,1461,200,215,0.9012444995523115,0.9120849106151278,0.9043057261626475,0.8795906080674293,0.8717183770883055,0.8756367995205274,0.0,0.0,0,0,0,1.0
