record_id,rna_id,source_model,status,sequence_length,gt_pair_count,predicted_pair_count,pair_scores_available,raw_pair_score_path,raw_pair_score_sha256,raw_pair_score_sha256_after,raw_pair_score_unchanged,normalized_pair_score_path,normalized_pair_score_sha256,normalized_pair_score_size_bytes,score_shape,score_dtype,diagonal_nonzero_count_before,diagonal_min_before,diagonal_max_before,max_asymmetry_before,min_score_before,max_score_before,diagonal_nonzero_count_after,max_asymmetry_after,min_score_after,max_score_after,max_off_diagonal_absolute_change,warnings,failure_reason
legacy121_v1__17ra_21_hp_nmr_a__legacy_gt__rnafold__historical_legacy121_v1,17RA_21_hp_nmr_A,rnafold,valid,21,7,8,false,,,,,,,,,,,,,,,,,,,,,family_split_metadata_unavailable;historical_model_version_unknown;historical_output_unknown_decoder_settings;raw_sequence_lowercase,
legacy121_v1__17ra_21_hp_nmr_a__legacy_gt__petfold__historical_legacy121_v1,17RA_21_hp_nmr_A,petfold,valid,21,7,8,false,,,,,,,,,,,,,,,,,,,,,family_split_metadata_unavailable;historical_model_version_unknown;historical_output_unknown_decoder_settings;petfold_historical_alignment_input_unknown;raw_sequence_lowercase,
legacy121_v1__17ra_21_hp_nmr_a__legacy_gt__trrosettarna2_native_ss__historical_legacy121_v1,17RA_21_hp_nmr_A,trrosettarna2_native_ss,valid,21,7,8,true,/root/autodl-tmp/models/trRosettaRNA2/data/ss_native/17RA_21_hp_nmr_A/17RA_21_hp_nmr_A_ss_prob.npz,7d09dc479d07da170dd8915bcc2552f04339a37b687da9aaf8e6973d3c67be61,7d09dc479d07da170dd8915bcc2552f04339a37b687da9aaf8e6973d3c67be61,true,pair_scores/legacy121_v1__17ra_21_hp_nmr_a__legacy_gt__trrosettarna2_native_ss__historical_legacy121_v1.npz,ecde764ae3494ba217adbd96817c3503988da069ecafd942c3229a971160956b,1421,21x21,float32,21,9.851183904174832e-07,3.713415026140865e-06,0.0,9.763519983607694e-07,0.9999825954437256,0,0.0,0.0,0.9999825954437256,0.0,family_split_metadata_unavailable;historical_model_version_unknown;historical_output_unknown_decoder_settings;raw_sequence_lowercase;trrna2_historical_checkpoint_identity_unknown,
legacy121_v1__1a60_44_pseudknot_nmr_a__legacy_gt__rnafold__historical_legacy121_v1,1A60_44_pseudknot_nmr_A,rnafold,valid,44,14,11,false,,,,,,,,,,,,,,,,,,,,,family_split_metadata_unavailable;historical_model_version_unknown;historical_output_unknown_decoder_settings;raw_sequence_lowercase,
legacy121_v1__1a60_44_pseudknot_nmr_a__legacy_gt__petfold__historical_legacy121_v1,1A60_44_pseudknot_nmr_A,petfold,valid,44,14,11,false,,,,,,,,,,,,,,,,,,,,,family_split_metadata_unavailable;historical_model_version_unknown;historical_output_unknown_decoder_settings;petfold_historical_alignment_input_unknown;raw_sequence_lowercase,
legacy121_v1__1a60_44_pseudknot_nmr_a__legacy_gt__trrosettarna2_native_ss__historical_legacy121_v1,1A60_44_pseudknot_nmr_A,trrosettarna2_native_ss,valid,44,14,15,true,/root/autodl-tmp/models/trRosettaRNA2/data/ss_native/1A60_44_pseudknot_nmr_A/1A60_44_pseudknot_nmr_A_ss_prob.npz,10141fc42f2e0ca42355bb8f558c4925e8f51cbcd7d3b732b565e366f1070990,10141fc42f2e0ca42355bb8f558c4925e8f51cbcd7d3b732b565e366f1070990,true,pair_scores/legacy121_v1__1a60_44_pseudknot_nmr_a__legacy_gt__trrosettarna2_native_ss__historical_legacy121_v1.npz,e90ef3f41d64b623de76a3a330cc41420957fed2efef3f38b28d3d2456ec344b,5612,44x44,float32,44,1.000197926259716e-06,4.932346200803295e-06,0.0,9.709095820653602e-07,0.9999701380729675,0,0.0,0.0,0.9999701380729675,0.0,family_split_metadata_unavailable;historical_model_version_unknown;historical_output_unknown_decoder_settings;raw_sequence_lowercase;trrna2_historical_checkpoint_identity_unknown,
legacy121_v1__1a9l_38_hpbulge_nmr_a__legacy_gt__rnafold__historical_legacy121_v1,1A9L_38_hpbulge_nmr_A,rnafold,valid,38,14,14,false,,,,,,,,,,,,,,,,,,,,,family_split_metadata_unavailable;historical_model_version_unknown;historical_output_unknown_decoder_settings;raw_sequence_lowercase,
legacy121_v1__1a9l_38_hpbulge_nmr_a__legacy_gt__petfold__historical_legacy121_v1,1A9L_38_hpbulge_nmr_A,petfold,valid,38,14,14,false,,,,,,,,,,,,,,,,,,,,,family_split_metadata_unavailable;historical_model_version_unknown;historical_output_unknown_decoder_settings;petfold_alias_applied;petfold_historical_alignment_input_unknown;raw_sequence_lowercase,
legacy121_v1__1a9l_38_hpbulge_nmr_a__legacy_gt__trrosettarna2_native_ss__historical_legacy121_v1,1A9L_38_hpbulge_nmr_A,trrosettarna2_native_ss,valid,38,14,15,true,/root/autodl-tmp/models/trRosettaRNA2/data/ss_native/1A9L_38_hpbulge_nmr_A/1A9L_38_hpbulge_nmr_A_ss_prob.npz,11df6f7c4304ae845396dd8ae27040f94842bbff36b321b388071a869817a9b7,11df6f7c4304ae845396dd8ae27040f94842bbff36b321b388071a869817a9b7,true,pair_scores/legacy121_v1__1a9l_38_hpbulge_nmr_a__legacy_gt__trrosettarna2_native_ss__historical_legacy121_v1.npz,5d6ddbebea919d86f6dbad64e4f273afe23f0342a9f460ea17d3c614d1fd37a8,4203,38x38,float32,38,9.993254934670404e-07,2.2976932996243704e-06,0.0,9.700992222860805e-07,0.9999815821647644,0,0.0,0.0,0.9999815821647644,0.0,family_split_metadata_unavailable;historical_model_version_unknown;historical_output_unknown_decoder_settings;raw_sequence_lowercase;trrna2_historical_checkpoint_identity_unknown,
legacy121_v1__1b36_38_hp_nmr_a__legacy_gt__rnafold__historical_legacy121_v1,1B36_38_hp_nmr_A,rnafold,valid,38,9,9,false,,,,,,,,,,,,,,,,,,,,,family_split_metadata_unavailable;historical_model_version_unknown;historical_output_unknown_decoder_settings;raw_sequence_lowercase,
legacy121_v1__1b36_38_hp_nmr_a__legacy_gt__petfold__historical_legacy121_v1,1B36_38_hp_nmr_A,petfold,valid,38,9,11,false,,,,,,,,,,,,,,,,,,,,,family_split_metadata_unavailable;historical_model_version_unknown;historical_output_unknown_decoder_settings;petfold_historical_alignment_input_unknown;raw_sequence_lowercase,
legacy121_v1__1b36_38_hp_nmr_a__legacy_gt__trrosettarna2_native_ss__historical_legacy121_v1,1B36_38_hp_nmr_A,trrosettarna2_native_ss,valid,38,9,16,true,/root/autodl-tmp/models/trRosettaRNA2/data/ss_native/1B36_38_hp_nmr_A/1B36_38_hp_nmr_A_ss_prob.npz,344d7804b4aa04a3ce7c97f937e056b923ddf053eec2e95202ee0d96ef9e09b0,344d7804b4aa04a3ce7c97f937e056b923ddf053eec2e95202ee0d96ef9e09b0,true,pair_scores/legacy121_v1__1b36_38_hp_nmr_a__legacy_gt__trrosettarna2_native_ss__historical_legacy121_v1.npz,1b4d4af67fca95e7861b059e47599af7270c30ede11b80d2b768643259a6256e,4170,38x38,float32,38,1.0028261385741644e-06,1.8646071566763567e-06,0.0,9.64894979915698e-07,0.9999822378158569,0,0.0,0.0,0.9999822378158569,0.0,family_split_metadata_unavailable;historical_model_version_unknown;historical_output_unknown_decoder_settings;raw_sequence_lowercase;trrna2_historical_checkpoint_identity_unknown,
legacy121_v1__1bgz_23_hp_nmr_a__legacy_gt__rnafold__historical_legacy121_v1,1BGZ_23_hp_nmr_A,rnafold,valid,23,8,9,false,,,,,,,,,,,,,,,,,,,,,family_split_metadata_unavailable;historical_model_version_unknown;historical_output_unknown_decoder_settings;raw_sequence_lowercase,
legacy121_v1__1bgz_23_hp_nmr_a__legacy_gt__petfold__historical_legacy121_v1,1BGZ_23_hp_nmr_A,petfold,valid,23,8,9,false,,,,,,,,,,,,,,,,,,,,,family_split_metadata_unavailable;historical_model_version_unknown;historical_output_unknown_decoder_settings;petfold_historical_alignment_input_unknown;raw_sequence_lowercase,
legacy121_v1__1bgz_23_hp_nmr_a__legacy_gt__trrosettarna2_native_ss__historical_legacy121_v1,1BGZ_23_hp_nmr_A,trrosettarna2_native_ss,valid,23,8,8,true,/root/autodl-tmp/models/trRosettaRNA2/data/ss_native/1BGZ_23_hp_nmr_A/1BGZ_23_hp_nmr_A_ss_prob.npz,18387cdd559a9910937ee15ecd6029d6d122cebd2740dcb69c0b0fa4fcd926e3,18387cdd559a9910937ee15ecd6029d6d122cebd2740dcb69c0b0fa4fcd926e3,true,pair_scores/legacy121_v1__1bgz_23_hp_nmr_a__legacy_gt__trrosettarna2_native_ss__historical_legacy121_v1.npz,f89597913aa264a5167b7851a17c15205fd52a3f7788afd5b9db42850c01a432,1650,23x23,float32,23,1.0109769164046156e-06,7.814771379344165e-06,0.0,9.828901283981395e-07,0.9999789595603943,0,0.0,0.0,0.9999789595603943,0.0,family_split_metadata_unavailable;historical_model_version_unknown;historical_output_unknown_decoder_settings;raw_sequence_lowercase;trrna2_historical_checkpoint_identity_unknown,
legacy121_v1__1bvj_23_hp_nmr_a__legacy_gt__rnafold__historical_legacy121_v1,1BVJ_23_hp_nmr_A,rnafold,valid,23,8,8,false,,,,,,,,,,,,,,,,,,,,,family_split_metadata_unavailable;historical_model_version_unknown;historical_output_unknown_decoder_settings;raw_sequence_lowercase,
legacy121_v1__1bvj_23_hp_nmr_a__legacy_gt__petfold__historical_legacy121_v1,1BVJ_23_hp_nmr_A,petfold,valid,23,8,8,false,,,,,,,,,,,,,,,,,,,,,family_split_metadata_unavailable;historical_model_version_unknown;historical_output_unknown_decoder_settings;petfold_historical_alignment_input_unknown;raw_sequence_lowercase,
legacy121_v1__1bvj_23_hp_nmr_a__legacy_gt__trrosettarna2_native_ss__historical_legacy121_v1,1BVJ_23_hp_nmr_A,trrosettarna2_native_ss,valid,23,8,10,true,/root/autodl-tmp/models/trRosettaRNA2/data/ss_native/1BVJ_23_hp_nmr_A/1BVJ_23_hp_nmr_A_ss_prob.npz,beb2e3140de41dac5bca147e71b43c328010ca0d2aa6d4c8f34c64e79be8f6ca,beb2e3140de41dac5bca147e71b43c328010ca0d2aa6d4c8f34c64e79be8f6ca,true,pair_scores/legacy121_v1__1bvj_23_hp_nmr_a__legacy_gt__trrosettarna2_native_ss__historical_legacy121_v1.npz,74e5021c5637a7bb02f72abcb3733984413b0775261926e6df3a802492ac6bea,1647,23x23,float32,23,1.0163489605474751e-06,2.9282891773618758e-06,0.0,9.702050647319993e-07,0.9999817609786987,0,0.0,0.0,0.9999817609786987,0.0,family_split_metadata_unavailable;historical_model_version_unknown;historical_output_unknown_decoder_settings;raw_sequence_lowercase;trrna2_historical_checkpoint_identity_unknown,
legacy121_v1__1e4p_24_hpbulge_nmr_a__legacy_gt__rnafold__historical_legacy121_v1,1E4P_24_hpbulge_nmr_A,rnafold,valid,24,7,7,false,,,,,,,,,,,,,,,,,,,,,family_split_metadata_unavailable;historical_model_version_unknown;historical_output_unknown_decoder_settings;raw_sequence_lowercase,
legacy121_v1__1e4p_24_hpbulge_nmr_a__legacy_gt__petfold__historical_legacy121_v1,1E4P_24_hpbulge_nmr_A,petfold,valid,24,7,7,false,,,,,,,,,,,,,,,,,,,,,family_split_metadata_unavailable;historical_model_version_unknown;historical_output_unknown_decoder_settings;petfold_historical_alignment_input_unknown;raw_sequence_lowercase,
legacy121_v1__1e4p_24_hpbulge_nmr_a__legacy_gt__trrosettarna2_native_ss__historical_legacy121_v1,1E4P_24_hpbulge_nmr_A,trrosettarna2_native_ss,valid,24,7,11,true,/root/autodl-tmp/models/trRosettaRNA2/data/ss_native/1E4P_24_hpbulge_nmr_A/1E4P_24_hpbulge_nmr_A_ss_prob.npz,de8d77c05a77fb2f3f87fb6c69416eca831863b1d1e56d3c5d5606781d06d6f6,de8d77c05a77fb2f3f87fb6c69416eca831863b1d1e56d3c5d5606781d06d6f6,true,pair_scores/legacy121_v1__1e4p_24_hpbulge_nmr_a__legacy_gt__trrosettarna2_native_ss__historical_legacy121_v1.npz,2f3dc94ddb35b619865628f26ad66b6057bd9a01d0093bcbef9a84915b5487f7,1766,24x24,float32,24,1.0293415471096523e-06,2.252199692520662e-06,0.0,9.675039791545714e-07,0.9999818801879883,0,0.0,0.0,0.9999818801879883,0.0,family_split_metadata_unavailable;historical_model_version_unknown;historical_output_unknown_decoder_settings;raw_sequence_lowercase;trrna2_historical_checkpoint_identity_unknown,
legacy121_v1__1e95_36_pseudoknot_nmr_a__legacy_gt__rnafold__historical_legacy121_v1,1E95_36_pseudoknot_nmr_A,rnafold,valid,36,12,6,false,,,,,,,,,,,,,,,,,,,,,family_split_metadata_unavailable;historical_model_version_unknown;historical_output_unknown_decoder_settings;raw_sequence_lowercase,
legacy121_v1__1e95_36_pseudoknot_nmr_a__legacy_gt__petfold__historical_legacy121_v1,1E95_36_pseudoknot_nmr_A,petfold,valid,36,12,6,false,,,,,,,,,,,,,,,,,,,,,family_split_metadata_unavailable;historical_model_version_unknown;historical_output_unknown_decoder_settings;petfold_historical_alignment_input_unknown;raw_sequence_lowercase,
legacy121_v1__1e95_36_pseudoknot_nmr_a__legacy_gt__trrosettarna2_native_ss__historical_legacy121_v1,1E95_36_pseudoknot_nmr_A,trrosettarna2_native_ss,valid,36,12,12,true,/root/autodl-tmp/models/trRosettaRNA2/data/ss_native/1E95_36_pseudoknot_nmr_A/1E95_36_pseudoknot_nmr_A_ss_prob.npz,405c7edec7f1da0f872cb5ecfcdee041b5d569599166790e49ba552f0f5945c6,405c7edec7f1da0f872cb5ecfcdee041b5d569599166790e49ba552f0f5945c6,true,pair_scores/legacy121_v1__1e95_36_pseudoknot_nmr_a__legacy_gt__trrosettarna2_native_ss__historical_legacy121_v1.npz,2a8fbb9abb6a807e4c2c9d5dabdfc691e968fd562eb73ec00cdf2325b1630caf,3784,36x36,float32,36,1.0050835044239648e-06,2.1290852600941435e-06,0.0,9.670334293332417e-07,0.9999825358390808,0,0.0,0.0,0.9999825358390808,0.0,family_split_metadata_unavailable;historical_model_version_unknown;historical_output_unknown_decoder_settings;raw_sequence_lowercase;trrna2_historical_checkpoint_identity_unknown,
legacy121_v1__1f9l_22_hp_nmr_a__legacy_gt__rnafold__historical_legacy121_v1,1F9L_22_hp_nmr_A,rnafold,valid,22,7,7,false,,,,,,,,,,,,,,,,,,,,,family_split_metadata_unavailable;historical_model_version_unknown;historical_output_unknown_decoder_settings;raw_sequence_lowercase,
legacy121_v1__1f9l_22_hp_nmr_a__legacy_gt__petfold__historical_legacy121_v1,1F9L_22_hp_nmr_A,petfold,valid,22,7,7,false,,,,,,,,,,,,,,,,,,,,,family_split_metadata_unavailable;historical_model_version_unknown;historical_output_unknown_decoder_settings;petfold_historical_alignment_input_unknown;raw_sequence_lowercase,
legacy121_v1__1f9l_22_hp_nmr_a__legacy_gt__trrosettarna2_native_ss__historical_legacy121_v1,1F9L_22_hp_nmr_A,trrosettarna2_native_ss,valid,22,7,10,true,/root/autodl-tmp/models/trRosettaRNA2/data/ss_native/1F9L_22_hp_nmr_A/1F9L_22_hp_nmr_A_ss_prob.npz,29560b8cb1f8ae4cc5ebae397cc5ae6b35cc72948309dca22d2ca6761bc9916d,29560b8cb1f8ae4cc5ebae397cc5ae6b35cc72948309dca22d2ca6761bc9916d,true,pair_scores/legacy121_v1__1f9l_22_hp_nmr_a__legacy_gt__trrosettarna2_native_ss__historical_legacy121_v1.npz,cfda3b8c0b336b4b5e8cbbd2089bffa0d30a755e241b0c78704f3a9336e07f40,1514,22x22,float32,22,1.0096091500599869e-06,4.620396339305444e-06,0.0,9.630593922338448e-07,0.9999831914901733,0,0.0,0.0,0.9999831914901733,0.0,family_split_metadata_unavailable;historical_model_version_unknown;historical_output_unknown_decoder_settings;raw_sequence_lowercase;trrna2_historical_checkpoint_identity_unknown,
legacy121_v1__1hlx_20_hp_nmr_a__legacy_gt__rnafold__historical_legacy121_v1,1HLX_20_hp_nmr_A,rnafold,valid,20,7,8,false,,,,,,,,,,,,,,,,,,,,,family_split_metadata_unavailable;historical_model_version_unknown;historical_output_unknown_decoder_settings;raw_sequence_lowercase,
legacy121_v1__1hlx_20_hp_nmr_a__legacy_gt__petfold__historical_legacy121_v1,1HLX_20_hp_nmr_A,petfold,valid,20,7,8,false,,,,,,,,,,,,,,,,,,,,,family_split_metadata_unavailable;historical_model_version_unknown;historical_output_unknown_decoder_settings;petfold_historical_alignment_input_unknown;raw_sequence_lowercase,
legacy121_v1__1hlx_20_hp_nmr_a__legacy_gt__trrosettarna2_native_ss__historical_legacy121_v1,1HLX_20_hp_nmr_A,trrosettarna2_native_ss,valid,20,7,9,true,/root/autodl-tmp/models/trRosettaRNA2/data/ss_native/1HLX_20_hp_nmr_A/1HLX_20_hp_nmr_A_ss_prob.npz,4bbfda9ff6e40e160e7e0f4218bbea87a55833d8903102206fa6ca890d384519,4bbfda9ff6e40e160e7e0f4218bbea87a55833d8903102206fa6ca890d384519,true,pair_scores/legacy121_v1__1hlx_20_hp_nmr_a__legacy_gt__trrosettarna2_native_ss__historical_legacy121_v1.npz,d1c46fc73d9f6bec5289e340f324bca0f63b808664b37b2d506f1098bd205590,1301,20x20,float32,20,9.922368917614222e-07,5.530122052732622e-06,0.0,9.754265875017154e-07,0.9999806880950928,0,0.0,0.0,0.9999806880950928,0.0,family_split_metadata_unavailable;historical_model_version_unknown;historical_output_unknown_decoder_settings;raw_sequence_lowercase;trrna2_historical_checkpoint_identity_unknown,
legacy121_v1__1ikd_22_hp_nmr_a__legacy_gt__rnafold__historical_legacy121_v1,1IKD_22_hp_nmr_A,rnafold,valid,22,7,7,false,,,,,,,,,,,,,,,,,,,,,family_split_metadata_unavailable;historical_model_version_unknown;historical_output_unknown_decoder_settings;raw_sequence_lowercase,
legacy121_v1__1ikd_22_hp_nmr_a__legacy_gt__petfold__historical_legacy121_v1,1IKD_22_hp_nmr_A,petfold,valid,22,7,7,false,,,,,,,,,,,,,,,,,,,,,family_split_metadata_unavailable;historical_model_version_unknown;historical_output_unknown_decoder_settings;petfold_historical_alignment_input_unknown;raw_sequence_lowercase,
legacy121_v1__1ikd_22_hp_nmr_a__legacy_gt__trrosettarna2_native_ss__historical_legacy121_v1,1IKD_22_hp_nmr_A,trrosettarna2_native_ss,valid,22,7,8,true,/root/autodl-tmp/models/trRosettaRNA2/data/ss_native/1IKD_22_hp_nmr_A/1IKD_22_hp_nmr_A_ss_prob.npz,8aef393c4caa1bb7bfbffef90b345033a8f328c509a54d4ee43e82706184fc36,8aef393c4caa1bb7bfbffef90b345033a8f328c509a54d4ee43e82706184fc36,true,pair_scores/legacy121_v1__1ikd_22_hp_nmr_a__legacy_gt__trrosettarna2_native_ss__historical_legacy121_v1.npz,99f584443ad9da171bcffc62a53cfb5d6610d284ec080c98d234f3f1f4ea02f8,1514,22x22,float32,22,9.845866770774592e-07,2.4829064386722166e-06,0.0,9.845866770774592e-07,0.9999833106994629,0,0.0,0.0,0.9999833106994629,0.0,family_split_metadata_unavailable;historical_model_version_unknown;historical_output_unknown_decoder_settings;raw_sequence_lowercase;trrna2_historical_checkpoint_identity_unknown,
legacy121_v1__1jur_22_hp_nmr_a__legacy_gt__rnafold__historical_legacy121_v1,1JUR_22_hp_nmr_A,rnafold,valid,22,8,8,false,,,,,,,,,,,,,,,,,,,,,family_split_metadata_unavailable;historical_model_version_unknown;historical_output_unknown_decoder_settings;raw_sequence_lowercase,
legacy121_v1__1jur_22_hp_nmr_a__legacy_gt__petfold__historical_legacy121_v1,1JUR_22_hp_nmr_A,petfold,valid,22,8,8,false,,,,,,,,,,,,,,,,,,,,,family_split_metadata_unavailable;historical_model_version_unknown;historical_output_unknown_decoder_settings;petfold_historical_alignment_input_unknown;raw_sequence_lowercase,
legacy121_v1__1jur_22_hp_nmr_a__legacy_gt__trrosettarna2_native_ss__historical_legacy121_v1,1JUR_22_hp_nmr_A,trrosettarna2_native_ss,valid,22,8,9,true,/root/autodl-tmp/models/trRosettaRNA2/data/ss_native/1JUR_22_hp_nmr_A/1JUR_22_hp_nmr_A_ss_prob.npz,7d9e48c561e154b3fc9c4f2dddf0321350463c1c97625d73b74980da9fc201e2,7d9e48c561e154b3fc9c4f2dddf0321350463c1c97625d73b74980da9fc201e2,true,pair_scores/legacy121_v1__1jur_22_hp_nmr_a__legacy_gt__trrosettarna2_native_ss__historical_legacy121_v1.npz,ad727ace82bcc97bb5e37f2964e96ef1cecfb3ae44c6b23adf2ad9569a2b2cee,1527,22x22,float32,22,1.0364951776864473e-06,7.360898052866105e-06,0.0,9.75078364717774e-07,0.9999819993972778,0,0.0,0.0,0.9999819993972778,0.0,family_split_metadata_unavailable;historical_model_version_unknown;historical_output_unknown_decoder_settings;raw_sequence_lowercase;trrna2_historical_checkpoint_identity_unknown,
legacy121_v1__1k2g_22_dumbbell_nmr_a__legacy_gt__rnafold__historical_legacy121_v1,1K2G_22_dumbbell_nmr_A,rnafold,valid,22,6,3,false,,,,,,,,,,,,,,,,,,,,,family_split_metadata_unavailable;historical_model_version_unknown;historical_output_unknown_decoder_settings;raw_sequence_lowercase,
legacy121_v1__1k2g_22_dumbbell_nmr_a__legacy_gt__petfold__historical_legacy121_v1,1K2G_22_dumbbell_nmr_A,petfold,valid,22,6,3,false,,,,,,,,,,,,,,,,,,,,,family_split_metadata_unavailable;historical_model_version_unknown;historical_output_unknown_decoder_settings;petfold_historical_alignment_input_unknown;raw_sequence_lowercase,
legacy121_v1__1k2g_22_dumbbell_nmr_a__legacy_gt__trrosettarna2_native_ss__historical_legacy121_v1,1K2G_22_dumbbell_nmr_A,trrosettarna2_native_ss,valid,22,6,8,true,/root/autodl-tmp/models/trRosettaRNA2/data/ss_native/1K2G_22_dumbbell_nmr_A/1K2G_22_dumbbell_nmr_A_ss_prob.npz,f3ccd64bf2ff37e879fb4a64523df2ec89e354972a7072487cf271441f7ed97d,f3ccd64bf2ff37e879fb4a64523df2ec89e354972a7072487cf271441f7ed97d,true,pair_scores/legacy121_v1__1k2g_22_dumbbell_nmr_a__legacy_gt__trrosettarna2_native_ss__historical_legacy121_v1.npz,9dc4f0fe576dd9ae1dd4bb2a46ba8561975de9cd0f525f369f7c08c86cf18f61,1538,22x22,float32,22,1.0230208999928436e-06,2.5662702682893723e-06,0.0,9.77300828708394e-07,0.9999818801879883,0,0.0,0.0,0.9999818801879883,0.0,family_split_metadata_unavailable;historical_model_version_unknown;historical_output_unknown_decoder_settings;raw_sequence_lowercase;trrna2_historical_checkpoint_identity_unknown,
legacy121_v1__1k6h_22_hp_nmr_a__legacy_gt__rnafold__historical_legacy121_v1,1K6H_22_hp_nmr_A,rnafold,valid,22,9,9,false,,,,,,,,,,,,,,,,,,,,,family_split_metadata_unavailable;historical_model_version_unknown;historical_output_unknown_decoder_settings;raw_sequence_lowercase,
legacy121_v1__1k6h_22_hp_nmr_a__legacy_gt__petfold__historical_legacy121_v1,1K6H_22_hp_nmr_A,petfold,valid,22,9,9,false,,,,,,,,,,,,,,,,,,,,,family_split_metadata_unavailable;historical_model_version_unknown;historical_output_unknown_decoder_settings;petfold_historical_alignment_input_unknown;raw_sequence_lowercase,
legacy121_v1__1k6h_22_hp_nmr_a__legacy_gt__trrosettarna2_native_ss__historical_legacy121_v1,1K6H_22_hp_nmr_A,trrosettarna2_native_ss,valid,22,9,10,true,/root/autodl-tmp/models/trRosettaRNA2/data/ss_native/1K6H_22_hp_nmr_A/1K6H_22_hp_nmr_A_ss_prob.npz,c420139203e4a9e559b7b7f805d9fd6583dfd3e1fb9c0a34d845ad6b01db0ed8,c420139203e4a9e559b7b7f805d9fd6583dfd3e1fb9c0a34d845ad6b01db0ed8,true,pair_scores/legacy121_v1__1k6h_22_hp_nmr_a__legacy_gt__trrosettarna2_native_ss__historical_legacy121_v1.npz,774d160e1f073e8900db00d072373f8db4b06ad175ebdcbd374a185aadd2f691,1512,22x22,float32,22,1.0195228696829872e-06,2.6430013804201735e-06,0.0,9.676482477516402e-07,0.9999833106994629,0,0.0,0.0,0.9999833106994629,0.0,family_split_metadata_unavailable;historical_model_version_unknown;historical_output_unknown_decoder_settings;raw_sequence_lowercase;trrna2_historical_checkpoint_identity_unknown,
legacy121_v1__1ldz_30_hpbulge_nmr_a__legacy_gt__rnafold__historical_legacy121_v1,1LDZ_30_hpbulge_nmr_A,rnafold,valid,30,10,10,false,,,,,,,,,,,,,,,,,,,,,family_split_metadata_unavailable;historical_model_version_unknown;historical_output_unknown_decoder_settings;raw_sequence_lowercase,
legacy121_v1__1ldz_30_hpbulge_nmr_a__legacy_gt__petfold__historical_legacy121_v1,1LDZ_30_hpbulge_nmr_A,petfold,valid,30,10,10,false,,,,,,,,,,,,,,,,,,,,,family_split_metadata_unavailable;historical_model_version_unknown;historical_output_unknown_decoder_settings;petfold_historical_alignment_input_unknown;raw_sequence_lowercase,
legacy121_v1__1ldz_30_hpbulge_nmr_a__legacy_gt__trrosettarna2_native_ss__historical_legacy121_v1,1LDZ_30_hpbulge_nmr_A,trrosettarna2_native_ss,valid,30,10,12,true,/root/autodl-tmp/models/trRosettaRNA2/data/ss_native/1LDZ_30_hpbulge_nmr_A/1LDZ_30_hpbulge_nmr_A_ss_prob.npz,e1fc053624105bbcc96d2b1e7ce20a2d04ba7407602ced778c0ff242a9087129,e1fc053624105bbcc96d2b1e7ce20a2d04ba7407602ced778c0ff242a9087129,true,pair_scores/legacy121_v1__1ldz_30_hpbulge_nmr_a__legacy_gt__trrosettarna2_native_ss__historical_legacy121_v1.npz,858d36c2ff673c1f62e3564e8b654a8e239864386d9ae3b196eadcc22cd79591,2663,30x30,float32,30,9.92281457001809e-07,3.6694264053949155e-06,0.0,9.749145419846172e-07,0.9999827146530151,0,0.0,0.0,0.9999827146530151,0.0,family_split_metadata_unavailable;historical_model_version_unknown;historical_output_unknown_decoder_settings;raw_sequence_lowercase;trrna2_historical_checkpoint_identity_unknown,
legacy121_v1__1m82_25_hp_nmr_a__legacy_gt__rnafold__historical_legacy121_v1,1M82_25_hp_nmr_A,rnafold,valid,25,9,10,false,,,,,,,,,,,,,,,,,,,,,family_split_metadata_unavailable;historical_model_version_unknown;historical_output_unknown_decoder_settings;raw_sequence_lowercase,
legacy121_v1__1m82_25_hp_nmr_a__legacy_gt__petfold__historical_legacy121_v1,1M82_25_hp_nmr_A,petfold,valid,25,9,10,false,,,,,,,,,,,,,,,,,,,,,family_split_metadata_unavailable;historical_model_version_unknown;historical_output_unknown_decoder_settings;petfold_historical_alignment_input_unknown;raw_sequence_lowercase,
legacy121_v1__1m82_25_hp_nmr_a__legacy_gt__trrosettarna2_native_ss__historical_legacy121_v1,1M82_25_hp_nmr_A,trrosettarna2_native_ss,valid,25,9,11,true,/root/autodl-tmp/models/trRosettaRNA2/data/ss_native/1M82_25_hp_nmr_A/1M82_25_hp_nmr_A_ss_prob.npz,e2ad555194ee995e599dbb01d7d5dc53aca04888a36cf787d2a6015a14f20918,e2ad555194ee995e599dbb01d7d5dc53aca04888a36cf787d2a6015a14f20918,true,pair_scores/legacy121_v1__1m82_25_hp_nmr_a__legacy_gt__trrosettarna2_native_ss__historical_legacy121_v1.npz,24a80ca57c210a9d3bde036db35d2dc055fbc873cd95dd743f045c6a109667fe,1912,25x25,float32,25,1.0055828170152381e-06,1.2449548194126692e-05,0.0,9.71356826084957e-07,0.999980092048645,0,0.0,0.0,0.999980092048645,0.0,family_split_metadata_unavailable;historical_model_version_unknown;historical_output_unknown_decoder_settings;raw_sequence_lowercase;trrna2_historical_checkpoint_identity_unknown,
legacy121_v1__1mt4_24_hp_nmr_a__legacy_gt__rnafold__historical_legacy121_v1,1MT4_24_hp_nmr_A,rnafold,valid,24,8,8,false,,,,,,,,,,,,,,,,,,,,,family_split_metadata_unavailable;historical_model_version_unknown;historical_output_unknown_decoder_settings;raw_sequence_lowercase,
legacy121_v1__1mt4_24_hp_nmr_a__legacy_gt__petfold__historical_legacy121_v1,1MT4_24_hp_nmr_A,petfold,valid,24,8,8,false,,,,,,,,,,,,,,,,,,,,,family_split_metadata_unavailable;historical_model_version_unknown;historical_output_unknown_decoder_settings;petfold_historical_alignment_input_unknown;raw_sequence_lowercase,
legacy121_v1__1mt4_24_hp_nmr_a__legacy_gt__trrosettarna2_native_ss__historical_legacy121_v1,1MT4_24_hp_nmr_A,trrosettarna2_native_ss,valid,24,8,10,true,/root/autodl-tmp/models/trRosettaRNA2/data/ss_native/1MT4_24_hp_nmr_A/1MT4_24_hp_nmr_A_ss_prob.npz,62d26ca7c15c9c4b4eac99514537a0b8f73ec5b56869dc2fe5b47f09d808d10a,62d26ca7c15c9c4b4eac99514537a0b8f73ec5b56869dc2fe5b47f09d808d10a,true,pair_scores/legacy121_v1__1mt4_24_hp_nmr_a__legacy_gt__trrosettarna2_native_ss__historical_legacy121_v1.npz,f45b88b2c4411ae6e09be49b8db4e697a6f4915bc74f872c6d90e7aaa770fd82,1773,24x24,float32,24,1.00209035736043e-06,1.0322749403712805e-05,0.0,9.782328334040358e-07,0.999983012676239,0,0.0,0.0,0.999983012676239,0.0,family_split_metadata_unavailable;historical_model_version_unknown;historical_output_unknown_decoder_settings;raw_sequence_lowercase;trrna2_historical_checkpoint_identity_unknown,
legacy121_v1__1p5m_55_hpbulge_nmr_a__legacy_gt__rnafold__historical_legacy121_v1,1P5M_55_hpbulge_nmr_A,rnafold,valid,55,19,19,false,,,,,,,,,,,,,,,,,,,,,family_split_metadata_unavailable;historical_model_version_unknown;historical_output_unknown_decoder_settings;raw_sequence_lowercase,
legacy121_v1__1p5m_55_hpbulge_nmr_a__legacy_gt__petfold__historical_legacy121_v1,1P5M_55_hpbulge_nmr_A,petfold,valid,55,19,18,false,,,,,,,,,,,,,,,,,,,,,family_split_metadata_unavailable;historical_model_version_unknown;historical_output_unknown_decoder_settings;petfold_historical_alignment_input_unknown;raw_sequence_lowercase,
legacy121_v1__1p5m_55_hpbulge_nmr_a__legacy_gt__trrosettarna2_native_ss__historical_legacy121_v1,1P5M_55_hpbulge_nmr_A,trrosettarna2_native_ss,valid,55,19,24,true,/root/autodl-tmp/models/trRosettaRNA2/data/ss_native/1P5M_55_hpbulge_nmr_A/1P5M_55_hpbulge_nmr_A_ss_prob.npz,4132bf68fbd586ee0f0c21d56c428c7b4d32c14e371b6a0d33f4ec915373c712,4132bf68fbd586ee0f0c21d56c428c7b4d32c14e371b6a0d33f4ec915373c712,true,pair_scores/legacy121_v1__1p5m_55_hpbulge_nmr_a__legacy_gt__trrosettarna2_native_ss__historical_legacy121_v1.npz,f54ea87fbed52b18ce1aaef3cb24ffcea7499e45afdf5498077261fcbe8c1e3d,8690,55x55,float32,55,1.0049350294139003e-06,2.130387429133407e-06,0.0,9.680620678409468e-07,0.9999783039093018,0,0.0,0.0,0.9999783039093018,0.0,family_split_metadata_unavailable;historical_model_version_unknown;historical_output_unknown_decoder_settings;raw_sequence_lowercase;trrna2_historical_checkpoint_identity_unknown,
legacy121_v1__1p5o_77_hpbulge_nmr_a__legacy_gt__rnafold__historical_legacy121_v1,1P5O_77_hpbulge_nmr_A,rnafold,valid,77,23,25,false,,,,,,,,,,,,,,,,,,,,,family_split_metadata_unavailable;historical_model_version_unknown;historical_output_unknown_decoder_settings;raw_sequence_lowercase,
legacy121_v1__1p5o_77_hpbulge_nmr_a__legacy_gt__petfold__historical_legacy121_v1,1P5O_77_hpbulge_nmr_A,petfold,valid,77,23,24,false,,,,,,,,,,,,,,,,,,,,,family_split_metadata_unavailable;historical_model_version_unknown;historical_output_unknown_decoder_settings;petfold_historical_alignment_input_unknown;raw_sequence_lowercase,
legacy121_v1__1p5o_77_hpbulge_nmr_a__legacy_gt__trrosettarna2_native_ss__historical_legacy121_v1,1P5O_77_hpbulge_nmr_A,trrosettarna2_native_ss,valid,77,23,31,true,/root/autodl-tmp/models/trRosettaRNA2/data/ss_native/1P5O_77_hpbulge_nmr_A/1P5O_77_hpbulge_nmr_A_ss_prob.npz,73764b3ec4b745f685fc0701ddde845bf0558f5894626449c8263ba24315031b,73764b3ec4b745f685fc0701ddde845bf0558f5894626449c8263ba24315031b,true,pair_scores/legacy121_v1__1p5o_77_hpbulge_nmr_a__legacy_gt__trrosettarna2_native_ss__historical_legacy121_v1.npz,d04cf3e9c3ecd2a1c8e955f661698f8a7bf550b190c2397b409b47aacd098152,17376,77x77,float32,77,1.0210364962404128e-06,2.5195631678798236e-06,0.0,9.71896270129946e-07,0.9997808337211609,0,0.0,0.0,0.9997808337211609,0.0,family_split_metadata_unavailable;historical_model_version_unknown;historical_output_unknown_decoder_settings;raw_sequence_lowercase;trrna2_historical_checkpoint_identity_unknown,
legacy121_v1__1qwa_21_hp_nmr_a__legacy_gt__rnafold__historical_legacy121_v1,1QWA_21_hp_nmr_A,rnafold,valid,21,8,8,false,,,,,,,,,,,,,,,,,,,,,family_split_metadata_unavailable;historical_model_version_unknown;historical_output_unknown_decoder_settings;raw_sequence_lowercase,
legacy121_v1__1qwa_21_hp_nmr_a__legacy_gt__petfold__historical_legacy121_v1,1QWA_21_hp_nmr_A,petfold,valid,21,8,8,false,,,,,,,,,,,,,,,,,,,,,family_split_metadata_unavailable;historical_model_version_unknown;historical_output_unknown_decoder_settings;petfold_historical_alignment_input_unknown;raw_sequence_lowercase,
legacy121_v1__1qwa_21_hp_nmr_a__legacy_gt__trrosettarna2_native_ss__historical_legacy121_v1,1QWA_21_hp_nmr_A,trrosettarna2_native_ss,valid,21,8,8,true,/root/autodl-tmp/models/trRosettaRNA2/data/ss_native/1QWA_21_hp_nmr_A/1QWA_21_hp_nmr_A_ss_prob.npz,2b88c73184038e79b023c7d0082d43da3e1b1290b919e965dbe80abc931d8f0e,2b88c73184038e79b023c7d0082d43da3e1b1290b919e965dbe80abc931d8f0e,true,pair_scores/legacy121_v1__1qwa_21_hp_nmr_a__legacy_gt__trrosettarna2_native_ss__historical_legacy121_v1.npz,7c4a5ca7cf55bfe5a74b9f9ba1ddb65cbf0e929a3375f907d1dc7558ba18a1cd,1413,21x21,float32,21,1.0413516520202393e-06,1.9831422832794487e-06,0.0,9.85265046438144e-07,0.9999815225601196,0,0.0,0.0,0.9999815225601196,0.0,family_split_metadata_unavailable;historical_model_version_unknown;historical_output_unknown_decoder_settings;raw_sequence_lowercase;trrna2_historical_checkpoint_identity_unknown,
legacy121_v1__1qwb_26_hp_nmr_a__legacy_gt__rnafold__historical_legacy121_v1,1QWB_26_hp_nmr_A,rnafold,valid,26,6,6,false,,,,,,,,,,,,,,,,,,,,,family_split_metadata_unavailable;historical_model_version_unknown;historical_output_unknown_decoder_settings;raw_sequence_lowercase,
legacy121_v1__1qwb_26_hp_nmr_a__legacy_gt__petfold__historical_legacy121_v1,1QWB_26_hp_nmr_A,petfold,valid,26,6,6,false,,,,,,,,,,,,,,,,,,,,,family_split_metadata_unavailable;historical_model_version_unknown;historical_output_unknown_decoder_settings;petfold_historical_alignment_input_unknown;raw_sequence_lowercase,
legacy121_v1__1qwb_26_hp_nmr_a__legacy_gt__trrosettarna2_native_ss__historical_legacy121_v1,1QWB_26_hp_nmr_A,trrosettarna2_native_ss,valid,26,6,10,true,/root/autodl-tmp/models/trRosettaRNA2/data/ss_native/1QWB_26_hp_nmr_A/1QWB_26_hp_nmr_A_ss_prob.npz,fb9dddfa0106df6b56e55541df9a94565bf971bda8a0c28d5aae105ce9672765,fb9dddfa0106df6b56e55541df9a94565bf971bda8a0c28d5aae105ce9672765,true,pair_scores/legacy121_v1__1qwb_26_hp_nmr_a__legacy_gt__trrosettarna2_native_ss__historical_legacy121_v1.npz,33ea3d897af36f16aa37da7791274d063b906f73c8c0cd853c8200c8be1019cd,2039,26x26,float32,26,9.879031495074742e-07,2.358611254749121e-06,0.0,9.766542916622711e-07,0.9999818205833435,0,0.0,0.0,0.9999818205833435,0.0,family_split_metadata_unavailable;historical_model_version_unknown;historical_output_unknown_decoder_settings;raw_sequence_lowercase;trrna2_historical_checkpoint_identity_unknown,
legacy121_v1__1r7w_34_hpbulge_nmr_a__legacy_gt__rnafold__historical_legacy121_v1,1R7W_34_hpbulge_nmr_A,rnafold,valid,34,12,12,false,,,,,,,,,,,,,,,,,,,,,family_split_metadata_unavailable;historical_model_version_unknown;historical_output_unknown_decoder_settings;raw_sequence_lowercase,
legacy121_v1__1r7w_34_hpbulge_nmr_a__legacy_gt__petfold__historical_legacy121_v1,1R7W_34_hpbulge_nmr_A,petfold,valid,34,12,12,false,,,,,,,,,,,,,,,,,,,,,family_split_metadata_unavailable;historical_model_version_unknown;historical_output_unknown_decoder_settings;petfold_historical_alignment_input_unknown;raw_sequence_lowercase,
legacy121_v1__1r7w_34_hpbulge_nmr_a__legacy_gt__trrosettarna2_native_ss__historical_legacy121_v1,1R7W_34_hpbulge_nmr_A,trrosettarna2_native_ss,valid,34,12,13,true,/root/autodl-tmp/models/trRosettaRNA2/data/ss_native/1R7W_34_hpbulge_nmr_A/1R7W_34_hpbulge_nmr_A_ss_prob.npz,3b8f98eb2f478cb602483fe4fa75d9baecd93218bb1d3000c570dc1f0bdc5418,3b8f98eb2f478cb602483fe4fa75d9baecd93218bb1d3000c570dc1f0bdc5418,true,pair_scores/legacy121_v1__1r7w_34_hpbulge_nmr_a__legacy_gt__trrosettarna2_native_ss__historical_legacy121_v1.npz,1a6ac252a149185265fab5fe52a1f9829e9392e7c065b051fea884db168a8670,3374,34x34,float32,34,1.0203610827375087e-06,2.3825773496355396e-06,0.0,9.678747119323816e-07,0.9999808073043823,0,0.0,0.0,0.9999808073043823,0.0,family_split_metadata_unavailable;historical_model_version_unknown;historical_output_unknown_decoder_settings;raw_sequence_lowercase;trrna2_historical_checkpoint_identity_unknown,
legacy121_v1__1rht_24_hp_nmr_a__legacy_gt__rnafold__historical_legacy121_v1,1RHT_24_hp_nmr_A,rnafold,valid,24,6,8,false,,,,,,,,,,,,,,,,,,,,,family_split_metadata_unavailable;historical_model_version_unknown;historical_output_unknown_decoder_settings;raw_sequence_lowercase,
legacy121_v1__1rht_24_hp_nmr_a__legacy_gt__petfold__historical_legacy121_v1,1RHT_24_hp_nmr_A,petfold,valid,24,6,8,false,,,,,,,,,,,,,,,,,,,,,family_split_metadata_unavailable;historical_model_version_unknown;historical_output_unknown_decoder_settings;petfold_historical_alignment_input_unknown;raw_sequence_lowercase,
legacy121_v1__1rht_24_hp_nmr_a__legacy_gt__trrosettarna2_native_ss__historical_legacy121_v1,1RHT_24_hp_nmr_A,trrosettarna2_native_ss,valid,24,6,8,true,/root/autodl-tmp/models/trRosettaRNA2/data/ss_native/1RHT_24_hp_nmr_A/1RHT_24_hp_nmr_A_ss_prob.npz,31f5c73502805605bd3255a160edf626a39d2b65168dd98f13aa1eed63daa176,31f5c73502805605bd3255a160edf626a39d2b65168dd98f13aa1eed63daa176,true,pair_scores/legacy121_v1__1rht_24_hp_nmr_a__legacy_gt__trrosettarna2_native_ss__historical_legacy121_v1.npz,f3b65a97222e4801c4198486ba6f3a5cd349f31c0b6296f96be9704e41835636,1789,24x24,float32,24,1.0064202342618955e-06,2.4886462597351056e-06,0.0,9.755947303347057e-07,0.9999768137931824,0,0.0,0.0,0.9999768137931824,0.0,family_split_metadata_unavailable;historical_model_version_unknown;historical_output_unknown_decoder_settings;raw_sequence_lowercase;trrna2_historical_checkpoint_identity_unknown,
legacy121_v1__1rnk_36_pseudoknot_nmr_a__legacy_gt__rnafold__historical_legacy121_v1,1RNK_36_pseudoknot_nmr_A,rnafold,valid,34,11,7,false,,,,,,,,,,,,,,,,,,,,,family_split_metadata_unavailable;historical_model_version_unknown;historical_output_unknown_decoder_settings;raw_sequence_lowercase,
legacy121_v1__1rnk_36_pseudoknot_nmr_a__legacy_gt__petfold__historical_legacy121_v1,1RNK_36_pseudoknot_nmr_A,petfold,valid,34,11,7,false,,,,,,,,,,,,,,,,,,,,,family_split_metadata_unavailable;historical_model_version_unknown;historical_output_unknown_decoder_settings;petfold_historical_alignment_input_unknown;raw_sequence_lowercase,
legacy121_v1__1rnk_36_pseudoknot_nmr_a__legacy_gt__trrosettarna2_native_ss__historical_legacy121_v1,1RNK_36_pseudoknot_nmr_A,trrosettarna2_native_ss,valid,34,11,11,true,/root/autodl-tmp/models/trRosettaRNA2/data/ss_native/1RNK_36_pseudoknot_nmr_A/1RNK_36_pseudoknot_nmr_A_ss_prob.npz,66d9c3304f5df9704c0e8c847acc198625a9bf3c3fd86c94bfaccceb458cdd0c,66d9c3304f5df9704c0e8c847acc198625a9bf3c3fd86c94bfaccceb458cdd0c,true,pair_scores/legacy121_v1__1rnk_36_pseudoknot_nmr_a__legacy_gt__trrosettarna2_native_ss__historical_legacy121_v1.npz,453e5777c8fa56d408711a08ddb9f422123563067ab1636b7dbd2c1e225202e9,3411,34x34,float32,34,1.0297098924638703e-06,2.811767217281158e-06,0.0,9.779029142009676e-07,0.9999818205833435,0,0.0,0.0,0.9999818205833435,0.0,family_split_metadata_unavailable;historical_model_version_unknown;historical_output_unknown_decoder_settings;raw_sequence_lowercase;trrna2_historical_checkpoint_identity_unknown,
legacy121_v1__1s2f_23_hp_nmr_a__legacy_gt__rnafold__historical_legacy121_v1,1S2F_23_hp_nmr_A,rnafold,valid,23,9,9,false,,,,,,,,,,,,,,,,,,,,,family_split_metadata_unavailable;historical_model_version_unknown;historical_output_unknown_decoder_settings;raw_sequence_lowercase,
legacy121_v1__1s2f_23_hp_nmr_a__legacy_gt__petfold__historical_legacy121_v1,1S2F_23_hp_nmr_A,petfold,valid,23,9,9,false,,,,,,,,,,,,,,,,,,,,,family_split_metadata_unavailable;historical_model_version_unknown;historical_output_unknown_decoder_settings;petfold_historical_alignment_input_unknown;raw_sequence_lowercase,
legacy121_v1__1s2f_23_hp_nmr_a__legacy_gt__trrosettarna2_native_ss__historical_legacy121_v1,1S2F_23_hp_nmr_A,trrosettarna2_native_ss,valid,23,9,9,true,/root/autodl-tmp/models/trRosettaRNA2/data/ss_native/1S2F_23_hp_nmr_A/1S2F_23_hp_nmr_A_ss_prob.npz,49d4c44cf9768c7876cd894611c9adf44dec6cbede7b413d8b4a77d20de87d41,49d4c44cf9768c7876cd894611c9adf44dec6cbede7b413d8b4a77d20de87d41,true,pair_scores/legacy121_v1__1s2f_23_hp_nmr_a__legacy_gt__trrosettarna2_native_ss__historical_legacy121_v1.npz,2723c3b770110a92bc09a002f2729862a2b4eca7eb029f70c92564260e432eea,1654,23x23,float32,23,1.021616753860144e-06,2.520117959647905e-06,0.0,9.838297501119087e-07,0.9999823570251465,0,0.0,0.0,0.9999823570251465,0.0,family_split_metadata_unavailable;historical_model_version_unknown;historical_output_unknown_decoder_settings;raw_sequence_lowercase;trrna2_historical_checkpoint_identity_unknown,
legacy121_v1__1s9s_101_3wj_nmr_a__legacy_gt__rnafold__historical_legacy121_v1,1S9S_101_3wj_nmr_A,rnafold,valid,101,36,36,false,,,,,,,,,,,,,,,,,,,,,family_split_metadata_unavailable;historical_model_version_unknown;historical_output_unknown_decoder_settings;raw_sequence_lowercase,
legacy121_v1__1s9s_101_3wj_nmr_a__legacy_gt__petfold__historical_legacy121_v1,1S9S_101_3wj_nmr_A,petfold,valid,101,36,36,false,,,,,,,,,,,,,,,,,,,,,family_split_metadata_unavailable;historical_model_version_unknown;historical_output_unknown_decoder_settings;petfold_historical_alignment_input_unknown;raw_sequence_lowercase,
legacy121_v1__1s9s_101_3wj_nmr_a__legacy_gt__trrosettarna2_native_ss__historical_legacy121_v1,1S9S_101_3wj_nmr_A,trrosettarna2_native_ss,valid,101,36,41,true,/root/autodl-tmp/models/trRosettaRNA2/data/ss_native/1S9S_101_3wj_nmr_A/1S9S_101_3wj_nmr_A_ss_prob.npz,8d25c3b59bb61d5ebae51ffbf012c262c9b61ad53d8987117204b4410951d94e,8d25c3b59bb61d5ebae51ffbf012c262c9b61ad53d8987117204b4410951d94e,true,pair_scores/legacy121_v1__1s9s_101_3wj_nmr_a__legacy_gt__trrosettarna2_native_ss__historical_legacy121_v1.npz,9cd4648a0eb4130f6d1ccc85e7c49ff51e37117be4f6743e136238e56933ebb2,30493,101x101,float32,101,1.0221841648672125e-06,8.015720595722087e-06,0.0,9.79043761617504e-07,0.9992155432701111,0,0.0,0.0,0.9992155432701111,0.0,family_split_metadata_unavailable;historical_model_version_unknown;historical_output_unknown_decoder_settings;raw_sequence_lowercase;trrna2_historical_checkpoint_identity_unknown,
legacy121_v1__1t28_34_hpbulge_nmr_a__legacy_gt__rnafold__historical_legacy121_v1,1T28_34_hpbulge_nmr_A,rnafold,valid,34,7,10,false,,,,,,,,,,,,,,,,,,,,,family_split_metadata_unavailable;historical_model_version_unknown;historical_output_unknown_decoder_settings;raw_sequence_lowercase,
legacy121_v1__1t28_34_hpbulge_nmr_a__legacy_gt__petfold__historical_legacy121_v1,1T28_34_hpbulge_nmr_A,petfold,valid,34,7,10,false,,,,,,,,,,,,,,,,,,,,,family_split_metadata_unavailable;historical_model_version_unknown;historical_output_unknown_decoder_settings;petfold_historical_alignment_input_unknown;raw_sequence_lowercase,
legacy121_v1__1t28_34_hpbulge_nmr_a__legacy_gt__trrosettarna2_native_ss__historical_legacy121_v1,1T28_34_hpbulge_nmr_A,trrosettarna2_native_ss,valid,34,7,9,true,/root/autodl-tmp/models/trRosettaRNA2/data/ss_native/1T28_34_hpbulge_nmr_A/1T28_34_hpbulge_nmr_A_ss_prob.npz,8cb42e283e27214d2ec805971202e2c77351d89a181aeb0d128bb2a7d65d7c6d,8cb42e283e27214d2ec805971202e2c77351d89a181aeb0d128bb2a7d65d7c6d,true,pair_scores/legacy121_v1__1t28_34_hpbulge_nmr_a__legacy_gt__trrosettarna2_native_ss__historical_legacy121_v1.npz,1e7eb7031b5f04d218389654925cc19654fe27a458301e9931d1f5e740a69d4b,3436,34x34,float32,34,1.0244718851026846e-06,3.6584540339390514e-06,0.0,9.804850833461387e-07,0.9999772310256958,0,0.0,0.0,0.9999772310256958,0.0,family_split_metadata_unavailable;historical_model_version_unknown;historical_output_unknown_decoder_settings;raw_sequence_lowercase;trrna2_historical_checkpoint_identity_unknown,
legacy121_v1__1tbk_17_hp_nmr_a__legacy_gt__rnafold__historical_legacy121_v1,1TBK_17_hp_nmr_A,rnafold,valid,17,6,6,false,,,,,,,,,,,,,,,,,,,,,family_split_metadata_unavailable;historical_model_version_unknown;historical_output_unknown_decoder_settings;raw_sequence_lowercase,
legacy121_v1__1tbk_17_hp_nmr_a__legacy_gt__petfold__historical_legacy121_v1,1TBK_17_hp_nmr_A,petfold,valid,17,6,6,false,,,,,,,,,,,,,,,,,,,,,family_split_metadata_unavailable;historical_model_version_unknown;historical_output_unknown_decoder_settings;petfold_historical_alignment_input_unknown;raw_sequence_lowercase,
legacy121_v1__1tbk_17_hp_nmr_a__legacy_gt__trrosettarna2_native_ss__historical_legacy121_v1,1TBK_17_hp_nmr_A,trrosettarna2_native_ss,valid,17,6,6,true,/root/autodl-tmp/models/trRosettaRNA2/data/ss_native/1TBK_17_hp_nmr_A/1TBK_17_hp_nmr_A_ss_prob.npz,ac609154576b5df9336e2dd21e0e1e4c4d0ce9e83297e61c8adf0cee4ef4b369,ac609154576b5df9336e2dd21e0e1e4c4d0ce9e83297e61c8adf0cee4ef4b369,true,pair_scores/legacy121_v1__1tbk_17_hp_nmr_a__legacy_gt__trrosettarna2_native_ss__historical_legacy121_v1.npz,3fdaf4d34cf709fbb9a46a3151fc5f0a2299e3d5e4d522c7798c02b9f85a7bfc,1012,17x17,float32,17,9.925382755682222e-07,2.433911504340358e-06,0.0,9.859876399787026e-07,0.9999818801879883,0,0.0,0.0,0.9999818801879883,0.0,family_split_metadata_unavailable;historical_model_version_unknown;historical_output_unknown_decoder_settings;raw_sequence_lowercase;trrna2_historical_checkpoint_identity_unknown,
legacy121_v1__1tjz_26_hp_nmr_a__legacy_gt__rnafold__historical_legacy121_v1,1TJZ_26_hp_nmr_A,rnafold,valid,22,7,7,false,,,,,,,,,,,,,,,,,,,,,family_split_metadata_unavailable;historical_model_version_unknown;historical_output_unknown_decoder_settings;raw_sequence_lowercase,
legacy121_v1__1tjz_26_hp_nmr_a__legacy_gt__petfold__historical_legacy121_v1,1TJZ_26_hp_nmr_A,petfold,valid,22,7,7,false,,,,,,,,,,,,,,,,,,,,,family_split_metadata_unavailable;historical_model_version_unknown;historical_output_unknown_decoder_settings;petfold_historical_alignment_input_unknown;raw_sequence_lowercase,
legacy121_v1__1tjz_26_hp_nmr_a__legacy_gt__trrosettarna2_native_ss__historical_legacy121_v1,1TJZ_26_hp_nmr_A,trrosettarna2_native_ss,valid,22,7,10,true,/root/autodl-tmp/models/trRosettaRNA2/data/ss_native/1TJZ_26_hp_nmr_A/1TJZ_26_hp_nmr_A_ss_prob.npz,f97a9f2c61bfb1f60752596f8d2310ed928193375ac3daa4adb5835027b8c640,f97a9f2c61bfb1f60752596f8d2310ed928193375ac3daa4adb5835027b8c640,true,pair_scores/legacy121_v1__1tjz_26_hp_nmr_a__legacy_gt__trrosettarna2_native_ss__historical_legacy121_v1.npz,40765ec8fff652b71b9bb283ae181f609a61ab7bb2a964e6a5e79573e353d474,1523,22x22,float32,22,9.874273700916092e-07,2.589927134977188e-06,0.0,9.714273119243444e-07,0.9999836683273315,0,0.0,0.0,0.9999836683273315,0.0,family_split_metadata_unavailable;historical_model_version_unknown;historical_output_unknown_decoder_settings;raw_sequence_lowercase;trrna2_historical_checkpoint_identity_unknown,
legacy121_v1__1tlr_23_hp_nmr_a__legacy_gt__rnafold__historical_legacy121_v1,1TLR_23_hp_nmr_A,rnafold,valid,23,7,7,false,,,,,,,,,,,,,,,,,,,,,family_split_metadata_unavailable;historical_model_version_unknown;historical_output_unknown_decoder_settings;raw_sequence_lowercase,
legacy121_v1__1tlr_23_hp_nmr_a__legacy_gt__petfold__historical_legacy121_v1,1TLR_23_hp_nmr_A,petfold,valid,23,7,7,false,,,,,,,,,,,,,,,,,,,,,family_split_metadata_unavailable;historical_model_version_unknown;historical_output_unknown_decoder_settings;petfold_historical_alignment_input_unknown;raw_sequence_lowercase,
legacy121_v1__1tlr_23_hp_nmr_a__legacy_gt__trrosettarna2_native_ss__historical_legacy121_v1,1TLR_23_hp_nmr_A,trrosettarna2_native_ss,valid,23,7,9,true,/root/autodl-tmp/models/trRosettaRNA2/data/ss_native/1TLR_23_hp_nmr_A/1TLR_23_hp_nmr_A_ss_prob.npz,8e7a326236eb884fac02d658463be47387f4296f9adda887089815d24fef429f,8e7a326236eb884fac02d658463be47387f4296f9adda887089815d24fef429f,true,pair_scores/legacy121_v1__1tlr_23_hp_nmr_a__legacy_gt__trrosettarna2_native_ss__historical_legacy121_v1.npz,d97e53d5e466298ea8daabb47aa2cdb088b8a9bce786a58bfcfccd10e5863a56,1655,23x23,float32,23,1.0184820666836458e-06,9.283990038966294e-06,0.0,9.739571851241635e-07,0.9999815821647644,0,0.0,0.0,0.9999815821647644,0.0,family_split_metadata_unavailable;historical_model_version_unknown;historical_output_unknown_decoder_settings;raw_sequence_lowercase;trrna2_historical_checkpoint_identity_unknown,
legacy121_v1__1uuu_19_hp_nmr_a__legacy_gt__rnafold__historical_legacy121_v1,1UUU_19_hp_nmr_A,rnafold,valid,19,6,8,false,,,,,,,,,,,,,,,,,,,,,family_split_metadata_unavailable;historical_model_version_unknown;historical_output_unknown_decoder_settings;raw_sequence_lowercase,
legacy121_v1__1uuu_19_hp_nmr_a__legacy_gt__petfold__historical_legacy121_v1,1UUU_19_hp_nmr_A,petfold,valid,19,6,8,false,,,,,,,,,,,,,,,,,,,,,family_split_metadata_unavailable;historical_model_version_unknown;historical_output_unknown_decoder_settings;petfold_historical_alignment_input_unknown;raw_sequence_lowercase,
legacy121_v1__1uuu_19_hp_nmr_a__legacy_gt__trrosettarna2_native_ss__historical_legacy121_v1,1UUU_19_hp_nmr_A,trrosettarna2_native_ss,valid,19,6,7,true,/root/autodl-tmp/models/trRosettaRNA2/data/ss_native/1UUU_19_hp_nmr_A/1UUU_19_hp_nmr_A_ss_prob.npz,f062b04e5021fefead9257c20571248cb42e19430165c30f2ee004e2fd4fb3d3,f062b04e5021fefead9257c20571248cb42e19430165c30f2ee004e2fd4fb3d3,true,pair_scores/legacy121_v1__1uuu_19_hp_nmr_a__legacy_gt__trrosettarna2_native_ss__historical_legacy121_v1.npz,dfa970097034a0b8c2f4684faf8910f0bba618964764f1c3a5593802125688b0,1206,19x19,float32,19,1.013371957014897e-06,1.517669034001301e-06,0.0,9.756925010151463e-07,0.9999825358390808,0,0.0,0.0,0.9999825358390808,0.0,family_split_metadata_unavailable;historical_model_version_unknown;historical_output_unknown_decoder_settings;raw_sequence_lowercase;trrna2_historical_checkpoint_identity_unknown,
legacy121_v1__1xwu_16_hp_nmr_a__legacy_gt__rnafold__historical_legacy121_v1,1XWU_16_hp_nmr_A,rnafold,valid,16,5,4,false,,,,,,,,,,,,,,,,,,,,,family_split_metadata_unavailable;historical_model_version_unknown;historical_output_unknown_decoder_settings;raw_sequence_lowercase,
legacy121_v1__1xwu_16_hp_nmr_a__legacy_gt__petfold__historical_legacy121_v1,1XWU_16_hp_nmr_A,petfold,valid,16,5,4,false,,,,,,,,,,,,,,,,,,,,,family_split_metadata_unavailable;historical_model_version_unknown;historical_output_unknown_decoder_settings;petfold_historical_alignment_input_unknown;raw_sequence_lowercase,
legacy121_v1__1xwu_16_hp_nmr_a__legacy_gt__trrosettarna2_native_ss__historical_legacy121_v1,1XWU_16_hp_nmr_A,trrosettarna2_native_ss,valid,16,5,7,true,/root/autodl-tmp/models/trRosettaRNA2/data/ss_native/1XWU_16_hp_nmr_A/1XWU_16_hp_nmr_A_ss_prob.npz,c7d0dd14eecb4b3b605914366c7a35538dad80c32964f850264dc017caca9c78,c7d0dd14eecb4b3b605914366c7a35538dad80c32964f850264dc017caca9c78,true,pair_scores/legacy121_v1__1xwu_16_hp_nmr_a__legacy_gt__trrosettarna2_native_ss__historical_legacy121_v1.npz,06ee3b7f728a4057437a1cbbf1d2f7346afc766ec761575b317fd3b4f4d05efc,921,16x16,float32,16,1.048015292326454e-06,2.5693657335068565e-06,0.0,9.643844123274903e-07,0.9999794960021973,0,0.0,0.0,0.9999794960021973,0.0,family_split_metadata_unavailable;historical_model_version_unknown;historical_output_unknown_decoder_settings;raw_sequence_lowercase;trrna2_historical_checkpoint_identity_unknown,
legacy121_v1__1ylg_31_hp_nmr_a__legacy_gt__rnafold__historical_legacy121_v1,1YLG_31_hp_nmr_A,rnafold,valid,31,10,11,false,,,,,,,,,,,,,,,,,,,,,family_split_metadata_unavailable;historical_model_version_unknown;historical_output_unknown_decoder_settings;raw_sequence_lowercase,
legacy121_v1__1ylg_31_hp_nmr_a__legacy_gt__petfold__historical_legacy121_v1,1YLG_31_hp_nmr_A,petfold,valid,31,10,12,false,,,,,,,,,,,,,,,,,,,,,family_split_metadata_unavailable;historical_model_version_unknown;historical_output_unknown_decoder_settings;petfold_historical_alignment_input_unknown;raw_sequence_lowercase,
legacy121_v1__1ylg_31_hp_nmr_a__legacy_gt__trrosettarna2_native_ss__historical_legacy121_v1,1YLG_31_hp_nmr_A,trrosettarna2_native_ss,valid,31,10,13,true,/root/autodl-tmp/models/trRosettaRNA2/data/ss_native/1YLG_31_hp_nmr_A/1YLG_31_hp_nmr_A_ss_prob.npz,b74687c55b3306ea2b32c2d66de082bde140b698d1c7cb0b9117696b8df16f8b,b74687c55b3306ea2b32c2d66de082bde140b698d1c7cb0b9117696b8df16f8b,true,pair_scores/legacy121_v1__1ylg_31_hp_nmr_a__legacy_gt__trrosettarna2_native_ss__historical_legacy121_v1.npz,6df953d5f04997b52002c0ad62ba8054b4542ef4be04663375324359c4ac96f7,2813,31x31,float32,31,9.956446547221276e-07,9.106230208999477e-06,0.0,9.665247944212751e-07,0.9999827146530151,0,0.0,0.0,0.9999827146530151,0.0,family_split_metadata_unavailable;historical_model_version_unknown;historical_output_unknown_decoder_settings;raw_sequence_lowercase;trrna2_historical_checkpoint_identity_unknown,
legacy121_v1__1z31_32_hpbulge_nmr_a__legacy_gt__rnafold__historical_legacy121_v1,1Z31_32_hpbulge_nmr_A,rnafold,valid,32,11,11,false,,,,,,,,,,,,,,,,,,,,,family_split_metadata_unavailable;historical_model_version_unknown;historical_output_unknown_decoder_settings;raw_sequence_lowercase,
legacy121_v1__1z31_32_hpbulge_nmr_a__legacy_gt__petfold__historical_legacy121_v1,1Z31_32_hpbulge_nmr_A,petfold,valid,32,11,11,false,,,,,,,,,,,,,,,,,,,,,family_split_metadata_unavailable;historical_model_version_unknown;historical_output_unknown_decoder_settings;petfold_historical_alignment_input_unknown;raw_sequence_lowercase,
legacy121_v1__1z31_32_hpbulge_nmr_a__legacy_gt__trrosettarna2_native_ss__historical_legacy121_v1,1Z31_32_hpbulge_nmr_A,trrosettarna2_native_ss,valid,32,11,12,true,/root/autodl-tmp/models/trRosettaRNA2/data/ss_native/1Z31_32_hpbulge_nmr_A/1Z31_32_hpbulge_nmr_A_ss_prob.npz,39b332cc0c023cd3afa63598f8185c6c38beb9c4efa4cd1d01e29c20507e789f,39b332cc0c023cd3afa63598f8185c6c38beb9c4efa4cd1d01e29c20507e789f,true,pair_scores/legacy121_v1__1z31_32_hpbulge_nmr_a__legacy_gt__trrosettarna2_native_ss__historical_legacy121_v1.npz,b3d48e1cfa51db80afff98881170dea235befb249c21288f9acbb735a4f6b28e,3003,32x32,float32,32,9.821902722251252e-07,4.79225627714186e-06,0.0,9.76057663137908e-07,0.9999825358390808,0,0.0,0.0,0.9999825358390808,0.0,family_split_metadata_unavailable;historical_model_version_unknown;historical_output_unknown_decoder_settings;raw_sequence_lowercase;trrna2_historical_checkpoint_identity_unknown,
legacy121_v1__2aht_27_hp_nmr_a__legacy_gt__rnafold__historical_legacy121_v1,2AHT_27_hp_nmr_A,rnafold,valid,27,10,11,false,,,,,,,,,,,,,,,,,,,,,family_split_metadata_unavailable;historical_model_version_unknown;historical_output_unknown_decoder_settings;raw_sequence_lowercase,
legacy121_v1__2aht_27_hp_nmr_a__legacy_gt__petfold__historical_legacy121_v1,2AHT_27_hp_nmr_A,petfold,valid,27,10,11,false,,,,,,,,,,,,,,,,,,,,,family_split_metadata_unavailable;historical_model_version_unknown;historical_output_unknown_decoder_settings;petfold_historical_alignment_input_unknown;raw_sequence_lowercase,
legacy121_v1__2aht_27_hp_nmr_a__legacy_gt__trrosettarna2_native_ss__historical_legacy121_v1,2AHT_27_hp_nmr_A,trrosettarna2_native_ss,valid,27,10,12,true,/root/autodl-tmp/models/trRosettaRNA2/data/ss_native/2AHT_27_hp_nmr_A/2AHT_27_hp_nmr_A_ss_prob.npz,ccec8c5df0039d7680fc1757a2b4168030a239ebfa6bf74271084470f488717a,ccec8c5df0039d7680fc1757a2b4168030a239ebfa6bf74271084470f488717a,true,pair_scores/legacy121_v1__2aht_27_hp_nmr_a__legacy_gt__trrosettarna2_native_ss__historical_legacy121_v1.npz,1574d6a8b153b3f650a7bce579f072ab2639594a91e11555ea021b1c1a494293,2194,27x27,float32,27,1.0299993391527096e-06,1.7311358533333987e-06,0.0,9.736099855217617e-07,0.999982476234436,0,0.0,0.0,0.999982476234436,0.0,family_split_metadata_unavailable;historical_model_version_unknown;historical_output_unknown_decoder_settings;raw_sequence_lowercase;trrna2_historical_checkpoint_identity_unknown,
legacy121_v1__2es5_23_hp_nmr_a__legacy_gt__rnafold__historical_legacy121_v1,2ES5_23_hp_nmr_A,rnafold,valid,23,10,9,false,,,,,,,,,,,,,,,,,,,,,family_split_metadata_unavailable;historical_model_version_unknown;historical_output_unknown_decoder_settings;raw_sequence_lowercase,
legacy121_v1__2es5_23_hp_nmr_a__legacy_gt__petfold__historical_legacy121_v1,2ES5_23_hp_nmr_A,petfold,valid,23,10,9,false,,,,,,,,,,,,,,,,,,,,,family_split_metadata_unavailable;historical_model_version_unknown;historical_output_unknown_decoder_settings;petfold_historical_alignment_input_unknown;raw_sequence_lowercase,
legacy121_v1__2es5_23_hp_nmr_a__legacy_gt__trrosettarna2_native_ss__historical_legacy121_v1,2ES5_23_hp_nmr_A,trrosettarna2_native_ss,valid,23,10,10,true,/root/autodl-tmp/models/trRosettaRNA2/data/ss_native/2ES5_23_hp_nmr_A/2ES5_23_hp_nmr_A_ss_prob.npz,c5461803395ed53a8a885324bd49f882bd9116cfb0a0e9f54444022b28e3d0ed,c5461803395ed53a8a885324bd49f882bd9116cfb0a0e9f54444022b28e3d0ed,true,pair_scores/legacy121_v1__2es5_23_hp_nmr_a__legacy_gt__trrosettarna2_native_ss__historical_legacy121_v1.npz,7692c8cccd82eefb8ba2980c0a46ba762e3de41d90b6744a45964a6d5b28a8ea,1643,23x23,float32,23,9.94637048279401e-07,9.813720680540428e-06,0.0,9.7337056104152e-07,0.9999841451644897,0,0.0,0.0,0.9999841451644897,0.0,family_split_metadata_unavailable;historical_model_version_unknown;historical_output_unknown_decoder_settings;raw_sequence_lowercase;trrna2_historical_checkpoint_identity_unknown,
legacy121_v1__2euy_34_hp_nmr_a__legacy_gt__rnafold__historical_legacy121_v1,2EUY_34_hp_nmr_A,rnafold,valid,34,11,12,false,,,,,,,,,,,,,,,,,,,,,family_split_metadata_unavailable;historical_model_version_unknown;historical_output_unknown_decoder_settings;raw_sequence_lowercase,
legacy121_v1__2euy_34_hp_nmr_a__legacy_gt__petfold__historical_legacy121_v1,2EUY_34_hp_nmr_A,petfold,valid,34,11,12,false,,,,,,,,,,,,,,,,,,,,,family_split_metadata_unavailable;historical_model_version_unknown;historical_output_unknown_decoder_settings;petfold_historical_alignment_input_unknown;raw_sequence_lowercase,
legacy121_v1__2euy_34_hp_nmr_a__legacy_gt__trrosettarna2_native_ss__historical_legacy121_v1,2EUY_34_hp_nmr_A,trrosettarna2_native_ss,valid,34,11,14,true,/root/autodl-tmp/models/trRosettaRNA2/data/ss_native/2EUY_34_hp_nmr_A/2EUY_34_hp_nmr_A_ss_prob.npz,bf62fed0caa50858ee844d2241d6cf33ff430fd6d3f9574237d968ef37cdb971,bf62fed0caa50858ee844d2241d6cf33ff430fd6d3f9574237d968ef37cdb971,true,pair_scores/legacy121_v1__2euy_34_hp_nmr_a__legacy_gt__trrosettarna2_native_ss__historical_legacy121_v1.npz,ed7cec55da6296d6591cae589676807000f7b46540aec631900801784fc7397d,3391,34x34,float32,34,1.0138572861251305e-06,5.043235887569608e-06,0.0,9.873765520751476e-07,0.9999827146530151,0,0.0,0.0,0.9999827146530151,0.0,family_split_metadata_unavailable;historical_model_version_unknown;historical_output_unknown_decoder_settings;raw_sequence_lowercase;trrna2_historical_checkpoint_identity_unknown,
legacy121_v1__2fdt_35_hp_nmr_a__legacy_gt__rnafold__historical_legacy121_v1,2FDT_35_hp_nmr_A,rnafold,valid,36,14,14,false,,,,,,,,,,,,,,,,,,,,,family_split_metadata_unavailable;historical_model_version_unknown;historical_output_unknown_decoder_settings;raw_sequence_lowercase,
legacy121_v1__2fdt_35_hp_nmr_a__legacy_gt__petfold__historical_legacy121_v1,2FDT_35_hp_nmr_A,petfold,valid,36,14,13,false,,,,,,,,,,,,,,,,,,,,,family_split_metadata_unavailable;historical_model_version_unknown;historical_output_unknown_decoder_settings;petfold_historical_alignment_input_unknown;raw_sequence_lowercase,
legacy121_v1__2fdt_35_hp_nmr_a__legacy_gt__trrosettarna2_native_ss__historical_legacy121_v1,2FDT_35_hp_nmr_A,trrosettarna2_native_ss,valid,36,14,15,true,/root/autodl-tmp/models/trRosettaRNA2/data/ss_native/2FDT_35_hp_nmr_A/2FDT_35_hp_nmr_A_ss_prob.npz,5209c4e62209521d71bfa823affb79848aa5af6ff9d56540c7fffac325700b63,5209c4e62209521d71bfa823affb79848aa5af6ff9d56540c7fffac325700b63,true,pair_scores/legacy121_v1__2fdt_35_hp_nmr_a__legacy_gt__trrosettarna2_native_ss__historical_legacy121_v1.npz,d70da98f54ce03379827881dc4fc92c64349f49bbc4023276cdda7ffb3657167,3756,36x36,float32,36,9.822525726121967e-07,3.1155457236309303e-06,0.0,9.731934369483497e-07,0.9999827146530151,0,0.0,0.0,0.9999827146530151,0.0,family_split_metadata_unavailable;historical_model_version_unknown;historical_output_unknown_decoder_settings;raw_sequence_lowercase;trrna2_historical_checkpoint_identity_unknown,
legacy121_v1__2gio_29_hp_nmr_a__legacy_gt__rnafold__historical_legacy121_v1,2GIO_29_hp_nmr_A,rnafold,valid,29,9,9,false,,,,,,,,,,,,,,,,,,,,,family_split_metadata_unavailable;historical_model_version_unknown;historical_output_unknown_decoder_settings;raw_sequence_lowercase,
legacy121_v1__2gio_29_hp_nmr_a__legacy_gt__petfold__historical_legacy121_v1,2GIO_29_hp_nmr_A,petfold,valid,29,9,8,false,,,,,,,,,,,,,,,,,,,,,family_split_metadata_unavailable;historical_model_version_unknown;historical_output_unknown_decoder_settings;petfold_historical_alignment_input_unknown;raw_sequence_lowercase,
legacy121_v1__2gio_29_hp_nmr_a__legacy_gt__trrosettarna2_native_ss__historical_legacy121_v1,2GIO_29_hp_nmr_A,trrosettarna2_native_ss,valid,29,9,13,true,/root/autodl-tmp/models/trRosettaRNA2/data/ss_native/2GIO_29_hp_nmr_A/2GIO_29_hp_nmr_A_ss_prob.npz,bd3ba4f6a61bb71b76898ae3dc22ff710757d3b24b7b07c143e91ca5149e035a,bd3ba4f6a61bb71b76898ae3dc22ff710757d3b24b7b07c143e91ca5149e035a,true,pair_scores/legacy121_v1__2gio_29_hp_nmr_a__legacy_gt__trrosettarna2_native_ss__historical_legacy121_v1.npz,a3d68590825af2182b9b51edaa5e4efcc561f641a2d3cc6c01610d227aa7d0d8,2483,29x29,float32,29,1.0216720056632767e-06,2.686470452317735e-06,0.0,9.581602853359072e-07,0.9999822378158569,0,0.0,0.0,0.9999822378158569,0.0,family_split_metadata_unavailable;historical_model_version_unknown;historical_output_unknown_decoder_settings;raw_sequence_lowercase;trrna2_historical_checkpoint_identity_unknown,
legacy121_v1__2gv3_22_hp_nmr_a__legacy_gt__rnafold__historical_legacy121_v1,2GV3_22_hp_nmr_A,rnafold,valid,22,8,7,false,,,,,,,,,,,,,,,,,,,,,family_split_metadata_unavailable;historical_model_version_unknown;historical_output_unknown_decoder_settings;raw_sequence_lowercase,
legacy121_v1__2gv3_22_hp_nmr_a__legacy_gt__petfold__historical_legacy121_v1,2GV3_22_hp_nmr_A,petfold,valid,22,8,7,false,,,,,,,,,,,,,,,,,,,,,family_split_metadata_unavailable;historical_model_version_unknown;historical_output_unknown_decoder_settings;petfold_historical_alignment_input_unknown;raw_sequence_lowercase,
legacy121_v1__2gv3_22_hp_nmr_a__legacy_gt__trrosettarna2_native_ss__historical_legacy121_v1,2GV3_22_hp_nmr_A,trrosettarna2_native_ss,valid,22,8,8,true,/root/autodl-tmp/models/trRosettaRNA2/data/ss_native/2GV3_22_hp_nmr_A/2GV3_22_hp_nmr_A_ss_prob.npz,f761348ae5732f9b78d004fc742a96c2568e869fe12feab231aa450e0fc90bc8,f761348ae5732f9b78d004fc742a96c2568e869fe12feab231aa450e0fc90bc8,true,pair_scores/legacy121_v1__2gv3_22_hp_nmr_a__legacy_gt__trrosettarna2_native_ss__historical_legacy121_v1.npz,23a09279d567fbdf5589fdfc14aad606bc0e1daeff98e10b6ce009b23926ea13,1523,22x22,float32,22,1.0295074162058881e-06,2.496222805348225e-06,0.0,9.622643801776576e-07,0.9999816417694092,0,0.0,0.0,0.9999816417694092,0.0,family_split_metadata_unavailable;historical_model_version_unknown;historical_output_unknown_decoder_settings;raw_sequence_lowercase;trrna2_historical_checkpoint_identity_unknown,
legacy121_v1__2hua_40_hpbulge_nmr_a__legacy_gt__rnafold__historical_legacy121_v1,2HUA_40_hpbulge_nmr_A,rnafold,valid,40,12,11,false,,,,,,,,,,,,,,,,,,,,,family_split_metadata_unavailable;historical_model_version_unknown;historical_output_unknown_decoder_settings;raw_sequence_lowercase,
legacy121_v1__2hua_40_hpbulge_nmr_a__legacy_gt__petfold__historical_legacy121_v1,2HUA_40_hpbulge_nmr_A,petfold,valid,40,12,12,false,,,,,,,,,,,,,,,,,,,,,family_split_metadata_unavailable;historical_model_version_unknown;historical_output_unknown_decoder_settings;petfold_historical_alignment_input_unknown;raw_sequence_lowercase,
legacy121_v1__2hua_40_hpbulge_nmr_a__legacy_gt__trrosettarna2_native_ss__historical_legacy121_v1,2HUA_40_hpbulge_nmr_A,trrosettarna2_native_ss,valid,40,12,15,true,/root/autodl-tmp/models/trRosettaRNA2/data/ss_native/2HUA_40_hpbulge_nmr_A/2HUA_40_hpbulge_nmr_A_ss_prob.npz,2151ef006103795deb271ee1c1e294b1bf4397e08dd932acbc67488619270c47,2151ef006103795deb271ee1c1e294b1bf4397e08dd932acbc67488619270c47,true,pair_scores/legacy121_v1__2hua_40_hpbulge_nmr_a__legacy_gt__trrosettarna2_native_ss__historical_legacy121_v1.npz,1c99c7748a1e5a335fda34dfbda361962f2915bca4296deccda2df8bca1ef48f,4621,40x40,float32,40,1.0033718353952281e-06,1.2401686035445891e-05,0.0,9.624421863918542e-07,0.9999825358390808,0,0.0,0.0,0.9999825358390808,0.0,family_split_metadata_unavailable;historical_model_version_unknown;historical_output_unknown_decoder_settings;raw_sequence_lowercase;trrna2_historical_checkpoint_identity_unknown,
legacy121_v1__2jtp_34_hp_nmr_a__legacy_gt__rnafold__historical_legacy121_v1,2JTP_34_hp_nmr_A,rnafold,valid,34,13,13,false,,,,,,,,,,,,,,,,,,,,,family_split_metadata_unavailable;historical_model_version_unknown;historical_output_unknown_decoder_settings;raw_sequence_lowercase,
legacy121_v1__2jtp_34_hp_nmr_a__legacy_gt__petfold__historical_legacy121_v1,2JTP_34_hp_nmr_A,petfold,valid,34,13,13,false,,,,,,,,,,,,,,,,,,,,,family_split_metadata_unavailable;historical_model_version_unknown;historical_output_unknown_decoder_settings;petfold_historical_alignment_input_unknown;raw_sequence_lowercase,
legacy121_v1__2jtp_34_hp_nmr_a__legacy_gt__trrosettarna2_native_ss__historical_legacy121_v1,2JTP_34_hp_nmr_A,trrosettarna2_native_ss,valid,34,13,14,true,/root/autodl-tmp/models/trRosettaRNA2/data/ss_native/2JTP_34_hp_nmr_A/2JTP_34_hp_nmr_A_ss_prob.npz,0b52b66990d9f9540947fba48d56abff764c8ab3747a09c36f977194ae5dc12a,0b52b66990d9f9540947fba48d56abff764c8ab3747a09c36f977194ae5dc12a,true,pair_scores/legacy121_v1__2jtp_34_hp_nmr_a__legacy_gt__trrosettarna2_native_ss__historical_legacy121_v1.npz,89f1565dfd0ea85dfd00fe3a882eb430bd139c8f927818280a192c303e01825b,3339,34x34,float32,34,9.970782457457972e-07,1.7422920564058586e-06,0.0,9.676240324552055e-07,0.9999821186065674,0,0.0,0.0,0.9999821186065674,0.0,family_split_metadata_unavailable;historical_model_version_unknown;historical_output_unknown_decoder_settings;raw_sequence_lowercase;trrna2_historical_checkpoint_identity_unknown,
legacy121_v1__2k5z_29_hp_nmr_a__legacy_gt__rnafold__historical_legacy121_v1,2K5Z_29_hp_nmr_A,rnafold,valid,29,11,11,false,,,,,,,,,,,,,,,,,,,,,family_split_metadata_unavailable;historical_model_version_unknown;historical_output_unknown_decoder_settings;raw_sequence_lowercase,
legacy121_v1__2k5z_29_hp_nmr_a__legacy_gt__petfold__historical_legacy121_v1,2K5Z_29_hp_nmr_A,petfold,valid,29,11,11,false,,,,,,,,,,,,,,,,,,,,,family_split_metadata_unavailable;historical_model_version_unknown;historical_output_unknown_decoder_settings;petfold_historical_alignment_input_unknown;raw_sequence_lowercase,
legacy121_v1__2k5z_29_hp_nmr_a__legacy_gt__trrosettarna2_native_ss__historical_legacy121_v1,2K5Z_29_hp_nmr_A,trrosettarna2_native_ss,valid,29,11,13,true,/root/autodl-tmp/models/trRosettaRNA2/data/ss_native/2K5Z_29_hp_nmr_A/2K5Z_29_hp_nmr_A_ss_prob.npz,407608cfe8bf8618555bed4a6f16d4554ccd547aa493b306317a9833e66b1169,407608cfe8bf8618555bed4a6f16d4554ccd547aa493b306317a9833e66b1169,true,pair_scores/legacy121_v1__2k5z_29_hp_nmr_a__legacy_gt__trrosettarna2_native_ss__historical_legacy121_v1.npz,5cf45492ad0c23b2129229b393cfe12a0ae2ba8e4a5012e4e14762b3075a7efb,2486,29x29,float32,29,1.0343883332097903e-06,5.539557150768815e-06,0.0,9.673849490354769e-07,0.9999812841415405,0,0.0,0.0,0.9999812841415405,0.0,family_split_metadata_unavailable;historical_model_version_unknown;historical_output_unknown_decoder_settings;raw_sequence_lowercase;trrna2_historical_checkpoint_identity_unknown,
legacy121_v1__2k95_48_pseudoknot_nmr_a__legacy_gt__rnafold__historical_legacy121_v1,2K95_48_pseudoknot_nmr_A,rnafold,valid,48,15,8,false,,,,,,,,,,,,,,,,,,,,,family_split_metadata_unavailable;historical_model_version_unknown;historical_output_unknown_decoder_settings;raw_sequence_lowercase,
legacy121_v1__2k95_48_pseudoknot_nmr_a__legacy_gt__petfold__historical_legacy121_v1,2K95_48_pseudoknot_nmr_A,petfold,valid,48,15,8,false,,,,,,,,,,,,,,,,,,,,,family_split_metadata_unavailable;historical_model_version_unknown;historical_output_unknown_decoder_settings;petfold_historical_alignment_input_unknown;raw_sequence_lowercase,
legacy121_v1__2k95_48_pseudoknot_nmr_a__legacy_gt__trrosettarna2_native_ss__historical_legacy121_v1,2K95_48_pseudoknot_nmr_A,trrosettarna2_native_ss,valid,48,15,16,true,/root/autodl-tmp/models/trRosettaRNA2/data/ss_native/2K95_48_pseudoknot_nmr_A/2K95_48_pseudoknot_nmr_A_ss_prob.npz,08bd15596ed9c98d213d136f662d1703c40fe79a7525645fc9a03cd569a394f6,08bd15596ed9c98d213d136f662d1703c40fe79a7525645fc9a03cd569a394f6,true,pair_scores/legacy121_v1__2k95_48_pseudoknot_nmr_a__legacy_gt__trrosettarna2_native_ss__historical_legacy121_v1.npz,c473fd3285b73a1eb997cf4a5a4f02ded20890fd177914437bda8778bbdac9d4,6660,48x48,float32,48,1.0089290753967362e-06,1.6332762697857106e-06,0.0,9.677405614638701e-07,0.9999780654907227,0,0.0,0.0,0.9999780654907227,0.0,family_split_metadata_unavailable;historical_model_version_unknown;historical_output_unknown_decoder_settings;raw_sequence_lowercase;trrna2_historical_checkpoint_identity_unknown,
legacy121_v1__2kd8_22_hp_nmr_a__legacy_gt__rnafold__historical_legacy121_v1,2KD8_22_hp_nmr_A,rnafold,valid,22,9,9,false,,,,,,,,,,,,,,,,,,,,,family_split_metadata_unavailable;historical_model_version_unknown;historical_output_unknown_decoder_settings;raw_sequence_lowercase,
legacy121_v1__2kd8_22_hp_nmr_a__legacy_gt__petfold__historical_legacy121_v1,2KD8_22_hp_nmr_A,petfold,valid,22,9,9,false,,,,,,,,,,,,,,,,,,,,,family_split_metadata_unavailable;historical_model_version_unknown;historical_output_unknown_decoder_settings;petfold_historical_alignment_input_unknown;raw_sequence_lowercase,
legacy121_v1__2kd8_22_hp_nmr_a__legacy_gt__trrosettarna2_native_ss__historical_legacy121_v1,2KD8_22_hp_nmr_A,trrosettarna2_native_ss,valid,22,9,9,true,/root/autodl-tmp/models/trRosettaRNA2/data/ss_native/2KD8_22_hp_nmr_A/2KD8_22_hp_nmr_A_ss_prob.npz,66b0b628dc2bb862c9c868aadb9ad540199205efcbe5d8de6bf7c4b01b55d92e,66b0b628dc2bb862c9c868aadb9ad540199205efcbe5d8de6bf7c4b01b55d92e,true,pair_scores/legacy121_v1__2kd8_22_hp_nmr_a__legacy_gt__trrosettarna2_native_ss__historical_legacy121_v1.npz,0e53c318840a95151f0b565a4ab77506c0de344ec0d772e2e20d67203642d1b6,1527,22x22,float32,22,1.0106681429533637e-06,1.5681850982218748e-06,0.0,9.629006854083855e-07,0.9999825358390808,0,0.0,0.0,0.9999825358390808,0.0,family_split_metadata_unavailable;historical_model_version_unknown;historical_output_unknown_decoder_settings;raw_sequence_lowercase;trrna2_historical_checkpoint_identity_unknown,
legacy121_v1__2ke6_49_hp_nmr_a__legacy_gt__rnafold__historical_legacy121_v1,2KE6_49_hp_nmr_A,rnafold,valid,48,18,19,false,,,,,,,,,,,,,,,,,,,,,family_split_metadata_unavailable;historical_model_version_unknown;historical_output_unknown_decoder_settings;raw_sequence_lowercase,
legacy121_v1__2ke6_49_hp_nmr_a__legacy_gt__petfold__historical_legacy121_v1,2KE6_49_hp_nmr_A,petfold,valid,48,18,19,false,,,,,,,,,,,,,,,,,,,,,family_split_metadata_unavailable;historical_model_version_unknown;historical_output_unknown_decoder_settings;petfold_historical_alignment_input_unknown;raw_sequence_lowercase,
legacy121_v1__2ke6_49_hp_nmr_a__legacy_gt__trrosettarna2_native_ss__historical_legacy121_v1,2KE6_49_hp_nmr_A,trrosettarna2_native_ss,valid,48,18,19,true,/root/autodl-tmp/models/trRosettaRNA2/data/ss_native/2KE6_49_hp_nmr_A/2KE6_49_hp_nmr_A_ss_prob.npz,9ad87c8e39440bc9c9ee2a118f048c374790cc7bafa13fec19c13b1f85b4aba7,9ad87c8e39440bc9c9ee2a118f048c374790cc7bafa13fec19c13b1f85b4aba7,true,pair_scores/legacy121_v1__2ke6_49_hp_nmr_a__legacy_gt__trrosettarna2_native_ss__historical_legacy121_v1.npz,0ee21cec9ad786b1c252a8d779f3c3065e027935fc8a15f08c782fb8db701307,6617,48x48,float32,48,9.945899819285842e-07,1.1111139428976458e-05,0.0,9.642051281844033e-07,0.9999791979789734,0,0.0,0.0,0.9999791979789734,0.0,family_split_metadata_unavailable;historical_model_version_unknown;historical_output_unknown_decoder_settings;raw_sequence_lowercase;trrna2_historical_checkpoint_identity_unknown,
legacy121_v1__2khy_38_hpbulge_nmr_a__legacy_gt__rnafold__historical_legacy121_v1,2KHY_38_hpbulge_nmr_A,rnafold,valid,38,9,10,false,,,,,,,,,,,,,,,,,,,,,family_split_metadata_unavailable;historical_model_version_unknown;historical_output_unknown_decoder_settings;raw_sequence_lowercase,
legacy121_v1__2khy_38_hpbulge_nmr_a__legacy_gt__petfold__historical_legacy121_v1,2KHY_38_hpbulge_nmr_A,petfold,valid,38,9,10,false,,,,,,,,,,,,,,,,,,,,,family_split_metadata_unavailable;historical_model_version_unknown;historical_output_unknown_decoder_settings;petfold_historical_alignment_input_unknown;raw_sequence_lowercase,
legacy121_v1__2khy_38_hpbulge_nmr_a__legacy_gt__trrosettarna2_native_ss__historical_legacy121_v1,2KHY_38_hpbulge_nmr_A,trrosettarna2_native_ss,valid,38,9,15,true,/root/autodl-tmp/models/trRosettaRNA2/data/ss_native/2KHY_38_hpbulge_nmr_A/2KHY_38_hpbulge_nmr_A_ss_prob.npz,98fa5fe003f73855013efc1ce603ef249ef073147ae5805a1ea26a966303cd88,98fa5fe003f73855013efc1ce603ef249ef073147ae5805a1ea26a966303cd88,true,pair_scores/legacy121_v1__2khy_38_hpbulge_nmr_a__legacy_gt__trrosettarna2_native_ss__historical_legacy121_v1.npz,f85e44a56f165836dace22c5a1d9c6d2e6c0a55ee667dabae2f4be27821efc2a,4163,38x38,float32,38,1.0124409755007946e-06,3.1546633181278594e-06,0.0,9.729679959491477e-07,0.9999823570251465,0,0.0,0.0,0.9999823570251465,0.0,family_split_metadata_unavailable;historical_model_version_unknown;historical_output_unknown_decoder_settings;raw_sequence_lowercase;trrna2_historical_checkpoint_identity_unknown,
legacy121_v1__2kpv_34_hpbulge_nmr_a__legacy_gt__rnafold__historical_legacy121_v1,2KPV_34_hpbulge_nmr_A,rnafold,valid,34,13,12,false,,,,,,,,,,,,,,,,,,,,,family_split_metadata_unavailable;historical_model_version_unknown;historical_output_unknown_decoder_settings;raw_sequence_lowercase,
legacy121_v1__2kpv_34_hpbulge_nmr_a__legacy_gt__petfold__historical_legacy121_v1,2KPV_34_hpbulge_nmr_A,petfold,valid,34,13,12,false,,,,,,,,,,,,,,,,,,,,,family_split_metadata_unavailable;historical_model_version_unknown;historical_output_unknown_decoder_settings;petfold_historical_alignment_input_unknown;raw_sequence_lowercase,
legacy121_v1__2kpv_34_hpbulge_nmr_a__legacy_gt__trrosettarna2_native_ss__historical_legacy121_v1,2KPV_34_hpbulge_nmr_A,trrosettarna2_native_ss,valid,34,13,14,true,/root/autodl-tmp/models/trRosettaRNA2/data/ss_native/2KPV_34_hpbulge_nmr_A/2KPV_34_hpbulge_nmr_A_ss_prob.npz,5656c011f29109e87ddfd8145c8778a05ac705078fa5de149c6d950a565bd249,5656c011f29109e87ddfd8145c8778a05ac705078fa5de149c6d950a565bd249,true,pair_scores/legacy121_v1__2kpv_34_hpbulge_nmr_a__legacy_gt__trrosettarna2_native_ss__historical_legacy121_v1.npz,af938e98d0aabaebfda75932247354807dfe9b5ae0b8489782bb103e73893bcf,3375,34x34,float32,34,9.99513531496632e-07,1.7747040601534536e-06,0.0,9.734733339428203e-07,0.9999810457229614,0,0.0,0.0,0.9999810457229614,0.0,family_split_metadata_unavailable;historical_model_version_unknown;historical_output_unknown_decoder_settings;raw_sequence_lowercase;trrna2_historical_checkpoint_identity_unknown,
legacy121_v1__2krl_102_3wj_nmr_a__legacy_gt__rnafold__historical_legacy121_v1,2KRL_102_3wj_nmr_A,rnafold,valid,102,28,29,false,,,,,,,,,,,,,,,,,,,,,family_split_metadata_unavailable;historical_model_version_unknown;historical_output_unknown_decoder_settings;raw_sequence_lowercase,
legacy121_v1__2krl_102_3wj_nmr_a__legacy_gt__petfold__historical_legacy121_v1,2KRL_102_3wj_nmr_A,petfold,valid,102,28,30,false,,,,,,,,,,,,,,,,,,,,,family_split_metadata_unavailable;historical_model_version_unknown;historical_output_unknown_decoder_settings;petfold_historical_alignment_input_unknown;raw_sequence_lowercase,
legacy121_v1__2krl_102_3wj_nmr_a__legacy_gt__trrosettarna2_native_ss__historical_legacy121_v1,2KRL_102_3wj_nmr_A,trrosettarna2_native_ss,valid,102,28,36,true,/root/autodl-tmp/models/trRosettaRNA2/data/ss_native/2KRL_102_3wj_nmr_A/2KRL_102_3wj_nmr_A_ss_prob.npz,cff2f1b9739e5f9d8cda05c52d3b3ac8ffbd8fd11976a93b9080d2aeaf25a243,cff2f1b9739e5f9d8cda05c52d3b3ac8ffbd8fd11976a93b9080d2aeaf25a243,true,pair_scores/legacy121_v1__2krl_102_3wj_nmr_a__legacy_gt__trrosettarna2_native_ss__historical_legacy121_v1.npz,0e0d6a8af40025902ed733fd9049ab953fbfafa82c3e1af63f87ac327dbf61a4,31490,102x102,float32,102,1.0236985872325022e-06,3.836932137346594e-06,0.0,1.00899774224672e-06,0.999691367149353,0,0.0,0.0,0.999691367149353,0.0,family_split_metadata_unavailable;historical_model_version_unknown;historical_output_unknown_decoder_settings;raw_sequence_lowercase;trrna2_historical_checkpoint_identity_unknown,
legacy121_v1__2kvn_17_hp_nmr_a__legacy_gt__rnafold__historical_legacy121_v1,2KVN_17_hp_nmr_A,rnafold,valid,17,5,5,false,,,,,,,,,,,,,,,,,,,,,family_split_metadata_unavailable;historical_model_version_unknown;historical_output_unknown_decoder_settings;raw_sequence_lowercase,
legacy121_v1__2kvn_17_hp_nmr_a__legacy_gt__petfold__historical_legacy121_v1,2KVN_17_hp_nmr_A,petfold,valid,17,5,5,false,,,,,,,,,,,,,,,,,,,,,family_split_metadata_unavailable;historical_model_version_unknown;historical_output_unknown_decoder_settings;petfold_historical_alignment_input_unknown;raw_sequence_lowercase,
legacy121_v1__2kvn_17_hp_nmr_a__legacy_gt__trrosettarna2_native_ss__historical_legacy121_v1,2KVN_17_hp_nmr_A,trrosettarna2_native_ss,valid,17,5,6,true,/root/autodl-tmp/models/trRosettaRNA2/data/ss_native/2KVN_17_hp_nmr_A/2KVN_17_hp_nmr_A_ss_prob.npz,8f0f21502fbe7a264d05724fcb6b279fd7edf608ee186e24be0308a20942d62d,8f0f21502fbe7a264d05724fcb6b279fd7edf608ee186e24be0308a20942d62d,true,pair_scores/legacy121_v1__2kvn_17_hp_nmr_a__legacy_gt__trrosettarna2_native_ss__historical_legacy121_v1.npz,6458974b194ae992abb1b619c004fb33850ac682551b0e4d091e17afceb094f3,1016,17x17,float32,17,1.0605220950310468e-06,2.4415367079200223e-05,0.0,9.77686340775108e-07,0.9999815821647644,0,0.0,0.0,0.9999815821647644,0.0,family_split_metadata_unavailable;historical_model_version_unknown;historical_output_unknown_decoder_settings;raw_sequence_lowercase;trrna2_historical_checkpoint_identity_unknown,
legacy121_v1__2kzl_55_hpbulge_nmr_a__legacy_gt__rnafold__historical_legacy121_v1,2KZL_55_hpbulge_nmr_A,rnafold,valid,55,13,14,false,,,,,,,,,,,,,,,,,,,,,family_split_metadata_unavailable;historical_model_version_unknown;historical_output_unknown_decoder_settings;raw_sequence_lowercase,
legacy121_v1__2kzl_55_hpbulge_nmr_a__legacy_gt__petfold__historical_legacy121_v1,2KZL_55_hpbulge_nmr_A,petfold,valid,55,13,14,false,,,,,,,,,,,,,,,,,,,,,family_split_metadata_unavailable;historical_model_version_unknown;historical_output_unknown_decoder_settings;petfold_historical_alignment_input_unknown;raw_sequence_lowercase,
legacy121_v1__2kzl_55_hpbulge_nmr_a__legacy_gt__trrosettarna2_native_ss__historical_legacy121_v1,2KZL_55_hpbulge_nmr_A,trrosettarna2_native_ss,valid,55,13,21,true,/root/autodl-tmp/models/trRosettaRNA2/data/ss_native/2KZL_55_hpbulge_nmr_A/2KZL_55_hpbulge_nmr_A_ss_prob.npz,fd622dc7998c97ff6887636101ff6d2e3296397620fc9e6b710ca6a957a72b41,fd622dc7998c97ff6887636101ff6d2e3296397620fc9e6b710ca6a957a72b41,true,pair_scores/legacy121_v1__2kzl_55_hpbulge_nmr_a__legacy_gt__trrosettarna2_native_ss__historical_legacy121_v1.npz,b2bf0046275fa82789a04836cc25562a998198b6230a503823c1b2f21898ccd4,8719,55x55,float32,55,1.0144971156478277e-06,2.3531538317911327e-06,0.0,9.661930562288035e-07,0.999969482421875,0,0.0,0.0,0.999969482421875,0.0,family_split_metadata_unavailable;historical_model_version_unknown;historical_output_unknown_decoder_settings;raw_sequence_lowercase;trrna2_historical_checkpoint_identity_unknown,
legacy121_v1__2l2j_42_hp_nmr_a__legacy_gt__rnafold__historical_legacy121_v1,2L2J_42_hp_nmr_A,rnafold,valid,42,17,17,false,,,,,,,,,,,,,,,,,,,,,family_split_metadata_unavailable;historical_model_version_unknown;historical_output_unknown_decoder_settings;raw_sequence_lowercase,
legacy121_v1__2l2j_42_hp_nmr_a__legacy_gt__petfold__historical_legacy121_v1,2L2J_42_hp_nmr_A,petfold,valid,42,17,19,false,,,,,,,,,,,,,,,,,,,,,family_split_metadata_unavailable;historical_model_version_unknown;historical_output_unknown_decoder_settings;petfold_historical_alignment_input_unknown;raw_sequence_lowercase,
legacy121_v1__2l2j_42_hp_nmr_a__legacy_gt__trrosettarna2_native_ss__historical_legacy121_v1,2L2J_42_hp_nmr_A,trrosettarna2_native_ss,valid,42,17,20,true,/root/autodl-tmp/models/trRosettaRNA2/data/ss_native/2L2J_42_hp_nmr_A/2L2J_42_hp_nmr_A_ss_prob.npz,44c7d8a082f60d384f64ef9b2affb6ad3010007dcac98894ed9a97ee2035436b,44c7d8a082f60d384f64ef9b2affb6ad3010007dcac98894ed9a97ee2035436b,true,pair_scores/legacy121_v1__2l2j_42_hp_nmr_a__legacy_gt__trrosettarna2_native_ss__historical_legacy121_v1.npz,1b184ee36a92996adfc600cc05c821f8bb0b2d7ef5a514d33c82e642bef26239,5040,42x42,float32,42,9.930678288583294e-07,4.0245977288577706e-06,0.0,9.647783372201957e-07,0.9999828338623047,0,0.0,0.0,0.9999828338623047,0.0,family_split_metadata_unavailable;historical_model_version_unknown;historical_output_unknown_decoder_settings;raw_sequence_lowercase;trrna2_historical_checkpoint_identity_unknown,
legacy121_v1__2l3e_35_hpbulge_nmr_a__legacy_gt__rnafold__historical_legacy121_v1,2L3E_35_hpbulge_nmr_A,rnafold,valid,35,13,13,false,,,,,,,,,,,,,,,,,,,,,family_split_metadata_unavailable;historical_model_version_unknown;historical_output_unknown_decoder_settings;raw_sequence_lowercase,
legacy121_v1__2l3e_35_hpbulge_nmr_a__legacy_gt__petfold__historical_legacy121_v1,2L3E_35_hpbulge_nmr_A,petfold,valid,35,13,13,false,,,,,,,,,,,,,,,,,,,,,family_split_metadata_unavailable;historical_model_version_unknown;historical_output_unknown_decoder_settings;petfold_historical_alignment_input_unknown;raw_sequence_lowercase,
legacy121_v1__2l3e_35_hpbulge_nmr_a__legacy_gt__trrosettarna2_native_ss__historical_legacy121_v1,2L3E_35_hpbulge_nmr_A,trrosettarna2_native_ss,valid,35,13,14,true,/root/autodl-tmp/models/trRosettaRNA2/data/ss_native/2L3E_35_hpbulge_nmr_A/2L3E_35_hpbulge_nmr_A_ss_prob.npz,6aab92c4e214af5470ddd4a7e9a7bd3cce3a129c9ad941a583a98c3dea678b9d,6aab92c4e214af5470ddd4a7e9a7bd3cce3a129c9ad941a583a98c3dea678b9d,true,pair_scores/legacy121_v1__2l3e_35_hpbulge_nmr_a__legacy_gt__trrosettarna2_native_ss__historical_legacy121_v1.npz,c58c6a320be4b1a753b0df46881631714cb8e1e04d82f4db6ebf2b958dab14dd,3540,35x35,float32,35,1.0344099337089574e-06,3.7818276723555755e-06,0.0,9.709362984722247e-07,0.9999820590019226,0,0.0,0.0,0.9999820590019226,0.0,family_split_metadata_unavailable;historical_model_version_unknown;historical_output_unknown_decoder_settings;raw_sequence_lowercase;trrna2_historical_checkpoint_identity_unknown,
legacy121_v1__2l5z_26_hpbulge_nmr_a__legacy_gt__rnafold__historical_legacy121_v1,2L5Z_26_hpbulge_nmr_A,rnafold,valid,26,9,9,false,,,,,,,,,,,,,,,,,,,,,family_split_metadata_unavailable;historical_model_version_unknown;historical_output_unknown_decoder_settings;raw_sequence_lowercase,
legacy121_v1__2l5z_26_hpbulge_nmr_a__legacy_gt__petfold__historical_legacy121_v1,2L5Z_26_hpbulge_nmr_A,petfold,valid,26,9,9,false,,,,,,,,,,,,,,,,,,,,,family_split_metadata_unavailable;historical_model_version_unknown;historical_output_unknown_decoder_settings;petfold_historical_alignment_input_unknown;raw_sequence_lowercase,
legacy121_v1__2l5z_26_hpbulge_nmr_a__legacy_gt__trrosettarna2_native_ss__historical_legacy121_v1,2L5Z_26_hpbulge_nmr_A,trrosettarna2_native_ss,valid,26,9,11,true,/root/autodl-tmp/models/trRosettaRNA2/data/ss_native/2L5Z_26_hpbulge_nmr_A/2L5Z_26_hpbulge_nmr_A_ss_prob.npz,4f8a32ee60699a62fa0377a9e0250594d1b488c389612a3db3be123c692c7769,4f8a32ee60699a62fa0377a9e0250594d1b488c389612a3db3be123c692c7769,true,pair_scores/legacy121_v1__2l5z_26_hpbulge_nmr_a__legacy_gt__trrosettarna2_native_ss__historical_legacy121_v1.npz,d31a0fe94b74e75289483b85ba25065c7da7b5a5c3a867884e7029d76fa7d7a7,2052,26x26,float32,26,1.0075503951156861e-06,8.080725820036605e-06,0.0,9.681120900495443e-07,0.9999825358390808,0,0.0,0.0,0.9999825358390808,0.0,family_split_metadata_unavailable;historical_model_version_unknown;historical_output_unknown_decoder_settings;raw_sequence_lowercase;trrna2_historical_checkpoint_identity_unknown,
legacy121_v1__2lbl_17_hp_nmr_a__legacy_gt__rnafold__historical_legacy121_v1,2LBL_17_hp_nmr_A,rnafold,valid,17,5,5,false,,,,,,,,,,,,,,,,,,,,,family_split_metadata_unavailable;historical_model_version_unknown;historical_output_unknown_decoder_settings;raw_sequence_lowercase,
legacy121_v1__2lbl_17_hp_nmr_a__legacy_gt__petfold__historical_legacy121_v1,2LBL_17_hp_nmr_A,petfold,valid,17,5,5,false,,,,,,,,,,,,,,,,,,,,,family_split_metadata_unavailable;historical_model_version_unknown;historical_output_unknown_decoder_settings;petfold_historical_alignment_input_unknown;raw_sequence_lowercase,
legacy121_v1__2lbl_17_hp_nmr_a__legacy_gt__trrosettarna2_native_ss__historical_legacy121_v1,2LBL_17_hp_nmr_A,trrosettarna2_native_ss,valid,17,5,5,true,/root/autodl-tmp/models/trRosettaRNA2/data/ss_native/2LBL_17_hp_nmr_A/2LBL_17_hp_nmr_A_ss_prob.npz,68541f47a4235878d06d6315e3d6f83f23d9d168645ac48f161afbb6f84e252c,68541f47a4235878d06d6315e3d6f83f23d9d168645ac48f161afbb6f84e252c,true,pair_scores/legacy121_v1__2lbl_17_hp_nmr_a__legacy_gt__trrosettarna2_native_ss__historical_legacy121_v1.npz,7faf9c94ce03d9a98ea5c2a5f189cfcbc478289dc12af846cd5ccefe647e81a4,1012,17x17,float32,17,1.0143434110432281e-06,1.4521673392664525e-06,0.0,9.757725365489023e-07,0.9999820590019226,0,0.0,0.0,0.9999820590019226,0.0,family_split_metadata_unavailable;historical_model_version_unknown;historical_output_unknown_decoder_settings;raw_sequence_lowercase;trrna2_historical_checkpoint_identity_unknown,
legacy121_v1__2ldl_27_hp_nmr_a__legacy_gt__rnafold__historical_legacy121_v1,2LDL_27_hp_nmr_A,rnafold,valid,27,9,10,false,,,,,,,,,,,,,,,,,,,,,family_split_metadata_unavailable;historical_model_version_unknown;historical_output_unknown_decoder_settings;raw_sequence_lowercase,
legacy121_v1__2ldl_27_hp_nmr_a__legacy_gt__petfold__historical_legacy121_v1,2LDL_27_hp_nmr_A,petfold,valid,27,9,11,false,,,,,,,,,,,,,,,,,,,,,family_split_metadata_unavailable;historical_model_version_unknown;historical_output_unknown_decoder_settings;petfold_historical_alignment_input_unknown;raw_sequence_lowercase,
legacy121_v1__2ldl_27_hp_nmr_a__legacy_gt__trrosettarna2_native_ss__historical_legacy121_v1,2LDL_27_hp_nmr_A,trrosettarna2_native_ss,valid,27,9,10,true,/root/autodl-tmp/models/trRosettaRNA2/data/ss_native/2LDL_27_hp_nmr_A/2LDL_27_hp_nmr_A_ss_prob.npz,898ba77cce723ef96ca0eb1a7500fb05ab8bffd385bf51babaeecda7df165074,898ba77cce723ef96ca0eb1a7500fb05ab8bffd385bf51babaeecda7df165074,true,pair_scores/legacy121_v1__2ldl_27_hp_nmr_a__legacy_gt__trrosettarna2_native_ss__historical_legacy121_v1.npz,1529cb89e2ed488b2760f90fb97e3660d02df030fbe76d45c06bc96aed35571b,2188,27x27,float32,27,1.0197489928032155e-06,1.5611728940712055e-06,0.0,9.705529464554274e-07,0.99997878074646,0,0.0,0.0,0.99997878074646,0.0,family_split_metadata_unavailable;historical_model_version_unknown;historical_output_unknown_decoder_settings;raw_sequence_lowercase;trrna2_historical_checkpoint_identity_unknown,
legacy121_v1__2ldt_31_hp_nmr_a__legacy_gt__rnafold__historical_legacy121_v1,2LDT_31_hp_nmr_A,rnafold,valid,31,11,11,false,,,,,,,,,,,,,,,,,,,,,family_split_metadata_unavailable;historical_model_version_unknown;historical_output_unknown_decoder_settings;raw_sequence_lowercase,
legacy121_v1__2ldt_31_hp_nmr_a__legacy_gt__petfold__historical_legacy121_v1,2LDT_31_hp_nmr_A,petfold,valid,31,11,11,false,,,,,,,,,,,,,,,,,,,,,family_split_metadata_unavailable;historical_model_version_unknown;historical_output_unknown_decoder_settings;petfold_historical_alignment_input_unknown;raw_sequence_lowercase,
legacy121_v1__2ldt_31_hp_nmr_a__legacy_gt__trrosettarna2_native_ss__historical_legacy121_v1,2LDT_31_hp_nmr_A,trrosettarna2_native_ss,valid,31,11,13,true,/root/autodl-tmp/models/trRosettaRNA2/data/ss_native/2LDT_31_hp_nmr_A/2LDT_31_hp_nmr_A_ss_prob.npz,2aabf803fbf1b03ba9f06f8107d1839bc8f909c281ef7613fecda45409e56524,2aabf803fbf1b03ba9f06f8107d1839bc8f909c281ef7613fecda45409e56524,true,pair_scores/legacy121_v1__2ldt_31_hp_nmr_a__legacy_gt__trrosettarna2_native_ss__historical_legacy121_v1.npz,95055832aa497e18950b2ac1f3edc9f1f6692734d735d8f01acd296acaa26233,2827,31x31,float32,31,1.0020806939792237e-06,1.5955956769175828e-06,0.0,9.825952247410896e-07,0.9999773502349854,0,0.0,0.0,0.9999773502349854,0.0,family_split_metadata_unavailable;historical_model_version_unknown;historical_output_unknown_decoder_settings;raw_sequence_lowercase;trrna2_historical_checkpoint_identity_unknown,
legacy121_v1__2lhp_37_hp_nmr_a__legacy_gt__rnafold__historical_legacy121_v1,2LHP_37_hp_nmr_A,rnafold,valid,37,15,15,false,,,,,,,,,,,,,,,,,,,,,family_split_metadata_unavailable;historical_model_version_unknown;historical_output_unknown_decoder_settings;raw_sequence_lowercase,
legacy121_v1__2lhp_37_hp_nmr_a__legacy_gt__petfold__historical_legacy121_v1,2LHP_37_hp_nmr_A,petfold,valid,37,15,15,false,,,,,,,,,,,,,,,,,,,,,family_split_metadata_unavailable;historical_model_version_unknown;historical_output_unknown_decoder_settings;petfold_historical_alignment_input_unknown;raw_sequence_lowercase,
legacy121_v1__2lhp_37_hp_nmr_a__legacy_gt__trrosettarna2_native_ss__historical_legacy121_v1,2LHP_37_hp_nmr_A,trrosettarna2_native_ss,valid,37,15,17,true,/root/autodl-tmp/models/trRosettaRNA2/data/ss_native/2LHP_37_hp_nmr_A/2LHP_37_hp_nmr_A_ss_prob.npz,d537fdc9c0ac40da4cf2d92c1890cc285af6373b97c4451ed4444a5243d66005,d537fdc9c0ac40da4cf2d92c1890cc285af6373b97c4451ed4444a5243d66005,true,pair_scores/legacy121_v1__2lhp_37_hp_nmr_a__legacy_gt__trrosettarna2_native_ss__historical_legacy121_v1.npz,33ed429519b234e09447b3df0e29c6349e8ebb0bb49ca10d20cb3c58abf6da3e,3918,37x37,float32,37,1.0241778909403365e-06,2.58782483797404e-06,0.0,9.679747563495766e-07,0.9999827146530151,0,0.0,0.0,0.9999827146530151,0.0,family_split_metadata_unavailable;historical_model_version_unknown;historical_output_unknown_decoder_settings;raw_sequence_lowercase;trrna2_historical_checkpoint_identity_unknown,
legacy121_v1__2li4_32_hp_nmr_a__legacy_gt__rnafold__historical_legacy121_v1,2LI4_32_hp_nmr_A,rnafold,valid,32,14,14,false,,,,,,,,,,,,,,,,,,,,,family_split_metadata_unavailable;historical_model_version_unknown;historical_output_unknown_decoder_settings;raw_sequence_lowercase,
legacy121_v1__2li4_32_hp_nmr_a__legacy_gt__petfold__historical_legacy121_v1,2LI4_32_hp_nmr_A,petfold,valid,32,14,14,false,,,,,,,,,,,,,,,,,,,,,family_split_metadata_unavailable;historical_model_version_unknown;historical_output_unknown_decoder_settings;petfold_historical_alignment_input_unknown;raw_sequence_lowercase,
legacy121_v1__2li4_32_hp_nmr_a__legacy_gt__trrosettarna2_native_ss__historical_legacy121_v1,2LI4_32_hp_nmr_A,trrosettarna2_native_ss,valid,32,14,15,true,/root/autodl-tmp/models/trRosettaRNA2/data/ss_native/2LI4_32_hp_nmr_A/2LI4_32_hp_nmr_A_ss_prob.npz,8010f156760e910f89276e3def4ef5a2ef3087a86cdbe1aceec3ee735e06ff08,8010f156760e910f89276e3def4ef5a2ef3087a86cdbe1aceec3ee735e06ff08,true,pair_scores/legacy121_v1__2li4_32_hp_nmr_a__legacy_gt__trrosettarna2_native_ss__historical_legacy121_v1.npz,654a4a37f0ddc0e65adce8b3eb43abd4b9c19a036e301f20005c1b454ef588b5,2971,32x32,float32,32,1.0158375971514033e-06,6.654503522440791e-06,0.0,9.657071586843813e-07,0.9999831914901733,0,0.0,0.0,0.9999831914901733,0.0,family_split_metadata_unavailable;historical_model_version_unknown;historical_output_unknown_decoder_settings;raw_sequence_lowercase;trrna2_historical_checkpoint_identity_unknown,
legacy121_v1__2ljj_27_hpbulge_nmr_a__legacy_gt__rnafold__historical_legacy121_v1,2LJJ_27_hpbulge_nmr_A,rnafold,valid,27,9,10,false,,,,,,,,,,,,,,,,,,,,,family_split_metadata_unavailable;historical_model_version_unknown;historical_output_unknown_decoder_settings;raw_sequence_lowercase,
legacy121_v1__2ljj_27_hpbulge_nmr_a__legacy_gt__petfold__historical_legacy121_v1,2LJJ_27_hpbulge_nmr_A,petfold,valid,27,9,10,false,,,,,,,,,,,,,,,,,,,,,family_split_metadata_unavailable;historical_model_version_unknown;historical_output_unknown_decoder_settings;petfold_historical_alignment_input_unknown;raw_sequence_lowercase,
legacy121_v1__2ljj_27_hpbulge_nmr_a__legacy_gt__trrosettarna2_native_ss__historical_legacy121_v1,2LJJ_27_hpbulge_nmr_A,trrosettarna2_native_ss,valid,27,9,9,true,/root/autodl-tmp/models/trRosettaRNA2/data/ss_native/2LJJ_27_hpbulge_nmr_A/2LJJ_27_hpbulge_nmr_A_ss_prob.npz,659cc21552b735f92dfaedf79caafb49d27d0b9111d866e44b0bfb64f8451eb1,659cc21552b735f92dfaedf79caafb49d27d0b9111d866e44b0bfb64f8451eb1,true,pair_scores/legacy121_v1__2ljj_27_hpbulge_nmr_a__legacy_gt__trrosettarna2_native_ss__historical_legacy121_v1.npz,b5d8358c721436a2c6992ee5b8a1649083a88e705bd26b1b1bf9bfc20915264f,2228,27x27,float32,27,9.973236956284381e-07,4.141541921853786e-06,0.0,9.840804295890848e-07,0.9999815821647644,0,0.0,0.0,0.9999815821647644,0.0,family_split_metadata_unavailable;historical_model_version_unknown;historical_output_unknown_decoder_settings;raw_sequence_lowercase;trrna2_historical_checkpoint_identity_unknown,
legacy121_v1__2lk3_24_hpbulge_nmr_a__legacy_gt__rnafold__historical_legacy121_v1,2LK3_24_hpbulge_nmr_A,rnafold,valid,24,9,9,false,,,,,,,,,,,,,,,,,,,,,family_split_metadata_unavailable;historical_model_version_unknown;historical_output_unknown_decoder_settings;raw_sequence_lowercase,
legacy121_v1__2lk3_24_hpbulge_nmr_a__legacy_gt__petfold__historical_legacy121_v1,2LK3_24_hpbulge_nmr_A,petfold,valid,24,9,9,false,,,,,,,,,,,,,,,,,,,,,family_split_metadata_unavailable;historical_model_version_unknown;historical_output_unknown_decoder_settings;petfold_historical_alignment_input_unknown;raw_sequence_lowercase,
legacy121_v1__2lk3_24_hpbulge_nmr_a__legacy_gt__trrosettarna2_native_ss__historical_legacy121_v1,2LK3_24_hpbulge_nmr_A,trrosettarna2_native_ss,valid,24,9,10,true,/root/autodl-tmp/models/trRosettaRNA2/data/ss_native/2LK3_24_hpbulge_nmr_A/2LK3_24_hpbulge_nmr_A_ss_prob.npz,60b6a86e380fbdc9c0216fd20c4900b85b767a86cb75ac627c2387380eab55de,60b6a86e380fbdc9c0216fd20c4900b85b767a86cb75ac627c2387380eab55de,true,pair_scores/legacy121_v1__2lk3_24_hpbulge_nmr_a__legacy_gt__trrosettarna2_native_ss__historical_legacy121_v1.npz,fa36829357d0b4855e5848fd56d531f006c2e4450dc4d9cfa6993187b22becfa,1784,24x24,float32,24,1.004399337034556e-06,1.3527470400731545e-05,0.0,9.611053428670857e-07,0.9999822378158569,0,0.0,0.0,0.9999822378158569,0.0,family_split_metadata_unavailable;historical_model_version_unknown;historical_output_unknown_decoder_settings;raw_sequence_lowercase;trrna2_historical_checkpoint_identity_unknown,
legacy121_v1__2lkr_110_3wj_nmr_a__legacy_gt__rnafold__historical_legacy121_v1,2LKR_110_3wj_nmr_A,rnafold,valid,111,33,39,false,,,,,,,,,,,,,,,,,,,,,family_split_metadata_unavailable;historical_model_version_unknown;historical_output_unknown_decoder_settings;raw_sequence_lowercase,
legacy121_v1__2lkr_110_3wj_nmr_a__legacy_gt__petfold__historical_legacy121_v1,2LKR_110_3wj_nmr_A,petfold,valid,111,33,37,false,,,,,,,,,,,,,,,,,,,,,family_split_metadata_unavailable;historical_model_version_unknown;historical_output_unknown_decoder_settings;petfold_historical_alignment_input_unknown;raw_sequence_lowercase,
legacy121_v1__2lkr_110_3wj_nmr_a__legacy_gt__trrosettarna2_native_ss__historical_legacy121_v1,2LKR_110_3wj_nmr_A,trrosettarna2_native_ss,valid,111,33,37,true,/root/autodl-tmp/models/trRosettaRNA2/data/ss_native/2LKR_110_3wj_nmr_A/2LKR_110_3wj_nmr_A_ss_prob.npz,a60c299a71fc9d3f3eac612694b23cf57448ad1cf1c46926dc99c73124543514,a60c299a71fc9d3f3eac612694b23cf57448ad1cf1c46926dc99c73124543514,true,pair_scores/legacy121_v1__2lkr_110_3wj_nmr_a__legacy_gt__trrosettarna2_native_ss__historical_legacy121_v1.npz,ac3591b2c2daa3a043faf2c1ea744c1e04c674a0120f03e4b9734483c1eccac6,38131,111x111,float32,111,1.0798473795148311e-06,5.510641130967997e-06,0.0,1.0101283578478615e-06,0.9986085295677185,0,0.0,0.0,0.9986085295677185,0.0,family_split_metadata_unavailable;historical_model_version_unknown;historical_output_unknown_decoder_settings;raw_sequence_lowercase;trrna2_historical_checkpoint_identity_unknown,
legacy121_v1__2lqz_27_hpbulge_nmr_a__legacy_gt__rnafold__historical_legacy121_v1,2LQZ_27_hpbulge_nmr_A,rnafold,valid,27,8,10,false,,,,,,,,,,,,,,,,,,,,,family_split_metadata_unavailable;historical_model_version_unknown;historical_output_unknown_decoder_settings;raw_sequence_lowercase,
legacy121_v1__2lqz_27_hpbulge_nmr_a__legacy_gt__petfold__historical_legacy121_v1,2LQZ_27_hpbulge_nmr_A,petfold,valid,27,8,10,false,,,,,,,,,,,,,,,,,,,,,family_split_metadata_unavailable;historical_model_version_unknown;historical_output_unknown_decoder_settings;petfold_historical_alignment_input_unknown;raw_sequence_lowercase,
legacy121_v1__2lqz_27_hpbulge_nmr_a__legacy_gt__trrosettarna2_native_ss__historical_legacy121_v1,2LQZ_27_hpbulge_nmr_A,trrosettarna2_native_ss,valid,27,8,10,true,/root/autodl-tmp/models/trRosettaRNA2/data/ss_native/2LQZ_27_hpbulge_nmr_A/2LQZ_27_hpbulge_nmr_A_ss_prob.npz,73c3930697d5b7f633433791eb0ab1c4a6d9b281237b00b9a10a852cfead7271,73c3930697d5b7f633433791eb0ab1c4a6d9b281237b00b9a10a852cfead7271,true,pair_scores/legacy121_v1__2lqz_27_hpbulge_nmr_a__legacy_gt__trrosettarna2_native_ss__historical_legacy121_v1.npz,7590872a0c641a26e22a3522442e684d63ee71872743b6792a627110c78dbb67,2192,27x27,float32,27,1.010498976938834e-06,2.7669591418089112e-06,0.0,9.60551460593706e-07,0.999981164932251,0,0.0,0.0,0.999981164932251,0.0,family_split_metadata_unavailable;historical_model_version_unknown;historical_output_unknown_decoder_settings;raw_sequence_lowercase;trrna2_historical_checkpoint_identity_unknown,
legacy121_v1__2lu0_49_3wj_nmr_a__legacy_gt__rnafold__historical_legacy121_v1,2LU0_49_3wj_nmr_A,rnafold,valid,49,16,16,false,,,,,,,,,,,,,,,,,,,,,family_split_metadata_unavailable;historical_model_version_unknown;historical_output_unknown_decoder_settings;raw_sequence_lowercase,
legacy121_v1__2lu0_49_3wj_nmr_a__legacy_gt__petfold__historical_legacy121_v1,2LU0_49_3wj_nmr_A,petfold,valid,49,16,16,false,,,,,,,,,,,,,,,,,,,,,family_split_metadata_unavailable;historical_model_version_unknown;historical_output_unknown_decoder_settings;petfold_historical_alignment_input_unknown;raw_sequence_lowercase,
legacy121_v1__2lu0_49_3wj_nmr_a__legacy_gt__trrosettarna2_native_ss__historical_legacy121_v1,2LU0_49_3wj_nmr_A,trrosettarna2_native_ss,valid,49,16,20,true,/root/autodl-tmp/models/trRosettaRNA2/data/ss_native/2LU0_49_3wj_nmr_A/2LU0_49_3wj_nmr_A_ss_prob.npz,751e7567ee1d16bb722b354703ab79b544beb860a18d08b5f591c7c3901fc9b0,751e7567ee1d16bb722b354703ab79b544beb860a18d08b5f591c7c3901fc9b0,true,pair_scores/legacy121_v1__2lu0_49_3wj_nmr_a__legacy_gt__trrosettarna2_native_ss__historical_legacy121_v1.npz,476d68953a6809cb293ae3ffdd3a9a1088b0ad7372d134c19a5c0cdf1fd33d67,6939,49x49,float32,49,9.70421183410508e-07,2.130364009644836e-06,0.0,9.70421183410508e-07,0.9999812841415405,0,0.0,0.0,0.9999812841415405,0.0,family_split_metadata_unavailable;historical_model_version_unknown;historical_output_unknown_decoder_settings;raw_sequence_lowercase;trrna2_historical_checkpoint_identity_unknown,
legacy121_v1__2lun_28_hp_nmr_a__legacy_gt__rnafold__historical_legacy121_v1,2LUN_28_hp_nmr_A,rnafold,valid,28,9,9,false,,,,,,,,,,,,,,,,,,,,,family_split_metadata_unavailable;historical_model_version_unknown;historical_output_unknown_decoder_settings;raw_sequence_lowercase,
legacy121_v1__2lun_28_hp_nmr_a__legacy_gt__petfold__historical_legacy121_v1,2LUN_28_hp_nmr_A,petfold,valid,28,9,8,false,,,,,,,,,,,,,,,,,,,,,family_split_metadata_unavailable;historical_model_version_unknown;historical_output_unknown_decoder_settings;petfold_historical_alignment_input_unknown;raw_sequence_lowercase,
legacy121_v1__2lun_28_hp_nmr_a__legacy_gt__trrosettarna2_native_ss__historical_legacy121_v1,2LUN_28_hp_nmr_A,trrosettarna2_native_ss,valid,28,9,12,true,/root/autodl-tmp/models/trRosettaRNA2/data/ss_native/2LUN_28_hp_nmr_A/2LUN_28_hp_nmr_A_ss_prob.npz,41763faa0636a514f69a49802fb8522709069b317cda07b1bb7b11bcb62604f5,41763faa0636a514f69a49802fb8522709069b317cda07b1bb7b11bcb62604f5,true,pair_scores/legacy121_v1__2lun_28_hp_nmr_a__legacy_gt__trrosettarna2_native_ss__historical_legacy121_v1.npz,5285aab9cb512d3f21c6aa8757229a0e3f3ffe20e70cfd7834b850014379c687,2341,28x28,float32,28,1.005665353659424e-06,4.747235834656749e-06,0.0,9.589682576915948e-07,0.9999794960021973,0,0.0,0.0,0.9999794960021973,0.0,family_split_metadata_unavailable;historical_model_version_unknown;historical_output_unknown_decoder_settings;raw_sequence_lowercase;trrna2_historical_checkpoint_identity_unknown,
legacy121_v1__2m12_23_hp_nmr_a__legacy_gt__rnafold__historical_legacy121_v1,2M12_23_hp_nmr_A,rnafold,valid,23,6,6,false,,,,,,,,,,,,,,,,,,,,,family_split_metadata_unavailable;historical_model_version_unknown;historical_output_unknown_decoder_settings;raw_sequence_lowercase,
legacy121_v1__2m12_23_hp_nmr_a__legacy_gt__petfold__historical_legacy121_v1,2M12_23_hp_nmr_A,petfold,valid,23,6,6,false,,,,,,,,,,,,,,,,,,,,,family_split_metadata_unavailable;historical_model_version_unknown;historical_output_unknown_decoder_settings;petfold_historical_alignment_input_unknown;raw_sequence_lowercase,
legacy121_v1__2m12_23_hp_nmr_a__legacy_gt__trrosettarna2_native_ss__historical_legacy121_v1,2M12_23_hp_nmr_A,trrosettarna2_native_ss,valid,23,6,7,true,/root/autodl-tmp/models/trRosettaRNA2/data/ss_native/2M12_23_hp_nmr_A/2M12_23_hp_nmr_A_ss_prob.npz,74f0b51f959df14fbf229dfa369037758605d5642647a5259bc0edc963318c04,74f0b51f959df14fbf229dfa369037758605d5642647a5259bc0edc963318c04,true,pair_scores/legacy121_v1__2m12_23_hp_nmr_a__legacy_gt__trrosettarna2_native_ss__historical_legacy121_v1.npz,8ce689be5df0bba094293390f7f3e76dcf22385e3790267eab649603da8d91a3,1652,23x23,float32,23,1.0122435014636721e-06,2.1151454348000698e-06,0.0,9.71353983914014e-07,0.9999808073043823,0,0.0,0.0,0.9999808073043823,0.0,family_split_metadata_unavailable;historical_model_version_unknown;historical_output_unknown_decoder_settings;raw_sequence_lowercase;trrna2_historical_checkpoint_identity_unknown,
legacy121_v1__2m21_21_hp_nmr_a__legacy_gt__rnafold__historical_legacy121_v1,2M21_21_hp_nmr_A,rnafold,valid,21,7,7,false,,,,,,,,,,,,,,,,,,,,,family_split_metadata_unavailable;historical_model_version_unknown;historical_output_unknown_decoder_settings;raw_sequence_lowercase,
legacy121_v1__2m21_21_hp_nmr_a__legacy_gt__petfold__historical_legacy121_v1,2M21_21_hp_nmr_A,petfold,valid,21,7,7,false,,,,,,,,,,,,,,,,,,,,,family_split_metadata_unavailable;historical_model_version_unknown;historical_output_unknown_decoder_settings;petfold_historical_alignment_input_unknown;raw_sequence_lowercase,
legacy121_v1__2m21_21_hp_nmr_a__legacy_gt__trrosettarna2_native_ss__historical_legacy121_v1,2M21_21_hp_nmr_A,trrosettarna2_native_ss,valid,21,7,8,true,/root/autodl-tmp/models/trRosettaRNA2/data/ss_native/2M21_21_hp_nmr_A/2M21_21_hp_nmr_A_ss_prob.npz,7d8cad6d46cfec0954750b96ed90849e39334fe444e074c0bfec28f2454dcf87,7d8cad6d46cfec0954750b96ed90849e39334fe444e074c0bfec28f2454dcf87,true,pair_scores/legacy121_v1__2m21_21_hp_nmr_a__legacy_gt__trrosettarna2_native_ss__historical_legacy121_v1.npz,a5037ff47f85d03eeda76bea401fc817185822d20f3f58140c677738349d373d,1419,21x21,float32,21,9.840495067692245e-07,4.869417352892924e-06,0.0,9.840495067692245e-07,0.9999814033508301,0,0.0,0.0,0.9999814033508301,0.0,family_split_metadata_unavailable;historical_model_version_unknown;historical_output_unknown_decoder_settings;raw_sequence_lowercase;trrna2_historical_checkpoint_identity_unknown,
legacy121_v1__2m8k_48_pseudoknot_nmr_a__legacy_gt__rnafold__historical_legacy121_v1,2M8K_48_pseudoknot_nmr_A,rnafold,valid,48,17,16,false,,,,,,,,,,,,,,,,,,,,,family_split_metadata_unavailable;historical_model_version_unknown;historical_output_unknown_decoder_settings;raw_sequence_lowercase,
legacy121_v1__2m8k_48_pseudoknot_nmr_a__legacy_gt__petfold__historical_legacy121_v1,2M8K_48_pseudoknot_nmr_A,petfold,valid,48,17,16,false,,,,,,,,,,,,,,,,,,,,,family_split_metadata_unavailable;historical_model_version_unknown;historical_output_unknown_decoder_settings;petfold_historical_alignment_input_unknown;raw_sequence_lowercase,
legacy121_v1__2m8k_48_pseudoknot_nmr_a__legacy_gt__trrosettarna2_native_ss__historical_legacy121_v1,2M8K_48_pseudoknot_nmr_A,trrosettarna2_native_ss,valid,48,17,17,true,/root/autodl-tmp/models/trRosettaRNA2/data/ss_native/2M8K_48_pseudoknot_nmr_A/2M8K_48_pseudoknot_nmr_A_ss_prob.npz,eeec509b0cf8a51e5418516d2ff80ad45612c50cdf00e91f21ec82541fc43689,eeec509b0cf8a51e5418516d2ff80ad45612c50cdf00e91f21ec82541fc43689,true,pair_scores/legacy121_v1__2m8k_48_pseudoknot_nmr_a__legacy_gt__trrosettarna2_native_ss__historical_legacy121_v1.npz,5a68d3e400d336961c85e010cf3fcae0c64c71a1b1ac78038402bcce78e23816,6637,48x48,float32,48,1.0108853985002497e-06,3.583026909836917e-06,0.0,9.562858167555532e-07,0.9999828338623047,0,0.0,0.0,0.9999828338623047,0.0,family_split_metadata_unavailable;historical_model_version_unknown;historical_output_unknown_decoder_settings;raw_sequence_lowercase;trrna2_historical_checkpoint_identity_unknown,
legacy121_v1__2meq_19_hp_nmr_a__legacy_gt__rnafold__historical_legacy121_v1,2MEQ_19_hp_nmr_A,rnafold,valid,19,5,6,false,,,,,,,,,,,,,,,,,,,,,family_split_metadata_unavailable;historical_model_version_unknown;historical_output_unknown_decoder_settings;raw_sequence_lowercase,
legacy121_v1__2meq_19_hp_nmr_a__legacy_gt__petfold__historical_legacy121_v1,2MEQ_19_hp_nmr_A,petfold,valid,19,5,6,false,,,,,,,,,,,,,,,,,,,,,family_split_metadata_unavailable;historical_model_version_unknown;historical_output_unknown_decoder_settings;petfold_historical_alignment_input_unknown;raw_sequence_lowercase,
legacy121_v1__2meq_19_hp_nmr_a__legacy_gt__trrosettarna2_native_ss__historical_legacy121_v1,2MEQ_19_hp_nmr_A,trrosettarna2_native_ss,valid,19,5,6,true,/root/autodl-tmp/models/trRosettaRNA2/data/ss_native/2MEQ_19_hp_nmr_A/2MEQ_19_hp_nmr_A_ss_prob.npz,ae0b4a45def2cfc8dbb00c387ecb9bf0f382dbd57deb980980ec09aa5c66412e,ae0b4a45def2cfc8dbb00c387ecb9bf0f382dbd57deb980980ec09aa5c66412e,true,pair_scores/legacy121_v1__2meq_19_hp_nmr_a__legacy_gt__trrosettarna2_native_ss__historical_legacy121_v1.npz,5c94297a81139cfcd68bef9f22fb226e69d3b930c9f6ca72938aaeda296768de,1203,19x19,float32,19,1.0086499742101296e-06,1.1381571312085725e-05,0.0,9.607729225535877e-07,0.9999818205833435,0,0.0,0.0,0.9999818205833435,0.0,family_split_metadata_unavailable;historical_model_version_unknown;historical_output_unknown_decoder_settings;raw_sequence_lowercase;trrna2_historical_checkpoint_identity_unknown,
legacy121_v1__2mhi_53_3wj_nmr_a__legacy_gt__rnafold__historical_legacy121_v1,2MHI_53_3wj_nmr_A,rnafold,valid,53,20,20,false,,,,,,,,,,,,,,,,,,,,,family_split_metadata_unavailable;historical_model_version_unknown;historical_output_unknown_decoder_settings;raw_sequence_lowercase,
legacy121_v1__2mhi_53_3wj_nmr_a__legacy_gt__petfold__historical_legacy121_v1,2MHI_53_3wj_nmr_A,petfold,valid,53,20,20,false,,,,,,,,,,,,,,,,,,,,,family_split_metadata_unavailable;historical_model_version_unknown;historical_output_unknown_decoder_settings;petfold_historical_alignment_input_unknown;raw_sequence_lowercase,
legacy121_v1__2mhi_53_3wj_nmr_a__legacy_gt__trrosettarna2_native_ss__historical_legacy121_v1,2MHI_53_3wj_nmr_A,trrosettarna2_native_ss,valid,53,20,22,true,/root/autodl-tmp/models/trRosettaRNA2/data/ss_native/2MHI_53_3wj_nmr_A/2MHI_53_3wj_nmr_A_ss_prob.npz,9965c2ba8eafe42a72a68bca88da5a49d73d79a1b0798d9df47c96cd08104f3d,9965c2ba8eafe42a72a68bca88da5a49d73d79a1b0798d9df47c96cd08104f3d,true,pair_scores/legacy121_v1__2mhi_53_3wj_nmr_a__legacy_gt__trrosettarna2_native_ss__historical_legacy121_v1.npz,bedaa8713a30e87c5fb663d451b8f9c2c00b9479de270158faa4a8f5907b11d8,8223,53x53,float32,53,9.688924365036655e-07,2.8523209039121866e-06,0.0,9.688924365036655e-07,0.9999508857727051,0,0.0,0.0,0.9999508857727051,0.0,family_split_metadata_unavailable;historical_model_version_unknown;historical_output_unknown_decoder_settings;raw_sequence_lowercase;trrna2_historical_checkpoint_identity_unknown,
legacy121_v1__2mqt_68_hpbulge_nmr_a__legacy_gt__rnafold__historical_legacy121_v1,2MQT_68_hpbulge_nmr_A,rnafold,valid,68,25,27,false,,,,,,,,,,,,,,,,,,,,,family_split_metadata_unavailable;historical_model_version_unknown;historical_output_unknown_decoder_settings;raw_sequence_lowercase,
legacy121_v1__2mqt_68_hpbulge_nmr_a__legacy_gt__petfold__historical_legacy121_v1,2MQT_68_hpbulge_nmr_A,petfold,valid,68,25,28,false,,,,,,,,,,,,,,,,,,,,,family_split_metadata_unavailable;historical_model_version_unknown;historical_output_unknown_decoder_settings;petfold_historical_alignment_input_unknown;raw_sequence_lowercase,
legacy121_v1__2mqt_68_hpbulge_nmr_a__legacy_gt__trrosettarna2_native_ss__historical_legacy121_v1,2MQT_68_hpbulge_nmr_A,trrosettarna2_native_ss,valid,68,25,29,true,/root/autodl-tmp/models/trRosettaRNA2/data/ss_native/2MQT_68_hpbulge_nmr_A/2MQT_68_hpbulge_nmr_A_ss_prob.npz,d09917b9b0d8ccd50134af4d5e7d1bd5f60e6c4bc73b6e4499c003d277b56f2a,d09917b9b0d8ccd50134af4d5e7d1bd5f60e6c4bc73b6e4499c003d277b56f2a,true,pair_scores/legacy121_v1__2mqt_68_hpbulge_nmr_a__legacy_gt__trrosettarna2_native_ss__historical_legacy121_v1.npz,9d6e0c412a7aadc2426ad661d58883bc69c1582c27cf3496eadc13ed8bacdecc,13431,68x68,float32,68,9.942493761627702e-07,2.6744116894406034e-06,0.0,9.678886954134214e-07,0.999954342842102,0,0.0,0.0,0.999954342842102,0.0,family_split_metadata_unavailable;historical_model_version_unknown;historical_output_unknown_decoder_settings;raw_sequence_lowercase;trrna2_historical_checkpoint_identity_unknown,
legacy121_v1__2mtj_47_3wj_nmr_a__legacy_gt__rnafold__historical_legacy121_v1,2MTJ_47_3wj_nmr_A,rnafold,valid,47,15,15,false,,,,,,,,,,,,,,,,,,,,,family_split_metadata_unavailable;historical_model_version_unknown;historical_output_unknown_decoder_settings;raw_sequence_lowercase,
legacy121_v1__2mtj_47_3wj_nmr_a__legacy_gt__petfold__historical_legacy121_v1,2MTJ_47_3wj_nmr_A,petfold,valid,47,15,15,false,,,,,,,,,,,,,,,,,,,,,family_split_metadata_unavailable;historical_model_version_unknown;historical_output_unknown_decoder_settings;petfold_historical_alignment_input_unknown;raw_sequence_lowercase,
legacy121_v1__2mtj_47_3wj_nmr_a__legacy_gt__trrosettarna2_native_ss__historical_legacy121_v1,2MTJ_47_3wj_nmr_A,trrosettarna2_native_ss,valid,47,15,18,true,/root/autodl-tmp/models/trRosettaRNA2/data/ss_native/2MTJ_47_3wj_nmr_A/2MTJ_47_3wj_nmr_A_ss_prob.npz,74e37a5a92e910cef3af758ecc12d1c95b19a936edea17536c2aa831d1e14bf5,74e37a5a92e910cef3af758ecc12d1c95b19a936edea17536c2aa831d1e14bf5,true,pair_scores/legacy121_v1__2mtj_47_3wj_nmr_a__legacy_gt__trrosettarna2_native_ss__historical_legacy121_v1.npz,8f2d9d8251c1ed7a0e7789ab46a4c12766f2e4ff286acbeea643dfa7fac1c745,6386,47x47,float32,47,1.0077928891405463e-06,1.4783748838453903e-06,0.0,9.677578418632038e-07,0.9999504089355469,0,0.0,0.0,0.9999504089355469,0.0,family_split_metadata_unavailable;historical_model_version_unknown;historical_output_unknown_decoder_settings;raw_sequence_lowercase;trrna2_historical_checkpoint_identity_unknown,
legacy121_v1__2mxl_39_hp_nmr_a__legacy_gt__rnafold__historical_legacy121_v1,2MXL_39_hp_nmr_A,rnafold,valid,39,13,13,false,,,,,,,,,,,,,,,,,,,,,family_split_metadata_unavailable;historical_model_version_unknown;historical_output_unknown_decoder_settings;raw_sequence_lowercase,
legacy121_v1__2mxl_39_hp_nmr_a__legacy_gt__petfold__historical_legacy121_v1,2MXL_39_hp_nmr_A,petfold,valid,39,13,13,false,,,,,,,,,,,,,,,,,,,,,family_split_metadata_unavailable;historical_model_version_unknown;historical_output_unknown_decoder_settings;petfold_historical_alignment_input_unknown;raw_sequence_lowercase,
legacy121_v1__2mxl_39_hp_nmr_a__legacy_gt__trrosettarna2_native_ss__historical_legacy121_v1,2MXL_39_hp_nmr_A,trrosettarna2_native_ss,valid,39,13,17,true,/root/autodl-tmp/models/trRosettaRNA2/data/ss_native/2MXL_39_hp_nmr_A/2MXL_39_hp_nmr_A_ss_prob.npz,3d50f09d21aebfd52b87408273b66969003e75b2068ba26b93e41cfc481d65bd,3d50f09d21aebfd52b87408273b66969003e75b2068ba26b93e41cfc481d65bd,true,pair_scores/legacy121_v1__2mxl_39_hp_nmr_a__legacy_gt__trrosettarna2_native_ss__historical_legacy121_v1.npz,bf90ff50f9f061bb8ff0d0e98c1d8249b6359233058102b767be8b6c06b4403b,4383,39x39,float32,39,9.85300630418351e-07,5.950048034719657e-06,0.0,9.662747970651253e-07,0.999980628490448,0,0.0,0.0,0.999980628490448,0.0,family_split_metadata_unavailable;historical_model_version_unknown;historical_output_unknown_decoder_settings;raw_sequence_lowercase;trrna2_historical_checkpoint_identity_unknown,
legacy121_v1__2n1q_155_4wj_nmr_a__legacy_gt__rnafold__historical_legacy121_v1,2N1Q_155_4wj_nmr_A,rnafold,valid,155,53,51,false,,,,,,,,,,,,,,,,,,,,,family_split_metadata_unavailable;historical_model_version_unknown;historical_output_unknown_decoder_settings;raw_sequence_lowercase,
legacy121_v1__2n1q_155_4wj_nmr_a__legacy_gt__petfold__historical_legacy121_v1,2N1Q_155_4wj_nmr_A,petfold,valid,155,53,48,false,,,,,,,,,,,,,,,,,,,,,family_split_metadata_unavailable;historical_model_version_unknown;historical_output_unknown_decoder_settings;petfold_historical_alignment_input_unknown;raw_sequence_lowercase,
legacy121_v1__2n1q_155_4wj_nmr_a__legacy_gt__trrosettarna2_native_ss__historical_legacy121_v1,2N1Q_155_4wj_nmr_A,trrosettarna2_native_ss,valid,155,53,55,true,/root/autodl-tmp/models/trRosettaRNA2/data/ss_native/2N1Q_155_4wj_nmr_A/2N1Q_155_4wj_nmr_A_ss_prob.npz,3c6bd3a9ff1bac50d5d7abbf861ad36189f6d779e7c22c43ab2ccdbfb3f216d1,3c6bd3a9ff1bac50d5d7abbf861ad36189f6d779e7c22c43ab2ccdbfb3f216d1,true,pair_scores/legacy121_v1__2n1q_155_4wj_nmr_a__legacy_gt__trrosettarna2_native_ss__historical_legacy121_v1.npz,bb2dcb3a2bd58a98709ca18f242849f5116b38a65a8eabdb37d5be02592dbc63,80660,155x155,float32,155,1.266050958292908e-06,1.7205173207912594e-05,0.0,1.1484744391054846e-06,0.9940740466117859,0,0.0,0.0,0.9940740466117859,0.0,family_split_metadata_unavailable;historical_model_version_unknown;historical_output_unknown_decoder_settings;raw_sequence_lowercase;trrna2_historical_checkpoint_identity_unknown,
legacy121_v1__2n2p_23_hpbulge_nmr_a__legacy_gt__rnafold__historical_legacy121_v1,2N2P_23_hpbulge_nmr_A,rnafold,valid,23,6,9,false,,,,,,,,,,,,,,,,,,,,,family_split_metadata_unavailable;historical_model_version_unknown;historical_output_unknown_decoder_settings;raw_sequence_lowercase,
legacy121_v1__2n2p_23_hpbulge_nmr_a__legacy_gt__petfold__historical_legacy121_v1,2N2P_23_hpbulge_nmr_A,petfold,valid,23,6,8,false,,,,,,,,,,,,,,,,,,,,,family_split_metadata_unavailable;historical_model_version_unknown;historical_output_unknown_decoder_settings;petfold_historical_alignment_input_unknown;raw_sequence_lowercase,
legacy121_v1__2n2p_23_hpbulge_nmr_a__legacy_gt__trrosettarna2_native_ss__historical_legacy121_v1,2N2P_23_hpbulge_nmr_A,trrosettarna2_native_ss,valid,23,6,6,true,/root/autodl-tmp/models/trRosettaRNA2/data/ss_native/2N2P_23_hpbulge_nmr_A/2N2P_23_hpbulge_nmr_A_ss_prob.npz,729558141a7ac121f546f5ac64a890f89a3f5d590dd304a0dbde99f94ad157bc,729558141a7ac121f546f5ac64a890f89a3f5d590dd304a0dbde99f94ad157bc,true,pair_scores/legacy121_v1__2n2p_23_hpbulge_nmr_a__legacy_gt__trrosettarna2_native_ss__historical_legacy121_v1.npz,ed1925ad85c8dd27929b5ebbb64fc032fe7aca71ff96303a09ab2e366745ba28,1652,23x23,float32,23,1.015200268739136e-06,2.07723041967256e-06,0.0,9.724101346364478e-07,0.9999825358390808,0,0.0,0.0,0.9999825358390808,0.0,family_split_metadata_unavailable;historical_model_version_unknown;historical_output_unknown_decoder_settings;raw_sequence_lowercase;trrna2_historical_checkpoint_identity_unknown,
legacy121_v1__2n3q_62_3wj_nmr_a__legacy_gt__rnafold__historical_legacy121_v1,2N3Q_62_3wj_nmr_A,rnafold,valid,62,21,19,false,,,,,,,,,,,,,,,,,,,,,family_split_metadata_unavailable;historical_model_version_unknown;historical_output_unknown_decoder_settings;raw_sequence_lowercase,
legacy121_v1__2n3q_62_3wj_nmr_a__legacy_gt__petfold__historical_legacy121_v1,2N3Q_62_3wj_nmr_A,petfold,valid,62,21,19,false,,,,,,,,,,,,,,,,,,,,,family_split_metadata_unavailable;historical_model_version_unknown;historical_output_unknown_decoder_settings;petfold_historical_alignment_input_unknown;raw_sequence_lowercase,
legacy121_v1__2n3q_62_3wj_nmr_a__legacy_gt__trrosettarna2_native_ss__historical_legacy121_v1,2N3Q_62_3wj_nmr_A,trrosettarna2_native_ss,valid,62,21,23,true,/root/autodl-tmp/models/trRosettaRNA2/data/ss_native/2N3Q_62_3wj_nmr_A/2N3Q_62_3wj_nmr_A_ss_prob.npz,029a419a4f2471b2702dedd3f260b70b8034c9b836afe8137c407cbb6171eb5b,029a419a4f2471b2702dedd3f260b70b8034c9b836afe8137c407cbb6171eb5b,true,pair_scores/legacy121_v1__2n3q_62_3wj_nmr_a__legacy_gt__trrosettarna2_native_ss__historical_legacy121_v1.npz,9450081930180f1c56fc011a0718ade1dc2e857129e0a41d2bb9a7c044120d18,11230,62x62,float32,62,1.0008587878473918e-06,2.9407938200165518e-06,0.0,9.729259318191907e-07,0.9999451637268066,0,0.0,0.0,0.9999451637268066,0.0,family_split_metadata_unavailable;historical_model_version_unknown;historical_output_unknown_decoder_settings;raw_sequence_lowercase;trrna2_historical_checkpoint_identity_unknown,
legacy121_v1__2n4l_53_hpbulge_nmr_a__legacy_gt__rnafold__historical_legacy121_v1,2N4L_53_hpbulge_nmr_A,rnafold,valid,53,21,21,false,,,,,,,,,,,,,,,,,,,,,family_split_metadata_unavailable;historical_model_version_unknown;historical_output_unknown_decoder_settings;raw_sequence_lowercase,
legacy121_v1__2n4l_53_hpbulge_nmr_a__legacy_gt__petfold__historical_legacy121_v1,2N4L_53_hpbulge_nmr_A,petfold,valid,53,21,21,false,,,,,,,,,,,,,,,,,,,,,family_split_metadata_unavailable;historical_model_version_unknown;historical_output_unknown_decoder_settings;petfold_historical_alignment_input_unknown;raw_sequence_lowercase,
legacy121_v1__2n4l_53_hpbulge_nmr_a__legacy_gt__trrosettarna2_native_ss__historical_legacy121_v1,2N4L_53_hpbulge_nmr_A,trrosettarna2_native_ss,valid,53,21,24,true,/root/autodl-tmp/models/trRosettaRNA2/data/ss_native/2N4L_53_hpbulge_nmr_A/2N4L_53_hpbulge_nmr_A_ss_prob.npz,12bbd6749fd647f612c606221fe85e7e25f0dcbb121caa2af17e75d858b68062,12bbd6749fd647f612c606221fe85e7e25f0dcbb121caa2af17e75d858b68062,true,pair_scores/legacy121_v1__2n4l_53_hpbulge_nmr_a__legacy_gt__trrosettarna2_native_ss__historical_legacy121_v1.npz,69d7071c7e7ff3d0a46ee28fdb292a214d739556dc0d73457170290f43b9bc5c,8073,53x53,float32,53,9.779041647561826e-07,2.5658887352619786e-06,0.0,9.69450525190041e-07,0.9999738931655884,0,0.0,0.0,0.9999738931655884,0.0,family_split_metadata_unavailable;historical_model_version_unknown;historical_output_unknown_decoder_settings;raw_sequence_lowercase;trrna2_historical_checkpoint_identity_unknown,
legacy121_v1__2n6w_68_hpbulge_nmr_a__legacy_gt__rnafold__historical_legacy121_v1,2N6W_68_hpbulge_nmr_A,rnafold,valid,68,25,28,false,,,,,,,,,,,,,,,,,,,,,family_split_metadata_unavailable;historical_model_version_unknown;historical_output_unknown_decoder_settings;raw_sequence_lowercase,
legacy121_v1__2n6w_68_hpbulge_nmr_a__legacy_gt__petfold__historical_legacy121_v1,2N6W_68_hpbulge_nmr_A,petfold,valid,68,25,28,false,,,,,,,,,,,,,,,,,,,,,family_split_metadata_unavailable;historical_model_version_unknown;historical_output_unknown_decoder_settings;petfold_historical_alignment_input_unknown;raw_sequence_lowercase,
legacy121_v1__2n6w_68_hpbulge_nmr_a__legacy_gt__trrosettarna2_native_ss__historical_legacy121_v1,2N6W_68_hpbulge_nmr_A,trrosettarna2_native_ss,valid,68,25,26,true,/root/autodl-tmp/models/trRosettaRNA2/data/ss_native/2N6W_68_hpbulge_nmr_A/2N6W_68_hpbulge_nmr_A_ss_prob.npz,8cc202d70571767aab05686f5661abbda914fa3aa1b1fcff0847dc09d4821257,8cc202d70571767aab05686f5661abbda914fa3aa1b1fcff0847dc09d4821257,true,pair_scores/legacy121_v1__2n6w_68_hpbulge_nmr_a__legacy_gt__trrosettarna2_native_ss__historical_legacy121_v1.npz,b549f1661dfcb2d5a827a580674270cefed61af014c6bc7fc8d293dd1e3bf5ad,13323,68x68,float32,68,1.0430638894831645e-06,5.339377366908593e-06,0.0,9.63579168455908e-07,0.9999083876609802,0,0.0,0.0,0.9999083876609802,0.0,family_split_metadata_unavailable;historical_model_version_unknown;historical_output_unknown_decoder_settings;raw_sequence_lowercase;trrna2_historical_checkpoint_identity_unknown,
legacy121_v1__2nc1_67_3wj_nmr_a__legacy_gt__rnafold__historical_legacy121_v1,2NC1_67_3wj_nmr_A,rnafold,valid,67,25,24,false,,,,,,,,,,,,,,,,,,,,,family_split_metadata_unavailable;historical_model_version_unknown;historical_output_unknown_decoder_settings;raw_sequence_lowercase,
legacy121_v1__2nc1_67_3wj_nmr_a__legacy_gt__petfold__historical_legacy121_v1,2NC1_67_3wj_nmr_A,petfold,valid,67,25,24,false,,,,,,,,,,,,,,,,,,,,,family_split_metadata_unavailable;historical_model_version_unknown;historical_output_unknown_decoder_settings;petfold_historical_alignment_input_unknown;raw_sequence_lowercase,
legacy121_v1__2nc1_67_3wj_nmr_a__legacy_gt__trrosettarna2_native_ss__historical_legacy121_v1,2NC1_67_3wj_nmr_A,trrosettarna2_native_ss,valid,67,25,29,true,/root/autodl-tmp/models/trRosettaRNA2/data/ss_native/2NC1_67_3wj_nmr_A/2NC1_67_3wj_nmr_A_ss_prob.npz,a6a27eccfb8ed42979a359741a0c8f6eb30896251b6de498dedea9b6991dc5ad,a6a27eccfb8ed42979a359741a0c8f6eb30896251b6de498dedea9b6991dc5ad,true,pair_scores/legacy121_v1__2nc1_67_3wj_nmr_a__legacy_gt__trrosettarna2_native_ss__historical_legacy121_v1.npz,5a507c33bf1b1ce62477f434bfdd7f1d67b6a1be0175dfc9379f2c8a8088637a,13146,67x67,float32,67,1.0153286211789236e-06,6.118899364082608e-06,0.0,9.66448510553164e-07,0.9999275207519531,0,0.0,0.0,0.9999275207519531,0.0,family_split_metadata_unavailable;historical_model_version_unknown;historical_output_unknown_decoder_settings;raw_sequence_lowercase;trrna2_historical_checkpoint_identity_unknown,
legacy121_v1__2nci_28_hpbulge_nmr_a__legacy_gt__rnafold__historical_legacy121_v1,2NCI_28_hpbulge_nmr_A,rnafold,valid,28,8,10,false,,,,,,,,,,,,,,,,,,,,,family_split_metadata_unavailable;historical_model_version_unknown;historical_output_unknown_decoder_settings;raw_sequence_lowercase,
legacy121_v1__2nci_28_hpbulge_nmr_a__legacy_gt__petfold__historical_legacy121_v1,2NCI_28_hpbulge_nmr_A,petfold,valid,28,8,10,false,,,,,,,,,,,,,,,,,,,,,family_split_metadata_unavailable;historical_model_version_unknown;historical_output_unknown_decoder_settings;petfold_historical_alignment_input_unknown;raw_sequence_lowercase,
legacy121_v1__2nci_28_hpbulge_nmr_a__legacy_gt__trrosettarna2_native_ss__historical_legacy121_v1,2NCI_28_hpbulge_nmr_A,trrosettarna2_native_ss,valid,28,8,10,true,/root/autodl-tmp/models/trRosettaRNA2/data/ss_native/2NCI_28_hpbulge_nmr_A/2NCI_28_hpbulge_nmr_A_ss_prob.npz,e9e5415d5f706fb25132619f3ba8c81184d8da0b8d765979de6754d399c07d6a,e9e5415d5f706fb25132619f3ba8c81184d8da0b8d765979de6754d399c07d6a,true,pair_scores/legacy121_v1__2nci_28_hpbulge_nmr_a__legacy_gt__trrosettarna2_native_ss__historical_legacy121_v1.npz,37c7c846a02646db6e6e1cee3f666b367fc8e2864ceb4c0192bb8d8f1b6fe5bd,2349,28x28,float32,28,1.0157020824408391e-06,2.211490709669306e-06,0.0,9.808231880015228e-07,0.9999810457229614,0,0.0,0.0,0.9999810457229614,0.0,family_split_metadata_unavailable;historical_model_version_unknown;historical_output_unknown_decoder_settings;raw_sequence_lowercase;trrna2_historical_checkpoint_identity_unknown,
legacy121_v1__2pcv_35_hpbulge_nmr_a__legacy_gt__rnafold__historical_legacy121_v1,2PCV_35_hpbulge_nmr_A,rnafold,valid,35,9,10,false,,,,,,,,,,,,,,,,,,,,,family_split_metadata_unavailable;historical_model_version_unknown;historical_output_unknown_decoder_settings;raw_sequence_lowercase,
legacy121_v1__2pcv_35_hpbulge_nmr_a__legacy_gt__petfold__historical_legacy121_v1,2PCV_35_hpbulge_nmr_A,petfold,valid,35,9,11,false,,,,,,,,,,,,,,,,,,,,,family_split_metadata_unavailable;historical_model_version_unknown;historical_output_unknown_decoder_settings;petfold_historical_alignment_input_unknown;raw_sequence_lowercase,
legacy121_v1__2pcv_35_hpbulge_nmr_a__legacy_gt__trrosettarna2_native_ss__historical_legacy121_v1,2PCV_35_hpbulge_nmr_A,trrosettarna2_native_ss,valid,35,9,10,true,/root/autodl-tmp/models/trRosettaRNA2/data/ss_native/2PCV_35_hpbulge_nmr_A/2PCV_35_hpbulge_nmr_A_ss_prob.npz,247860a4048b657d4bafaf81f9bd448f23e912398e63fd3c7d39a4bba5f15344,247860a4048b657d4bafaf81f9bd448f23e912398e63fd3c7d39a4bba5f15344,true,pair_scores/legacy121_v1__2pcv_35_hpbulge_nmr_a__legacy_gt__trrosettarna2_native_ss__historical_legacy121_v1.npz,639ab9bd39977ad3442dc32172984b2714e17c7d016407d72508d8a0f07dcfe8,3593,35x35,float32,35,1.0237004062219057e-06,1.898959226309671e-06,0.0,9.667058975537657e-07,0.9999753832817078,0,0.0,0.0,0.9999753832817078,0.0,family_split_metadata_unavailable;historical_model_version_unknown;historical_output_unknown_decoder_settings;raw_sequence_lowercase;trrna2_historical_checkpoint_identity_unknown,
legacy121_v1__2qh2_24_hp_nmr_a__legacy_gt__rnafold__historical_legacy121_v1,2QH2_24_hp_nmr_A,rnafold,valid,24,9,8,false,,,,,,,,,,,,,,,,,,,,,family_split_metadata_unavailable;historical_model_version_unknown;historical_output_unknown_decoder_settings;raw_sequence_lowercase,
legacy121_v1__2qh2_24_hp_nmr_a__legacy_gt__petfold__historical_legacy121_v1,2QH2_24_hp_nmr_A,petfold,valid,24,9,8,false,,,,,,,,,,,,,,,,,,,,,family_split_metadata_unavailable;historical_model_version_unknown;historical_output_unknown_decoder_settings;petfold_historical_alignment_input_unknown;raw_sequence_lowercase,
legacy121_v1__2qh2_24_hp_nmr_a__legacy_gt__trrosettarna2_native_ss__historical_legacy121_v1,2QH2_24_hp_nmr_A,trrosettarna2_native_ss,valid,24,9,9,true,/root/autodl-tmp/models/trRosettaRNA2/data/ss_native/2QH2_24_hp_nmr_A/2QH2_24_hp_nmr_A_ss_prob.npz,de055c02aff266c7582f0fa7a40f49c8527f18a3f6cc47459aa1bea1048feb77,de055c02aff266c7582f0fa7a40f49c8527f18a3f6cc47459aa1bea1048feb77,true,pair_scores/legacy121_v1__2qh2_24_hp_nmr_a__legacy_gt__trrosettarna2_native_ss__historical_legacy121_v1.npz,ef0fa3391c72ba42bfadc56c5e18820e91108c9153d483aee773de5d139892b0,1773,24x24,float32,24,9.926029633788858e-07,2.23530832954566e-06,0.0,9.700102054921445e-07,0.9999831914901733,0,0.0,0.0,0.9999831914901733,0.0,family_split_metadata_unavailable;historical_model_version_unknown;historical_output_unknown_decoder_settings;raw_sequence_lowercase;trrna2_historical_checkpoint_identity_unknown,
legacy121_v1__2ro2_23_hp_nmr_a__legacy_gt__rnafold__historical_legacy121_v1,2RO2_23_hp_nmr_A,rnafold,valid,23,9,9,false,,,,,,,,,,,,,,,,,,,,,family_split_metadata_unavailable;historical_model_version_unknown;historical_output_unknown_decoder_settings;raw_sequence_lowercase,
legacy121_v1__2ro2_23_hp_nmr_a__legacy_gt__petfold__historical_legacy121_v1,2RO2_23_hp_nmr_A,petfold,valid,23,9,9,false,,,,,,,,,,,,,,,,,,,,,family_split_metadata_unavailable;historical_model_version_unknown;historical_output_unknown_decoder_settings;petfold_historical_alignment_input_unknown;raw_sequence_lowercase,
legacy121_v1__2ro2_23_hp_nmr_a__legacy_gt__trrosettarna2_native_ss__historical_legacy121_v1,2RO2_23_hp_nmr_A,trrosettarna2_native_ss,valid,23,9,10,true,/root/autodl-tmp/models/trRosettaRNA2/data/ss_native/2RO2_23_hp_nmr_A/2RO2_23_hp_nmr_A_ss_prob.npz,b3c65a092ff16324692533afb5ffb335d1b3e5cf12da9200992225cb4e0bb25c,b3c65a092ff16324692533afb5ffb335d1b3e5cf12da9200992225cb4e0bb25c,true,pair_scores/legacy121_v1__2ro2_23_hp_nmr_a__legacy_gt__trrosettarna2_native_ss__historical_legacy121_v1.npz,dab148cc7b6834c2ac6356bcbe94da8df6a62173ac702af5dac8c4a0102b3cdf,1631,23x23,float32,23,1.0148952469535288e-06,2.5701235699671088e-06,0.0,9.70680503087351e-07,0.9999825954437256,0,0.0,0.0,0.9999825954437256,0.0,family_split_metadata_unavailable;historical_model_version_unknown;historical_output_unknown_decoder_settings;raw_sequence_lowercase;trrna2_historical_checkpoint_identity_unknown,
legacy121_v1__2rvo_34_hp_nmr_a__legacy_gt__rnafold__historical_legacy121_v1,2RVO_34_hp_nmr_A,rnafold,valid,34,13,13,false,,,,,,,,,,,,,,,,,,,,,family_split_metadata_unavailable;historical_model_version_unknown;historical_output_unknown_decoder_settings;raw_sequence_lowercase,
legacy121_v1__2rvo_34_hp_nmr_a__legacy_gt__petfold__historical_legacy121_v1,2RVO_34_hp_nmr_A,petfold,valid,34,13,13,false,,,,,,,,,,,,,,,,,,,,,family_split_metadata_unavailable;historical_model_version_unknown;historical_output_unknown_decoder_settings;petfold_historical_alignment_input_unknown;raw_sequence_lowercase,
legacy121_v1__2rvo_34_hp_nmr_a__legacy_gt__trrosettarna2_native_ss__historical_legacy121_v1,2RVO_34_hp_nmr_A,trrosettarna2_native_ss,valid,34,13,14,true,/root/autodl-tmp/models/trRosettaRNA2/data/ss_native/2RVO_34_hp_nmr_A/2RVO_34_hp_nmr_A_ss_prob.npz,5dd7ac718d139a4913699cc0be1188aa635083f585629dc260b7164bbdd405c4,5dd7ac718d139a4913699cc0be1188aa635083f585629dc260b7164bbdd405c4,true,pair_scores/legacy121_v1__2rvo_34_hp_nmr_a__legacy_gt__trrosettarna2_native_ss__historical_legacy121_v1.npz,0ce7eb31045db0e5d7fdce2a9132f03524228d7495f6b450e2d04e1cf1190696,3358,34x34,float32,34,9.972867474061786e-07,2.152542947442271e-06,0.0,9.688637874205597e-07,0.9999822378158569,0,0.0,0.0,0.9999822378158569,0.0,family_split_metadata_unavailable;historical_model_version_unknown;historical_output_unknown_decoder_settings;raw_sequence_lowercase;trrna2_historical_checkpoint_identity_unknown,
legacy121_v1__2tpk_35_pseudoknot_nmr_a__legacy_gt__rnafold__historical_legacy121_v1,2TPK_35_pseudoknot_nmr_A,rnafold,valid,36,12,8,false,,,,,,,,,,,,,,,,,,,,,family_split_metadata_unavailable;historical_model_version_unknown;historical_output_unknown_decoder_settings;raw_sequence_lowercase,
legacy121_v1__2tpk_35_pseudoknot_nmr_a__legacy_gt__petfold__historical_legacy121_v1,2TPK_35_pseudoknot_nmr_A,petfold,valid,36,12,10,false,,,,,,,,,,,,,,,,,,,,,family_split_metadata_unavailable;historical_model_version_unknown;historical_output_unknown_decoder_settings;petfold_historical_alignment_input_unknown;raw_sequence_lowercase,
legacy121_v1__2tpk_35_pseudoknot_nmr_a__legacy_gt__trrosettarna2_native_ss__historical_legacy121_v1,2TPK_35_pseudoknot_nmr_A,trrosettarna2_native_ss,valid,36,12,12,true,/root/autodl-tmp/models/trRosettaRNA2/data/ss_native/2TPK_35_pseudoknot_nmr_A/2TPK_35_pseudoknot_nmr_A_ss_prob.npz,68a793f868a25c5750a8b049cf5c890e5414648a864dae334742dca1e01eecb0,68a793f868a25c5750a8b049cf5c890e5414648a864dae334742dca1e01eecb0,true,pair_scores/legacy121_v1__2tpk_35_pseudoknot_nmr_a__legacy_gt__trrosettarna2_native_ss__historical_legacy121_v1.npz,f9306e526b206a6f14561441dca41c875f3ed0b75d9814d26d8ad643da4cf3d1,3784,36x36,float32,36,1.010470327855728e-06,1.8588683587950072e-06,0.0,9.678955166236847e-07,0.9999794960021973,0,0.0,0.0,0.9999794960021973,0.0,family_split_metadata_unavailable;historical_model_version_unknown;historical_output_unknown_decoder_settings;raw_sequence_lowercase;trrna2_historical_checkpoint_identity_unknown,
legacy121_v1__387d_26_hpbulge_xray_a__legacy_gt__rnafold__historical_legacy121_v1,387D_26_hpbulge_xray_A,rnafold,valid,26,4,6,false,,,,,,,,,,,,,,,,,,,,,family_split_metadata_unavailable;historical_model_version_unknown;historical_output_unknown_decoder_settings;raw_sequence_lowercase,
legacy121_v1__387d_26_hpbulge_xray_a__legacy_gt__petfold__historical_legacy121_v1,387D_26_hpbulge_xray_A,petfold,valid,26,4,6,false,,,,,,,,,,,,,,,,,,,,,family_split_metadata_unavailable;historical_model_version_unknown;historical_output_unknown_decoder_settings;petfold_historical_alignment_input_unknown;raw_sequence_lowercase,
legacy121_v1__387d_26_hpbulge_xray_a__legacy_gt__trrosettarna2_native_ss__historical_legacy121_v1,387D_26_hpbulge_xray_A,trrosettarna2_native_ss,valid,26,4,5,true,/root/autodl-tmp/models/trRosettaRNA2/data/ss_native/387D_26_hpbulge_xray_A/387D_26_hpbulge_xray_A_ss_prob.npz,5453bbcee49afe3c0e8a59bffdb256cf1dead8fd4b437023790a2c994c4d921e,5453bbcee49afe3c0e8a59bffdb256cf1dead8fd4b437023790a2c994c4d921e,true,pair_scores/legacy121_v1__387d_26_hpbulge_xray_a__legacy_gt__trrosettarna2_native_ss__historical_legacy121_v1.npz,5116763f0200d4413c7b4b76dd85589341fbd484d0bc228c484e4c039f43f9ce,2079,26x26,float32,26,1.058822704180784e-06,3.813005378106027e-06,0.0,9.792593118618242e-07,0.9999785423278809,0,0.0,0.0,0.9999785423278809,0.0,family_split_metadata_unavailable;historical_model_version_unknown;historical_output_unknown_decoder_settings;raw_sequence_lowercase;trrna2_historical_checkpoint_identity_unknown,
legacy121_v1__5a17_32_hp_nmr_a__legacy_gt__rnafold__historical_legacy121_v1,5A17_32_hp_nmr_A,rnafold,valid,32,11,11,false,,,,,,,,,,,,,,,,,,,,,family_split_metadata_unavailable;historical_model_version_unknown;historical_output_unknown_decoder_settings;raw_sequence_lowercase,
legacy121_v1__5a17_32_hp_nmr_a__legacy_gt__petfold__historical_legacy121_v1,5A17_32_hp_nmr_A,petfold,valid,32,11,10,false,,,,,,,,,,,,,,,,,,,,,family_split_metadata_unavailable;historical_model_version_unknown;historical_output_unknown_decoder_settings;petfold_historical_alignment_input_unknown;raw_sequence_lowercase,
legacy121_v1__5a17_32_hp_nmr_a__legacy_gt__trrosettarna2_native_ss__historical_legacy121_v1,5A17_32_hp_nmr_A,trrosettarna2_native_ss,valid,32,11,13,true,/root/autodl-tmp/models/trRosettaRNA2/data/ss_native/5A17_32_hp_nmr_A/5A17_32_hp_nmr_A_ss_prob.npz,74bf7fd8e375c3120162209fbd4f466d6382d6d920da8f41fa71cbbc4d2dc20f,74bf7fd8e375c3120162209fbd4f466d6382d6d920da8f41fa71cbbc4d2dc20f,true,pair_scores/legacy121_v1__5a17_32_hp_nmr_a__legacy_gt__trrosettarna2_native_ss__historical_legacy121_v1.npz,25d418997b5f98ce3d075f9f3ecb0ae73fa3592e90c3abf4407947db78a29697,2989,32x32,float32,32,1.0111571100424044e-06,1.7382087662554113e-06,0.0,9.73205601439986e-07,0.9999818801879883,0,0.0,0.0,0.9999818801879883,0.0,family_split_metadata_unavailable;historical_model_version_unknown;historical_output_unknown_decoder_settings;raw_sequence_lowercase;trrna2_historical_checkpoint_identity_unknown,
legacy121_v1__5kh8_47_3wj_nmr_a__legacy_gt__rnafold__historical_legacy121_v1,5KH8_47_3wj_nmr_A,rnafold,valid,47,14,9,false,,,,,,,,,,,,,,,,,,,,,family_split_metadata_unavailable;historical_model_version_unknown;historical_output_unknown_decoder_settings;raw_sequence_lowercase,
legacy121_v1__5kh8_47_3wj_nmr_a__legacy_gt__petfold__historical_legacy121_v1,5KH8_47_3wj_nmr_A,petfold,valid,47,14,9,false,,,,,,,,,,,,,,,,,,,,,family_split_metadata_unavailable;historical_model_version_unknown;historical_output_unknown_decoder_settings;petfold_historical_alignment_input_unknown;raw_sequence_lowercase,
legacy121_v1__5kh8_47_3wj_nmr_a__legacy_gt__trrosettarna2_native_ss__historical_legacy121_v1,5KH8_47_3wj_nmr_A,trrosettarna2_native_ss,valid,47,14,17,true,/root/autodl-tmp/models/trRosettaRNA2/data/ss_native/5KH8_47_3wj_nmr_A/5KH8_47_3wj_nmr_A_ss_prob.npz,e874f496fc64b959844f2c3c559a7130de47bbdce839b9cd89e43abb50dc1127,e874f496fc64b959844f2c3c559a7130de47bbdce839b9cd89e43abb50dc1127,true,pair_scores/legacy121_v1__5kh8_47_3wj_nmr_a__legacy_gt__trrosettarna2_native_ss__historical_legacy121_v1.npz,d7f6194b3bd5395f7630358b3175f228698b8c5956acfcfc6a35ed038142d16b,6411,47x47,float32,47,1.0095297966472572e-06,6.857014341221657e-06,0.0,9.67210553426412e-07,0.9999799728393555,0,0.0,0.0,0.9999799728393555,0.0,family_split_metadata_unavailable;historical_model_version_unknown;historical_output_unknown_decoder_settings;raw_sequence_lowercase;trrna2_historical_checkpoint_identity_unknown,
legacy121_v1__5kqe_35_hpbulge_nmr_a__legacy_gt__rnafold__historical_legacy121_v1,5KQE_35_hpbulge_nmr_A,rnafold,valid,36,13,13,false,,,,,,,,,,,,,,,,,,,,,family_split_metadata_unavailable;historical_model_version_unknown;historical_output_unknown_decoder_settings;raw_sequence_lowercase,
legacy121_v1__5kqe_35_hpbulge_nmr_a__legacy_gt__petfold__historical_legacy121_v1,5KQE_35_hpbulge_nmr_A,petfold,valid,36,13,13,false,,,,,,,,,,,,,,,,,,,,,family_split_metadata_unavailable;historical_model_version_unknown;historical_output_unknown_decoder_settings;petfold_historical_alignment_input_unknown;raw_sequence_lowercase,
legacy121_v1__5kqe_35_hpbulge_nmr_a__legacy_gt__trrosettarna2_native_ss__historical_legacy121_v1,5KQE_35_hpbulge_nmr_A,trrosettarna2_native_ss,valid,36,13,14,true,/root/autodl-tmp/models/trRosettaRNA2/data/ss_native/5KQE_35_hpbulge_nmr_A/5KQE_35_hpbulge_nmr_A_ss_prob.npz,b97689c501ec3d9c979e0895f77c4a534dd1ec1a74c3d5529fc1975217717e58,b97689c501ec3d9c979e0895f77c4a534dd1ec1a74c3d5529fc1975217717e58,true,pair_scores/legacy121_v1__5kqe_35_hpbulge_nmr_a__legacy_gt__trrosettarna2_native_ss__historical_legacy121_v1.npz,344bf119b4196ba222c70262cbb7ae17eb4fe369bcaf3c3c9986b459871ebed1,3752,36x36,float32,36,9.87168959909468e-07,2.038487309619086e-06,0.0,9.693442279967712e-07,0.9999823570251465,0,0.0,0.0,0.9999823570251465,0.0,family_split_metadata_unavailable;historical_model_version_unknown;historical_output_unknown_decoder_settings;raw_sequence_lowercase;trrna2_historical_checkpoint_identity_unknown,
legacy121_v1__5lsn_28_hp_nmr_a__legacy_gt__rnafold__historical_legacy121_v1,5LSN_28_hp_nmr_A,rnafold,valid,29,12,12,false,,,,,,,,,,,,,,,,,,,,,family_split_metadata_unavailable;historical_model_version_unknown;historical_output_unknown_decoder_settings;raw_sequence_lowercase,
legacy121_v1__5lsn_28_hp_nmr_a__legacy_gt__petfold__historical_legacy121_v1,5LSN_28_hp_nmr_A,petfold,valid,29,12,13,false,,,,,,,,,,,,,,,,,,,,,family_split_metadata_unavailable;historical_model_version_unknown;historical_output_unknown_decoder_settings;petfold_historical_alignment_input_unknown;raw_sequence_lowercase,
legacy121_v1__5lsn_28_hp_nmr_a__legacy_gt__trrosettarna2_native_ss__historical_legacy121_v1,5LSN_28_hp_nmr_A,trrosettarna2_native_ss,valid,29,12,14,true,/root/autodl-tmp/models/trRosettaRNA2/data/ss_native/5LSN_28_hp_nmr_A/5LSN_28_hp_nmr_A_ss_prob.npz,863eb64dd35d8efeaba66cdab2faebb5c708c8f9eb2e5c00b5decb2766765c3e,863eb64dd35d8efeaba66cdab2faebb5c708c8f9eb2e5c00b5decb2766765c3e,true,pair_scores/legacy121_v1__5lsn_28_hp_nmr_a__legacy_gt__trrosettarna2_native_ss__historical_legacy121_v1.npz,b62c1ef3f25ab1f1a5684ff4760940edc90916dae749d837ce8df4cae9be02db,2479,29x29,float32,29,9.572376029609586e-07,3.3325729873467935e-06,0.0,9.572376029609586e-07,0.9999837875366211,0,0.0,0.0,0.9999837875366211,0.0,family_split_metadata_unavailable;historical_model_version_unknown;historical_output_unknown_decoder_settings;raw_sequence_lowercase;trrna2_historical_checkpoint_identity_unknown,
legacy121_v1__5uf3_23_hp_nmr_a__legacy_gt__rnafold__historical_legacy121_v1,5UF3_23_hp_nmr_A,rnafold,valid,23,9,9,false,,,,,,,,,,,,,,,,,,,,,family_split_metadata_unavailable;historical_model_version_unknown;historical_output_unknown_decoder_settings;raw_sequence_lowercase,
legacy121_v1__5uf3_23_hp_nmr_a__legacy_gt__petfold__historical_legacy121_v1,5UF3_23_hp_nmr_A,petfold,valid,23,9,9,false,,,,,,,,,,,,,,,,,,,,,family_split_metadata_unavailable;historical_model_version_unknown;historical_output_unknown_decoder_settings;petfold_historical_alignment_input_unknown;raw_sequence_lowercase,
legacy121_v1__5uf3_23_hp_nmr_a__legacy_gt__trrosettarna2_native_ss__historical_legacy121_v1,5UF3_23_hp_nmr_A,trrosettarna2_native_ss,valid,23,9,9,true,/root/autodl-tmp/models/trRosettaRNA2/data/ss_native/5UF3_23_hp_nmr_A/5UF3_23_hp_nmr_A_ss_prob.npz,c7eee63a7e04845cf8fac066362f9bac5c9b675a2756095033b92013bbb54522,c7eee63a7e04845cf8fac066362f9bac5c9b675a2756095033b92013bbb54522,true,pair_scores/legacy121_v1__5uf3_23_hp_nmr_a__legacy_gt__trrosettarna2_native_ss__historical_legacy121_v1.npz,57f72de665bf1c47fde6355c5ba9bc14320a1f1536835137aceb1750bec9411f,1644,23x23,float32,23,1.0304190709575778e-06,2.4788732844172046e-06,0.0,9.85152382781962e-07,0.9999815821647644,0,0.0,0.0,0.9999815821647644,0.0,family_split_metadata_unavailable;historical_model_version_unknown;historical_output_unknown_decoder_settings;raw_sequence_lowercase;trrna2_historical_checkpoint_identity_unknown,
legacy121_v1__5uzt_31_hp_nmr_a__legacy_gt__rnafold__historical_legacy121_v1,5UZT_31_hp_nmr_A,rnafold,valid,31,10,13,false,,,,,,,,,,,,,,,,,,,,,family_split_metadata_unavailable;historical_model_version_unknown;historical_output_unknown_decoder_settings;raw_sequence_lowercase,
legacy121_v1__5uzt_31_hp_nmr_a__legacy_gt__petfold__historical_legacy121_v1,5UZT_31_hp_nmr_A,petfold,valid,31,10,13,false,,,,,,,,,,,,,,,,,,,,,family_split_metadata_unavailable;historical_model_version_unknown;historical_output_unknown_decoder_settings;petfold_historical_alignment_input_unknown;raw_sequence_lowercase,
legacy121_v1__5uzt_31_hp_nmr_a__legacy_gt__trrosettarna2_native_ss__historical_legacy121_v1,5UZT_31_hp_nmr_A,trrosettarna2_native_ss,valid,31,10,10,true,/root/autodl-tmp/models/trRosettaRNA2/data/ss_native/5UZT_31_hp_nmr_A/5UZT_31_hp_nmr_A_ss_prob.npz,f7f03cb225c8dd654a730723bcd8365a0f2f75b5d9bcaab95ffd9778654c5816,f7f03cb225c8dd654a730723bcd8365a0f2f75b5d9bcaab95ffd9778654c5816,true,pair_scores/legacy121_v1__5uzt_31_hp_nmr_a__legacy_gt__trrosettarna2_native_ss__historical_legacy121_v1.npz,db0e6c557d905623d89e78ca812971138313da368652634d35b2017b7b9ac40c,2834,31x31,float32,31,1.021161779135582e-06,2.9035634270258015e-06,0.0,9.64185232987802e-07,0.9999825954437256,0,0.0,0.0,0.9999825954437256,0.0,family_split_metadata_unavailable;historical_model_version_unknown;historical_output_unknown_decoder_settings;raw_sequence_lowercase;trrna2_historical_checkpoint_identity_unknown,
legacy121_v1__5v16_41_hpbulge_nmr_a__legacy_gt__rnafold__historical_legacy121_v1,5V16_41_hpbulge_nmr_A,rnafold,valid,41,15,15,false,,,,,,,,,,,,,,,,,,,,,family_split_metadata_unavailable;historical_model_version_unknown;historical_output_unknown_decoder_settings;raw_sequence_lowercase,
legacy121_v1__5v16_41_hpbulge_nmr_a__legacy_gt__petfold__historical_legacy121_v1,5V16_41_hpbulge_nmr_A,petfold,valid,41,15,15,false,,,,,,,,,,,,,,,,,,,,,family_split_metadata_unavailable;historical_model_version_unknown;historical_output_unknown_decoder_settings;petfold_historical_alignment_input_unknown;raw_sequence_lowercase,
legacy121_v1__5v16_41_hpbulge_nmr_a__legacy_gt__trrosettarna2_native_ss__historical_legacy121_v1,5V16_41_hpbulge_nmr_A,trrosettarna2_native_ss,valid,41,15,16,true,/root/autodl-tmp/models/trRosettaRNA2/data/ss_native/5V16_41_hpbulge_nmr_A/5V16_41_hpbulge_nmr_A_ss_prob.npz,8ceb3c7e357af4c7d3e27f4f1286ff128151935524d97593898bae4d8ff7554f,8ceb3c7e357af4c7d3e27f4f1286ff128151935524d97593898bae4d8ff7554f,true,pair_scores/legacy121_v1__5v16_41_hpbulge_nmr_a__legacy_gt__trrosettarna2_native_ss__historical_legacy121_v1.npz,683bb5ff590afa7914d67cc69c4ea7fcd99658943a3536723452d669ffbb2e8f,4930,41x41,float32,41,9.934431091096485e-07,1.0253915206703823e-05,0.0,9.708143124953494e-07,0.9999637007713318,0,0.0,0.0,0.9999637007713318,0.0,family_split_metadata_unavailable;historical_model_version_unknown;historical_output_unknown_decoder_settings;raw_sequence_lowercase;trrna2_historical_checkpoint_identity_unknown,
legacy121_v1__5wq1_23_hp_nmr_a__legacy_gt__rnafold__historical_legacy121_v1,5WQ1_23_hp_nmr_A,rnafold,valid,23,9,9,false,,,,,,,,,,,,,,,,,,,,,family_split_metadata_unavailable;historical_model_version_unknown;historical_output_unknown_decoder_settings;raw_sequence_lowercase,
legacy121_v1__5wq1_23_hp_nmr_a__legacy_gt__petfold__historical_legacy121_v1,5WQ1_23_hp_nmr_A,petfold,valid,23,9,9,false,,,,,,,,,,,,,,,,,,,,,family_split_metadata_unavailable;historical_model_version_unknown;historical_output_unknown_decoder_settings;petfold_historical_alignment_input_unknown;raw_sequence_lowercase,
legacy121_v1__5wq1_23_hp_nmr_a__legacy_gt__trrosettarna2_native_ss__historical_legacy121_v1,5WQ1_23_hp_nmr_A,trrosettarna2_native_ss,valid,23,9,9,true,/root/autodl-tmp/models/trRosettaRNA2/data/ss_native/5WQ1_23_hp_nmr_A/5WQ1_23_hp_nmr_A_ss_prob.npz,7a986c5353c788f486d96343107cd03e85e440a326be606afedb06e0e52588a3,7a986c5353c788f486d96343107cd03e85e440a326be606afedb06e0e52588a3,true,pair_scores/legacy121_v1__5wq1_23_hp_nmr_a__legacy_gt__trrosettarna2_native_ss__historical_legacy121_v1.npz,5a67420325731cd7ff5435fe4894e73dadf3b51c524cf4ab7cef03fe556299e9,1629,23x23,float32,23,1.0412134088255698e-06,1.6849087387527106e-06,0.0,9.807315564103192e-07,0.9999836683273315,0,0.0,0.0,0.9999836683273315,0.0,family_split_metadata_unavailable;historical_model_version_unknown;historical_output_unknown_decoder_settings;raw_sequence_lowercase;trrna2_historical_checkpoint_identity_unknown,
legacy121_v1__6hyk_31_hpbulge_nmr_a__legacy_gt__rnafold__historical_legacy121_v1,6HYK_31_hpbulge_nmr_A,rnafold,valid,31,9,9,false,,,,,,,,,,,,,,,,,,,,,family_split_metadata_unavailable;historical_model_version_unknown;historical_output_unknown_decoder_settings;raw_sequence_lowercase,
legacy121_v1__6hyk_31_hpbulge_nmr_a__legacy_gt__petfold__historical_legacy121_v1,6HYK_31_hpbulge_nmr_A,petfold,valid,31,9,9,false,,,,,,,,,,,,,,,,,,,,,family_split_metadata_unavailable;historical_model_version_unknown;historical_output_unknown_decoder_settings;petfold_historical_alignment_input_unknown;raw_sequence_lowercase,
legacy121_v1__6hyk_31_hpbulge_nmr_a__legacy_gt__trrosettarna2_native_ss__historical_legacy121_v1,6HYK_31_hpbulge_nmr_A,trrosettarna2_native_ss,valid,31,9,13,true,/root/autodl-tmp/models/trRosettaRNA2/data/ss_native/6HYK_31_hpbulge_nmr_A/6HYK_31_hpbulge_nmr_A_ss_prob.npz,a77ba867cd4bd9e1e1ce09e34a4f196461700316f2e4a2363fc2b595b4009a65,a77ba867cd4bd9e1e1ce09e34a4f196461700316f2e4a2363fc2b595b4009a65,true,pair_scores/legacy121_v1__6hyk_31_hpbulge_nmr_a__legacy_gt__trrosettarna2_native_ss__historical_legacy121_v1.npz,b59c2821c44323fa09080dd5601b22829a95d3665089df01149fb6773f3e1e5b,2809,31x31,float32,31,9.966986453946447e-07,2.555836999817984e-06,0.0,9.761467936186818e-07,0.9999822974205017,0,0.0,0.0,0.9999822974205017,0.0,family_split_metadata_unavailable;historical_model_version_unknown;historical_output_unknown_decoder_settings;raw_sequence_lowercase;trrna2_historical_checkpoint_identity_unknown,
legacy121_v1__6noa_56_hp_nmr_a__legacy_gt__rnafold__historical_legacy121_v1,6NOA_56_hp_nmr_A,rnafold,valid,56,17,17,false,,,,,,,,,,,,,,,,,,,,,family_split_metadata_unavailable;historical_model_version_unknown;historical_output_unknown_decoder_settings;raw_sequence_lowercase,
legacy121_v1__6noa_56_hp_nmr_a__legacy_gt__petfold__historical_legacy121_v1,6NOA_56_hp_nmr_A,petfold,valid,56,17,17,false,,,,,,,,,,,,,,,,,,,,,family_split_metadata_unavailable;historical_model_version_unknown;historical_output_unknown_decoder_settings;petfold_historical_alignment_input_unknown;raw_sequence_lowercase,
legacy121_v1__6noa_56_hp_nmr_a__legacy_gt__trrosettarna2_native_ss__historical_legacy121_v1,6NOA_56_hp_nmr_A,trrosettarna2_native_ss,valid,56,17,19,true,/root/autodl-tmp/models/trRosettaRNA2/data/ss_native/6NOA_56_hp_nmr_A/6NOA_56_hp_nmr_A_ss_prob.npz,1c053423d986b32848a7030ce80d0dea25e5ab9cea7b264a4ac1b3164e533f10,1c053423d986b32848a7030ce80d0dea25e5ab9cea7b264a4ac1b3164e533f10,true,pair_scores/legacy121_v1__6noa_56_hp_nmr_a__legacy_gt__trrosettarna2_native_ss__historical_legacy121_v1.npz,14f50efb61f6eca714daeeacc6eb7410579463c8c46bf41a06f9f939094e1d18,9034,56x56,float32,56,1.044303530761681e-06,3.560555342119187e-06,0.0,9.646994385548169e-07,0.9999753832817078,0,0.0,0.0,0.9999753832817078,0.0,family_split_metadata_unavailable;historical_model_version_unknown;historical_output_unknown_decoder_settings;raw_sequence_lowercase;trrna2_historical_checkpoint_identity_unknown,
legacy121_v1__6pk9_20_hp_nmr_a__legacy_gt__rnafold__historical_legacy121_v1,6PK9_20_hp_nmr_A,rnafold,valid,20,7,7,false,,,,,,,,,,,,,,,,,,,,,family_split_metadata_unavailable;historical_model_version_unknown;historical_output_unknown_decoder_settings;raw_sequence_lowercase,
legacy121_v1__6pk9_20_hp_nmr_a__legacy_gt__petfold__historical_legacy121_v1,6PK9_20_hp_nmr_A,petfold,valid,20,7,7,false,,,,,,,,,,,,,,,,,,,,,family_split_metadata_unavailable;historical_model_version_unknown;historical_output_unknown_decoder_settings;petfold_historical_alignment_input_unknown;raw_sequence_lowercase,
legacy121_v1__6pk9_20_hp_nmr_a__legacy_gt__trrosettarna2_native_ss__historical_legacy121_v1,6PK9_20_hp_nmr_A,trrosettarna2_native_ss,valid,20,7,7,true,/root/autodl-tmp/models/trRosettaRNA2/data/ss_native/6PK9_20_hp_nmr_A/6PK9_20_hp_nmr_A_ss_prob.npz,78ffcb1b23ae5bbbf7f1bbe8a10305aacbd681e47d66113b4dbe95a5fdbd8401,78ffcb1b23ae5bbbf7f1bbe8a10305aacbd681e47d66113b4dbe95a5fdbd8401,true,pair_scores/legacy121_v1__6pk9_20_hp_nmr_a__legacy_gt__trrosettarna2_native_ss__historical_legacy121_v1.npz,192023a153c417ec75642d78ff1a9223a5d199310f409feab01be609155366c6,1298,20x20,float32,20,9.822537094805739e-07,2.4438704713247716e-06,0.0,9.68592075878405e-07,0.9999817609786987,0,0.0,0.0,0.9999817609786987,0.0,family_split_metadata_unavailable;historical_model_version_unknown;historical_output_unknown_decoder_settings;raw_sequence_lowercase;trrna2_historical_checkpoint_identity_unknown,
legacy121_v1__6u79_37_hp_nmr_a__legacy_gt__rnafold__historical_legacy121_v1,6U79_37_hp_nmr_A,rnafold,valid,37,15,15,false,,,,,,,,,,,,,,,,,,,,,family_split_metadata_unavailable;historical_model_version_unknown;historical_output_unknown_decoder_settings;raw_sequence_lowercase,
legacy121_v1__6u79_37_hp_nmr_a__legacy_gt__petfold__historical_legacy121_v1,6U79_37_hp_nmr_A,petfold,valid,37,15,15,false,,,,,,,,,,,,,,,,,,,,,family_split_metadata_unavailable;historical_model_version_unknown;historical_output_unknown_decoder_settings;petfold_historical_alignment_input_unknown;raw_sequence_lowercase,
legacy121_v1__6u79_37_hp_nmr_a__legacy_gt__trrosettarna2_native_ss__historical_legacy121_v1,6U79_37_hp_nmr_A,trrosettarna2_native_ss,valid,37,15,15,true,/root/autodl-tmp/models/trRosettaRNA2/data/ss_native/6U79_37_hp_nmr_A/6U79_37_hp_nmr_A_ss_prob.npz,a819a43d2dcc7cf7430f38fbc78589b6f9a21f6561d7eb0ea1343e2c16bbba5f,a819a43d2dcc7cf7430f38fbc78589b6f9a21f6561d7eb0ea1343e2c16bbba5f,true,pair_scores/legacy121_v1__6u79_37_hp_nmr_a__legacy_gt__trrosettarna2_native_ss__historical_legacy121_v1.npz,c3682eea58756e6ca8cb96930731b1bc6e72b289ddd5bd444df2b78f16ea8913,3935,37x37,float32,37,1.0030182693299139e-06,3.273377842560876e-06,0.0,9.556555369272246e-07,0.9999832510948181,0,0.0,0.0,0.9999832510948181,0.0,family_split_metadata_unavailable;historical_model_version_unknown;historical_output_unknown_decoder_settings;raw_sequence_lowercase;trrna2_historical_checkpoint_identity_unknown,
legacy121_v1__6ues_119_4wjpseudoknot_cryoem_a__legacy_gt__rnafold__historical_legacy121_v1,6UES_119_4wjpseudoknot_cryoEM_A,rnafold,valid,119,43,38,false,,,,,,,,,,,,,,,,,,,,,family_split_metadata_unavailable;historical_model_version_unknown;historical_output_unknown_decoder_settings;raw_sequence_lowercase,
legacy121_v1__6ues_119_4wjpseudoknot_cryoem_a__legacy_gt__petfold__historical_legacy121_v1,6UES_119_4wjpseudoknot_cryoEM_A,petfold,valid,119,43,39,false,,,,,,,,,,,,,,,,,,,,,family_split_metadata_unavailable;historical_model_version_unknown;historical_output_unknown_decoder_settings;petfold_historical_alignment_input_unknown;raw_sequence_lowercase,
legacy121_v1__6ues_119_4wjpseudoknot_cryoem_a__legacy_gt__trrosettarna2_native_ss__historical_legacy121_v1,6UES_119_4wjpseudoknot_cryoEM_A,trrosettarna2_native_ss,valid,119,43,47,true,/root/autodl-tmp/models/trRosettaRNA2/data/ss_native/6UES_119_4wjpseudoknot_cryoEM_A/6UES_119_4wjpseudoknot_cryoEM_A_ss_prob.npz,aa2932158a57366ccb9ecc79542917136e899a484f6be72e0ed0a36f6558135e,aa2932158a57366ccb9ecc79542917136e899a484f6be72e0ed0a36f6558135e,true,pair_scores/legacy121_v1__6ues_119_4wjpseudoknot_cryoem_a__legacy_gt__trrosettarna2_native_ss__historical_legacy121_v1.npz,f11bebdbecb8e95c2cc5692615d72b0b67843f959d89e4908c33dd34735de942,44636,119x119,float32,119,1.1116226232843474e-06,1.15029833978042e-05,0.0,1.1027409527741838e-06,0.99720299243927,0,0.0,0.0,0.99720299243927,0.0,family_split_metadata_unavailable;historical_model_version_unknown;historical_output_unknown_decoder_settings;raw_sequence_lowercase;trrna2_historical_checkpoint_identity_unknown,
legacy121_v1__6var_61_hpbulge_nmr_a__legacy_gt__rnafold__historical_legacy121_v1,6VAR_61_hpbulge_nmr_A,rnafold,valid,61,22,24,false,,,,,,,,,,,,,,,,,,,,,family_split_metadata_unavailable;historical_model_version_unknown;historical_output_unknown_decoder_settings;raw_sequence_lowercase,
legacy121_v1__6var_61_hpbulge_nmr_a__legacy_gt__petfold__historical_legacy121_v1,6VAR_61_hpbulge_nmr_A,petfold,valid,61,22,24,false,,,,,,,,,,,,,,,,,,,,,family_split_metadata_unavailable;historical_model_version_unknown;historical_output_unknown_decoder_settings;petfold_historical_alignment_input_unknown;raw_sequence_lowercase,
legacy121_v1__6var_61_hpbulge_nmr_a__legacy_gt__trrosettarna2_native_ss__historical_legacy121_v1,6VAR_61_hpbulge_nmr_A,trrosettarna2_native_ss,valid,61,22,23,true,/root/autodl-tmp/models/trRosettaRNA2/data/ss_native/6VAR_61_hpbulge_nmr_A/6VAR_61_hpbulge_nmr_A_ss_prob.npz,235f5a25a46cd36420c8d373479426f443f4e921c9e73167a6c109b46227d964,235f5a25a46cd36420c8d373479426f443f4e921c9e73167a6c109b46227d964,true,pair_scores/legacy121_v1__6var_61_hpbulge_nmr_a__legacy_gt__trrosettarna2_native_ss__historical_legacy121_v1.npz,c9b01dd06126a8d7bb9cc27e44af447cb82ec1c20d351831c8364db828f22357,10781,61x61,float32,61,1.0076539638248505e-06,2.2832468857814092e-06,0.0,9.63114871410653e-07,0.9999746084213257,0,0.0,0.0,0.9999746084213257,0.0,family_split_metadata_unavailable;historical_model_version_unknown;historical_output_unknown_decoder_settings;raw_sequence_lowercase;trrna2_historical_checkpoint_identity_unknown,
legacy121_v1__6w3m_41_hp_nmr_a__legacy_gt__rnafold__historical_legacy121_v1,6W3M_41_hp_nmr_A,rnafold,valid,41,15,15,false,,,,,,,,,,,,,,,,,,,,,family_split_metadata_unavailable;historical_model_version_unknown;historical_output_unknown_decoder_settings;raw_sequence_lowercase,
legacy121_v1__6w3m_41_hp_nmr_a__legacy_gt__petfold__historical_legacy121_v1,6W3M_41_hp_nmr_A,petfold,valid,41,15,15,false,,,,,,,,,,,,,,,,,,,,,family_split_metadata_unavailable;historical_model_version_unknown;historical_output_unknown_decoder_settings;petfold_historical_alignment_input_unknown;raw_sequence_lowercase,
legacy121_v1__6w3m_41_hp_nmr_a__legacy_gt__trrosettarna2_native_ss__historical_legacy121_v1,6W3M_41_hp_nmr_A,trrosettarna2_native_ss,valid,41,15,16,true,/root/autodl-tmp/models/trRosettaRNA2/data/ss_native/6W3M_41_hp_nmr_A/6W3M_41_hp_nmr_A_ss_prob.npz,c41e26276912296a9c087f5d00a7954662029ade354eef863d0580bce3f74fbd,c41e26276912296a9c087f5d00a7954662029ade354eef863d0580bce3f74fbd,true,pair_scores/legacy121_v1__6w3m_41_hp_nmr_a__legacy_gt__trrosettarna2_native_ss__historical_legacy121_v1.npz,37b6680558b65f88ff5578915067017171f3843e21dbfd014429c2e4251b531b,4829,41x41,float32,41,1.0000308066082653e-06,2.0539569050015416e-06,0.0,9.631942248233827e-07,0.9999818801879883,0,0.0,0.0,0.9999818801879883,0.0,family_split_metadata_unavailable;historical_model_version_unknown;historical_output_unknown_decoder_settings;raw_sequence_lowercase;trrna2_historical_checkpoint_identity_unknown,
legacy121_v1__7dd4_35_dumbbell_nmr_a__legacy_gt__rnafold__historical_legacy121_v1,7DD4_35_dumbbell_nmr_A,rnafold,valid,36,13,13,false,,,,,,,,,,,,,,,,,,,,,family_split_metadata_unavailable;historical_model_version_unknown;historical_output_unknown_decoder_settings;raw_sequence_lowercase,
legacy121_v1__7dd4_35_dumbbell_nmr_a__legacy_gt__petfold__historical_legacy121_v1,7DD4_35_dumbbell_nmr_A,petfold,valid,36,13,13,false,,,,,,,,,,,,,,,,,,,,,family_split_metadata_unavailable;historical_model_version_unknown;historical_output_unknown_decoder_settings;petfold_historical_alignment_input_unknown;raw_sequence_lowercase,
legacy121_v1__7dd4_35_dumbbell_nmr_a__legacy_gt__trrosettarna2_native_ss__historical_legacy121_v1,7DD4_35_dumbbell_nmr_A,trrosettarna2_native_ss,valid,36,13,15,true,/root/autodl-tmp/models/trRosettaRNA2/data/ss_native/7DD4_35_dumbbell_nmr_A/7DD4_35_dumbbell_nmr_A_ss_prob.npz,220b744dbbe3fb0a5f59df4f94b1b44af17cac73154927ddf97fccc1ea3847d9,220b744dbbe3fb0a5f59df4f94b1b44af17cac73154927ddf97fccc1ea3847d9,true,pair_scores/legacy121_v1__7dd4_35_dumbbell_nmr_a__legacy_gt__trrosettarna2_native_ss__historical_legacy121_v1.npz,57e31778feb57cef5df7207261bd6ec7d12a936f5a29e265ff2a95c2f3c8cc5f,3740,36x36,float32,36,1.0059507076221053e-06,5.397997938416665e-06,0.0,9.557809335092315e-07,0.9999808073043823,0,0.0,0.0,0.9999808073043823,0.0,family_split_metadata_unavailable;historical_model_version_unknown;historical_output_unknown_decoder_settings;raw_sequence_lowercase;trrna2_historical_checkpoint_identity_unknown,
legacy121_v1__7k4l_36_hp_nmr_a__legacy_gt__rnafold__historical_legacy121_v1,7K4L_36_hp_nmr_A,rnafold,valid,36,12,12,false,,,,,,,,,,,,,,,,,,,,,family_split_metadata_unavailable;historical_model_version_unknown;historical_output_unknown_decoder_settings;raw_sequence_lowercase,
legacy121_v1__7k4l_36_hp_nmr_a__legacy_gt__petfold__historical_legacy121_v1,7K4L_36_hp_nmr_A,petfold,valid,36,12,12,false,,,,,,,,,,,,,,,,,,,,,family_split_metadata_unavailable;historical_model_version_unknown;historical_output_unknown_decoder_settings;petfold_historical_alignment_input_unknown;raw_sequence_lowercase,
legacy121_v1__7k4l_36_hp_nmr_a__legacy_gt__trrosettarna2_native_ss__historical_legacy121_v1,7K4L_36_hp_nmr_A,trrosettarna2_native_ss,valid,36,12,13,true,/root/autodl-tmp/models/trRosettaRNA2/data/ss_native/7K4L_36_hp_nmr_A/7K4L_36_hp_nmr_A_ss_prob.npz,759097b1e237d21010ece37a1784dc78e32978e3a66cdad874a701ba0c6aca3a,759097b1e237d21010ece37a1784dc78e32978e3a66cdad874a701ba0c6aca3a,true,pair_scores/legacy121_v1__7k4l_36_hp_nmr_a__legacy_gt__trrosettarna2_native_ss__historical_legacy121_v1.npz,849737fee517c433249ec4ab032f0bb497d1fd73aba91066148d67ef1e0683a4,3758,36x36,float32,36,1.0076103080791654e-06,1.6245161305050715e-06,0.0,9.60130023486272e-07,0.9999827146530151,0,0.0,0.0,0.9999827146530151,0.0,family_split_metadata_unavailable;historical_model_version_unknown;historical_output_unknown_decoder_settings;raw_sequence_lowercase;trrna2_historical_checkpoint_identity_unknown,
legacy121_v1__7kub_60_hp_nmr_a__legacy_gt__rnafold__historical_legacy121_v1,7KUB_60_hp_nmr_A,rnafold,valid,60,23,23,false,,,,,,,,,,,,,,,,,,,,,family_split_metadata_unavailable;historical_model_version_unknown;historical_output_unknown_decoder_settings;raw_sequence_lowercase,
legacy121_v1__7kub_60_hp_nmr_a__legacy_gt__petfold__historical_legacy121_v1,7KUB_60_hp_nmr_A,petfold,valid,60,23,23,false,,,,,,,,,,,,,,,,,,,,,family_split_metadata_unavailable;historical_model_version_unknown;historical_output_unknown_decoder_settings;petfold_historical_alignment_input_unknown;raw_sequence_lowercase,
legacy121_v1__7kub_60_hp_nmr_a__legacy_gt__trrosettarna2_native_ss__historical_legacy121_v1,7KUB_60_hp_nmr_A,trrosettarna2_native_ss,valid,60,23,23,true,/root/autodl-tmp/models/trRosettaRNA2/data/ss_native/7KUB_60_hp_nmr_A/7KUB_60_hp_nmr_A_ss_prob.npz,d366a28e7dac091d3b4bfcfe791f7b7bf663d8f6c914a1940f426e6ab4a7015c,d366a28e7dac091d3b4bfcfe791f7b7bf663d8f6c914a1940f426e6ab4a7015c,true,pair_scores/legacy121_v1__7kub_60_hp_nmr_a__legacy_gt__trrosettarna2_native_ss__historical_legacy121_v1.npz,d549c513cf83ec81ba5a230db027e0ef7505f78486d5998146a7222ac5ad1ac4,10544,60x60,float32,60,9.97740698949201e-07,2.9338686999835772e-06,0.0,9.67790811046143e-07,0.999931275844574,0,0.0,0.0,0.999931275844574,0.0,family_split_metadata_unavailable;historical_model_version_unknown;historical_output_unknown_decoder_settings;raw_sequence_lowercase;trrna2_historical_checkpoint_identity_unknown,
legacy121_v1__7lva_103_3wj_nmr_a__legacy_gt__rnafold__historical_legacy121_v1,7LVA_103_3wj_nmr_A,rnafold,valid,103,32,31,false,,,,,,,,,,,,,,,,,,,,,family_split_metadata_unavailable;historical_model_version_unknown;historical_output_unknown_decoder_settings;raw_sequence_lowercase,
legacy121_v1__7lva_103_3wj_nmr_a__legacy_gt__petfold__historical_legacy121_v1,7LVA_103_3wj_nmr_A,petfold,valid,103,32,31,false,,,,,,,,,,,,,,,,,,,,,family_split_metadata_unavailable;historical_model_version_unknown;historical_output_unknown_decoder_settings;petfold_historical_alignment_input_unknown;raw_sequence_lowercase,
legacy121_v1__7lva_103_3wj_nmr_a__legacy_gt__trrosettarna2_native_ss__historical_legacy121_v1,7LVA_103_3wj_nmr_A,trrosettarna2_native_ss,valid,103,32,35,true,/root/autodl-tmp/models/trRosettaRNA2/data/ss_native/7LVA_103_3wj_nmr_A/7LVA_103_3wj_nmr_A_ss_prob.npz,a950f6ea6ffe56d870a7e6c99edd0ffde1446bce8556270d98a693872374c608,a950f6ea6ffe56d870a7e6c99edd0ffde1446bce8556270d98a693872374c608,true,pair_scores/legacy121_v1__7lva_103_3wj_nmr_a__legacy_gt__trrosettarna2_native_ss__historical_legacy121_v1.npz,8e83c6806f4b4968c35c381679c4bd4bee268b6c98a48eaaaf0bd13090e963e9,32212,103x103,float32,103,1.0644778285495704e-06,4.144951162743382e-06,0.0,1.0111539268109482e-06,0.9997493624687195,0,0.0,0.0,0.9997493624687195,0.0,family_split_metadata_unavailable;historical_model_version_unknown;historical_output_unknown_decoder_settings;raw_sequence_lowercase;trrna2_historical_checkpoint_identity_unknown,
legacy121_v1__7lyg_142_4wj_xray_a__legacy_gt__rnafold__historical_legacy121_v1,7LYG_142_4wj_xray_A,rnafold,valid,142,46,50,false,,,,,,,,,,,,,,,,,,,,,family_split_metadata_unavailable;historical_model_version_unknown;historical_output_unknown_decoder_settings;raw_sequence_lowercase,
legacy121_v1__7lyg_142_4wj_xray_a__legacy_gt__petfold__historical_legacy121_v1,7LYG_142_4wj_xray_A,petfold,valid,142,46,50,false,,,,,,,,,,,,,,,,,,,,,family_split_metadata_unavailable;historical_model_version_unknown;historical_output_unknown_decoder_settings;petfold_historical_alignment_input_unknown;raw_sequence_lowercase,
legacy121_v1__7lyg_142_4wj_xray_a__legacy_gt__trrosettarna2_native_ss__historical_legacy121_v1,7LYG_142_4wj_xray_A,trrosettarna2_native_ss,valid,142,46,54,true,/root/autodl-tmp/models/trRosettaRNA2/data/ss_native/7LYG_142_4wj_xray_A/7LYG_142_4wj_xray_A_ss_prob.npz,9f7c32619cc2fcba2a16637463e0218cf2c6b7a1bd368c9f388bbe3c8c81c90d,9f7c32619cc2fcba2a16637463e0218cf2c6b7a1bd368c9f388bbe3c8c81c90d,true,pair_scores/legacy121_v1__7lyg_142_4wj_xray_a__legacy_gt__trrosettarna2_native_ss__historical_legacy121_v1.npz,48d65b45d8fcb4e1aba81023622058e84e612c0819c369456905857b3f61e515,66227,142x142,float32,142,1.2498302339736256e-06,1.4833696695859544e-05,0.0,1.050603259500349e-06,0.9920565485954285,0,0.0,0.0,0.9920565485954285,0.0,family_split_metadata_unavailable;historical_model_version_unknown;historical_output_unknown_decoder_settings;raw_sequence_lowercase;trrna2_historical_checkpoint_identity_unknown,
legacy121_v1__7shx_94_4wj_nmr_a__legacy_gt__rnafold__historical_legacy121_v1,7SHX_94_4wj_nmr_A,rnafold,valid,94,28,31,false,,,,,,,,,,,,,,,,,,,,,family_split_metadata_unavailable;historical_model_version_unknown;historical_output_unknown_decoder_settings;raw_sequence_lowercase,
legacy121_v1__7shx_94_4wj_nmr_a__legacy_gt__petfold__historical_legacy121_v1,7SHX_94_4wj_nmr_A,petfold,valid,94,28,33,false,,,,,,,,,,,,,,,,,,,,,family_split_metadata_unavailable;historical_model_version_unknown;historical_output_unknown_decoder_settings;petfold_historical_alignment_input_unknown;raw_sequence_lowercase,
legacy121_v1__7shx_94_4wj_nmr_a__legacy_gt__trrosettarna2_native_ss__historical_legacy121_v1,7SHX_94_4wj_nmr_A,trrosettarna2_native_ss,valid,94,28,36,true,/root/autodl-tmp/models/trRosettaRNA2/data/ss_native/7SHX_94_4wj_nmr_A/7SHX_94_4wj_nmr_A_ss_prob.npz,77fd5f966724a3f6f9a6283be3d3212d206a899ea78cb45a5bdd5bf43ac060f4,77fd5f966724a3f6f9a6283be3d3212d206a899ea78cb45a5bdd5bf43ac060f4,true,pair_scores/legacy121_v1__7shx_94_4wj_nmr_a__legacy_gt__trrosettarna2_native_ss__historical_legacy121_v1.npz,826792c45dfbae2b8845dfcf4d5e50dff2268644032e4f127411182b04253a25,26191,94x94,float32,94,1.0248303397020209e-06,2.5387776076968294e-06,0.0,9.92506898001011e-07,0.999474048614502,0,0.0,0.0,0.999474048614502,0.0,family_split_metadata_unavailable;historical_model_version_unknown;historical_output_unknown_decoder_settings;raw_sequence_lowercase;trrna2_historical_checkpoint_identity_unknown,
legacy121_v1__7uga_43_hpbulge_nmr_a__legacy_gt__rnafold__historical_legacy121_v1,7UGA_43_hpbulge_nmr_A,rnafold,valid,43,14,14,false,,,,,,,,,,,,,,,,,,,,,family_split_metadata_unavailable;historical_model_version_unknown;historical_output_unknown_decoder_settings;raw_sequence_lowercase,
legacy121_v1__7uga_43_hpbulge_nmr_a__legacy_gt__petfold__historical_legacy121_v1,7UGA_43_hpbulge_nmr_A,petfold,valid,43,14,14,false,,,,,,,,,,,,,,,,,,,,,family_split_metadata_unavailable;historical_model_version_unknown;historical_output_unknown_decoder_settings;petfold_historical_alignment_input_unknown;raw_sequence_lowercase,
legacy121_v1__7uga_43_hpbulge_nmr_a__legacy_gt__trrosettarna2_native_ss__historical_legacy121_v1,7UGA_43_hpbulge_nmr_A,trrosettarna2_native_ss,valid,43,14,16,true,/root/autodl-tmp/models/trRosettaRNA2/data/ss_native/7UGA_43_hpbulge_nmr_A/7UGA_43_hpbulge_nmr_A_ss_prob.npz,729eafce6383e9b43b8348b7434e28ff726f827635b0afd62052fecf43179f8a,729eafce6383e9b43b8348b7434e28ff726f827635b0afd62052fecf43179f8a,true,pair_scores/legacy121_v1__7uga_43_hpbulge_nmr_a__legacy_gt__trrosettarna2_native_ss__historical_legacy121_v1.npz,22495be18d425e7f75301064d8de69b131747c5846264f429c6b04b674abf13a,5347,43x43,float32,43,1.0231332225885126e-06,1.6969115677056834e-06,0.0,9.606605999579187e-07,0.9999779462814331,0,0.0,0.0,0.9999779462814331,0.0,family_split_metadata_unavailable;historical_model_version_unknown;historical_output_unknown_decoder_settings;raw_sequence_lowercase;trrna2_historical_checkpoint_identity_unknown,
legacy121_v1__7umc_70_hpbulge_nmr_a__legacy_gt__rnafold__historical_legacy121_v1,7UMC_70_hpbulge_nmr_A,rnafold,valid,70,21,21,false,,,,,,,,,,,,,,,,,,,,,family_split_metadata_unavailable;historical_model_version_unknown;historical_output_unknown_decoder_settings;raw_sequence_lowercase,
legacy121_v1__7umc_70_hpbulge_nmr_a__legacy_gt__petfold__historical_legacy121_v1,7UMC_70_hpbulge_nmr_A,petfold,valid,70,21,21,false,,,,,,,,,,,,,,,,,,,,,family_split_metadata_unavailable;historical_model_version_unknown;historical_output_unknown_decoder_settings;petfold_historical_alignment_input_unknown;raw_sequence_lowercase,
legacy121_v1__7umc_70_hpbulge_nmr_a__legacy_gt__trrosettarna2_native_ss__historical_legacy121_v1,7UMC_70_hpbulge_nmr_A,trrosettarna2_native_ss,valid,70,21,27,true,/root/autodl-tmp/models/trRosettaRNA2/data/ss_native/7UMC_70_hpbulge_nmr_A/7UMC_70_hpbulge_nmr_A_ss_prob.npz,93b246059f6cf18ba5b564aa9ccdc83ea1e08a95010748481ff5942948206d8b,93b246059f6cf18ba5b564aa9ccdc83ea1e08a95010748481ff5942948206d8b,true,pair_scores/legacy121_v1__7umc_70_hpbulge_nmr_a__legacy_gt__trrosettarna2_native_ss__historical_legacy121_v1.npz,60545009ef203eb8c0c454f28240e0f3e5ce8e0239fff6db61513e3febc3d151,14467,70x70,float32,70,1.0055528036900796e-06,4.99223551742034e-06,0.0,9.685135182735394e-07,0.9999722242355347,0,0.0,0.0,0.9999722242355347,0.0,family_split_metadata_unavailable;historical_model_version_unknown;historical_output_unknown_decoder_settings;raw_sequence_lowercase;trrna2_historical_checkpoint_identity_unknown,
legacy121_v1__7ume_28_hp_nmr_a__legacy_gt__rnafold__historical_legacy121_v1,7UME_28_hp_nmr_A,rnafold,valid,28,9,9,false,,,,,,,,,,,,,,,,,,,,,family_split_metadata_unavailable;historical_model_version_unknown;historical_output_unknown_decoder_settings;raw_sequence_lowercase,
legacy121_v1__7ume_28_hp_nmr_a__legacy_gt__petfold__historical_legacy121_v1,7UME_28_hp_nmr_A,petfold,valid,28,9,9,false,,,,,,,,,,,,,,,,,,,,,family_split_metadata_unavailable;historical_model_version_unknown;historical_output_unknown_decoder_settings;petfold_historical_alignment_input_unknown;raw_sequence_lowercase,
legacy121_v1__7ume_28_hp_nmr_a__legacy_gt__trrosettarna2_native_ss__historical_legacy121_v1,7UME_28_hp_nmr_A,trrosettarna2_native_ss,valid,28,9,12,true,/root/autodl-tmp/models/trRosettaRNA2/data/ss_native/7UME_28_hp_nmr_A/7UME_28_hp_nmr_A_ss_prob.npz,d4afca5bea9e0a765dc18f381124da93429d879365ee93f9ef94d1942720fb24,d4afca5bea9e0a765dc18f381124da93429d879365ee93f9ef94d1942720fb24,true,pair_scores/legacy121_v1__7ume_28_hp_nmr_a__legacy_gt__trrosettarna2_native_ss__historical_legacy121_v1.npz,775c12d8c702bfe8ca42e497158d00edda857b03aa0fc64f8d12b46b3997bb51,2327,28x28,float32,28,1.0254136668663705e-06,1.6370235016438528e-06,0.0,9.65515710049658e-07,0.9999825358390808,0,0.0,0.0,0.9999825358390808,0.0,family_split_metadata_unavailable;historical_model_version_unknown;historical_output_unknown_decoder_settings;raw_sequence_lowercase;trrna2_historical_checkpoint_identity_unknown,
legacy121_v1__7v06_43_hpbulge_nmr_a__legacy_gt__rnafold__historical_legacy121_v1,7V06_43_hpbulge_nmr_A,rnafold,valid,43,15,14,false,,,,,,,,,,,,,,,,,,,,,family_split_metadata_unavailable;historical_model_version_unknown;historical_output_unknown_decoder_settings;raw_sequence_lowercase,
legacy121_v1__7v06_43_hpbulge_nmr_a__legacy_gt__petfold__historical_legacy121_v1,7V06_43_hpbulge_nmr_A,petfold,valid,43,15,15,false,,,,,,,,,,,,,,,,,,,,,family_split_metadata_unavailable;historical_model_version_unknown;historical_output_unknown_decoder_settings;petfold_historical_alignment_input_unknown;raw_sequence_lowercase,
legacy121_v1__7v06_43_hpbulge_nmr_a__legacy_gt__trrosettarna2_native_ss__historical_legacy121_v1,7V06_43_hpbulge_nmr_A,trrosettarna2_native_ss,valid,43,15,18,true,/root/autodl-tmp/models/trRosettaRNA2/data/ss_native/7V06_43_hpbulge_nmr_A/7V06_43_hpbulge_nmr_A_ss_prob.npz,de249c844bff1a1257eb6b0ed896c06816a346fe49ddb2719fb59c9e2dfc78b8,de249c844bff1a1257eb6b0ed896c06816a346fe49ddb2719fb59c9e2dfc78b8,true,pair_scores/legacy121_v1__7v06_43_hpbulge_nmr_a__legacy_gt__trrosettarna2_native_ss__historical_legacy121_v1.npz,be026a48af3407a3b60417fd42e51887de8f4994d7448ed751a9dc9e1ae9c670,5323,43x43,float32,43,9.808613867789973e-07,5.396812775870785e-05,0.0,9.644215879234252e-07,0.9999810457229614,0,0.0,0.0,0.9999810457229614,0.0,family_split_metadata_unavailable;historical_model_version_unknown;historical_output_unknown_decoder_settings;raw_sequence_lowercase;trrna2_historical_checkpoint_identity_unknown,
legacy121_v1__8bwt_26_hp_nmr_a__legacy_gt__rnafold__historical_legacy121_v1,8BWT_26_hp_nmr_A,rnafold,valid,26,8,8,false,,,,,,,,,,,,,,,,,,,,,family_split_metadata_unavailable;historical_model_version_unknown;historical_output_unknown_decoder_settings;raw_sequence_lowercase,
legacy121_v1__8bwt_26_hp_nmr_a__legacy_gt__petfold__historical_legacy121_v1,8BWT_26_hp_nmr_A,petfold,valid,26,8,8,false,,,,,,,,,,,,,,,,,,,,,family_split_metadata_unavailable;historical_model_version_unknown;historical_output_unknown_decoder_settings;petfold_historical_alignment_input_unknown;raw_sequence_lowercase,
legacy121_v1__8bwt_26_hp_nmr_a__legacy_gt__trrosettarna2_native_ss__historical_legacy121_v1,8BWT_26_hp_nmr_A,trrosettarna2_native_ss,valid,26,8,12,true,/root/autodl-tmp/models/trRosettaRNA2/data/ss_native/8BWT_26_hp_nmr_A/8BWT_26_hp_nmr_A_ss_prob.npz,b7a63be7b90b970b13712925664afef209bffdd08703c75c50db1a2dc840250d,b7a63be7b90b970b13712925664afef209bffdd08703c75c50db1a2dc840250d,true,pair_scores/legacy121_v1__8bwt_26_hp_nmr_a__legacy_gt__trrosettarna2_native_ss__historical_legacy121_v1.npz,05305c2c1937056738fbcdfbb8949428b015f459b69343209e6975db4fcaa3b7,2040,26x26,float32,26,1.0039732387667755e-06,2.214924279542174e-06,0.0,9.728681789056282e-07,0.9999834895133972,0,0.0,0.0,0.9999834895133972,0.0,family_split_metadata_unavailable;historical_model_version_unknown;historical_output_unknown_decoder_settings;raw_sequence_lowercase;trrna2_historical_checkpoint_identity_unknown,
legacy121_v1__8cq1_43_hp_nmr_a__legacy_gt__rnafold__historical_legacy121_v1,8CQ1_43_hp_nmr_A,rnafold,valid,44,17,17,false,,,,,,,,,,,,,,,,,,,,,family_split_metadata_unavailable;historical_model_version_unknown;historical_output_unknown_decoder_settings;raw_sequence_lowercase,
legacy121_v1__8cq1_43_hp_nmr_a__legacy_gt__petfold__historical_legacy121_v1,8CQ1_43_hp_nmr_A,petfold,valid,44,17,19,false,,,,,,,,,,,,,,,,,,,,,family_split_metadata_unavailable;historical_model_version_unknown;historical_output_unknown_decoder_settings;petfold_historical_alignment_input_unknown;raw_sequence_lowercase,
legacy121_v1__8cq1_43_hp_nmr_a__legacy_gt__trrosettarna2_native_ss__historical_legacy121_v1,8CQ1_43_hp_nmr_A,trrosettarna2_native_ss,valid,44,17,18,true,/root/autodl-tmp/models/trRosettaRNA2/data/ss_native/8CQ1_43_hp_nmr_A/8CQ1_43_hp_nmr_A_ss_prob.npz,e037eca52906668251254e1023ec67d8994478dda5a866323f15a95c7110f584,e037eca52906668251254e1023ec67d8994478dda5a866323f15a95c7110f584,true,pair_scores/legacy121_v1__8cq1_43_hp_nmr_a__legacy_gt__trrosettarna2_native_ss__historical_legacy121_v1.npz,ce22216785d928589adbab5a476c9db8ff2fa910937a438faf9ddca16dc87008,5540,44x44,float32,44,9.92437890090514e-07,2.0829927507293178e-06,0.0,9.591934713171213e-07,0.9999801516532898,0,0.0,0.0,0.9999801516532898,0.0,family_split_metadata_unavailable;historical_model_version_unknown;historical_output_unknown_decoder_settings;raw_sequence_lowercase;trrna2_historical_checkpoint_identity_unknown,
legacy121_v1__8fcs_71_hp_nmr_a__legacy_gt__rnafold__historical_legacy121_v1,8FCS_71_hp_nmr_A,rnafold,valid,71,27,27,false,,,,,,,,,,,,,,,,,,,,,family_split_metadata_unavailable;historical_model_version_unknown;historical_output_unknown_decoder_settings;raw_sequence_lowercase,
legacy121_v1__8fcs_71_hp_nmr_a__legacy_gt__petfold__historical_legacy121_v1,8FCS_71_hp_nmr_A,petfold,valid,71,27,30,false,,,,,,,,,,,,,,,,,,,,,family_split_metadata_unavailable;historical_model_version_unknown;historical_output_unknown_decoder_settings;petfold_historical_alignment_input_unknown;raw_sequence_lowercase,
legacy121_v1__8fcs_71_hp_nmr_a__legacy_gt__trrosettarna2_native_ss__historical_legacy121_v1,8FCS_71_hp_nmr_A,trrosettarna2_native_ss,valid,71,27,31,true,/root/autodl-tmp/models/trRosettaRNA2/data/ss_native/8FCS_71_hp_nmr_A/8FCS_71_hp_nmr_A_ss_prob.npz,55be767c5260e8116b75b17e63e46b170d9fb53c272721da428be61a66d9dc8f,55be767c5260e8116b75b17e63e46b170d9fb53c272721da428be61a66d9dc8f,true,pair_scores/legacy121_v1__8fcs_71_hp_nmr_a__legacy_gt__trrosettarna2_native_ss__historical_legacy121_v1.npz,67054da176de99a2721234c54b5932b673dc3c22c88d0d6c8f161d479b2e9d1c,14686,71x71,float32,71,1.0362364264437929e-06,1.8739256120170467e-06,0.0,9.754453458299395e-07,0.9999414682388306,0,0.0,0.0,0.9999414682388306,0.0,family_split_metadata_unavailable;historical_model_version_unknown;historical_output_unknown_decoder_settings;raw_sequence_lowercase;trrna2_historical_checkpoint_identity_unknown,
legacy121_v1__8jhp_27_hpbulge_nmr_a__legacy_gt__rnafold__historical_legacy121_v1,8JHP_27_hpbulge_nmr_A,rnafold,valid,27,8,9,false,,,,,,,,,,,,,,,,,,,,,family_split_metadata_unavailable;historical_model_version_unknown;historical_output_unknown_decoder_settings;raw_sequence_lowercase,
legacy121_v1__8jhp_27_hpbulge_nmr_a__legacy_gt__petfold__historical_legacy121_v1,8JHP_27_hpbulge_nmr_A,petfold,valid,27,8,9,false,,,,,,,,,,,,,,,,,,,,,family_split_metadata_unavailable;historical_model_version_unknown;historical_output_unknown_decoder_settings;petfold_historical_alignment_input_unknown;raw_sequence_lowercase,
legacy121_v1__8jhp_27_hpbulge_nmr_a__legacy_gt__trrosettarna2_native_ss__historical_legacy121_v1,8JHP_27_hpbulge_nmr_A,trrosettarna2_native_ss,valid,27,8,6,true,/root/autodl-tmp/models/trRosettaRNA2/data/ss_native/8JHP_27_hpbulge_nmr_A/8JHP_27_hpbulge_nmr_A_ss_prob.npz,75486c3dca110a37dbbee0740d548f9a9a8b7139a40124bb384258f9bc827cad,75486c3dca110a37dbbee0740d548f9a9a8b7139a40124bb384258f9bc827cad,true,pair_scores/legacy121_v1__8jhp_27_hpbulge_nmr_a__legacy_gt__trrosettarna2_native_ss__historical_legacy121_v1.npz,60b160536f7ff959cc6d90e7e0b159f3e3644813f51dcb9d958a9fc8f78ae3bb,2220,27x27,float32,27,1.0536475656408584e-06,3.591116637835512e-06,0.0,9.65730123425601e-07,0.9999828338623047,0,0.0,0.0,0.9999828338623047,0.0,family_split_metadata_unavailable;historical_model_version_unknown;historical_output_unknown_decoder_settings;raw_sequence_lowercase;trrna2_historical_checkpoint_identity_unknown,
legacy121_v1__8k8b_20_hp_nmr_a__legacy_gt__rnafold__historical_legacy121_v1,8K8B_20_hp_nmr_A,rnafold,valid,19,7,8,false,,,,,,,,,,,,,,,,,,,,,family_split_metadata_unavailable;historical_model_version_unknown;historical_output_unknown_decoder_settings;raw_sequence_lowercase,
legacy121_v1__8k8b_20_hp_nmr_a__legacy_gt__petfold__historical_legacy121_v1,8K8B_20_hp_nmr_A,petfold,valid,19,7,8,false,,,,,,,,,,,,,,,,,,,,,family_split_metadata_unavailable;historical_model_version_unknown;historical_output_unknown_decoder_settings;petfold_historical_alignment_input_unknown;raw_sequence_lowercase,
legacy121_v1__8k8b_20_hp_nmr_a__legacy_gt__trrosettarna2_native_ss__historical_legacy121_v1,8K8B_20_hp_nmr_A,trrosettarna2_native_ss,valid,19,7,8,true,/root/autodl-tmp/models/trRosettaRNA2/data/ss_native/8K8B_20_hp_nmr_A/8K8B_20_hp_nmr_A_ss_prob.npz,fda7a7d834495407035d875c2b8e92eb0f1c9101a98804d175c1246fafbdf9ba,fda7a7d834495407035d875c2b8e92eb0f1c9101a98804d175c1246fafbdf9ba,true,pair_scores/legacy121_v1__8k8b_20_hp_nmr_a__legacy_gt__trrosettarna2_native_ss__historical_legacy121_v1.npz,5bf631e5f364ae5b90477cb1e97e2f400e03835e48781b0f062ceb1a39e34be6,1202,19x19,float32,19,1.0266419394611148e-06,1.8623047708388185e-06,0.0,9.679142749519087e-07,0.999981164932251,0,0.0,0.0,0.999981164932251,0.0,family_split_metadata_unavailable;historical_model_version_unknown;historical_output_unknown_decoder_settings;raw_sequence_lowercase;trrna2_historical_checkpoint_identity_unknown,
legacy121_v1__8sch_68_hpbulge_nmr_a__legacy_gt__rnafold__historical_legacy121_v1,8SCH_68_hpbulge_nmr_A,rnafold,valid,68,21,24,false,,,,,,,,,,,,,,,,,,,,,family_split_metadata_unavailable;historical_model_version_unknown;historical_output_unknown_decoder_settings;raw_sequence_lowercase,
legacy121_v1__8sch_68_hpbulge_nmr_a__legacy_gt__petfold__historical_legacy121_v1,8SCH_68_hpbulge_nmr_A,petfold,valid,68,21,25,false,,,,,,,,,,,,,,,,,,,,,family_split_metadata_unavailable;historical_model_version_unknown;historical_output_unknown_decoder_settings;petfold_historical_alignment_input_unknown;raw_sequence_lowercase,
legacy121_v1__8sch_68_hpbulge_nmr_a__legacy_gt__trrosettarna2_native_ss__historical_legacy121_v1,8SCH_68_hpbulge_nmr_A,trrosettarna2_native_ss,valid,68,21,24,true,/root/autodl-tmp/models/trRosettaRNA2/data/ss_native/8SCH_68_hpbulge_nmr_A/8SCH_68_hpbulge_nmr_A_ss_prob.npz,fa5a90973ecfb76f34b52b1c238097c61b46046d64c62cc00ac05c689b6a5f82,fa5a90973ecfb76f34b52b1c238097c61b46046d64c62cc00ac05c689b6a5f82,true,pair_scores/legacy121_v1__8sch_68_hpbulge_nmr_a__legacy_gt__trrosettarna2_native_ss__historical_legacy121_v1.npz,56957844d27e30afe73b64a70ecd1b08e9daff1d56f9034ed9860f790f65a483,13525,68x68,float32,68,9.871716883935733e-07,3.625746103352867e-06,0.0,9.642825489208917e-07,0.9999551773071289,0,0.0,0.0,0.9999551773071289,0.0,family_split_metadata_unavailable;historical_model_version_unknown;historical_output_unknown_decoder_settings;raw_sequence_lowercase;trrna2_historical_checkpoint_identity_unknown,
legacy121_v1__9fo9_33_hp_nmr_a__legacy_gt__rnafold__historical_legacy121_v1,9FO9_33_hp_nmr_A,rnafold,valid,33,11,12,false,,,,,,,,,,,,,,,,,,,,,family_split_metadata_unavailable;historical_model_version_unknown;historical_output_unknown_decoder_settings;raw_sequence_lowercase,
legacy121_v1__9fo9_33_hp_nmr_a__legacy_gt__petfold__historical_legacy121_v1,9FO9_33_hp_nmr_A,petfold,valid,33,11,12,false,,,,,,,,,,,,,,,,,,,,,family_split_metadata_unavailable;historical_model_version_unknown;historical_output_unknown_decoder_settings;petfold_historical_alignment_input_unknown;raw_sequence_lowercase,
legacy121_v1__9fo9_33_hp_nmr_a__legacy_gt__trrosettarna2_native_ss__historical_legacy121_v1,9FO9_33_hp_nmr_A,trrosettarna2_native_ss,valid,33,11,14,true,/root/autodl-tmp/models/trRosettaRNA2/data/ss_native/9FO9_33_hp_nmr_A/9FO9_33_hp_nmr_A_ss_prob.npz,46ffd1bc8e4335718178f95978673a861d5cbb479d1237baf4d1c34abacab980,46ffd1bc8e4335718178f95978673a861d5cbb479d1237baf4d1c34abacab980,true,pair_scores/legacy121_v1__9fo9_33_hp_nmr_a__legacy_gt__trrosettarna2_native_ss__historical_legacy121_v1.npz,c7d4c211f0c5ebb442195f7a5cdbf75e358da96e9cae39b25de937d67ee870f2,3161,33x33,float32,33,1.0278483841830166e-06,2.4454827780573396e-06,0.0,9.629542319089524e-07,0.9999814033508301,0,0.0,0.0,0.9999814033508301,0.0,family_split_metadata_unavailable;historical_model_version_unknown;historical_output_unknown_decoder_settings;raw_sequence_lowercase;trrna2_historical_checkpoint_identity_unknown,
legacy121_v1__9g7c_224_4wj_cryoem_a__legacy_gt__rnafold__historical_legacy121_v1,9G7C_224_4wj_cryoEM_A,rnafold,valid,224,60,65,false,,,,,,,,,,,,,,,,,,,,,family_split_metadata_unavailable;historical_model_version_unknown;historical_output_unknown_decoder_settings;raw_sequence_lowercase,
legacy121_v1__9g7c_224_4wj_cryoem_a__legacy_gt__petfold__historical_legacy121_v1,9G7C_224_4wj_cryoEM_A,petfold,valid,224,60,64,false,,,,,,,,,,,,,,,,,,,,,family_split_metadata_unavailable;historical_model_version_unknown;historical_output_unknown_decoder_settings;petfold_historical_alignment_input_unknown;raw_sequence_lowercase,
legacy121_v1__9g7c_224_4wj_cryoem_a__legacy_gt__trrosettarna2_native_ss__historical_legacy121_v1,9G7C_224_4wj_cryoEM_A,trrosettarna2_native_ss,valid,224,60,30,true,/root/autodl-tmp/models/trRosettaRNA2/data/ss_native/9G7C_224_4wj_cryoEM_A/9G7C_224_4wj_cryoEM_A_ss_prob.npz,2f39f297da1ad6342d5fee9fe4ceff0fcf3958aca83b14a5f1bedac971dac2b2,2f39f297da1ad6342d5fee9fe4ceff0fcf3958aca83b14a5f1bedac971dac2b2,true,pair_scores/legacy121_v1__9g7c_224_4wj_cryoem_a__legacy_gt__trrosettarna2_native_ss__historical_legacy121_v1.npz,76a08d4156562573f6444176112a7ed0539eda3669799c156433744a46e8d078,175484,224x224,float32,224,2.155765741918003e-06,4.180651012575254e-05,0.0,2.155765741918003e-06,0.9106172919273376,0,0.0,0.0,0.9106172919273376,0.0,family_split_metadata_unavailable;historical_model_version_unknown;historical_output_unknown_decoder_settings;raw_sequence_lowercase;trrna2_historical_checkpoint_identity_unknown,
legacy121_v1__9obm_73_hp_nmr_a__legacy_gt__rnafold__historical_legacy121_v1,9OBM_73_hp_nmr_A,rnafold,valid,73,28,28,false,,,,,,,,,,,,,,,,,,,,,family_split_metadata_unavailable;historical_model_version_unknown;historical_output_unknown_decoder_settings;raw_sequence_lowercase,
legacy121_v1__9obm_73_hp_nmr_a__legacy_gt__petfold__historical_legacy121_v1,9OBM_73_hp_nmr_A,petfold,valid,73,28,29,false,,,,,,,,,,,,,,,,,,,,,family_split_metadata_unavailable;historical_model_version_unknown;historical_output_unknown_decoder_settings;petfold_historical_alignment_input_unknown;raw_sequence_lowercase,
legacy121_v1__9obm_73_hp_nmr_a__legacy_gt__trrosettarna2_native_ss__historical_legacy121_v1,9OBM_73_hp_nmr_A,trrosettarna2_native_ss,valid,73,28,30,true,/root/autodl-tmp/models/trRosettaRNA2/data/ss_native/9OBM_73_hp_nmr_A/9OBM_73_hp_nmr_A_ss_prob.npz,ca6582f7d7a77bb00e8c377cb4a07748ca01fb83ba5a39cffe3dc4b8691b3cb5,ca6582f7d7a77bb00e8c377cb4a07748ca01fb83ba5a39cffe3dc4b8691b3cb5,true,pair_scores/legacy121_v1__9obm_73_hp_nmr_a__legacy_gt__trrosettarna2_native_ss__historical_legacy121_v1.npz,0f195813303dbc03541316c8243ae31384d15f7332a46564b1673d38ac8a5d1c,15613,73x73,float32,73,1.003335910354508e-06,2.0462198335735593e-06,0.0,9.738787412061356e-07,0.9996926784515381,0,0.0,0.0,0.9996926784515381,0.0,family_split_metadata_unavailable;historical_model_version_unknown;historical_output_unknown_decoder_settings;raw_sequence_lowercase;trrna2_historical_checkpoint_identity_unknown,
legacy121_v1__9od4_23_hp_nmr_a__legacy_gt__rnafold__historical_legacy121_v1,9OD4_23_hp_nmr_A,rnafold,valid,23,8,9,false,,,,,,,,,,,,,,,,,,,,,family_split_metadata_unavailable;historical_model_version_unknown;historical_output_unknown_decoder_settings;raw_sequence_lowercase,
legacy121_v1__9od4_23_hp_nmr_a__legacy_gt__petfold__historical_legacy121_v1,9OD4_23_hp_nmr_A,petfold,valid,23,8,9,false,,,,,,,,,,,,,,,,,,,,,family_split_metadata_unavailable;historical_model_version_unknown;historical_output_unknown_decoder_settings;petfold_historical_alignment_input_unknown;raw_sequence_lowercase,
legacy121_v1__9od4_23_hp_nmr_a__legacy_gt__trrosettarna2_native_ss__historical_legacy121_v1,9OD4_23_hp_nmr_A,trrosettarna2_native_ss,valid,23,8,9,true,/root/autodl-tmp/models/trRosettaRNA2/data/ss_native/9OD4_23_hp_nmr_A/9OD4_23_hp_nmr_A_ss_prob.npz,0c171d1e4f8308fbd5c10ce3a08190aa98f28bd2e4ff5ced1c3df5b092df8cd4,0c171d1e4f8308fbd5c10ce3a08190aa98f28bd2e4ff5ced1c3df5b092df8cd4,true,pair_scores/legacy121_v1__9od4_23_hp_nmr_a__legacy_gt__trrosettarna2_native_ss__historical_legacy121_v1.npz,424f91f09d478d4a748e387798d3de176cace823fdc50c810c14a63b6ef63106,1645,23x23,float32,23,1.0272675581290969e-06,3.442626621108502e-06,0.0,9.792421451493283e-07,0.999976634979248,0,0.0,0.0,0.999976634979248,0.0,family_split_metadata_unavailable;historical_model_version_unknown;historical_output_unknown_decoder_settings;raw_sequence_lowercase;trrna2_historical_checkpoint_identity_unknown,
