variant,fold,seed,mode,source_model,threshold,macro_delta_f1,micro_delta_f1,modification_precision,delete_recall,correct_pair_preservation,modified_pair_count,modified_rna_count,beneficial_edit_count,harmful_edit_count
LOMO_HOLDOUT_PETFOLD,0,17,LEARNED_UNGATED,pooled,0.5,-0.04875469530515794,-0.07563959955506117,0.2328767123287671,0.40476190476190477,0.8181818181818182,73,18,17,56
LOMO_HOLDOUT_PETFOLD,0,17,LEARNED_UNGATED,petfold,0.5,-0.04875469530515794,-0.07563959955506117,0.2328767123287671,0.40476190476190477,0.8181818181818182,73,18,17,56
LOMO_HOLDOUT_PETFOLD,0,17,LEARNED_SELECTIVE,pooled,0.9,0.0020650103684780818,-0.0008589425462874889,0.5,0.07142857142857142,0.9902597402597403,6,5,3,3
LOMO_HOLDOUT_PETFOLD,0,17,LEARNED_SELECTIVE,petfold,0.9,0.0020650103684780818,-0.0008589425462874889,0.5,0.07142857142857142,0.9902597402597403,6,5,3,3
LOMO_HOLDOUT_PETFOLD,0,29,LEARNED_UNGATED,pooled,0.5,-0.055725125558452396,-0.08519575636814047,0.24096385542168675,0.47619047619047616,0.7954545454545454,83,18,20,63
LOMO_HOLDOUT_PETFOLD,0,29,LEARNED_UNGATED,petfold,0.5,-0.055725125558452396,-0.08519575636814047,0.24096385542168675,0.47619047619047616,0.7954545454545454,83,18,20,63
LOMO_HOLDOUT_PETFOLD,0,29,LEARNED_SELECTIVE,pooled,0.9,5.266232680226413e-05,-0.006057401086486225,0.36363636363636365,0.09523809523809523,0.9772727272727273,11,5,4,7
LOMO_HOLDOUT_PETFOLD,0,29,LEARNED_SELECTIVE,petfold,0.9,5.266232680226413e-05,-0.006057401086486225,0.36363636363636365,0.09523809523809523,0.9772727272727273,11,5,4,7
LOMO_HOLDOUT_PETFOLD,0,41,LEARNED_UNGATED,pooled,0.5,-0.04823099433350138,-0.07677952545987732,0.24675324675324675,0.4523809523809524,0.8116883116883117,77,17,19,58
LOMO_HOLDOUT_PETFOLD,0,41,LEARNED_UNGATED,petfold,0.5,-0.04823099433350138,-0.07677952545987732,0.24675324675324675,0.4523809523809524,0.8116883116883117,77,17,19,58
LOMO_HOLDOUT_PETFOLD,0,41,LEARNED_SELECTIVE,pooled,0.9,0.0005017238243109689,-0.005327908553715011,0.4375,0.16666666666666666,0.9707792207792207,16,6,7,9
LOMO_HOLDOUT_PETFOLD,0,41,LEARNED_SELECTIVE,petfold,0.9,0.0005017238243109689,-0.005327908553715011,0.4375,0.16666666666666666,0.9707792207792207,16,6,7,9
LOMO_HOLDOUT_PETFOLD,0,53,LEARNED_UNGATED,pooled,0.5,-0.0555954546827325,-0.08398865885625628,0.22784810126582278,0.42857142857142855,0.801948051948052,79,18,18,61
LOMO_HOLDOUT_PETFOLD,0,53,LEARNED_UNGATED,petfold,0.5,-0.0555954546827325,-0.08398865885625628,0.22784810126582278,0.42857142857142855,0.801948051948052,79,18,18,61
LOMO_HOLDOUT_PETFOLD,0,53,LEARNED_SELECTIVE,pooled,0.9,-0.0017689044269895505,-0.01031479589354345,0.3684210526315789,0.16666666666666666,0.961038961038961,19,8,7,12
LOMO_HOLDOUT_PETFOLD,0,53,LEARNED_SELECTIVE,petfold,0.9,-0.0017689044269895505,-0.01031479589354345,0.3684210526315789,0.16666666666666666,0.961038961038961,19,8,7,12
LOMO_HOLDOUT_PETFOLD,0,67,LEARNED_UNGATED,pooled,0.5,-0.04496590393716181,-0.07563959955506117,0.2328767123287671,0.40476190476190477,0.8181818181818182,73,15,17,56
LOMO_HOLDOUT_PETFOLD,0,67,LEARNED_UNGATED,petfold,0.5,-0.04496590393716181,-0.07563959955506117,0.2328767123287671,0.40476190476190477,0.8181818181818182,73,15,17,56
LOMO_HOLDOUT_PETFOLD,0,67,LEARNED_SELECTIVE,pooled,0.9,0.0006321391879692673,-0.004416282642089042,0.4,0.09523809523809523,0.9805194805194806,10,5,4,6
LOMO_HOLDOUT_PETFOLD,0,67,LEARNED_SELECTIVE,petfold,0.9,0.0006321391879692673,-0.004416282642089042,0.4,0.09523809523809523,0.9805194805194806,10,5,4,6
LOMO_HOLDOUT_PETFOLD,1,17,LEARNED_UNGATED,pooled,0.5,-0.022595500896192524,-0.01887059356079901,0.40625,0.3611111111111111,0.9214876033057852,32,17,13,19
LOMO_HOLDOUT_PETFOLD,1,17,LEARNED_UNGATED,petfold,0.5,-0.022595500896192524,-0.01887059356079901,0.40625,0.3611111111111111,0.9214876033057852,32,17,13,19
LOMO_HOLDOUT_PETFOLD,1,17,LEARNED_SELECTIVE,pooled,0.95,0.0023715538847117836,0.0032352076147695863,1.0,0.05555555555555555,1.0,2,2,2,0
LOMO_HOLDOUT_PETFOLD,1,17,LEARNED_SELECTIVE,petfold,0.95,0.0023715538847117836,0.0032352076147695863,1.0,0.05555555555555555,1.0,2,2,2,0
LOMO_HOLDOUT_PETFOLD,1,29,LEARNED_UNGATED,pooled,0.5,-0.020814185910737876,-0.016545012165450124,0.4473684210526316,0.4722222222222222,0.9132231404958677,38,18,17,21
LOMO_HOLDOUT_PETFOLD,1,29,LEARNED_UNGATED,petfold,0.5,-0.020814185910737876,-0.016545012165450124,0.4473684210526316,0.4722222222222222,0.9132231404958677,38,18,17,21
LOMO_HOLDOUT_PETFOLD,1,29,LEARNED_SELECTIVE,pooled,0.95,0.0023715538847117836,0.0032352076147695863,1.0,0.05555555555555555,1.0,2,2,2,0
LOMO_HOLDOUT_PETFOLD,1,29,LEARNED_SELECTIVE,petfold,0.95,0.0023715538847117836,0.0032352076147695863,1.0,0.05555555555555555,1.0,2,2,2,0
LOMO_HOLDOUT_PETFOLD,1,41,LEARNED_UNGATED,pooled,0.5,-0.011628098309177612,-0.01211792883211682,0.4722222222222222,0.4722222222222222,0.9214876033057852,36,17,17,19
LOMO_HOLDOUT_PETFOLD,1,41,LEARNED_UNGATED,petfold,0.5,-0.011628098309177612,-0.01211792883211682,0.4722222222222222,0.4722222222222222,0.9214876033057852,36,17,17,19
LOMO_HOLDOUT_PETFOLD,1,53,LEARNED_UNGATED,pooled,0.5,-0.01972363303009933,-0.014842327162175706,0.46153846153846156,0.5,0.9132231404958677,39,19,18,21
LOMO_HOLDOUT_PETFOLD,1,53,LEARNED_UNGATED,petfold,0.5,-0.01972363303009933,-0.014842327162175706,0.46153846153846156,0.5,0.9132231404958677,39,19,18,21
LOMO_HOLDOUT_PETFOLD,1,67,LEARNED_UNGATED,pooled,0.5,-0.021467579266884904,-0.01550739867647477,0.4411764705882353,0.4166666666666667,0.9214876033057852,34,18,15,19
LOMO_HOLDOUT_PETFOLD,1,67,LEARNED_UNGATED,petfold,0.5,-0.021467579266884904,-0.01550739867647477,0.4411764705882353,0.4166666666666667,0.9214876033057852,34,18,15,19
LOMO_HOLDOUT_PETFOLD,2,17,LEARNED_UNGATED,pooled,0.5,-0.05849203994156099,-0.0483992789454073,0.49324324324324326,0.7087378640776699,0.7844827586206896,148,21,73,75
LOMO_HOLDOUT_PETFOLD,2,17,LEARNED_UNGATED,petfold,0.5,-0.05849203994156099,-0.0483992789454073,0.49324324324324326,0.7087378640776699,0.7844827586206896,148,21,73,75
LOMO_HOLDOUT_PETFOLD,2,17,LEARNED_SELECTIVE,pooled,0.95,0.00048790555233574107,-0.0009255313563429901,0.5833333333333334,0.06796116504854369,0.985632183908046,12,5,7,5
LOMO_HOLDOUT_PETFOLD,2,17,LEARNED_SELECTIVE,petfold,0.95,0.00048790555233574107,-0.0009255313563429901,0.5833333333333334,0.06796116504854369,0.985632183908046,12,5,7,5
LOMO_HOLDOUT_PETFOLD,2,29,LEARNED_UNGATED,pooled,0.5,-0.05010917350527396,-0.03789741800616642,0.5109489051094891,0.6796116504854369,0.8074712643678161,137,20,70,67
LOMO_HOLDOUT_PETFOLD,2,29,LEARNED_UNGATED,petfold,0.5,-0.05010917350527396,-0.03789741800616642,0.5109489051094891,0.6796116504854369,0.8074712643678161,137,20,70,67
LOMO_HOLDOUT_PETFOLD,2,29,LEARNED_SELECTIVE,pooled,0.95,0.0018846981039931422,0.0014911164430800872,0.7142857142857143,0.04854368932038835,0.9942528735632183,7,4,5,2
LOMO_HOLDOUT_PETFOLD,2,29,LEARNED_SELECTIVE,petfold,0.95,0.0018846981039931422,0.0014911164430800872,0.7142857142857143,0.04854368932038835,0.9942528735632183,7,4,5,2
LOMO_HOLDOUT_PETFOLD,2,41,LEARNED_UNGATED,pooled,0.5,-0.055287826403952085,-0.04242698176965631,0.5068493150684932,0.7184466019417476,0.7931034482758621,146,19,74,72
LOMO_HOLDOUT_PETFOLD,2,41,LEARNED_UNGATED,petfold,0.5,-0.055287826403952085,-0.04242698176965631,0.5068493150684932,0.7184466019417476,0.7931034482758621,146,19,74,72
LOMO_HOLDOUT_PETFOLD,2,41,LEARNED_SELECTIVE,pooled,0.95,2.004506453507267e-05,-7.578739435609716e-05,0.6153846153846154,0.07766990291262135,0.985632183908046,13,5,8,5
LOMO_HOLDOUT_PETFOLD,2,41,LEARNED_SELECTIVE,petfold,0.95,2.004506453507267e-05,-7.578739435609716e-05,0.6153846153846154,0.07766990291262135,0.985632183908046,13,5,8,5
LOMO_HOLDOUT_PETFOLD,2,53,LEARNED_UNGATED,pooled,0.5,-0.05411600757842141,-0.04075801130940959,0.5103448275862069,0.7184466019417476,0.7959770114942529,145,20,74,71
LOMO_HOLDOUT_PETFOLD,2,53,LEARNED_UNGATED,petfold,0.5,-0.05411600757842141,-0.04075801130940959,0.5103448275862069,0.7184466019417476,0.7959770114942529,145,20,74,71
LOMO_HOLDOUT_PETFOLD,2,53,LEARNED_SELECTIVE,pooled,0.95,0.000739288156659521,0.0007758512029976128,0.6428571428571429,0.08737864077669903,0.985632183908046,14,5,9,5
LOMO_HOLDOUT_PETFOLD,2,53,LEARNED_SELECTIVE,petfold,0.95,0.000739288156659521,0.0007758512029976128,0.6428571428571429,0.08737864077669903,0.985632183908046,14,5,9,5
LOMO_HOLDOUT_PETFOLD,2,67,LEARNED_UNGATED,pooled,0.5,-0.047493068979080684,-0.032036846334038804,0.5259259259259259,0.6893203883495146,0.8160919540229885,135,20,71,64
LOMO_HOLDOUT_PETFOLD,2,67,LEARNED_UNGATED,petfold,0.5,-0.047493068979080684,-0.032036846334038804,0.5259259259259259,0.6893203883495146,0.8160919540229885,135,20,71,64
LOMO_HOLDOUT_PETFOLD,2,67,LEARNED_SELECTIVE,pooled,0.95,0.0006470601232550175,-7.578739435609716e-05,0.6153846153846154,0.07766990291262135,0.985632183908046,13,5,8,5
LOMO_HOLDOUT_PETFOLD,2,67,LEARNED_SELECTIVE,petfold,0.95,0.0006470601232550175,-7.578739435609716e-05,0.6153846153846154,0.07766990291262135,0.985632183908046,13,5,8,5
LOMO_HOLDOUT_PETFOLD,3,17,LEARNED_UNGATED,pooled,0.5,-0.02259501634178494,-0.026550171018321023,0.30303030303030304,0.5263157894736842,0.9190140845070423,33,13,10,23
LOMO_HOLDOUT_PETFOLD,3,17,LEARNED_UNGATED,petfold,0.5,-0.02259501634178494,-0.026550171018321023,0.30303030303030304,0.5263157894736842,0.9190140845070423,33,13,10,23
LOMO_HOLDOUT_PETFOLD,3,17,LEARNED_SELECTIVE,pooled,0.9,-0.003269472268318386,-0.004263515560749664,0.375,0.15789473684210525,0.9823943661971831,8,4,3,5
LOMO_HOLDOUT_PETFOLD,3,17,LEARNED_SELECTIVE,petfold,0.9,-0.003269472268318386,-0.004263515560749664,0.375,0.15789473684210525,0.9823943661971831,8,4,3,5
LOMO_HOLDOUT_PETFOLD,3,29,LEARNED_UNGATED,pooled,0.5,-0.022445111467980495,-0.02554047259929615,0.25925925925925924,0.3684210526315789,0.9295774647887324,27,12,7,20
LOMO_HOLDOUT_PETFOLD,3,29,LEARNED_UNGATED,petfold,0.5,-0.022445111467980495,-0.02554047259929615,0.25925925925925924,0.3684210526315789,0.9295774647887324,27,12,7,20
LOMO_HOLDOUT_PETFOLD,3,29,LEARNED_SELECTIVE,pooled,0.95,-0.001726262391775174,-0.002484740452654899,0.42857142857142855,0.15789473684210525,0.9859154929577465,7,3,3,4
LOMO_HOLDOUT_PETFOLD,3,29,LEARNED_SELECTIVE,petfold,0.95,-0.001726262391775174,-0.002484740452654899,0.42857142857142855,0.15789473684210525,0.9859154929577465,7,3,3,4
LOMO_HOLDOUT_PETFOLD,3,41,LEARNED_UNGATED,pooled,0.5,-0.030325721551275997,-0.029305261269745198,0.2413793103448276,0.3684210526315789,0.9225352112676056,29,15,7,22
LOMO_HOLDOUT_PETFOLD,3,41,LEARNED_UNGATED,petfold,0.5,-0.030325721551275997,-0.029305261269745198,0.2413793103448276,0.3684210526315789,0.9225352112676056,29,15,7,22
LOMO_HOLDOUT_PETFOLD,3,41,LEARNED_SELECTIVE,pooled,0.9,-0.003269472268318386,-0.004263515560749664,0.375,0.15789473684210525,0.9823943661971831,8,4,3,5
LOMO_HOLDOUT_PETFOLD,3,41,LEARNED_SELECTIVE,petfold,0.9,-0.003269472268318386,-0.004263515560749664,0.375,0.15789473684210525,0.9823943661971831,8,4,3,5
LOMO_HOLDOUT_PETFOLD,3,53,LEARNED_UNGATED,pooled,0.5,-0.026443983464866053,-0.026211287727942567,0.2903225806451613,0.47368421052631576,0.9225352112676056,31,15,9,22
LOMO_HOLDOUT_PETFOLD,3,53,LEARNED_UNGATED,petfold,0.5,-0.026443983464866053,-0.026211287727942567,0.2903225806451613,0.47368421052631576,0.9225352112676056,31,15,9,22
LOMO_HOLDOUT_PETFOLD,3,67,LEARNED_UNGATED,pooled,0.5,-0.025751581998350592,-0.028104575163398704,0.28125,0.47368421052631576,0.9190140845070423,32,13,9,23
LOMO_HOLDOUT_PETFOLD,3,67,LEARNED_UNGATED,petfold,0.5,-0.025751581998350592,-0.028104575163398704,0.28125,0.47368421052631576,0.9190140845070423,32,13,9,23
LOMO_HOLDOUT_PETFOLD,3,67,LEARNED_SELECTIVE,pooled,0.9,-0.001726262391775174,-0.002484740452654899,0.42857142857142855,0.15789473684210525,0.9859154929577465,7,3,3,4
LOMO_HOLDOUT_PETFOLD,3,67,LEARNED_SELECTIVE,petfold,0.9,-0.001726262391775174,-0.002484740452654899,0.42857142857142855,0.15789473684210525,0.9859154929577465,7,3,3,4
LOMO_HOLDOUT_PETFOLD,4,17,LEARNED_UNGATED,pooled,0.5,-0.018139883556029326,-0.017285741844156655,0.425,0.4146341463414634,0.9181494661921709,40,13,17,23
LOMO_HOLDOUT_PETFOLD,4,17,LEARNED_UNGATED,petfold,0.5,-0.018139883556029326,-0.017285741844156655,0.425,0.4146341463414634,0.9181494661921709,40,13,17,23
LOMO_HOLDOUT_PETFOLD,4,17,LEARNED_SELECTIVE,pooled,0.95,0.0036778237865194435,0.005754938930574549,1.0,0.0975609756097561,1.0,4,3,4,0
LOMO_HOLDOUT_PETFOLD,4,17,LEARNED_SELECTIVE,petfold,0.95,0.0036778237865194435,0.005754938930574549,1.0,0.0975609756097561,1.0,4,3,4,0
LOMO_HOLDOUT_PETFOLD,4,29,LEARNED_UNGATED,pooled,0.5,-0.01994637904721731,-0.014685083205440708,0.45454545454545453,0.4878048780487805,0.9145907473309609,44,15,20,24
LOMO_HOLDOUT_PETFOLD,4,29,LEARNED_UNGATED,petfold,0.5,-0.01994637904721731,-0.014685083205440708,0.45454545454545453,0.4878048780487805,0.9145907473309609,44,15,20,24
LOMO_HOLDOUT_PETFOLD,4,29,LEARNED_SELECTIVE,pooled,0.95,0.003160225442834142,0.004309287204024015,1.0,0.07317073170731707,1.0,3,2,3,0
LOMO_HOLDOUT_PETFOLD,4,29,LEARNED_SELECTIVE,petfold,0.95,0.003160225442834142,0.004309287204024015,1.0,0.07317073170731707,1.0,3,2,3,0
LOMO_HOLDOUT_PETFOLD,4,41,LEARNED_UNGATED,pooled,0.5,-0.025879860580334018,-0.022411185759972252,0.4166666666666667,0.4878048780487805,0.900355871886121,48,14,20,28
LOMO_HOLDOUT_PETFOLD,4,41,LEARNED_UNGATED,petfold,0.5,-0.025879860580334018,-0.022411185759972252,0.4166666666666667,0.4878048780487805,0.900355871886121,48,14,20,28
LOMO_HOLDOUT_PETFOLD,4,41,LEARNED_SELECTIVE,pooled,0.95,0.0036778237865194435,0.005754938930574549,1.0,0.0975609756097561,1.0,4,3,4,0
LOMO_HOLDOUT_PETFOLD,4,41,LEARNED_SELECTIVE,petfold,0.95,0.0036778237865194435,0.005754938930574549,1.0,0.0975609756097561,1.0,4,3,4,0
LOMO_HOLDOUT_PETFOLD,4,53,LEARNED_UNGATED,pooled,0.5,-0.015253504932868473,-0.01387858681860299,0.45,0.43902439024390244,0.9217081850533808,40,13,18,22
LOMO_HOLDOUT_PETFOLD,4,53,LEARNED_UNGATED,petfold,0.5,-0.015253504932868473,-0.01387858681860299,0.45,0.43902439024390244,0.9217081850533808,40,13,18,22
LOMO_HOLDOUT_PETFOLD,4,53,LEARNED_SELECTIVE,pooled,0.95,0.0036778237865194435,0.005754938930574549,1.0,0.0975609756097561,1.0,4,3,4,0
LOMO_HOLDOUT_PETFOLD,4,53,LEARNED_SELECTIVE,petfold,0.95,0.0036778237865194435,0.005754938930574549,1.0,0.0975609756097561,1.0,4,3,4,0
LOMO_HOLDOUT_PETFOLD,4,67,LEARNED_UNGATED,pooled,0.5,-0.013128988363853733,-0.009316561371234378,0.47058823529411764,0.3902439024390244,0.9359430604982206,34,11,16,18
LOMO_HOLDOUT_PETFOLD,4,67,LEARNED_UNGATED,petfold,0.5,-0.013128988363853733,-0.009316561371234378,0.47058823529411764,0.3902439024390244,0.9359430604982206,34,11,16,18
LOMO_HOLDOUT_PETFOLD,4,67,LEARNED_SELECTIVE,pooled,0.95,0.003160225442834142,0.004309287204024015,1.0,0.07317073170731707,1.0,3,2,3,0
LOMO_HOLDOUT_PETFOLD,4,67,LEARNED_SELECTIVE,petfold,0.95,0.003160225442834142,0.004309287204024015,1.0,0.07317073170731707,1.0,3,2,3,0
LOMO_HOLDOUT_RNAFOLD,0,17,LEARNED_UNGATED,pooled,0.5,-0.057804732742822745,-0.0895174790743476,0.19480519480519481,0.4166666666666667,0.7993527508090615,77,18,15,62
LOMO_HOLDOUT_RNAFOLD,0,17,LEARNED_UNGATED,rnafold,0.5,-0.057804732742822745,-0.0895174790743476,0.19480519480519481,0.4166666666666667,0.7993527508090615,77,18,15,62
LOMO_HOLDOUT_RNAFOLD,0,17,LEARNED_SELECTIVE,pooled,0.95,-0.0004649122807017569,-0.0016082088573851072,0.0,0.0,0.9967637540453075,1,1,0,1
LOMO_HOLDOUT_RNAFOLD,0,17,LEARNED_SELECTIVE,rnafold,0.95,-0.0004649122807017569,-0.0016082088573851072,0.0,0.0,0.9967637540453075,1,1,0,1
LOMO_HOLDOUT_RNAFOLD,0,29,LEARNED_UNGATED,pooled,0.5,-0.06452464436409415,-0.0966619422559103,0.20238095238095238,0.4722222222222222,0.7831715210355987,84,17,17,67
LOMO_HOLDOUT_RNAFOLD,0,29,LEARNED_UNGATED,rnafold,0.5,-0.06452464436409415,-0.0966619422559103,0.20238095238095238,0.4722222222222222,0.7831715210355987,84,17,17,67
LOMO_HOLDOUT_RNAFOLD,0,29,LEARNED_SELECTIVE,pooled,0.95,-0.0004649122807017569,-0.0016082088573851072,0.0,0.0,0.9967637540453075,1,1,0,1
LOMO_HOLDOUT_RNAFOLD,0,29,LEARNED_SELECTIVE,rnafold,0.95,-0.0004649122807017569,-0.0016082088573851072,0.0,0.0,0.9967637540453075,1,1,0,1
LOMO_HOLDOUT_RNAFOLD,0,41,LEARNED_UNGATED,pooled,0.5,-0.07319509154606431,-0.10946098189920639,0.1724137931034483,0.4166666666666667,0.7669902912621359,87,18,15,72
LOMO_HOLDOUT_RNAFOLD,0,41,LEARNED_UNGATED,rnafold,0.5,-0.07319509154606431,-0.10946098189920639,0.1724137931034483,0.4166666666666667,0.7669902912621359,87,18,15,72
LOMO_HOLDOUT_RNAFOLD,0,41,LEARNED_SELECTIVE,pooled,0.9,-0.0031939495287321407,-0.007303586020874331,0.3,0.08333333333333333,0.9773462783171522,10,4,3,7
LOMO_HOLDOUT_RNAFOLD,0,41,LEARNED_SELECTIVE,rnafold,0.9,-0.0031939495287321407,-0.007303586020874331,0.3,0.08333333333333333,0.9773462783171522,10,4,3,7
LOMO_HOLDOUT_RNAFOLD,0,53,LEARNED_UNGATED,pooled,0.5,-0.06485337551355487,-0.09421520508654946,0.17105263157894737,0.3611111111111111,0.7961165048543689,76,17,13,63
LOMO_HOLDOUT_RNAFOLD,0,53,LEARNED_UNGATED,rnafold,0.5,-0.06485337551355487,-0.09421520508654946,0.17105263157894737,0.3611111111111111,0.7961165048543689,76,17,13,63
LOMO_HOLDOUT_RNAFOLD,0,53,LEARNED_SELECTIVE,pooled,0.95,-8.865248226950672e-05,-0.00025821981508833414,0.5,0.027777777777777776,0.9967637540453075,2,1,1,1
LOMO_HOLDOUT_RNAFOLD,0,53,LEARNED_SELECTIVE,rnafold,0.95,-8.865248226950672e-05,-0.00025821981508833414,0.5,0.027777777777777776,0.9967637540453075,2,1,1,1
LOMO_HOLDOUT_RNAFOLD,0,67,LEARNED_UNGATED,pooled,0.5,-0.06300608915236144,-0.09482076232420855,0.1794871794871795,0.3888888888888889,0.7928802588996764,78,17,14,64
LOMO_HOLDOUT_RNAFOLD,0,67,LEARNED_UNGATED,rnafold,0.5,-0.06300608915236144,-0.09482076232420855,0.1794871794871795,0.3888888888888889,0.7928802588996764,78,17,14,64
LOMO_HOLDOUT_RNAFOLD,0,67,LEARNED_SELECTIVE,pooled,0.9,-0.0027347694930815168,-0.007021215995124952,0.25,0.05555555555555555,0.9805825242718447,8,3,2,6
LOMO_HOLDOUT_RNAFOLD,0,67,LEARNED_SELECTIVE,rnafold,0.9,-0.0027347694930815168,-0.007021215995124952,0.25,0.05555555555555555,0.9805825242718447,8,3,2,6
LOMO_HOLDOUT_RNAFOLD,1,17,LEARNED_UNGATED,pooled,0.5,-0.02938959452958645,-0.025139244317326503,0.37142857142857144,0.3939393939393939,0.9094650205761317,35,18,13,22
LOMO_HOLDOUT_RNAFOLD,1,17,LEARNED_UNGATED,rnafold,0.5,-0.02938959452958645,-0.025139244317326503,0.37142857142857144,0.3939393939393939,0.9094650205761317,35,18,13,22
LOMO_HOLDOUT_RNAFOLD,1,29,LEARNED_UNGATED,pooled,0.5,-0.030606328350809436,-0.0267435534762267,0.3902439024390244,0.48484848484848486,0.897119341563786,41,19,16,25
LOMO_HOLDOUT_RNAFOLD,1,29,LEARNED_UNGATED,rnafold,0.5,-0.030606328350809436,-0.0267435534762267,0.3902439024390244,0.48484848484848486,0.897119341563786,41,19,16,25
LOMO_HOLDOUT_RNAFOLD,1,41,LEARNED_UNGATED,pooled,0.5,-0.026952114402702832,-0.028998778998778896,0.38095238095238093,0.48484848484848486,0.8930041152263375,42,18,16,26
LOMO_HOLDOUT_RNAFOLD,1,41,LEARNED_UNGATED,rnafold,0.5,-0.026952114402702832,-0.028998778998778896,0.38095238095238093,0.48484848484848486,0.8930041152263375,42,18,16,26
LOMO_HOLDOUT_RNAFOLD,1,53,LEARNED_UNGATED,pooled,0.5,-0.033292037133854306,-0.030734890109890056,0.3235294117647059,0.3333333333333333,0.9053497942386831,34,20,11,23
LOMO_HOLDOUT_RNAFOLD,1,53,LEARNED_UNGATED,rnafold,0.5,-0.033292037133854306,-0.030734890109890056,0.3235294117647059,0.3333333333333333,0.9053497942386831,34,20,11,23
LOMO_HOLDOUT_RNAFOLD,1,67,LEARNED_UNGATED,pooled,0.5,-0.02419258601407948,-0.024497241888546184,0.4,0.48484848484848486,0.9012345679012346,40,18,16,24
LOMO_HOLDOUT_RNAFOLD,1,67,LEARNED_UNGATED,rnafold,0.5,-0.02419258601407948,-0.024497241888546184,0.4,0.48484848484848486,0.9012345679012346,40,18,16,24
LOMO_HOLDOUT_RNAFOLD,2,17,LEARNED_UNGATED,pooled,0.5,-0.06704158531005289,-0.05822167388747024,0.4583333333333333,0.673469387755102,0.7784090909090909,144,18,66,78
LOMO_HOLDOUT_RNAFOLD,2,17,LEARNED_UNGATED,rnafold,0.5,-0.06704158531005289,-0.05822167388747024,0.4583333333333333,0.673469387755102,0.7784090909090909,144,18,66,78
LOMO_HOLDOUT_RNAFOLD,2,29,LEARNED_UNGATED,pooled,0.5,-0.07394494508217873,-0.06743401526010229,0.44370860927152317,0.6836734693877551,0.7613636363636364,151,19,67,84
LOMO_HOLDOUT_RNAFOLD,2,29,LEARNED_UNGATED,rnafold,0.5,-0.07394494508217873,-0.06743401526010229,0.44370860927152317,0.6836734693877551,0.7613636363636364,151,19,67,84
LOMO_HOLDOUT_RNAFOLD,2,41,LEARNED_UNGATED,pooled,0.5,-0.06953468728595386,-0.06234028438752848,0.4527027027027027,0.6836734693877551,0.7698863636363636,148,18,67,81
LOMO_HOLDOUT_RNAFOLD,2,41,LEARNED_UNGATED,rnafold,0.5,-0.06953468728595386,-0.06234028438752848,0.4527027027027027,0.6836734693877551,0.7698863636363636,148,18,67,81
LOMO_HOLDOUT_RNAFOLD,2,53,LEARNED_UNGATED,pooled,0.5,-0.07192981439415476,-0.06292624152597737,0.45751633986928103,0.7142857142857143,0.7642045454545454,153,19,70,83
LOMO_HOLDOUT_RNAFOLD,2,53,LEARNED_UNGATED,rnafold,0.5,-0.07192981439415476,-0.06292624152597737,0.45751633986928103,0.7142857142857143,0.7642045454545454,153,19,70,83
LOMO_HOLDOUT_RNAFOLD,2,67,LEARNED_UNGATED,pooled,0.5,-0.07129114421836541,-0.05709094055550756,0.46621621621621623,0.7040816326530612,0.7755681818181818,148,19,69,79
LOMO_HOLDOUT_RNAFOLD,2,67,LEARNED_UNGATED,rnafold,0.5,-0.07129114421836541,-0.05709094055550756,0.46621621621621623,0.7040816326530612,0.7755681818181818,148,19,69,79
LOMO_HOLDOUT_RNAFOLD,3,17,LEARNED_UNGATED,pooled,0.5,-0.03046001213187924,-0.03378315782972541,0.17857142857142858,0.3333333333333333,0.9198606271777003,28,14,5,23
LOMO_HOLDOUT_RNAFOLD,3,17,LEARNED_UNGATED,rnafold,0.5,-0.03046001213187924,-0.03378315782972541,0.17857142857142858,0.3333333333333333,0.9198606271777003,28,14,5,23
LOMO_HOLDOUT_RNAFOLD,3,17,LEARNED_SELECTIVE,pooled,0.85,-0.002420084574172629,-0.0034829440552111013,0.0,0.0,0.9930313588850174,2,2,0,2
LOMO_HOLDOUT_RNAFOLD,3,17,LEARNED_SELECTIVE,rnafold,0.85,-0.002420084574172629,-0.0034829440552111013,0.0,0.0,0.9930313588850174,2,2,0,2
LOMO_HOLDOUT_RNAFOLD,3,29,LEARNED_UNGATED,pooled,0.5,-0.026563993954493343,-0.031909288612873565,0.18518518518518517,0.3333333333333333,0.9233449477351916,27,14,5,22
LOMO_HOLDOUT_RNAFOLD,3,29,LEARNED_UNGATED,rnafold,0.5,-0.026563993954493343,-0.031909288612873565,0.18518518518518517,0.3333333333333333,0.9233449477351916,27,14,5,22
LOMO_HOLDOUT_RNAFOLD,3,29,LEARNED_SELECTIVE,pooled,0.85,-0.0036827108367988907,-0.005233008872426503,0.0,0.0,0.9895470383275261,3,3,0,3
LOMO_HOLDOUT_RNAFOLD,3,29,LEARNED_SELECTIVE,rnafold,0.85,-0.0036827108367988907,-0.005233008872426503,0.0,0.0,0.9895470383275261,3,3,0,3
LOMO_HOLDOUT_RNAFOLD,3,41,LEARNED_UNGATED,pooled,0.5,-0.03997784424447066,-0.041343362476644274,0.15625,0.3333333333333333,0.9059233449477352,32,16,5,27
LOMO_HOLDOUT_RNAFOLD,3,41,LEARNED_UNGATED,rnafold,0.5,-0.03997784424447066,-0.041343362476644274,0.15625,0.3333333333333333,0.9059233449477352,32,16,5,27
LOMO_HOLDOUT_RNAFOLD,3,41,LEARNED_SELECTIVE,pooled,0.9,-0.0008768746976294169,-0.0017386171554291119,0.0,0.0,0.9965156794425087,1,1,0,1
LOMO_HOLDOUT_RNAFOLD,3,41,LEARNED_SELECTIVE,rnafold,0.9,-0.0008768746976294169,-0.0017386171554291119,0.0,0.0,0.9965156794425087,1,1,0,1
LOMO_HOLDOUT_RNAFOLD,3,53,LEARNED_UNGATED,pooled,0.5,-0.04102454616415521,-0.04407475302698105,0.07142857142857142,0.13333333333333333,0.9094076655052264,28,14,2,26
LOMO_HOLDOUT_RNAFOLD,3,53,LEARNED_UNGATED,rnafold,0.5,-0.04102454616415521,-0.04407475302698105,0.07142857142857142,0.13333333333333333,0.9094076655052264,28,14,2,26
LOMO_HOLDOUT_RNAFOLD,3,53,LEARNED_SELECTIVE,pooled,0.95,-0.0008768746976294169,-0.0017386171554291119,0.0,0.0,0.9965156794425087,1,1,0,1
LOMO_HOLDOUT_RNAFOLD,3,53,LEARNED_SELECTIVE,rnafold,0.95,-0.0008768746976294169,-0.0017386171554291119,0.0,0.0,0.9965156794425087,1,1,0,1
LOMO_HOLDOUT_RNAFOLD,3,67,LEARNED_UNGATED,pooled,0.5,-0.0263639281116239,-0.0315937058366802,0.16,0.26666666666666666,0.926829268292683,25,12,4,21
LOMO_HOLDOUT_RNAFOLD,3,67,LEARNED_UNGATED,rnafold,0.5,-0.0263639281116239,-0.0315937058366802,0.16,0.26666666666666666,0.926829268292683,25,12,4,21
LOMO_HOLDOUT_RNAFOLD,3,67,LEARNED_SELECTIVE,pooled,0.9,-0.0008768746976294169,-0.0017386171554291119,0.0,0.0,0.9965156794425087,1,1,0,1
LOMO_HOLDOUT_RNAFOLD,3,67,LEARNED_SELECTIVE,rnafold,0.9,-0.0008768746976294169,-0.0017386171554291119,0.0,0.0,0.9965156794425087,1,1,0,1
LOMO_HOLDOUT_RNAFOLD,4,17,LEARNED_UNGATED,pooled,0.5,-0.036097291955164756,-0.03734809688581309,0.3191489361702128,0.39473684210526316,0.8865248226950354,47,15,15,32
LOMO_HOLDOUT_RNAFOLD,4,17,LEARNED_UNGATED,rnafold,0.5,-0.036097291955164756,-0.03734809688581309,0.3191489361702128,0.39473684210526316,0.8865248226950354,47,15,15,32
LOMO_HOLDOUT_RNAFOLD,4,17,LEARNED_SELECTIVE,pooled,0.95,0.0003581407972320927,0.0011369774919613995,0.6666666666666666,0.05263157894736842,0.9964539007092199,3,3,2,1
LOMO_HOLDOUT_RNAFOLD,4,17,LEARNED_SELECTIVE,rnafold,0.95,0.0003581407972320927,0.0011369774919613995,0.6666666666666666,0.05263157894736842,0.9964539007092199,3,3,2,1
LOMO_HOLDOUT_RNAFOLD,4,29,LEARNED_UNGATED,pooled,0.5,-0.034068998181514945,-0.033290052356020894,0.36538461538461536,0.5,0.8829787234042553,52,16,19,33
LOMO_HOLDOUT_RNAFOLD,4,29,LEARNED_UNGATED,rnafold,0.5,-0.034068998181514945,-0.033290052356020894,0.36538461538461536,0.5,0.8829787234042553,52,16,19,33
LOMO_HOLDOUT_RNAFOLD,4,29,LEARNED_SELECTIVE,pooled,0.95,0.00047274387063119444,0.0014461538461538748,1.0,0.02631578947368421,1.0,1,1,1,0
LOMO_HOLDOUT_RNAFOLD,4,29,LEARNED_SELECTIVE,rnafold,0.95,0.00047274387063119444,0.0014461538461538748,1.0,0.02631578947368421,1.0,1,1,1,0
LOMO_HOLDOUT_RNAFOLD,4,41,LEARNED_UNGATED,pooled,0.5,-0.033840922563906924,-0.0338878892733564,0.3404255319148936,0.42105263157894735,0.8900709219858156,47,14,16,31
LOMO_HOLDOUT_RNAFOLD,4,41,LEARNED_UNGATED,rnafold,0.5,-0.033840922563906924,-0.0338878892733564,0.3404255319148936,0.42105263157894735,0.8900709219858156,47,14,16,31
LOMO_HOLDOUT_RNAFOLD,4,41,LEARNED_SELECTIVE,pooled,0.95,0.00047274387063119444,0.0014461538461538748,1.0,0.02631578947368421,1.0,1,1,1,0
LOMO_HOLDOUT_RNAFOLD,4,41,LEARNED_SELECTIVE,rnafold,0.95,0.00047274387063119444,0.0014461538461538748,1.0,0.02631578947368421,1.0,1,1,1,0
LOMO_HOLDOUT_RNAFOLD,4,53,LEARNED_UNGATED,pooled,0.5,-0.029838570806659886,-0.030245884413309998,0.3888888888888889,0.5526315789473685,0.8829787234042553,54,14,21,33
LOMO_HOLDOUT_RNAFOLD,4,53,LEARNED_UNGATED,rnafold,0.5,-0.029838570806659886,-0.030245884413309998,0.3888888888888889,0.5526315789473685,0.8829787234042553,54,14,21,33
LOMO_HOLDOUT_RNAFOLD,4,53,LEARNED_SELECTIVE,pooled,0.95,-0.0005256975866062922,-0.0003133226324237848,0.5,0.02631578947368421,0.9964539007092199,2,2,1,1
LOMO_HOLDOUT_RNAFOLD,4,53,LEARNED_SELECTIVE,rnafold,0.95,-0.0005256975866062922,-0.0003133226324237848,0.5,0.02631578947368421,0.9964539007092199,2,2,1,1
LOMO_HOLDOUT_RNAFOLD,4,67,LEARNED_UNGATED,pooled,0.5,-0.029179236166606132,-0.0329841924398625,0.32558139534883723,0.3684210526315789,0.8971631205673759,43,13,14,29
LOMO_HOLDOUT_RNAFOLD,4,67,LEARNED_UNGATED,rnafold,0.5,-0.029179236166606132,-0.0329841924398625,0.32558139534883723,0.3684210526315789,0.8971631205673759,43,13,14,29
LOMO_HOLDOUT_RNAFOLD,4,67,LEARNED_SELECTIVE,pooled,0.95,-0.0015113831134957918,-0.0003133226324237848,0.5,0.02631578947368421,0.9964539007092199,2,2,1,1
LOMO_HOLDOUT_RNAFOLD,4,67,LEARNED_SELECTIVE,rnafold,0.95,-0.0015113831134957918,-0.0003133226324237848,0.5,0.02631578947368421,0.9964539007092199,2,2,1,1
LOMO_HOLDOUT_TRROSETTARNA2,0,17,LEARNED_UNGATED,pooled,0.5,-0.00525671599917354,-0.02991071531540257,0.4827586206896552,0.7887323943661971,0.810126582278481,116,23,56,60
LOMO_HOLDOUT_TRROSETTARNA2,0,17,LEARNED_UNGATED,trrosettarna2_native_ss,0.5,-0.00525671599917354,-0.02991071531540257,0.4827586206896552,0.7887323943661971,0.810126582278481,116,23,56,60
LOMO_HOLDOUT_TRROSETTARNA2,0,17,LEARNED_SELECTIVE,pooled,0.9,0.04588279808853015,0.05053662320439223,0.8846153846153846,0.647887323943662,0.9810126582278481,52,18,46,6
LOMO_HOLDOUT_TRROSETTARNA2,0,17,LEARNED_SELECTIVE,trrosettarna2_native_ss,0.9,0.04588279808853015,0.05053662320439223,0.8846153846153846,0.647887323943662,0.9810126582278481,52,18,46,6
LOMO_HOLDOUT_TRROSETTARNA2,0,29,LEARNED_UNGATED,pooled,0.5,-0.026246494152389842,-0.051527922412246685,0.4344262295081967,0.7464788732394366,0.7816455696202531,122,22,53,69
LOMO_HOLDOUT_TRROSETTARNA2,0,29,LEARNED_UNGATED,trrosettarna2_native_ss,0.5,-0.026246494152389842,-0.051527922412246685,0.4344262295081967,0.7464788732394366,0.7816455696202531,122,22,53,69
LOMO_HOLDOUT_TRROSETTARNA2,0,29,LEARNED_SELECTIVE,pooled,0.95,0.04557959408704534,0.049784773609901634,0.9333333333333333,0.5915492957746479,0.990506329113924,45,18,42,3
LOMO_HOLDOUT_TRROSETTARNA2,0,29,LEARNED_SELECTIVE,trrosettarna2_native_ss,0.95,0.04557959408704534,0.049784773609901634,0.9333333333333333,0.5915492957746479,0.990506329113924,45,18,42,3
LOMO_HOLDOUT_TRROSETTARNA2,0,41,LEARNED_UNGATED,pooled,0.5,-0.01587567974321867,-0.03899860917941589,0.46218487394957986,0.7746478873239436,0.7974683544303798,119,24,55,64
LOMO_HOLDOUT_TRROSETTARNA2,0,41,LEARNED_UNGATED,trrosettarna2_native_ss,0.5,-0.01587567974321867,-0.03899860917941589,0.46218487394957986,0.7746478873239436,0.7974683544303798,119,24,55,64
LOMO_HOLDOUT_TRROSETTARNA2,0,41,LEARNED_SELECTIVE,pooled,0.9,0.042323883107452914,0.04522130166753813,0.8913043478260869,0.5774647887323944,0.9841772151898734,46,18,41,5
LOMO_HOLDOUT_TRROSETTARNA2,0,41,LEARNED_SELECTIVE,trrosettarna2_native_ss,0.9,0.042323883107452914,0.04522130166753813,0.8913043478260869,0.5774647887323944,0.9841772151898734,46,18,41,5
LOMO_HOLDOUT_TRROSETTARNA2,0,53,LEARNED_UNGATED,pooled,0.5,-0.006388089484516693,-0.027934779392181808,0.48148148148148145,0.7323943661971831,0.8227848101265823,108,22,52,56
LOMO_HOLDOUT_TRROSETTARNA2,0,53,LEARNED_UNGATED,trrosettarna2_native_ss,0.5,-0.006388089484516693,-0.027934779392181808,0.48148148148148145,0.7323943661971831,0.8227848101265823,108,22,52,56
LOMO_HOLDOUT_TRROSETTARNA2,0,53,LEARNED_SELECTIVE,pooled,0.95,0.04382079476308177,0.0474719790558783,0.9743589743589743,0.5352112676056338,0.9968354430379747,39,17,38,1
LOMO_HOLDOUT_TRROSETTARNA2,0,53,LEARNED_SELECTIVE,trrosettarna2_native_ss,0.95,0.04382079476308177,0.0474719790558783,0.9743589743589743,0.5352112676056338,0.9968354430379747,39,17,38,1
LOMO_HOLDOUT_TRROSETTARNA2,0,67,LEARNED_UNGATED,pooled,0.5,-0.011601920960691507,-0.03602340256784564,0.4649122807017544,0.7464788732394366,0.8069620253164557,114,23,53,61
LOMO_HOLDOUT_TRROSETTARNA2,0,67,LEARNED_UNGATED,trrosettarna2_native_ss,0.5,-0.011601920960691507,-0.03602340256784564,0.4649122807017544,0.7464788732394366,0.8069620253164557,114,23,53,61
LOMO_HOLDOUT_TRROSETTARNA2,0,67,LEARNED_SELECTIVE,pooled,0.95,0.0454060378825999,0.051577461721618145,0.9761904761904762,0.5774647887323944,0.9968354430379747,42,18,41,1
LOMO_HOLDOUT_TRROSETTARNA2,0,67,LEARNED_SELECTIVE,trrosettarna2_native_ss,0.95,0.0454060378825999,0.051577461721618145,0.9761904761904762,0.5774647887323944,0.9968354430379747,42,18,41,1
LOMO_HOLDOUT_TRROSETTARNA2,1,17,LEARNED_UNGATED,pooled,0.5,-0.05797434427506093,-0.04539775975607174,0.4084507042253521,0.5471698113207547,0.8292682926829268,71,23,29,42
LOMO_HOLDOUT_TRROSETTARNA2,1,17,LEARNED_UNGATED,trrosettarna2_native_ss,0.5,-0.05797434427506093,-0.04539775975607174,0.4084507042253521,0.5471698113207547,0.8292682926829268,71,23,29,42
LOMO_HOLDOUT_TRROSETTARNA2,1,29,LEARNED_UNGATED,pooled,0.5,-0.03704228588355183,-0.03540657550687987,0.45454545454545453,0.660377358490566,0.8292682926829268,77,23,35,42
LOMO_HOLDOUT_TRROSETTARNA2,1,29,LEARNED_UNGATED,trrosettarna2_native_ss,0.5,-0.03704228588355183,-0.03540657550687987,0.45454545454545453,0.660377358490566,0.8292682926829268,77,23,35,42
LOMO_HOLDOUT_TRROSETTARNA2,1,41,LEARNED_UNGATED,pooled,0.5,-0.07969705064676047,-0.07445083560324861,0.3333333333333333,0.49056603773584906,0.7886178861788617,78,23,26,52
LOMO_HOLDOUT_TRROSETTARNA2,1,41,LEARNED_UNGATED,trrosettarna2_native_ss,0.5,-0.07969705064676047,-0.07445083560324861,0.3333333333333333,0.49056603773584906,0.7886178861788617,78,23,26,52
LOMO_HOLDOUT_TRROSETTARNA2,1,53,LEARNED_UNGATED,pooled,0.5,-0.06639532371182184,-0.06389361818980666,0.2807017543859649,0.3018867924528302,0.8333333333333334,57,22,16,41
LOMO_HOLDOUT_TRROSETTARNA2,1,53,LEARNED_UNGATED,trrosettarna2_native_ss,0.5,-0.06639532371182184,-0.06389361818980666,0.2807017543859649,0.3018867924528302,0.8333333333333334,57,22,16,41
LOMO_HOLDOUT_TRROSETTARNA2,1,67,LEARNED_UNGATED,pooled,0.5,-0.050332751277013026,-0.04539775975607174,0.4084507042253521,0.5471698113207547,0.8292682926829268,71,22,29,42
LOMO_HOLDOUT_TRROSETTARNA2,1,67,LEARNED_UNGATED,trrosettarna2_native_ss,0.5,-0.050332751277013026,-0.04539775975607174,0.4084507042253521,0.5471698113207547,0.8292682926829268,71,22,29,42
LOMO_HOLDOUT_TRROSETTARNA2,2,17,LEARNED_UNGATED,pooled,0.5,-0.05246147665735575,-0.05017060630857351,0.4965034965034965,0.47019867549668876,0.7913043478260869,143,23,71,72
LOMO_HOLDOUT_TRROSETTARNA2,2,17,LEARNED_UNGATED,trrosettarna2_native_ss,0.5,-0.05246147665735575,-0.05017060630857351,0.4965034965034965,0.47019867549668876,0.7913043478260869,143,23,71,72
LOMO_HOLDOUT_TRROSETTARNA2,2,17,LEARNED_SELECTIVE,pooled,0.95,0.001342659309400943,0.02064987692438025,0.7761194029850746,0.3443708609271523,0.9565217391304348,67,17,52,15
LOMO_HOLDOUT_TRROSETTARNA2,2,17,LEARNED_SELECTIVE,trrosettarna2_native_ss,0.95,0.001342659309400943,0.02064987692438025,0.7761194029850746,0.3443708609271523,0.9565217391304348,67,17,52,15
LOMO_HOLDOUT_TRROSETTARNA2,2,29,LEARNED_UNGATED,pooled,0.5,-0.026311730598903908,-0.027983497525160383,0.5739644970414202,0.6423841059602649,0.7913043478260869,169,24,97,72
LOMO_HOLDOUT_TRROSETTARNA2,2,29,LEARNED_UNGATED,trrosettarna2_native_ss,0.5,-0.026311730598903908,-0.027983497525160383,0.5739644970414202,0.6423841059602649,0.7913043478260869,169,24,97,72
LOMO_HOLDOUT_TRROSETTARNA2,2,41,LEARNED_UNGATED,pooled,0.5,-0.05628057715651829,-0.05593453736560561,0.5060240963855421,0.5562913907284768,0.7623188405797101,166,24,84,82
LOMO_HOLDOUT_TRROSETTARNA2,2,41,LEARNED_UNGATED,trrosettarna2_native_ss,0.5,-0.05628057715651829,-0.05593453736560561,0.5060240963855421,0.5562913907284768,0.7623188405797101,166,24,84,82
LOMO_HOLDOUT_TRROSETTARNA2,2,41,LEARNED_SELECTIVE,pooled,0.95,-0.00013683123788962395,0.016420301815040617,0.7191011235955056,0.423841059602649,0.927536231884058,89,20,64,25
LOMO_HOLDOUT_TRROSETTARNA2,2,41,LEARNED_SELECTIVE,trrosettarna2_native_ss,0.95,-0.00013683123788962395,0.016420301815040617,0.7191011235955056,0.423841059602649,0.927536231884058,89,20,64,25
LOMO_HOLDOUT_TRROSETTARNA2,2,53,LEARNED_UNGATED,pooled,0.5,-0.038634660691428215,-0.04858659046841507,0.49264705882352944,0.44370860927152317,0.8,136,22,67,69
LOMO_HOLDOUT_TRROSETTARNA2,2,53,LEARNED_UNGATED,trrosettarna2_native_ss,0.5,-0.038634660691428215,-0.04858659046841507,0.49264705882352944,0.44370860927152317,0.8,136,22,67,69
LOMO_HOLDOUT_TRROSETTARNA2,2,53,LEARNED_SELECTIVE,pooled,0.95,0.01408838777341929,0.02268712226871228,0.8214285714285714,0.304635761589404,0.9710144927536232,56,16,46,10
LOMO_HOLDOUT_TRROSETTARNA2,2,53,LEARNED_SELECTIVE,trrosettarna2_native_ss,0.95,0.01408838777341929,0.02268712226871228,0.8214285714285714,0.304635761589404,0.9710144927536232,56,16,46,10
LOMO_HOLDOUT_TRROSETTARNA2,2,67,LEARNED_UNGATED,pooled,0.5,-0.024621338031992554,-0.02318034934261448,0.5901639344262295,0.7152317880794702,0.782608695652174,183,24,108,75
LOMO_HOLDOUT_TRROSETTARNA2,2,67,LEARNED_UNGATED,trrosettarna2_native_ss,0.5,-0.024621338031992554,-0.02318034934261448,0.5901639344262295,0.7152317880794702,0.782608695652174,183,24,108,75
LOMO_HOLDOUT_TRROSETTARNA2,3,17,LEARNED_UNGATED,pooled,0.5,0.002854385637328765,0.02473363774733639,0.6986301369863014,0.6,0.9163498098859315,73,23,51,22
LOMO_HOLDOUT_TRROSETTARNA2,3,17,LEARNED_UNGATED,trrosettarna2_native_ss,0.5,0.002854385637328765,0.02473363774733639,0.6986301369863014,0.6,0.9163498098859315,73,23,51,22
LOMO_HOLDOUT_TRROSETTARNA2,3,17,LEARNED_SELECTIVE,pooled,0.9,0.02619042072225694,0.041667594758139415,0.9047619047619048,0.4470588235294118,0.9847908745247148,42,17,38,4
LOMO_HOLDOUT_TRROSETTARNA2,3,17,LEARNED_SELECTIVE,trrosettarna2_native_ss,0.9,0.02619042072225694,0.041667594758139415,0.9047619047619048,0.4470588235294118,0.9847908745247148,42,17,38,4
LOMO_HOLDOUT_TRROSETTARNA2,3,29,LEARNED_UNGATED,pooled,0.5,-0.01107892547552757,0.015363394216133974,0.654320987654321,0.6235294117647059,0.8935361216730038,81,22,53,28
LOMO_HOLDOUT_TRROSETTARNA2,3,29,LEARNED_UNGATED,trrosettarna2_native_ss,0.5,-0.01107892547552757,0.015363394216133974,0.654320987654321,0.6235294117647059,0.8935361216730038,81,22,53,28
LOMO_HOLDOUT_TRROSETTARNA2,3,29,LEARNED_SELECTIVE,pooled,0.9,0.02439211872496001,0.04757599047576,0.8823529411764706,0.5294117647058824,0.9771863117870723,51,17,45,6
LOMO_HOLDOUT_TRROSETTARNA2,3,29,LEARNED_SELECTIVE,trrosettarna2_native_ss,0.9,0.02439211872496001,0.04757599047576,0.8823529411764706,0.5294117647058824,0.9771863117870723,51,17,45,6
LOMO_HOLDOUT_TRROSETTARNA2,3,41,LEARNED_UNGATED,pooled,0.5,0.010117024540186285,0.04500520708163103,0.7471264367816092,0.7647058823529411,0.9163498098859315,87,23,65,22
LOMO_HOLDOUT_TRROSETTARNA2,3,41,LEARNED_UNGATED,trrosettarna2_native_ss,0.5,0.010117024540186285,0.04500520708163103,0.7471264367816092,0.7647058823529411,0.9163498098859315,87,23,65,22
LOMO_HOLDOUT_TRROSETTARNA2,3,41,LEARNED_SELECTIVE,pooled,0.95,0.033696924086047,0.06077731060777314,0.9607843137254902,0.5764705882352941,0.9923954372623575,51,18,49,2
LOMO_HOLDOUT_TRROSETTARNA2,3,41,LEARNED_SELECTIVE,trrosettarna2_native_ss,0.95,0.033696924086047,0.06077731060777314,0.9607843137254902,0.5764705882352941,0.9923954372623575,51,18,49,2
LOMO_HOLDOUT_TRROSETTARNA2,3,53,LEARNED_UNGATED,pooled,0.5,0.01016551643519402,0.032155677113365644,0.7323943661971831,0.611764705882353,0.9277566539923955,71,24,52,19
LOMO_HOLDOUT_TRROSETTARNA2,3,53,LEARNED_UNGATED,trrosettarna2_native_ss,0.5,0.01016551643519402,0.032155677113365644,0.7323943661971831,0.611764705882353,0.9277566539923955,71,24,52,19
LOMO_HOLDOUT_TRROSETTARNA2,3,53,LEARNED_SELECTIVE,pooled,0.9,0.023218565922258554,0.04115299907384651,0.8863636363636364,0.4588235294117647,0.9809885931558935,44,18,39,5
LOMO_HOLDOUT_TRROSETTARNA2,3,53,LEARNED_SELECTIVE,trrosettarna2_native_ss,0.9,0.023218565922258554,0.04115299907384651,0.8863636363636364,0.4588235294117647,0.9809885931558935,44,18,39,5
LOMO_HOLDOUT_TRROSETTARNA2,3,67,LEARNED_UNGATED,pooled,0.5,0.0028752025823801605,0.029252283105022925,0.7037037037037037,0.6705882352941176,0.908745247148289,81,22,57,24
LOMO_HOLDOUT_TRROSETTARNA2,3,67,LEARNED_UNGATED,trrosettarna2_native_ss,0.5,0.0028752025823801605,0.029252283105022925,0.7037037037037037,0.6705882352941176,0.908745247148289,81,22,57,24
LOMO_HOLDOUT_TRROSETTARNA2,3,67,LEARNED_SELECTIVE,pooled,0.95,0.03174244116558173,0.04906437460829083,0.9333333333333333,0.49411764705882355,0.9885931558935361,45,17,42,3
LOMO_HOLDOUT_TRROSETTARNA2,3,67,LEARNED_SELECTIVE,trrosettarna2_native_ss,0.95,0.03174244116558173,0.04906437460829083,0.9333333333333333,0.49411764705882355,0.9885931558935361,45,17,42,3
LOMO_HOLDOUT_TRROSETTARNA2,4,17,LEARNED_UNGATED,pooled,0.5,0.02595378917760297,0.002226050498655985,0.5714285714285714,0.7222222222222222,0.865979381443299,91,21,52,39
LOMO_HOLDOUT_TRROSETTARNA2,4,17,LEARNED_UNGATED,trrosettarna2_native_ss,0.5,0.02595378917760297,0.002226050498655985,0.5714285714285714,0.7222222222222222,0.865979381443299,91,21,52,39
LOMO_HOLDOUT_TRROSETTARNA2,4,17,LEARNED_SELECTIVE,pooled,0.95,0.053923403904278855,0.04672358752526484,1.0,0.4722222222222222,1.0,34,19,34,0
LOMO_HOLDOUT_TRROSETTARNA2,4,17,LEARNED_SELECTIVE,trrosettarna2_native_ss,0.95,0.053923403904278855,0.04672358752526484,1.0,0.4722222222222222,1.0,34,19,34,0
LOMO_HOLDOUT_TRROSETTARNA2,4,29,LEARNED_UNGATED,pooled,0.5,0.013635335508141678,-0.007776256360998213,0.5365853658536586,0.6111111111111112,0.8694158075601375,82,21,44,38
LOMO_HOLDOUT_TRROSETTARNA2,4,29,LEARNED_UNGATED,trrosettarna2_native_ss,0.5,0.013635335508141678,-0.007776256360998213,0.5365853658536586,0.6111111111111112,0.8694158075601375,82,21,44,38
LOMO_HOLDOUT_TRROSETTARNA2,4,29,LEARNED_SELECTIVE,pooled,0.95,0.046724242487232705,0.039540637035787585,1.0,0.4027777777777778,1.0,29,19,29,0
LOMO_HOLDOUT_TRROSETTARNA2,4,29,LEARNED_SELECTIVE,trrosettarna2_native_ss,0.95,0.046724242487232705,0.039540637035787585,1.0,0.4027777777777778,1.0,29,19,29,0
LOMO_HOLDOUT_TRROSETTARNA2,4,41,LEARNED_UNGATED,pooled,0.5,0.014462912876478407,-0.009665789528210067,0.5333333333333333,0.6666666666666666,0.8556701030927835,90,21,48,42
LOMO_HOLDOUT_TRROSETTARNA2,4,41,LEARNED_UNGATED,trrosettarna2_native_ss,0.5,0.014462912876478407,-0.009665789528210067,0.5333333333333333,0.6666666666666666,0.8556701030927835,90,21,48,42
LOMO_HOLDOUT_TRROSETTARNA2,4,41,LEARNED_SELECTIVE,pooled,0.95,0.04200596195203161,0.03697036307132562,0.8888888888888888,0.4444444444444444,0.9862542955326461,36,20,32,4
LOMO_HOLDOUT_TRROSETTARNA2,4,41,LEARNED_SELECTIVE,trrosettarna2_native_ss,0.95,0.04200596195203161,0.03697036307132562,0.8888888888888888,0.4444444444444444,0.9862542955326461,36,20,32,4
LOMO_HOLDOUT_TRROSETTARNA2,4,53,LEARNED_UNGATED,pooled,0.5,0.018267681305741693,-0.0052781035866411585,0.5465116279069767,0.6527777777777778,0.865979381443299,86,22,47,39
LOMO_HOLDOUT_TRROSETTARNA2,4,53,LEARNED_UNGATED,trrosettarna2_native_ss,0.5,0.018267681305741693,-0.0052781035866411585,0.5465116279069767,0.6527777777777778,0.865979381443299,86,22,47,39
LOMO_HOLDOUT_TRROSETTARNA2,4,67,LEARNED_UNGATED,pooled,0.5,0.023778478142166076,-0.00017734565711791106,0.5638297872340425,0.7361111111111112,0.8591065292096219,94,22,53,41
LOMO_HOLDOUT_TRROSETTARNA2,4,67,LEARNED_UNGATED,trrosettarna2_native_ss,0.5,0.023778478142166076,-0.00017734565711791106,0.5638297872340425,0.7361111111111112,0.8591065292096219,94,22,53,41
LOMO_HOLDOUT_TRROSETTARNA2,4,67,LEARNED_SELECTIVE,pooled,0.95,0.054727449811465136,0.04962859091942695,1.0,0.5,1.0,36,21,36,0
LOMO_HOLDOUT_TRROSETTARNA2,4,67,LEARNED_SELECTIVE,trrosettarna2_native_ss,0.95,0.054727449811465136,0.04962859091942695,1.0,0.5,1.0,36,21,36,0
MODEL_SPECIFIC_PETFOLD,0,17,LEARNED_UNGATED,pooled,0.5,-0.08086417094430777,-0.1312959818902094,0.21428571428571427,0.5714285714285714,0.7142857142857143,112,18,24,88
MODEL_SPECIFIC_PETFOLD,0,17,LEARNED_UNGATED,petfold,0.5,-0.08086417094430777,-0.1312959818902094,0.21428571428571427,0.5714285714285714,0.7142857142857143,112,18,24,88
MODEL_SPECIFIC_PETFOLD,0,17,LEARNED_SELECTIVE,pooled,0.9,-0.003465646962497071,-0.014676188131002244,0.37037037037037035,0.23809523809523808,0.9448051948051948,27,8,10,17
MODEL_SPECIFIC_PETFOLD,0,17,LEARNED_SELECTIVE,petfold,0.9,-0.003465646962497071,-0.014676188131002244,0.37037037037037035,0.23809523809523808,0.9448051948051948,27,8,10,17
MODEL_SPECIFIC_PETFOLD,0,29,LEARNED_UNGATED,pooled,0.5,-0.07078008302400414,-0.11639738357466312,0.22857142857142856,0.5714285714285714,0.737012987012987,105,19,24,81
MODEL_SPECIFIC_PETFOLD,0,29,LEARNED_UNGATED,petfold,0.5,-0.07078008302400414,-0.11639738357466312,0.22857142857142856,0.5714285714285714,0.737012987012987,105,19,24,81
MODEL_SPECIFIC_PETFOLD,0,29,LEARNED_SELECTIVE,pooled,0.9,-0.0027185652211793743,-0.01165954139137193,0.3333333333333333,0.14285714285714285,0.961038961038961,18,7,6,12
MODEL_SPECIFIC_PETFOLD,0,29,LEARNED_SELECTIVE,petfold,0.9,-0.0027185652211793743,-0.01165954139137193,0.3333333333333333,0.14285714285714285,0.961038961038961,18,7,6,12
MODEL_SPECIFIC_PETFOLD,0,41,LEARNED_UNGATED,pooled,0.5,-0.07792692754254825,-0.12564261906107,0.22522522522522523,0.5952380952380952,0.7207792207792207,111,18,25,86
MODEL_SPECIFIC_PETFOLD,0,41,LEARNED_UNGATED,petfold,0.5,-0.07792692754254825,-0.12564261906107,0.22522522522522523,0.5952380952380952,0.7207792207792207,111,18,25,86
MODEL_SPECIFIC_PETFOLD,0,41,LEARNED_SELECTIVE,pooled,0.9,3.103686600707256e-06,-0.007613098433458587,0.42857142857142855,0.21428571428571427,0.961038961038961,21,8,9,12
MODEL_SPECIFIC_PETFOLD,0,41,LEARNED_SELECTIVE,petfold,0.9,3.103686600707256e-06,-0.007613098433458587,0.42857142857142855,0.21428571428571427,0.961038961038961,21,8,9,12
MODEL_SPECIFIC_PETFOLD,0,53,LEARNED_UNGATED,pooled,0.5,-0.06742174059077906,-0.11482990201475285,0.19791666666666666,0.4523809523809524,0.75,96,17,19,77
MODEL_SPECIFIC_PETFOLD,0,53,LEARNED_UNGATED,petfold,0.5,-0.06742174059077906,-0.11482990201475285,0.19791666666666666,0.4523809523809524,0.75,96,17,19,77
MODEL_SPECIFIC_PETFOLD,0,53,LEARNED_SELECTIVE,pooled,0.9,-0.007325617978800762,-0.013331387145428919,0.3157894736842105,0.14285714285714285,0.9577922077922078,19,7,6,13
MODEL_SPECIFIC_PETFOLD,0,53,LEARNED_SELECTIVE,petfold,0.9,-0.007325617978800762,-0.013331387145428919,0.3157894736842105,0.14285714285714285,0.9577922077922078,19,7,6,13
MODEL_SPECIFIC_PETFOLD,0,67,LEARNED_UNGATED,pooled,0.5,-0.07981039287393984,-0.12564261906107,0.22522522522522523,0.5952380952380952,0.7207792207792207,111,18,25,86
MODEL_SPECIFIC_PETFOLD,0,67,LEARNED_UNGATED,petfold,0.5,-0.07981039287393984,-0.12564261906107,0.22522522522522523,0.5952380952380952,0.7207792207792207,111,18,25,86
MODEL_SPECIFIC_PETFOLD,0,67,LEARNED_SELECTIVE,pooled,0.95,-0.0006241134549400495,-0.002780041221300822,0.4444444444444444,0.09523809523809523,0.9837662337662337,9,5,4,5
MODEL_SPECIFIC_PETFOLD,0,67,LEARNED_SELECTIVE,petfold,0.95,-0.0006241134549400495,-0.002780041221300822,0.4444444444444444,0.09523809523809523,0.9837662337662337,9,5,4,5
MODEL_SPECIFIC_PETFOLD,1,17,LEARNED_UNGATED,pooled,0.5,-0.05186027010526719,-0.04581330484837698,0.35714285714285715,0.5555555555555556,0.8512396694214877,56,23,20,36
MODEL_SPECIFIC_PETFOLD,1,17,LEARNED_UNGATED,petfold,0.5,-0.05186027010526719,-0.04581330484837698,0.35714285714285715,0.5555555555555556,0.8512396694214877,56,23,20,36
MODEL_SPECIFIC_PETFOLD,1,29,LEARNED_UNGATED,pooled,0.5,-0.059581934644527185,-0.06408485970529765,0.3283582089552239,0.6111111111111112,0.8140495867768595,67,23,22,45
MODEL_SPECIFIC_PETFOLD,1,29,LEARNED_UNGATED,petfold,0.5,-0.059581934644527185,-0.06408485970529765,0.3283582089552239,0.6111111111111112,0.8140495867768595,67,23,22,45
MODEL_SPECIFIC_PETFOLD,1,41,LEARNED_UNGATED,pooled,0.5,-0.05686591908850721,-0.060897629245339924,0.328125,0.5833333333333334,0.8223140495867769,64,22,21,43
MODEL_SPECIFIC_PETFOLD,1,41,LEARNED_UNGATED,petfold,0.5,-0.05686591908850721,-0.060897629245339924,0.328125,0.5833333333333334,0.8223140495867769,64,22,21,43
MODEL_SPECIFIC_PETFOLD,1,53,LEARNED_UNGATED,pooled,0.5,-0.04478845663377811,-0.042807638428076444,0.3584905660377358,0.5277777777777778,0.859504132231405,53,22,19,34
MODEL_SPECIFIC_PETFOLD,1,53,LEARNED_UNGATED,petfold,0.5,-0.04478845663377811,-0.042807638428076444,0.3584905660377358,0.5277777777777778,0.859504132231405,53,22,19,34
MODEL_SPECIFIC_PETFOLD,1,67,LEARNED_UNGATED,pooled,0.5,-0.040136124983045855,-0.039838184856213155,0.36,0.5,0.8677685950413223,50,21,18,32
MODEL_SPECIFIC_PETFOLD,1,67,LEARNED_UNGATED,petfold,0.5,-0.040136124983045855,-0.039838184856213155,0.36,0.5,0.8677685950413223,50,21,18,32
MODEL_SPECIFIC_PETFOLD,2,17,LEARNED_UNGATED,pooled,0.5,-0.11091407240126884,-0.09824218456310241,0.4198895027624309,0.7378640776699029,0.6982758620689655,181,24,76,105
MODEL_SPECIFIC_PETFOLD,2,17,LEARNED_UNGATED,petfold,0.5,-0.11091407240126884,-0.09824218456310241,0.4198895027624309,0.7378640776699029,0.6982758620689655,181,24,76,105
MODEL_SPECIFIC_PETFOLD,2,29,LEARNED_UNGATED,pooled,0.5,-0.11615699326775286,-0.1010429629810824,0.43005181347150256,0.8058252427184466,0.6839080459770115,193,23,83,110
MODEL_SPECIFIC_PETFOLD,2,29,LEARNED_UNGATED,petfold,0.5,-0.11615699326775286,-0.1010429629810824,0.43005181347150256,0.8058252427184466,0.6839080459770115,193,23,83,110
MODEL_SPECIFIC_PETFOLD,2,41,LEARNED_UNGATED,pooled,0.5,-0.1250642068387938,-0.11231021596220969,0.41708542713567837,0.8058252427184466,0.6666666666666666,199,24,83,116
MODEL_SPECIFIC_PETFOLD,2,41,LEARNED_UNGATED,petfold,0.5,-0.1250642068387938,-0.11231021596220969,0.41708542713567837,0.8058252427184466,0.6666666666666666,199,24,83,116
MODEL_SPECIFIC_PETFOLD,2,53,LEARNED_UNGATED,pooled,0.5,-0.1221782955703531,-0.10480907345626078,0.4292929292929293,0.8252427184466019,0.6752873563218391,198,24,85,113
MODEL_SPECIFIC_PETFOLD,2,53,LEARNED_UNGATED,petfold,0.5,-0.1221782955703531,-0.10480907345626078,0.4292929292929293,0.8252427184466019,0.6752873563218391,198,24,85,113
MODEL_SPECIFIC_PETFOLD,2,67,LEARNED_UNGATED,pooled,0.5,-0.09306445840634113,-0.08361152142914152,0.45054945054945056,0.7961165048543689,0.7126436781609196,182,24,82,100
MODEL_SPECIFIC_PETFOLD,2,67,LEARNED_UNGATED,petfold,0.5,-0.09306445840634113,-0.08361152142914152,0.45054945054945056,0.7961165048543689,0.7126436781609196,182,24,82,100
MODEL_SPECIFIC_PETFOLD,3,17,LEARNED_UNGATED,pooled,0.5,-0.045401715050434645,-0.04585501453070984,0.23255813953488372,0.5263157894736842,0.8838028169014085,43,16,10,33
MODEL_SPECIFIC_PETFOLD,3,17,LEARNED_UNGATED,petfold,0.5,-0.045401715050434645,-0.04585501453070984,0.23255813953488372,0.5263157894736842,0.8838028169014085,43,16,10,33
MODEL_SPECIFIC_PETFOLD,3,17,LEARNED_SELECTIVE,pooled,0.85,-0.005918005410803141,-0.007838794432501683,0.3,0.15789473684210525,0.9753521126760564,10,5,3,7
MODEL_SPECIFIC_PETFOLD,3,17,LEARNED_SELECTIVE,petfold,0.85,-0.005918005410803141,-0.007838794432501683,0.3,0.15789473684210525,0.9753521126760564,10,5,3,7
MODEL_SPECIFIC_PETFOLD,3,29,LEARNED_UNGATED,pooled,0.5,-0.03979425310776143,-0.03649618355500717,0.275,0.5789473684210527,0.897887323943662,40,16,11,29
MODEL_SPECIFIC_PETFOLD,3,29,LEARNED_UNGATED,petfold,0.5,-0.03979425310776143,-0.03649618355500717,0.275,0.5789473684210527,0.897887323943662,40,16,11,29
MODEL_SPECIFIC_PETFOLD,3,29,LEARNED_SELECTIVE,pooled,0.95,0.0011987433862433866,0.001055227143026305,0.6,0.15789473684210525,0.9929577464788732,5,3,3,2
MODEL_SPECIFIC_PETFOLD,3,29,LEARNED_SELECTIVE,petfold,0.95,0.0011987433862433866,0.001055227143026305,0.6,0.15789473684210525,0.9929577464788732,5,3,3,2
MODEL_SPECIFIC_PETFOLD,3,41,LEARNED_UNGATED,pooled,0.5,-0.03398903062446256,-0.03419153168513789,0.2702702702702703,0.5263157894736842,0.9049295774647887,37,16,10,27
MODEL_SPECIFIC_PETFOLD,3,41,LEARNED_UNGATED,petfold,0.5,-0.03398903062446256,-0.03419153168513789,0.2702702702702703,0.5263157894736842,0.9049295774647887,37,16,10,27
MODEL_SPECIFIC_PETFOLD,3,41,LEARNED_SELECTIVE,pooled,0.95,-0.002825877825877824,-0.004012165922474664,0.3333333333333333,0.10526315789473684,0.9859154929577465,6,3,2,4
MODEL_SPECIFIC_PETFOLD,3,41,LEARNED_SELECTIVE,petfold,0.95,-0.002825877825877824,-0.004012165922474664,0.3333333333333333,0.10526315789473684,0.9859154929577465,6,3,2,4
MODEL_SPECIFIC_PETFOLD,3,53,LEARNED_UNGATED,pooled,0.5,-0.035231604864511684,-0.030004402451827006,0.2727272727272727,0.47368421052631576,0.9154929577464789,33,15,9,24
MODEL_SPECIFIC_PETFOLD,3,53,LEARNED_UNGATED,petfold,0.5,-0.035231604864511684,-0.030004402451827006,0.2727272727272727,0.47368421052631576,0.9154929577464789,33,15,9,24
MODEL_SPECIFIC_PETFOLD,3,53,LEARNED_SELECTIVE,pooled,0.85,-0.0037197810462828947,-0.005534558688934155,0.2,0.05263157894736842,0.9859154929577465,5,5,1,4
MODEL_SPECIFIC_PETFOLD,3,53,LEARNED_SELECTIVE,petfold,0.85,-0.0037197810462828947,-0.005534558688934155,0.2,0.05263157894736842,0.9859154929577465,5,5,1,4
MODEL_SPECIFIC_PETFOLD,3,67,LEARNED_UNGATED,pooled,0.5,-0.036729713605560564,-0.036876504987960135,0.2857142857142857,0.631578947368421,0.8943661971830986,42,16,12,30
MODEL_SPECIFIC_PETFOLD,3,67,LEARNED_UNGATED,petfold,0.5,-0.036729713605560564,-0.036876504987960135,0.2857142857142857,0.631578947368421,0.8943661971830986,42,16,12,30
MODEL_SPECIFIC_PETFOLD,3,67,LEARNED_SELECTIVE,pooled,0.85,-0.0018017419699429271,-0.0027314408350405106,0.4444444444444444,0.21052631578947367,0.9823943661971831,9,5,4,5
MODEL_SPECIFIC_PETFOLD,3,67,LEARNED_SELECTIVE,petfold,0.85,-0.0018017419699429271,-0.0027314408350405106,0.4444444444444444,0.21052631578947367,0.9823943661971831,9,5,4,5
MODEL_SPECIFIC_PETFOLD,4,17,LEARNED_UNGATED,pooled,0.5,-0.08706815446959659,-0.08813806990813755,0.28888888888888886,0.6341463414634146,0.7722419928825622,90,18,26,64
MODEL_SPECIFIC_PETFOLD,4,17,LEARNED_UNGATED,petfold,0.5,-0.08706815446959659,-0.08813806990813755,0.28888888888888886,0.6341463414634146,0.7722419928825622,90,18,26,64
MODEL_SPECIFIC_PETFOLD,4,17,LEARNED_SELECTIVE,pooled,0.95,-0.0001340723487462577,-0.0010016257155845976,0.5,0.07317073170731707,0.9893238434163701,6,3,3,3
MODEL_SPECIFIC_PETFOLD,4,17,LEARNED_SELECTIVE,petfold,0.95,-0.0001340723487462577,-0.0010016257155845976,0.5,0.07317073170731707,0.9893238434163701,6,3,3,3
MODEL_SPECIFIC_PETFOLD,4,29,LEARNED_UNGATED,pooled,0.5,-0.05148731087089135,-0.05031403932195744,0.3225806451612903,0.4878048780487805,0.8505338078291815,62,15,20,42
MODEL_SPECIFIC_PETFOLD,4,29,LEARNED_UNGATED,petfold,0.5,-0.05148731087089135,-0.05031403932195744,0.3225806451612903,0.4878048780487805,0.8505338078291815,62,15,20,42
MODEL_SPECIFIC_PETFOLD,4,29,LEARNED_SELECTIVE,pooled,0.95,0.0013630089717046278,0.0028682615629983532,1.0,0.04878048780487805,1.0,2,2,2,0
MODEL_SPECIFIC_PETFOLD,4,29,LEARNED_SELECTIVE,petfold,0.95,0.0013630089717046278,0.0028682615629983532,1.0,0.04878048780487805,1.0,2,2,2,0
MODEL_SPECIFIC_PETFOLD,4,41,LEARNED_UNGATED,pooled,0.5,-0.0772604621170726,-0.08302305082147488,0.29069767441860467,0.6097560975609756,0.7829181494661922,86,19,25,61
MODEL_SPECIFIC_PETFOLD,4,41,LEARNED_UNGATED,petfold,0.5,-0.0772604621170726,-0.08302305082147488,0.29069767441860467,0.6097560975609756,0.7829181494661922,86,19,25,61
MODEL_SPECIFIC_PETFOLD,4,41,LEARNED_SELECTIVE,pooled,0.95,-0.001224136997794283,-0.0006656068158138462,0.5,0.04878048780487805,0.9928825622775801,4,3,2,2
MODEL_SPECIFIC_PETFOLD,4,41,LEARNED_SELECTIVE,petfold,0.95,-0.001224136997794283,-0.0006656068158138462,0.5,0.04878048780487805,0.9928825622775801,4,3,2,2
MODEL_SPECIFIC_PETFOLD,4,53,LEARNED_UNGATED,pooled,0.5,-0.07357814576112849,-0.07516385522532276,0.2911392405063291,0.5609756097560976,0.800711743772242,79,17,23,56
MODEL_SPECIFIC_PETFOLD,4,53,LEARNED_UNGATED,petfold,0.5,-0.07357814576112849,-0.07516385522532276,0.2911392405063291,0.5609756097560976,0.800711743772242,79,17,23,56
MODEL_SPECIFIC_PETFOLD,4,67,LEARNED_UNGATED,pooled,0.5,-0.06148340308041414,-0.06088870046231809,0.32432432432432434,0.5853658536585366,0.8220640569395018,74,17,24,50
MODEL_SPECIFIC_PETFOLD,4,67,LEARNED_UNGATED,petfold,0.5,-0.06148340308041414,-0.06088870046231809,0.32432432432432434,0.5853658536585366,0.8220640569395018,74,17,24,50
MODEL_SPECIFIC_PETFOLD,4,67,LEARNED_SELECTIVE,pooled,0.95,0.004087659852093213,0.007205239054959733,1.0,0.12195121951219512,1.0,5,4,5,0
MODEL_SPECIFIC_PETFOLD,4,67,LEARNED_SELECTIVE,petfold,0.95,0.004087659852093213,0.007205239054959733,1.0,0.12195121951219512,1.0,5,4,5,0
MODEL_SPECIFIC_RNAFOLD,0,17,LEARNED_UNGATED,pooled,0.5,-0.0782729893036313,-0.12725904568383872,0.14893617021276595,0.3888888888888889,0.7411003236245954,94,17,14,80
MODEL_SPECIFIC_RNAFOLD,0,17,LEARNED_UNGATED,rnafold,0.5,-0.0782729893036313,-0.12725904568383872,0.14893617021276595,0.3888888888888889,0.7411003236245954,94,17,14,80
MODEL_SPECIFIC_RNAFOLD,0,17,LEARNED_SELECTIVE,pooled,0.95,-0.0004649122807017569,-0.0016082088573851072,0.0,0.0,0.9967637540453075,1,1,0,1
MODEL_SPECIFIC_RNAFOLD,0,17,LEARNED_SELECTIVE,rnafold,0.95,-0.0004649122807017569,-0.0016082088573851072,0.0,0.0,0.9967637540453075,1,1,0,1
MODEL_SPECIFIC_RNAFOLD,0,29,LEARNED_UNGATED,pooled,0.5,-0.08838450562916517,-0.1406768993642027,0.14705882352941177,0.4166666666666667,0.7184466019417476,102,15,15,87
MODEL_SPECIFIC_RNAFOLD,0,29,LEARNED_UNGATED,rnafold,0.5,-0.08838450562916517,-0.1406768993642027,0.14705882352941177,0.4166666666666667,0.7184466019417476,102,15,15,87
MODEL_SPECIFIC_RNAFOLD,0,29,LEARNED_SELECTIVE,pooled,0.9,-0.007117840000009035,-0.015569845640309388,0.2,0.08333333333333333,0.9611650485436893,15,5,3,12
MODEL_SPECIFIC_RNAFOLD,0,29,LEARNED_SELECTIVE,rnafold,0.9,-0.007117840000009035,-0.015569845640309388,0.2,0.08333333333333333,0.9611650485436893,15,5,3,12
MODEL_SPECIFIC_RNAFOLD,0,41,LEARNED_UNGATED,pooled,0.5,-0.08413126353488848,-0.13798170246003694,0.16346153846153846,0.4722222222222222,0.7184466019417476,104,19,17,87
MODEL_SPECIFIC_RNAFOLD,0,41,LEARNED_UNGATED,rnafold,0.5,-0.08413126353488848,-0.13798170246003694,0.16346153846153846,0.4722222222222222,0.7184466019417476,104,19,17,87
MODEL_SPECIFIC_RNAFOLD,0,41,LEARNED_SELECTIVE,pooled,0.9,-0.004549910873440286,-0.013602692106929104,0.16666666666666666,0.05555555555555555,0.9676375404530745,12,2,2,10
MODEL_SPECIFIC_RNAFOLD,0,41,LEARNED_SELECTIVE,rnafold,0.9,-0.004549910873440286,-0.013602692106929104,0.16666666666666666,0.05555555555555555,0.9676375404530745,12,2,2,10
MODEL_SPECIFIC_RNAFOLD,0,53,LEARNED_UNGATED,pooled,0.5,-0.08411738416806791,-0.13584732808712352,0.1650485436893204,0.4722222222222222,0.7216828478964401,103,19,17,86
MODEL_SPECIFIC_RNAFOLD,0,53,LEARNED_UNGATED,rnafold,0.5,-0.08411738416806791,-0.13584732808712352,0.1650485436893204,0.4722222222222222,0.7216828478964401,103,19,17,86
MODEL_SPECIFIC_RNAFOLD,0,53,LEARNED_SELECTIVE,pooled,0.95,-0.0013007736943907177,-0.0018715839210340368,0.3333333333333333,0.027777777777777776,0.9935275080906149,3,2,1,2
MODEL_SPECIFIC_RNAFOLD,0,53,LEARNED_SELECTIVE,rnafold,0.95,-0.0013007736943907177,-0.0018715839210340368,0.3333333333333333,0.027777777777777776,0.9935275080906149,3,2,1,2
MODEL_SPECIFIC_RNAFOLD,0,67,LEARNED_UNGATED,pooled,0.5,-0.08239705511568043,-0.13798170246003694,0.16346153846153846,0.4722222222222222,0.7184466019417476,104,18,17,87
MODEL_SPECIFIC_RNAFOLD,0,67,LEARNED_UNGATED,rnafold,0.5,-0.08239705511568043,-0.13798170246003694,0.16346153846153846,0.4722222222222222,0.7184466019417476,104,18,17,87
MODEL_SPECIFIC_RNAFOLD,0,67,LEARNED_SELECTIVE,pooled,0.95,-0.0004649122807017569,-0.0016082088573851072,0.0,0.0,0.9967637540453075,1,1,0,1
MODEL_SPECIFIC_RNAFOLD,0,67,LEARNED_SELECTIVE,rnafold,0.95,-0.0004649122807017569,-0.0016082088573851072,0.0,0.0,0.9967637540453075,1,1,0,1
MODEL_SPECIFIC_RNAFOLD,1,17,LEARNED_UNGATED,pooled,0.5,-0.055614352507566044,-0.05205320994794671,0.3076923076923077,0.48484848484848486,0.8518518518518519,52,23,16,36
MODEL_SPECIFIC_RNAFOLD,1,17,LEARNED_UNGATED,rnafold,0.5,-0.055614352507566044,-0.05205320994794671,0.3076923076923077,0.48484848484848486,0.8518518518518519,52,23,16,36
MODEL_SPECIFIC_RNAFOLD,1,29,LEARNED_UNGATED,pooled,0.5,-0.0710712566799295,-0.07683188181113487,0.265625,0.5151515151515151,0.8065843621399177,64,22,17,47
MODEL_SPECIFIC_RNAFOLD,1,29,LEARNED_UNGATED,rnafold,0.5,-0.0710712566799295,-0.07683188181113487,0.265625,0.5151515151515151,0.8065843621399177,64,22,17,47
MODEL_SPECIFIC_RNAFOLD,1,29,LEARNED_SELECTIVE,pooled,0.95,0.0,0.0,,0.0,1.0,0,0,0,0
MODEL_SPECIFIC_RNAFOLD,1,29,LEARNED_SELECTIVE,rnafold,0.95,0.0,0.0,,0.0,1.0,0,0,0,0
MODEL_SPECIFIC_RNAFOLD,1,41,LEARNED_UNGATED,pooled,0.5,-0.057364037550777576,-0.06153846153846143,0.2857142857142857,0.48484848484848486,0.8353909465020576,56,22,16,40
MODEL_SPECIFIC_RNAFOLD,1,41,LEARNED_UNGATED,rnafold,0.5,-0.057364037550777576,-0.06153846153846143,0.2857142857142857,0.48484848484848486,0.8353909465020576,56,22,16,40
MODEL_SPECIFIC_RNAFOLD,1,53,LEARNED_UNGATED,pooled,0.5,-0.05576235994931694,-0.055079340211723005,0.3090909090909091,0.5151515151515151,0.8436213991769548,55,21,17,38
MODEL_SPECIFIC_RNAFOLD,1,53,LEARNED_UNGATED,rnafold,0.5,-0.05576235994931694,-0.055079340211723005,0.3090909090909091,0.5151515151515151,0.8436213991769548,55,21,17,38
MODEL_SPECIFIC_RNAFOLD,1,67,LEARNED_UNGATED,pooled,0.5,-0.061979956237258695,-0.061243910728446704,0.3114754098360656,0.5757575757575758,0.8271604938271605,61,23,19,42
MODEL_SPECIFIC_RNAFOLD,1,67,LEARNED_UNGATED,rnafold,0.5,-0.061979956237258695,-0.061243910728446704,0.3114754098360656,0.5757575757575758,0.8271604938271605,61,23,19,42
MODEL_SPECIFIC_RNAFOLD,2,17,LEARNED_UNGATED,pooled,0.5,-0.1089552625064633,-0.10602860826324512,0.4175257731958763,0.826530612244898,0.6789772727272727,194,24,81,113
MODEL_SPECIFIC_RNAFOLD,2,17,LEARNED_UNGATED,rnafold,0.5,-0.1089552625064633,-0.10602860826324512,0.4175257731958763,0.826530612244898,0.6789772727272727,194,24,81,113
MODEL_SPECIFIC_RNAFOLD,2,17,LEARNED_SELECTIVE,pooled,0.95,-0.00039144141599881344,0.0015674248232387944,0.7142857142857143,0.05102040816326531,0.9943181818181818,7,2,5,2
MODEL_SPECIFIC_RNAFOLD,2,17,LEARNED_SELECTIVE,rnafold,0.95,-0.00039144141599881344,0.0015674248232387944,0.7142857142857143,0.05102040816326531,0.9943181818181818,7,2,5,2
MODEL_SPECIFIC_RNAFOLD,2,29,LEARNED_UNGATED,pooled,0.5,-0.13401819883782587,-0.12773402235158615,0.39215686274509803,0.8163265306122449,0.6477272727272727,204,24,80,124
MODEL_SPECIFIC_RNAFOLD,2,29,LEARNED_UNGATED,rnafold,0.5,-0.13401819883782587,-0.12773402235158615,0.39215686274509803,0.8163265306122449,0.6477272727272727,204,24,80,124
MODEL_SPECIFIC_RNAFOLD,2,29,LEARNED_SELECTIVE,pooled,0.95,0.0002601626016260165,0.001704022849397302,1.0,0.02040816326530612,1.0,2,1,2,0
MODEL_SPECIFIC_RNAFOLD,2,29,LEARNED_SELECTIVE,rnafold,0.95,0.0002601626016260165,0.001704022849397302,1.0,0.02040816326530612,1.0,2,1,2,0
MODEL_SPECIFIC_RNAFOLD,2,41,LEARNED_UNGATED,pooled,0.5,-0.155282656311495,-0.14826614307882324,0.375,0.826530612244898,0.6164772727272727,216,24,81,135
MODEL_SPECIFIC_RNAFOLD,2,41,LEARNED_UNGATED,rnafold,0.5,-0.155282656311495,-0.14826614307882324,0.375,0.826530612244898,0.6164772727272727,216,24,81,135
MODEL_SPECIFIC_RNAFOLD,2,53,LEARNED_UNGATED,pooled,0.5,-0.11440983795975596,-0.10974910723864706,0.40932642487046633,0.8061224489795918,0.6761363636363636,193,23,79,114
MODEL_SPECIFIC_RNAFOLD,2,53,LEARNED_UNGATED,rnafold,0.5,-0.11440983795975596,-0.10974910723864706,0.40932642487046633,0.8061224489795918,0.6761363636363636,193,23,79,114
MODEL_SPECIFIC_RNAFOLD,2,53,LEARNED_SELECTIVE,pooled,0.95,0.0005946401484937918,0.003288165774292251,0.7777777777777778,0.07142857142857142,0.9943181818181818,9,3,7,2
MODEL_SPECIFIC_RNAFOLD,2,53,LEARNED_SELECTIVE,rnafold,0.95,0.0005946401484937918,0.003288165774292251,0.7777777777777778,0.07142857142857142,0.9943181818181818,9,3,7,2
MODEL_SPECIFIC_RNAFOLD,2,67,LEARNED_UNGATED,pooled,0.5,-0.11202651701583227,-0.11064294821200904,0.3978494623655914,0.7551020408163265,0.6818181818181818,186,23,74,112
MODEL_SPECIFIC_RNAFOLD,2,67,LEARNED_UNGATED,rnafold,0.5,-0.11202651701583227,-0.11064294821200904,0.3978494623655914,0.7551020408163265,0.6818181818181818,186,23,74,112
MODEL_SPECIFIC_RNAFOLD,2,67,LEARNED_SELECTIVE,pooled,0.95,-0.00028924419912831206,0.001429305660931468,0.6666666666666666,0.08163265306122448,0.9886363636363636,12,4,8,4
MODEL_SPECIFIC_RNAFOLD,2,67,LEARNED_SELECTIVE,rnafold,0.95,-0.00028924419912831206,0.001429305660931468,0.6666666666666666,0.08163265306122448,0.9886363636363636,12,4,8,4
MODEL_SPECIFIC_RNAFOLD,3,17,LEARNED_UNGATED,pooled,0.5,-0.05291180530711342,-0.05367903606695057,0.16666666666666666,0.4666666666666667,0.8780487804878049,42,16,7,35
MODEL_SPECIFIC_RNAFOLD,3,17,LEARNED_UNGATED,rnafold,0.5,-0.05291180530711342,-0.05367903606695057,0.16666666666666666,0.4666666666666667,0.8780487804878049,42,16,7,35
MODEL_SPECIFIC_RNAFOLD,3,17,LEARNED_SELECTIVE,pooled,0.9,0.0,0.0,,0.0,1.0,0,0,0,0
MODEL_SPECIFIC_RNAFOLD,3,17,LEARNED_SELECTIVE,rnafold,0.9,0.0,0.0,,0.0,1.0,0,0,0,0
MODEL_SPECIFIC_RNAFOLD,3,29,LEARNED_UNGATED,pooled,0.5,-0.04085004007463699,-0.04433864008332089,0.20512820512820512,0.5333333333333333,0.89198606271777,39,16,8,31
MODEL_SPECIFIC_RNAFOLD,3,29,LEARNED_UNGATED,rnafold,0.5,-0.04085004007463699,-0.04433864008332089,0.20512820512820512,0.5333333333333333,0.89198606271777,39,16,8,31
MODEL_SPECIFIC_RNAFOLD,3,29,LEARNED_SELECTIVE,pooled,0.9,-0.0008768746976294169,-0.0017386171554291119,0.0,0.0,0.9965156794425087,1,1,0,1
MODEL_SPECIFIC_RNAFOLD,3,29,LEARNED_SELECTIVE,rnafold,0.9,-0.0008768746976294169,-0.0017386171554291119,0.0,0.0,0.9965156794425087,1,1,0,1
MODEL_SPECIFIC_RNAFOLD,3,41,LEARNED_UNGATED,pooled,0.5,-0.05467311126382168,-0.0556407182868075,0.16279069767441862,0.4666666666666667,0.8745644599303136,43,16,7,36
MODEL_SPECIFIC_RNAFOLD,3,41,LEARNED_UNGATED,rnafold,0.5,-0.05467311126382168,-0.0556407182868075,0.16279069767441862,0.4666666666666667,0.8745644599303136,43,16,7,36
MODEL_SPECIFIC_RNAFOLD,3,41,LEARNED_SELECTIVE,pooled,0.95,0.0,0.0,,0.0,1.0,0,0,0,0
MODEL_SPECIFIC_RNAFOLD,3,41,LEARNED_SELECTIVE,rnafold,0.95,0.0,0.0,,0.0,1.0,0,0,0,0
MODEL_SPECIFIC_RNAFOLD,3,53,LEARNED_UNGATED,pooled,0.5,-0.04859764167260996,-0.049776284750387645,0.175,0.4666666666666667,0.8850174216027874,40,16,7,33
MODEL_SPECIFIC_RNAFOLD,3,53,LEARNED_UNGATED,rnafold,0.5,-0.04859764167260996,-0.049776284750387645,0.175,0.4666666666666667,0.8850174216027874,40,16,7,33
MODEL_SPECIFIC_RNAFOLD,3,53,LEARNED_SELECTIVE,pooled,0.9,-0.003660197793452511,-0.005233008872426503,0.0,0.0,0.9895470383275261,3,3,0,3
MODEL_SPECIFIC_RNAFOLD,3,53,LEARNED_SELECTIVE,rnafold,0.9,-0.003660197793452511,-0.005233008872426503,0.0,0.0,0.9895470383275261,3,3,0,3
MODEL_SPECIFIC_RNAFOLD,3,67,LEARNED_UNGATED,pooled,0.5,-0.04413683399482454,-0.0482154650127774,0.1951219512195122,0.5333333333333333,0.8850174216027874,41,15,8,33
MODEL_SPECIFIC_RNAFOLD,3,67,LEARNED_UNGATED,rnafold,0.5,-0.04413683399482454,-0.0482154650127774,0.1951219512195122,0.5333333333333333,0.8850174216027874,41,15,8,33
MODEL_SPECIFIC_RNAFOLD,3,67,LEARNED_SELECTIVE,pooled,0.9,-0.002420084574172629,-0.0034829440552111013,0.0,0.0,0.9930313588850174,2,2,0,2
MODEL_SPECIFIC_RNAFOLD,3,67,LEARNED_SELECTIVE,rnafold,0.9,-0.002420084574172629,-0.0034829440552111013,0.0,0.0,0.9930313588850174,2,2,0,2
MODEL_SPECIFIC_RNAFOLD,4,17,LEARNED_UNGATED,pooled,0.5,-0.06056186573349448,-0.06240000000000001,0.32,0.631578947368421,0.8191489361702128,75,16,24,51
MODEL_SPECIFIC_RNAFOLD,4,17,LEARNED_UNGATED,rnafold,0.5,-0.06056186573349448,-0.06240000000000001,0.32,0.631578947368421,0.8191489361702128,75,16,24,51
MODEL_SPECIFIC_RNAFOLD,4,17,LEARNED_SELECTIVE,pooled,0.95,0.0,0.0,,0.0,1.0,0,0,0,0
MODEL_SPECIFIC_RNAFOLD,4,17,LEARNED_SELECTIVE,rnafold,0.95,0.0,0.0,,0.0,1.0,0,0,0,0
MODEL_SPECIFIC_RNAFOLD,4,29,LEARNED_UNGATED,pooled,0.5,-0.07671210935812152,-0.08017777777777779,0.29411764705882354,0.6578947368421053,0.7872340425531915,85,19,25,60
MODEL_SPECIFIC_RNAFOLD,4,29,LEARNED_UNGATED,rnafold,0.5,-0.07671210935812152,-0.08017777777777779,0.29411764705882354,0.6578947368421053,0.7872340425531915,85,19,25,60
MODEL_SPECIFIC_RNAFOLD,4,29,LEARNED_SELECTIVE,pooled,0.95,0.0,0.0,,0.0,1.0,0,0,0,0
MODEL_SPECIFIC_RNAFOLD,4,29,LEARNED_SELECTIVE,rnafold,0.95,0.0,0.0,,0.0,1.0,0,0,0,0
MODEL_SPECIFIC_RNAFOLD,4,41,LEARNED_UNGATED,pooled,0.5,-0.06471159137158779,-0.06967272727272722,0.29333333333333333,0.5789473684210527,0.8120567375886525,75,15,22,53
MODEL_SPECIFIC_RNAFOLD,4,41,LEARNED_UNGATED,rnafold,0.5,-0.06471159137158779,-0.06967272727272722,0.29333333333333333,0.5789473684210527,0.8120567375886525,75,15,22,53
MODEL_SPECIFIC_RNAFOLD,4,41,LEARNED_SELECTIVE,pooled,0.95,-0.0005256975866062922,-0.0003133226324237848,0.5,0.02631578947368421,0.9964539007092199,2,2,1,1
MODEL_SPECIFIC_RNAFOLD,4,41,LEARNED_SELECTIVE,rnafold,0.95,-0.0005256975866062922,-0.0003133226324237848,0.5,0.02631578947368421,0.9964539007092199,2,2,1,1
MODEL_SPECIFIC_RNAFOLD,4,53,LEARNED_UNGATED,pooled,0.5,-0.0615719118081409,-0.06427050359712227,0.2898550724637681,0.5263157894736842,0.8262411347517731,69,19,20,49
MODEL_SPECIFIC_RNAFOLD,4,53,LEARNED_UNGATED,rnafold,0.5,-0.0615719118081409,-0.06427050359712227,0.2898550724637681,0.5263157894736842,0.8262411347517731,69,19,20,49
MODEL_SPECIFIC_RNAFOLD,4,53,LEARNED_SELECTIVE,pooled,0.95,0.0,0.0,,0.0,1.0,0,0,0,0
MODEL_SPECIFIC_RNAFOLD,4,53,LEARNED_SELECTIVE,rnafold,0.95,0.0,0.0,,0.0,1.0,0,0,0,0
MODEL_SPECIFIC_RNAFOLD,4,67,LEARNED_UNGATED,pooled,0.5,-0.06498233428035988,-0.07179890710382508,0.2894736842105263,0.5789473684210527,0.8085106382978723,76,15,22,54
MODEL_SPECIFIC_RNAFOLD,4,67,LEARNED_UNGATED,rnafold,0.5,-0.06498233428035988,-0.07179890710382508,0.2894736842105263,0.5789473684210527,0.8085106382978723,76,15,22,54
MODEL_SPECIFIC_RNAFOLD,4,67,LEARNED_SELECTIVE,pooled,0.9,-0.000700965049556602,-0.001758974358974319,0.0,0.0,0.9964539007092199,1,1,0,1
MODEL_SPECIFIC_RNAFOLD,4,67,LEARNED_SELECTIVE,rnafold,0.9,-0.000700965049556602,-0.001758974358974319,0.0,0.0,0.9964539007092199,1,1,0,1
MODEL_SPECIFIC_TRROSETTARNA2,0,17,LEARNED_UNGATED,pooled,0.5,0.035441292283861336,0.045291611640773444,0.7294117647058823,0.8732394366197183,0.9272151898734177,85,24,62,23
MODEL_SPECIFIC_TRROSETTARNA2,0,17,LEARNED_UNGATED,trrosettarna2_native_ss,0.5,0.035441292283861336,0.045291611640773444,0.7294117647058823,0.8732394366197183,0.9272151898734177,85,24,62,23
MODEL_SPECIFIC_TRROSETTARNA2,0,17,LEARNED_SELECTIVE,pooled,0.95,0.059966968062418156,0.06662072616801618,0.9473684210526315,0.7605633802816901,0.990506329113924,57,21,54,3
MODEL_SPECIFIC_TRROSETTARNA2,0,17,LEARNED_SELECTIVE,trrosettarna2_native_ss,0.95,0.059966968062418156,0.06662072616801618,0.9473684210526315,0.7605633802816901,0.990506329113924,57,21,54,3
MODEL_SPECIFIC_TRROSETTARNA2,0,29,LEARNED_UNGATED,pooled,0.5,0.038059068525143014,0.04552969270737661,0.7349397590361446,0.8591549295774648,0.930379746835443,83,24,61,22
MODEL_SPECIFIC_TRROSETTARNA2,0,29,LEARNED_UNGATED,trrosettarna2_native_ss,0.5,0.038059068525143014,0.04552969270737661,0.7349397590361446,0.8591549295774648,0.930379746835443,83,24,61,22
MODEL_SPECIFIC_TRROSETTARNA2,0,29,LEARNED_SELECTIVE,pooled,0.95,0.06022721112829972,0.06979657154347574,0.9818181818181818,0.7605633802816901,0.9968354430379747,55,20,54,1
MODEL_SPECIFIC_TRROSETTARNA2,0,29,LEARNED_SELECTIVE,trrosettarna2_native_ss,0.95,0.06022721112829972,0.06979657154347574,0.9818181818181818,0.7605633802816901,0.9968354430379747,55,20,54,1
MODEL_SPECIFIC_TRROSETTARNA2,0,41,LEARNED_UNGATED,pooled,0.5,0.033088351107390744,0.043592228103364605,0.7209302325581395,0.8732394366197183,0.9240506329113924,86,24,62,24
MODEL_SPECIFIC_TRROSETTARNA2,0,41,LEARNED_UNGATED,trrosettarna2_native_ss,0.5,0.033088351107390744,0.043592228103364605,0.7209302325581395,0.8732394366197183,0.9240506329113924,86,24,62,24
MODEL_SPECIFIC_TRROSETTARNA2,0,41,LEARNED_SELECTIVE,pooled,0.9,0.054624775371388254,0.06629014461997629,0.9180327868852459,0.7887323943661971,0.9841772151898734,61,22,56,5
MODEL_SPECIFIC_TRROSETTARNA2,0,41,LEARNED_SELECTIVE,trrosettarna2_native_ss,0.9,0.054624775371388254,0.06629014461997629,0.9180327868852459,0.7887323943661971,0.9841772151898734,61,22,56,5
MODEL_SPECIFIC_TRROSETTARNA2,0,53,LEARNED_UNGATED,pooled,0.5,0.038787101815628645,0.04675178576529193,0.7325581395348837,0.8873239436619719,0.9272151898734177,86,24,63,23
MODEL_SPECIFIC_TRROSETTARNA2,0,53,LEARNED_UNGATED,trrosettarna2_native_ss,0.5,0.038787101815628645,0.04675178576529193,0.7325581395348837,0.8873239436619719,0.9272151898734177,86,24,63,23
MODEL_SPECIFIC_TRROSETTARNA2,0,53,LEARNED_SELECTIVE,pooled,0.95,0.055893625662487796,0.06411516327567401,0.9803921568627451,0.704225352112676,0.9968354430379747,51,19,50,1
MODEL_SPECIFIC_TRROSETTARNA2,0,53,LEARNED_SELECTIVE,trrosettarna2_native_ss,0.95,0.055893625662487796,0.06411516327567401,0.9803921568627451,0.704225352112676,0.9968354430379747,51,19,50,1
MODEL_SPECIFIC_TRROSETTARNA2,0,67,LEARNED_UNGATED,pooled,0.5,0.035833549077368694,0.045291611640773444,0.7294117647058823,0.8732394366197183,0.9272151898734177,85,24,62,23
MODEL_SPECIFIC_TRROSETTARNA2,0,67,LEARNED_UNGATED,trrosettarna2_native_ss,0.5,0.035833549077368694,0.045291611640773444,0.7294117647058823,0.8732394366197183,0.9272151898734177,85,24,62,23
MODEL_SPECIFIC_TRROSETTARNA2,0,67,LEARNED_SELECTIVE,pooled,0.95,0.058629175420277686,0.06662072616801618,0.9473684210526315,0.7605633802816901,0.990506329113924,57,21,54,3
MODEL_SPECIFIC_TRROSETTARNA2,0,67,LEARNED_SELECTIVE,trrosettarna2_native_ss,0.95,0.058629175420277686,0.06662072616801618,0.9473684210526315,0.7605633802816901,0.990506329113924,57,21,54,3
MODEL_SPECIFIC_TRROSETTARNA2,1,17,LEARNED_UNGATED,pooled,0.5,0.027257267699113602,0.04512905337882078,0.7627118644067796,0.8490566037735849,0.943089430894309,59,19,45,14
MODEL_SPECIFIC_TRROSETTARNA2,1,17,LEARNED_UNGATED,trrosettarna2_native_ss,0.5,0.027257267699113602,0.04512905337882078,0.7627118644067796,0.8490566037735849,0.943089430894309,59,19,45,14
MODEL_SPECIFIC_TRROSETTARNA2,1,17,LEARNED_SELECTIVE,pooled,0.95,0.05248888085720327,0.06688406717141004,0.9767441860465116,0.7924528301886793,0.9959349593495935,43,14,42,1
MODEL_SPECIFIC_TRROSETTARNA2,1,17,LEARNED_SELECTIVE,trrosettarna2_native_ss,0.95,0.05248888085720327,0.06688406717141004,0.9767441860465116,0.7924528301886793,0.9959349593495935,43,14,42,1
MODEL_SPECIFIC_TRROSETTARNA2,1,29,LEARNED_UNGATED,pooled,0.5,0.03261860957361337,0.049387631810193344,0.7894736842105263,0.8490566037735849,0.9512195121951219,57,18,45,12
MODEL_SPECIFIC_TRROSETTARNA2,1,29,LEARNED_UNGATED,trrosettarna2_native_ss,0.5,0.03261860957361337,0.049387631810193344,0.7894736842105263,0.8490566037735849,0.9512195121951219,57,18,45,12
MODEL_SPECIFIC_TRROSETTARNA2,1,41,LEARNED_UNGATED,pooled,0.5,0.018354993398531385,0.03867818900940434,0.7258064516129032,0.8490566037735849,0.9308943089430894,62,20,45,17
MODEL_SPECIFIC_TRROSETTARNA2,1,41,LEARNED_UNGATED,trrosettarna2_native_ss,0.5,0.018354993398531385,0.03867818900940434,0.7258064516129032,0.8490566037735849,0.9308943089430894,62,20,45,17
MODEL_SPECIFIC_TRROSETTARNA2,1,53,LEARNED_UNGATED,pooled,0.5,0.02054067954870192,0.04046347173114195,0.7301587301587301,0.8679245283018868,0.9308943089430894,63,19,46,17
MODEL_SPECIFIC_TRROSETTARNA2,1,53,LEARNED_UNGATED,trrosettarna2_native_ss,0.5,0.02054067954870192,0.04046347173114195,0.7301587301587301,0.8679245283018868,0.9308943089430894,63,19,46,17
MODEL_SPECIFIC_TRROSETTARNA2,1,67,LEARNED_UNGATED,pooled,0.5,0.010328032614217659,0.0339334817107898,0.696969696969697,0.8679245283018868,0.9186991869918699,66,21,46,20
MODEL_SPECIFIC_TRROSETTARNA2,1,67,LEARNED_UNGATED,trrosettarna2_native_ss,0.5,0.010328032614217659,0.0339334817107898,0.696969696969697,0.8679245283018868,0.9186991869918699,66,21,46,20
MODEL_SPECIFIC_TRROSETTARNA2,2,17,LEARNED_UNGATED,pooled,0.5,0.05123930283485075,0.06550382432108315,0.7894736842105263,0.8940397350993378,0.8956521739130435,171,21,135,36
MODEL_SPECIFIC_TRROSETTARNA2,2,17,LEARNED_UNGATED,trrosettarna2_native_ss,0.5,0.05123930283485075,0.06550382432108315,0.7894736842105263,0.8940397350993378,0.8956521739130435,171,21,135,36
MODEL_SPECIFIC_TRROSETTARNA2,2,29,LEARNED_UNGATED,pooled,0.5,0.052902752410240346,0.06964596480277607,0.806060606060606,0.8807947019867549,0.9072463768115943,165,21,133,32
MODEL_SPECIFIC_TRROSETTARNA2,2,29,LEARNED_UNGATED,trrosettarna2_native_ss,0.5,0.052902752410240346,0.06964596480277607,0.806060606060606,0.8807947019867549,0.9072463768115943,165,21,133,32
MODEL_SPECIFIC_TRROSETTARNA2,2,41,LEARNED_UNGATED,pooled,0.5,0.057129703202232936,0.07624766535543992,0.8376623376623377,0.8543046357615894,0.927536231884058,154,22,129,25
MODEL_SPECIFIC_TRROSETTARNA2,2,41,LEARNED_UNGATED,trrosettarna2_native_ss,0.5,0.057129703202232936,0.07624766535543992,0.8376623376623377,0.8543046357615894,0.927536231884058,154,22,129,25
MODEL_SPECIFIC_TRROSETTARNA2,2,53,LEARNED_UNGATED,pooled,0.5,0.05437624457306648,0.07317938668502733,0.8132530120481928,0.8940397350993378,0.9101449275362319,166,21,135,31
MODEL_SPECIFIC_TRROSETTARNA2,2,53,LEARNED_UNGATED,trrosettarna2_native_ss,0.5,0.05437624457306648,0.07317938668502733,0.8132530120481928,0.8940397350993378,0.9101449275362319,166,21,135,31
MODEL_SPECIFIC_TRROSETTARNA2,2,67,LEARNED_UNGATED,pooled,0.5,0.04953308194817677,0.06413688437338616,0.7962962962962963,0.8543046357615894,0.9043478260869565,162,21,129,33
MODEL_SPECIFIC_TRROSETTARNA2,2,67,LEARNED_UNGATED,trrosettarna2_native_ss,0.5,0.04953308194817677,0.06413688437338616,0.7962962962962963,0.8543046357615894,0.9043478260869565,162,21,129,33
MODEL_SPECIFIC_TRROSETTARNA2,3,17,LEARNED_UNGATED,pooled,0.5,0.03944319167060874,0.07897232382637254,0.8690476190476191,0.8588235294117647,0.9581749049429658,84,23,73,11
MODEL_SPECIFIC_TRROSETTARNA2,3,17,LEARNED_UNGATED,trrosettarna2_native_ss,0.5,0.03944319167060874,0.07897232382637254,0.8690476190476191,0.8588235294117647,0.9581749049429658,84,23,73,11
MODEL_SPECIFIC_TRROSETTARNA2,3,17,LEARNED_SELECTIVE,pooled,0.95,0.04073846579273382,0.07628830521482244,0.953125,0.7176470588235294,0.9885931558935361,64,18,61,3
MODEL_SPECIFIC_TRROSETTARNA2,3,17,LEARNED_SELECTIVE,trrosettarna2_native_ss,0.95,0.04073846579273382,0.07628830521482244,0.953125,0.7176470588235294,0.9885931558935361,64,18,61,3
MODEL_SPECIFIC_TRROSETTARNA2,3,29,LEARNED_UNGATED,pooled,0.5,0.04389566901782293,0.08133561643835618,0.8888888888888888,0.8470588235294118,0.9657794676806084,81,22,72,9
MODEL_SPECIFIC_TRROSETTARNA2,3,29,LEARNED_UNGATED,trrosettarna2_native_ss,0.5,0.04389566901782293,0.08133561643835618,0.8888888888888888,0.8470588235294118,0.9657794676806084,81,22,72,9
MODEL_SPECIFIC_TRROSETTARNA2,3,29,LEARNED_SELECTIVE,pooled,0.95,0.04973103985488409,0.08074710419730158,0.9552238805970149,0.7529411764705882,0.9885931558935361,67,20,64,3
MODEL_SPECIFIC_TRROSETTARNA2,3,29,LEARNED_SELECTIVE,trrosettarna2_native_ss,0.95,0.04973103985488409,0.08074710419730158,0.9552238805970149,0.7529411764705882,0.9885931558935361,67,20,64,3
MODEL_SPECIFIC_TRROSETTARNA2,3,41,LEARNED_UNGATED,pooled,0.5,0.04156915212990254,0.07743995248171665,0.8674698795180723,0.8470588235294118,0.9581749049429658,83,23,72,11
MODEL_SPECIFIC_TRROSETTARNA2,3,41,LEARNED_UNGATED,trrosettarna2_native_ss,0.5,0.04156915212990254,0.07743995248171665,0.8674698795180723,0.8470588235294118,0.9581749049429658,83,23,72,11
MODEL_SPECIFIC_TRROSETTARNA2,3,53,LEARNED_UNGATED,pooled,0.5,0.035721243121073984,0.07351704611978593,0.8470588235294118,0.8470588235294118,0.9505703422053232,85,23,72,13
MODEL_SPECIFIC_TRROSETTARNA2,3,53,LEARNED_UNGATED,trrosettarna2_native_ss,0.5,0.035721243121073984,0.07351704611978593,0.8470588235294118,0.8470588235294118,0.9505703422053232,85,23,72,13
MODEL_SPECIFIC_TRROSETTARNA2,3,53,LEARNED_SELECTIVE,pooled,0.95,0.036615324441331594,0.06895638938521609,0.9491525423728814,0.6588235294117647,0.9885931558935361,59,18,56,3
MODEL_SPECIFIC_TRROSETTARNA2,3,53,LEARNED_SELECTIVE,trrosettarna2_native_ss,0.95,0.036615324441331594,0.06895638938521609,0.9491525423728814,0.6588235294117647,0.9885931558935361,59,18,56,3
MODEL_SPECIFIC_TRROSETTARNA2,3,67,LEARNED_UNGATED,pooled,0.5,0.04745366274823045,0.0848078386605784,0.9012345679012346,0.8588235294117647,0.9695817490494296,81,21,73,8
MODEL_SPECIFIC_TRROSETTARNA2,3,67,LEARNED_UNGATED,trrosettarna2_native_ss,0.5,0.04745366274823045,0.0848078386605784,0.9012345679012346,0.8588235294117647,0.9695817490494296,81,21,73,8
MODEL_SPECIFIC_TRROSETTARNA2,4,17,LEARNED_UNGATED,pooled,0.5,0.06287390828897307,0.056473607407034665,0.7945205479452054,0.8055555555555556,0.9484536082474226,73,23,58,15
MODEL_SPECIFIC_TRROSETTARNA2,4,17,LEARNED_UNGATED,trrosettarna2_native_ss,0.5,0.06287390828897307,0.056473607407034665,0.7945205479452054,0.8055555555555556,0.9484536082474226,73,23,58,15
MODEL_SPECIFIC_TRROSETTARNA2,4,17,LEARNED_SELECTIVE,pooled,0.85,0.07267316150559709,0.06991898555829512,0.9464285714285714,0.7361111111111112,0.9896907216494846,56,22,53,3
MODEL_SPECIFIC_TRROSETTARNA2,4,17,LEARNED_SELECTIVE,trrosettarna2_native_ss,0.85,0.07267316150559709,0.06991898555829512,0.9464285714285714,0.7361111111111112,0.9896907216494846,56,22,53,3
MODEL_SPECIFIC_TRROSETTARNA2,4,29,LEARNED_UNGATED,pooled,0.5,0.06000763937418772,0.04948450485201594,0.76,0.7916666666666666,0.9381443298969072,75,23,57,18
MODEL_SPECIFIC_TRROSETTARNA2,4,29,LEARNED_UNGATED,trrosettarna2_native_ss,0.5,0.06000763937418772,0.04948450485201594,0.76,0.7916666666666666,0.9381443298969072,75,23,57,18
MODEL_SPECIFIC_TRROSETTARNA2,4,29,LEARNED_SELECTIVE,pooled,0.9,0.07261640162424825,0.06991898555829512,0.9464285714285714,0.7361111111111112,0.9896907216494846,56,22,53,3
MODEL_SPECIFIC_TRROSETTARNA2,4,29,LEARNED_SELECTIVE,trrosettarna2_native_ss,0.9,0.07261640162424825,0.06991898555829512,0.9464285714285714,0.7361111111111112,0.9896907216494846,56,22,53,3
MODEL_SPECIFIC_TRROSETTARNA2,4,41,LEARNED_UNGATED,pooled,0.5,0.06436165453662786,0.05466844089598577,0.7837837837837838,0.8055555555555556,0.9450171821305842,74,23,58,16
MODEL_SPECIFIC_TRROSETTARNA2,4,41,LEARNED_UNGATED,trrosettarna2_native_ss,0.5,0.06436165453662786,0.05466844089598577,0.7837837837837838,0.8055555555555556,0.9450171821305842,74,23,58,16
MODEL_SPECIFIC_TRROSETTARNA2,4,41,LEARNED_SELECTIVE,pooled,0.85,0.07369110491484483,0.07127125060224371,0.9322033898305084,0.7638888888888888,0.9862542955326461,59,22,55,4
MODEL_SPECIFIC_TRROSETTARNA2,4,41,LEARNED_SELECTIVE,trrosettarna2_native_ss,0.85,0.07369110491484483,0.07127125060224371,0.9322033898305084,0.7638888888888888,0.9862542955326461,59,22,55,4
MODEL_SPECIFIC_TRROSETTARNA2,4,53,LEARNED_UNGATED,pooled,0.5,0.0638964968115616,0.056473607407034665,0.7945205479452054,0.8055555555555556,0.9484536082474226,73,23,58,15
MODEL_SPECIFIC_TRROSETTARNA2,4,53,LEARNED_UNGATED,trrosettarna2_native_ss,0.5,0.0638964968115616,0.056473607407034665,0.7945205479452054,0.8055555555555556,0.9484536082474226,73,23,58,15
MODEL_SPECIFIC_TRROSETTARNA2,4,53,LEARNED_SELECTIVE,pooled,0.85,0.07145017258916675,0.06991898555829512,0.9464285714285714,0.7361111111111112,0.9896907216494846,56,22,53,3
MODEL_SPECIFIC_TRROSETTARNA2,4,53,LEARNED_SELECTIVE,trrosettarna2_native_ss,0.85,0.07145017258916675,0.06991898555829512,0.9464285714285714,0.7361111111111112,0.9896907216494846,56,22,53,3
MODEL_SPECIFIC_TRROSETTARNA2,4,67,LEARNED_UNGATED,pooled,0.5,0.06810089602007595,0.06029510261613669,0.8260869565217391,0.7916666666666666,0.9587628865979382,69,23,57,12
MODEL_SPECIFIC_TRROSETTARNA2,4,67,LEARNED_UNGATED,trrosettarna2_native_ss,0.5,0.06810089602007595,0.06029510261613669,0.8260869565217391,0.7916666666666666,0.9587628865979382,69,23,57,12
MODEL_SPECIFIC_TRROSETTARNA2,4,67,LEARNED_SELECTIVE,pooled,0.8,0.07325392439291856,0.07145937258053447,0.9473684210526315,0.75,0.9896907216494846,57,22,54,3
MODEL_SPECIFIC_TRROSETTARNA2,4,67,LEARNED_SELECTIVE,trrosettarna2_native_ss,0.8,0.07325392439291856,0.07145937258053447,0.9473684210526315,0.75,0.9896907216494846,57,22,54,3
POOLED_SOURCE_AGNOSTIC,0,17,LEARNED_UNGATED,pooled,0.5,-0.045280905990929626,-0.07755233870087896,0.31756756756756754,0.6308724832214765,0.7834941050375134,296,58,94,202
POOLED_SOURCE_AGNOSTIC,0,17,LEARNED_UNGATED,rnafold,0.5,-0.07308152558381022,-0.11758854506419536,0.13953488372093023,0.3333333333333333,0.7605177993527508,86,16,12,74
POOLED_SOURCE_AGNOSTIC,0,17,LEARNED_UNGATED,petfold,0.5,-0.061268074213583275,-0.10255013077593722,0.2111111111111111,0.4523809523809524,0.7694805194805194,90,17,19,71
POOLED_SOURCE_AGNOSTIC,0,17,LEARNED_UNGATED,trrosettarna2_native_ss,0.5,-0.0014931181753954003,-0.014223984805459278,0.525,0.8873239436619719,0.819620253164557,120,25,63,57
POOLED_SOURCE_AGNOSTIC,0,17,LEARNED_SELECTIVE,pooled,0.9,0.01681565551852269,0.016107088291881344,0.7631578947368421,0.38926174496644295,0.9807073954983923,76,28,58,18
POOLED_SOURCE_AGNOSTIC,0,17,LEARNED_SELECTIVE,rnafold,0.9,-0.004581032945549075,-0.010010752616948504,0.125,0.027777777777777776,0.9773462783171522,8,4,1,7
POOLED_SOURCE_AGNOSTIC,0,17,LEARNED_SELECTIVE,petfold,0.9,-0.0019606066985091266,-0.007392473118279508,0.3,0.07142857142857142,0.9772727272727273,10,5,3,7
POOLED_SOURCE_AGNOSTIC,0,17,LEARNED_SELECTIVE,trrosettarna2_native_ss,0.9,0.05698860619962627,0.0650255965694495,0.9310344827586207,0.7605633802816901,0.9873417721518988,58,19,54,4
POOLED_SOURCE_AGNOSTIC,0,29,LEARNED_UNGATED,pooled,0.5,-0.0346483637523378,-0.06427346865117567,0.34965034965034963,0.6711409395973155,0.8006430868167203,286,56,100,186
POOLED_SOURCE_AGNOSTIC,0,29,LEARNED_UNGATED,rnafold,0.5,-0.06569015626055234,-0.106779986100767,0.16666666666666666,0.3888888888888889,0.7734627831715211,84,16,14,70
POOLED_SOURCE_AGNOSTIC,0,29,LEARNED_UNGATED,petfold,0.5,-0.05193656041148124,-0.09040961758146115,0.24719101123595505,0.5238095238095238,0.7824675324675324,89,17,22,67
POOLED_SOURCE_AGNOSTIC,0,29,LEARNED_UNGATED,trrosettarna2_native_ss,0.5,0.013681625415020205,0.0021895096324653363,0.5663716814159292,0.9014084507042254,0.8449367088607594,113,23,64,49
POOLED_SOURCE_AGNOSTIC,0,29,LEARNED_SELECTIVE,pooled,0.9,0.017186925690374923,0.014846825508572414,0.7317073170731707,0.40268456375838924,0.9764201500535906,82,29,60,22
POOLED_SOURCE_AGNOSTIC,0,29,LEARNED_SELECTIVE,rnafold,0.9,-0.005067241454197977,-0.01165320761726174,0.1111111111111111,0.027777777777777776,0.9741100323624595,9,4,1,8
POOLED_SOURCE_AGNOSTIC,0,29,LEARNED_SELECTIVE,petfold,0.9,-0.001159458885318947,-0.007703418391911354,0.3333333333333333,0.09523809523809523,0.974025974025974,12,6,4,8
POOLED_SOURCE_AGNOSTIC,0,29,LEARNED_SELECTIVE,trrosettarna2_native_ss,0.9,0.05778747741064169,0.06325063094216465,0.9016393442622951,0.7746478873239436,0.9810126582278481,61,19,55,6
POOLED_SOURCE_AGNOSTIC,0,41,LEARNED_UNGATED,pooled,0.5,-0.05461665325113807,-0.08098165865522255,0.3226837060702875,0.6778523489932886,0.7727759914255091,313,64,101,212
POOLED_SOURCE_AGNOSTIC,0,41,LEARNED_UNGATED,rnafold,0.5,-0.08866334655844249,-0.12590923165166723,0.15789473684210525,0.4166666666666667,0.7411003236245954,95,19,15,80
POOLED_SOURCE_AGNOSTIC,0,41,LEARNED_UNGATED,petfold,0.5,-0.07405015247244175,-0.10595153047205585,0.22105263157894736,0.5,0.7597402597402597,95,20,21,74
POOLED_SOURCE_AGNOSTIC,0,41,LEARNED_UNGATED,trrosettarna2_native_ss,0.5,-0.0011364607225299971,-0.013226797098878973,0.5284552845528455,0.9154929577464789,0.8164556962025317,123,25,65,58
POOLED_SOURCE_AGNOSTIC,0,41,LEARNED_SELECTIVE,pooled,0.9,0.01593609634028906,0.01267236047552811,0.6804123711340206,0.4429530201342282,0.9667738478027867,97,31,66,31
POOLED_SOURCE_AGNOSTIC,0,41,LEARNED_SELECTIVE,rnafold,0.9,-0.006151610404513814,-0.015569845640309388,0.2,0.08333333333333333,0.9611650485436893,15,4,3,12
POOLED_SOURCE_AGNOSTIC,0,41,LEARNED_SELECTIVE,petfold,0.9,-0.002243827835634784,-0.01165954139137193,0.3333333333333333,0.14285714285714285,0.961038961038961,18,6,6,12
POOLED_SOURCE_AGNOSTIC,0,41,LEARNED_SELECTIVE,trrosettarna2_native_ss,0.9,0.05620372726101579,0.06451284120226353,0.890625,0.8028169014084507,0.9778481012658228,64,21,57,7
POOLED_SOURCE_AGNOSTIC,0,53,LEARNED_UNGATED,pooled,0.5,-0.04399406246052202,-0.07062456570434672,0.336734693877551,0.6644295302013423,0.7909967845659164,294,62,99,195
POOLED_SOURCE_AGNOSTIC,0,53,LEARNED_UNGATED,rnafold,0.5,-0.07289540129091024,-0.10946098189920639,0.1724137931034483,0.4166666666666667,0.7669902912621359,87,19,15,72
POOLED_SOURCE_AGNOSTIC,0,53,LEARNED_UNGATED,petfold,0.5,-0.06473606493486744,-0.09917175239755882,0.2222222222222222,0.47619047619047616,0.7727272727272727,90,19,20,70
POOLED_SOURCE_AGNOSTIC,0,53,LEARNED_UNGATED,trrosettarna2_native_ss,0.5,0.0056492788442116335,-0.005244456355495641,0.5470085470085471,0.9014084507042254,0.8322784810126582,117,24,64,53
POOLED_SOURCE_AGNOSTIC,0,53,LEARNED_SELECTIVE,pooled,0.9,0.01333469359866912,0.011568912899434625,0.6818181818181818,0.40268456375838924,0.969989281886388,88,30,60,28
POOLED_SOURCE_AGNOSTIC,0,53,LEARNED_SELECTIVE,rnafold,0.9,-0.007948477409646824,-0.015260450961897876,0.15384615384615385,0.05555555555555555,0.9644012944983819,13,5,2,11
POOLED_SOURCE_AGNOSTIC,0,53,LEARNED_SELECTIVE,petfold,0.9,-0.005328051162606875,-0.012671083812932249,0.26666666666666666,0.09523809523809523,0.9642857142857143,15,6,4,11
POOLED_SOURCE_AGNOSTIC,0,53,LEARNED_SELECTIVE,trrosettarna2_native_ss,0.9,0.05328060936826105,0.06182081418932461,0.9,0.7605633802816901,0.9810126582278481,60,19,54,6
POOLED_SOURCE_AGNOSTIC,0,67,LEARNED_UNGATED,pooled,0.5,-0.04281649716902962,-0.06781122802866968,0.3402777777777778,0.6577181208053692,0.7963558413719185,288,60,98,190
POOLED_SOURCE_AGNOSTIC,0,67,LEARNED_UNGATED,rnafold,0.5,-0.06803462914503022,-0.10477000432687289,0.1686746987951807,0.3888888888888889,0.7766990291262136,83,17,14,69
POOLED_SOURCE_AGNOSTIC,0,67,LEARNED_UNGATED,petfold,0.5,-0.05835725527094992,-0.09114526953886115,0.23255813953488372,0.47619047619047616,0.7857142857142857,86,18,20,66
POOLED_SOURCE_AGNOSTIC,0,67,LEARNED_UNGATED,trrosettarna2_native_ss,0.5,-0.0020576070911087017,-0.008998609179415862,0.5378151260504201,0.9014084507042254,0.8259493670886076,119,25,64,55
POOLED_SOURCE_AGNOSTIC,0,67,LEARNED_SELECTIVE,pooled,0.9,0.01495564932020601,0.013489987083230792,0.7,0.4228187919463087,0.9710610932475884,90,30,63,27
POOLED_SOURCE_AGNOSTIC,0,67,LEARNED_SELECTIVE,rnafold,0.9,-0.00631631515482447,-0.01390661934584081,0.21428571428571427,0.08333333333333333,0.9644012944983819,14,4,3,11
POOLED_SOURCE_AGNOSTIC,0,67,LEARNED_SELECTIVE,petfold,0.9,-0.0019982761756890313,-0.008647493198600809,0.3888888888888889,0.16666666666666666,0.9642857142857143,18,7,7,11
POOLED_SOURCE_AGNOSTIC,0,67,LEARNED_SELECTIVE,trrosettarna2_native_ss,0.9,0.053181539291131535,0.06199987796128004,0.9137931034482759,0.7464788732394366,0.9841772151898734,58,19,53,5
POOLED_SOURCE_AGNOSTIC,1,17,LEARNED_UNGATED,pooled,0.5,-0.03327153300871603,-0.02409067483533911,0.45180722891566266,0.6147540983606558,0.8755129958960328,166,63,75,91
POOLED_SOURCE_AGNOSTIC,1,17,LEARNED_UNGATED,rnafold,0.5,-0.04409110711229099,-0.04090354090354087,0.30952380952380953,0.3939393939393939,0.8806584362139918,42,20,13,29
POOLED_SOURCE_AGNOSTIC,1,17,LEARNED_UNGATED,petfold,0.5,-0.03560669702442372,-0.029456738120654413,0.38095238095238093,0.4444444444444444,0.8925619834710744,42,20,16,26
POOLED_SOURCE_AGNOSTIC,1,17,LEARNED_UNGATED,trrosettarna2_native_ss,0.5,-0.020116794889433378,-0.0022518702431947313,0.5609756097560976,0.8679245283018868,0.8536585365853658,82,23,46,36
POOLED_SOURCE_AGNOSTIC,1,29,LEARNED_UNGATED,pooled,0.5,-0.02821202980821776,-0.02218222335126585,0.46107784431137727,0.6311475409836066,0.8768809849521204,167,62,77,90
POOLED_SOURCE_AGNOSTIC,1,29,LEARNED_UNGATED,rnafold,0.5,-0.041883793575643084,-0.041504312420647005,0.3181818181818182,0.42424242424242425,0.8765432098765432,44,19,14,30
POOLED_SOURCE_AGNOSTIC,1,29,LEARNED_UNGATED,petfold,0.5,-0.03424378134475229,-0.03231704662535739,0.37777777777777777,0.4722222222222222,0.8842975206611571,45,20,17,28
POOLED_SOURCE_AGNOSTIC,1,29,LEARNED_UNGATED,trrosettarna2_native_ss,0.5,-0.008508514504257913,0.007015559508767644,0.5897435897435898,0.8679245283018868,0.8699186991869918,78,23,46,32
POOLED_SOURCE_AGNOSTIC,1,41,LEARNED_UNGATED,pooled,0.5,-0.026715710736519488,-0.024100537962039925,0.45664739884393063,0.6475409836065574,0.8714090287277702,173,63,79,94
POOLED_SOURCE_AGNOSTIC,1,41,LEARNED_UNGATED,rnafold,0.5,-0.040380206361916554,-0.04210989010989008,0.32608695652173914,0.45454545454545453,0.8724279835390947,46,20,15,31
POOLED_SOURCE_AGNOSTIC,1,41,LEARNED_UNGATED,petfold,0.5,-0.03361706882865518,-0.035211678832116844,0.375,0.5,0.8760330578512396,48,20,18,30
POOLED_SOURCE_AGNOSTIC,1,41,LEARNED_UNGATED,trrosettarna2_native_ss,0.5,-0.006149857018986733,0.004712886912234149,0.5822784810126582,0.8679245283018868,0.8658536585365854,79,23,46,33
POOLED_SOURCE_AGNOSTIC,1,53,LEARNED_UNGATED,pooled,0.5,-0.020196760508610356,-0.01462649421589357,0.4866666666666667,0.5983606557377049,0.8946648426812586,150,62,73,77
POOLED_SOURCE_AGNOSTIC,1,53,LEARNED_UNGATED,rnafold,0.5,-0.032703377152323895,-0.0357791814484727,0.3157894736842105,0.36363636363636365,0.8930041152263375,38,20,12,26
POOLED_SOURCE_AGNOSTIC,1,53,LEARNED_UNGATED,petfold,0.5,-0.0264893757643157,-0.026068821689259725,0.3783783783783784,0.3888888888888889,0.9049586776859504,37,19,14,23
POOLED_SOURCE_AGNOSTIC,1,53,LEARNED_UNGATED,trrosettarna2_native_ss,0.5,-0.0013975286091914795,0.017916224927602253,0.6266666666666667,0.8867924528301887,0.8861788617886179,75,23,47,28
POOLED_SOURCE_AGNOSTIC,1,67,LEARNED_UNGATED,pooled,0.5,-0.019682504815349475,-0.014017815939252443,0.4936708860759494,0.639344262295082,0.8905608755129959,158,59,78,80
POOLED_SOURCE_AGNOSTIC,1,67,LEARNED_UNGATED,rnafold,0.5,-0.027239521926952465,-0.028449811058506635,0.375,0.45454545454545453,0.897119341563786,40,18,15,25
POOLED_SOURCE_AGNOSTIC,1,67,LEARNED_UNGATED,petfold,0.5,-0.022804637901189875,-0.02100695442266798,0.425,0.4722222222222222,0.9049586776859504,40,18,17,23
POOLED_SOURCE_AGNOSTIC,1,67,LEARNED_UNGATED,trrosettarna2_native_ss,0.5,-0.009003354617906084,0.007015559508767644,0.5897435897435898,0.8679245283018868,0.8699186991869918,78,23,46,32
POOLED_SOURCE_AGNOSTIC,2,17,LEARNED_UNGATED,pooled,0.5,-0.045390868467285635,-0.03756648321707068,0.5415860735009671,0.7954545454545454,0.7732057416267942,517,66,280,237
POOLED_SOURCE_AGNOSTIC,2,17,LEARNED_UNGATED,rnafold,0.5,-0.07756702575739371,-0.06883913958382049,0.44936708860759494,0.7244897959183674,0.7528409090909091,158,21,71,87
POOLED_SOURCE_AGNOSTIC,2,17,LEARNED_UNGATED,petfold,0.5,-0.0667389397740271,-0.0576464028714303,0.4774193548387097,0.7184466019417476,0.7672413793103449,155,22,74,81
POOLED_SOURCE_AGNOSTIC,2,17,LEARNED_UNGATED,trrosettarna2_native_ss,0.5,0.00813336012956392,0.012285231015757181,0.6617647058823529,0.8940397350993378,0.8,204,23,135,69
POOLED_SOURCE_AGNOSTIC,2,17,LEARNED_SELECTIVE,pooled,0.95,0.018610471379540732,0.02563194681958647,0.8513513513513513,0.35795454545454547,0.9789473684210527,148,28,126,22
POOLED_SOURCE_AGNOSTIC,2,17,LEARNED_SELECTIVE,rnafold,0.95,-0.0024286287125712077,-0.005252208815683224,0.4166666666666667,0.05102040816326531,0.9801136363636364,12,3,5,7
POOLED_SOURCE_AGNOSTIC,2,17,LEARNED_SELECTIVE,petfold,0.95,-0.0007747964327242327,-0.0039059231219820134,0.5263157894736842,0.0970873786407767,0.9741379310344828,19,5,10,9
POOLED_SOURCE_AGNOSTIC,2,17,LEARNED_SELECTIVE,trrosettarna2_native_ss,0.95,0.05903483928391764,0.0863475645942321,0.9487179487179487,0.7350993377483444,0.9826086956521739,117,20,111,6
POOLED_SOURCE_AGNOSTIC,2,29,LEARNED_UNGATED,pooled,0.5,-0.038428571742857555,-0.027413189301432883,0.561122244488978,0.7954545454545454,0.7904306220095694,499,69,280,219
POOLED_SOURCE_AGNOSTIC,2,29,LEARNED_UNGATED,rnafold,0.5,-0.0729368761813844,-0.06369259879193656,0.45806451612903226,0.7244897959183674,0.7613636363636364,155,22,71,84
POOLED_SOURCE_AGNOSTIC,2,29,LEARNED_UNGATED,petfold,0.5,-0.057750493470747156,-0.0441003212625215,0.5034013605442177,0.7184466019417476,0.7902298850574713,147,23,74,73
POOLED_SOURCE_AGNOSTIC,2,29,LEARNED_UNGATED,trrosettarna2_native_ss,0.5,0.015401654423558892,0.023960727890143918,0.6852791878172588,0.8940397350993378,0.8202898550724638,197,24,135,62
POOLED_SOURCE_AGNOSTIC,2,29,LEARNED_SELECTIVE,pooled,0.95,0.020797734162694186,0.02933845367487875,0.9,0.35795454545454547,0.9866028708133971,140,31,126,14
POOLED_SOURCE_AGNOSTIC,2,29,LEARNED_SELECTIVE,rnafold,0.95,-0.00043182739697099115,-0.0015024798210638846,0.5,0.030612244897959183,0.9914772727272727,6,4,3,3
POOLED_SOURCE_AGNOSTIC,2,29,LEARNED_SELECTIVE,petfold,0.95,0.0014950403884415736,0.0007758512029976128,0.6428571428571429,0.08737864077669903,0.985632183908046,14,6,9,5
POOLED_SOURCE_AGNOSTIC,2,29,LEARNED_SELECTIVE,trrosettarna2_native_ss,0.95,0.061329989496611975,0.08924746251326299,0.95,0.7549668874172185,0.9826086956521739,120,21,114,6
POOLED_SOURCE_AGNOSTIC,2,41,LEARNED_UNGATED,pooled,0.5,-0.04096932690845743,-0.029486553733948595,0.5562248995983936,0.7869318181818182,0.7885167464114833,498,69,277,221
POOLED_SOURCE_AGNOSTIC,2,41,LEARNED_UNGATED,rnafold,0.5,-0.07533987963997858,-0.06634160541445311,0.45161290322580644,0.7142857142857143,0.7585227272727273,155,22,70,85
POOLED_SOURCE_AGNOSTIC,2,41,LEARNED_UNGATED,petfold,0.5,-0.06143028560754579,-0.04914672617201643,0.49333333333333335,0.7184466019417476,0.7816091954022989,150,23,74,76
POOLED_SOURCE_AGNOSTIC,2,41,LEARNED_UNGATED,trrosettarna2_native_ss,0.5,0.013862184522152092,0.02529379184785885,0.689119170984456,0.8807947019867549,0.8260869565217391,193,24,133,60
POOLED_SOURCE_AGNOSTIC,2,41,LEARNED_SELECTIVE,pooled,0.95,0.02075044540094824,0.029068658308295747,0.8662420382165605,0.38636363636363635,0.9799043062200957,157,32,136,21
POOLED_SOURCE_AGNOSTIC,2,41,LEARNED_SELECTIVE,rnafold,0.95,-0.002492789458303867,-0.002325925195880374,0.5555555555555556,0.10204081632653061,0.9772727272727273,18,5,10,8
POOLED_SOURCE_AGNOSTIC,2,41,LEARNED_SELECTIVE,petfold,0.95,0.0006898326121157067,0.0022965256108239407,0.6666666666666666,0.13592233009708737,0.9798850574712644,21,7,14,7
POOLED_SOURCE_AGNOSTIC,2,41,LEARNED_SELECTIVE,trrosettarna2_native_ss,0.95,0.06405429304903287,0.08731189023476904,0.9491525423728814,0.7417218543046358,0.9826086956521739,118,20,112,6
POOLED_SOURCE_AGNOSTIC,2,53,LEARNED_UNGATED,pooled,0.5,-0.036457945550232886,-0.02686117192178894,0.5638506876227898,0.8153409090909091,0.7875598086124402,509,65,287,222
POOLED_SOURCE_AGNOSTIC,2,53,LEARNED_UNGATED,rnafold,0.5,-0.07030173795059984,-0.06086041617956517,0.46835443037974683,0.7551020408163265,0.7613636363636364,158,20,74,84
POOLED_SOURCE_AGNOSTIC,2,53,LEARNED_UNGATED,petfold,0.5,-0.05679614693037468,-0.043678986529343766,0.5098039215686274,0.7572815533980582,0.7844827586206896,153,21,78,75
POOLED_SOURCE_AGNOSTIC,2,53,LEARNED_UNGATED,trrosettarna2_native_ss,0.5,0.017724048230275857,0.022306002362526445,0.6818181818181818,0.8940397350993378,0.8173913043478261,198,24,135,63
POOLED_SOURCE_AGNOSTIC,2,53,LEARNED_SELECTIVE,pooled,0.95,0.018979546045367224,0.029235188141009005,0.8709677419354839,0.3835227272727273,0.9808612440191388,155,32,135,20
POOLED_SOURCE_AGNOSTIC,2,53,LEARNED_SELECTIVE,rnafold,0.95,-0.0010956564974365184,0.0009271978021977434,0.6428571428571429,0.09183673469387756,0.9857954545454546,14,5,9,5
POOLED_SOURCE_AGNOSTIC,2,53,LEARNED_SELECTIVE,petfold,0.95,0.0006349559317473848,0.0022965256108239407,0.6666666666666666,0.13592233009708737,0.9798850574712644,21,7,14,7
POOLED_SOURCE_AGNOSTIC,2,53,LEARNED_SELECTIVE,trrosettarna2_native_ss,0.95,0.05739933870179081,0.08446277351804776,0.9333333333333333,0.7417218543046358,0.9768115942028985,120,20,112,8
POOLED_SOURCE_AGNOSTIC,2,67,LEARNED_UNGATED,pooled,0.5,-0.03164398400626911,-0.0204990381600042,0.5752577319587628,0.7926136363636364,0.8028708133971292,485,64,279,206
POOLED_SOURCE_AGNOSTIC,2,67,LEARNED_UNGATED,rnafold,0.5,-0.06529348693645863,-0.05520532099479469,0.47333333333333333,0.7244897959183674,0.7755681818181818,150,20,71,79
POOLED_SOURCE_AGNOSTIC,2,67,LEARNED_UNGATED,petfold,0.5,-0.05069541904785011,-0.03648583086340074,0.5208333333333334,0.7281553398058253,0.8017241379310345,144,21,75,69
POOLED_SOURCE_AGNOSTIC,2,67,LEARNED_UNGATED,trrosettarna2_native_ss,0.5,0.021056953965501418,0.02856947520988873,0.6963350785340314,0.8807947019867549,0.8318840579710145,191,23,133,58
POOLED_SOURCE_AGNOSTIC,2,67,LEARNED_SELECTIVE,pooled,0.95,0.019161796917306365,0.029367123138121287,0.8670886075949367,0.38920454545454547,0.9799043062200957,158,34,137,21
POOLED_SOURCE_AGNOSTIC,2,67,LEARNED_SELECTIVE,rnafold,0.95,-0.005441708035593247,-0.003537087912087955,0.5,0.07142857142857142,0.9801136363636364,14,6,7,7
POOLED_SOURCE_AGNOSTIC,2,67,LEARNED_SELECTIVE,petfold,0.95,-0.002608245419007708,4.933459958800235e-05,0.6190476190476191,0.1262135922330097,0.9770114942528736,21,8,13,8
POOLED_SOURCE_AGNOSTIC,2,67,LEARNED_SELECTIVE,trrosettarna2_native_ss,0.95,0.06553534420652005,0.09216824805235901,0.9512195121951219,0.7748344370860927,0.9826086956521739,123,20,117,6
POOLED_SOURCE_AGNOSTIC,3,17,LEARNED_UNGATED,pooled,0.5,-0.019144756699530013,-0.004846681523349439,0.5321637426900585,0.7647058823529411,0.9040767386091128,171,62,91,80
POOLED_SOURCE_AGNOSTIC,3,17,LEARNED_UNGATED,rnafold,0.5,-0.047854627424373374,-0.047835143579824435,0.1794871794871795,0.4666666666666667,0.8885017421602788,39,19,7,32
POOLED_SOURCE_AGNOSTIC,3,17,LEARNED_UNGATED,petfold,0.5,-0.037018174786845465,-0.03456181774629574,0.28205128205128205,0.5789473684210527,0.9014084507042254,39,19,11,28
POOLED_SOURCE_AGNOSTIC,3,17,LEARNED_UNGATED,trrosettarna2_native_ss,0.5,0.027438532112628807,0.0610932996534862,0.7849462365591398,0.8588235294117647,0.9239543726235742,93,24,73,20
POOLED_SOURCE_AGNOSTIC,3,17,LEARNED_SELECTIVE,pooled,0.9,0.01670136441388999,0.030034141788840674,0.8987341772151899,0.5966386554621849,0.9904076738609112,79,24,71,8
POOLED_SOURCE_AGNOSTIC,3,17,LEARNED_SELECTIVE,rnafold,0.9,-0.0008768746976294169,-0.0017386171554291119,0.0,0.0,0.9965156794425087,1,1,0,1
POOLED_SOURCE_AGNOSTIC,3,17,LEARNED_SELECTIVE,petfold,0.9,-0.001726262391775174,-0.002484740452654899,0.42857142857142855,0.15789473684210525,0.9859154929577465,7,3,3,4
POOLED_SOURCE_AGNOSTIC,3,17,LEARNED_SELECTIVE,trrosettarna2_native_ss,0.9,0.05270723033107457,0.08676318564578889,0.9577464788732394,0.8,0.9885931558935361,71,20,68,3
POOLED_SOURCE_AGNOSTIC,3,29,LEARNED_UNGATED,pooled,0.5,-0.012547549986914234,8.990110878037694e-05,0.5568181818181818,0.8235294117647058,0.9064748201438849,176,56,98,78
POOLED_SOURCE_AGNOSTIC,3,29,LEARNED_UNGATED,rnafold,0.5,-0.03985196938915646,-0.042771030809932276,0.225,0.6,0.89198606271777,40,16,9,31
POOLED_SOURCE_AGNOSTIC,3,29,LEARNED_UNGATED,petfold,0.5,-0.029015516751628553,-0.029503176562000077,0.325,0.6842105263157895,0.9049295774647887,40,16,13,27
POOLED_SOURCE_AGNOSTIC,3,29,LEARNED_UNGATED,trrosettarna2_native_ss,0.5,0.031224836180042306,0.06570133242171927,0.7916666666666666,0.8941176470588236,0.9239543726235742,96,24,76,20
POOLED_SOURCE_AGNOSTIC,3,29,LEARNED_SELECTIVE,pooled,0.9,0.014602598981791226,0.02762405427485526,0.8554216867469879,0.5966386554621849,0.9856115107913669,83,26,71,12
POOLED_SOURCE_AGNOSTIC,3,29,LEARNED_SELECTIVE,rnafold,0.9,-0.002420084574172629,-0.0034829440552111013,0.0,0.0,0.9930313588850174,2,2,0,2
POOLED_SOURCE_AGNOSTIC,3,29,LEARNED_SELECTIVE,petfold,0.9,-0.003269472268318386,-0.004263515560749664,0.375,0.15789473684210525,0.9823943661971831,8,4,3,5
POOLED_SOURCE_AGNOSTIC,3,29,LEARNED_SELECTIVE,trrosettarna2_native_ss,0.9,0.049497353787864684,0.08295281582952818,0.9315068493150684,0.8,0.9809885931558935,73,20,68,5
POOLED_SOURCE_AGNOSTIC,3,41,LEARNED_UNGATED,pooled,0.5,-0.005633527440038991,0.005251506579756482,0.5866666666666667,0.7394957983193278,0.9256594724220624,150,53,88,62
POOLED_SOURCE_AGNOSTIC,3,41,LEARNED_UNGATED,rnafold,0.5,-0.029796175208312462,-0.034107906961021506,0.2,0.4,0.9163763066202091,30,15,6,24
POOLED_SOURCE_AGNOSTIC,3,41,LEARNED_UNGATED,petfold,0.5,-0.02075183726612506,-0.022768946936204237,0.3225806451612903,0.5263157894736842,0.926056338028169,31,15,10,21
POOLED_SOURCE_AGNOSTIC,3,41,LEARNED_UNGATED,trrosettarna2_native_ss,0.5,0.033647430154320555,0.06558835509250327,0.8089887640449438,0.8470588235294118,0.935361216730038,89,23,72,17
POOLED_SOURCE_AGNOSTIC,3,41,LEARNED_SELECTIVE,pooled,0.9,0.016145808858334436,0.029432624113475137,0.8875,0.5966386554621849,0.9892086330935251,80,24,71,9
POOLED_SOURCE_AGNOSTIC,3,41,LEARNED_SELECTIVE,rnafold,0.9,-0.0008768746976294169,-0.0017386171554291119,0.0,0.0,0.9965156794425087,1,1,0,1
POOLED_SOURCE_AGNOSTIC,3,41,LEARNED_SELECTIVE,petfold,0.9,-0.001726262391775174,-0.002484740452654899,0.42857142857142855,0.15789473684210525,0.9859154929577465,7,3,3,4
POOLED_SOURCE_AGNOSTIC,3,41,LEARNED_SELECTIVE,trrosettarna2_native_ss,0.9,0.0510405636644079,0.0848612574639972,0.9444444444444444,0.8,0.9847908745247148,72,20,68,4
POOLED_SOURCE_AGNOSTIC,3,53,LEARNED_UNGATED,pooled,0.5,-0.017750665328920636,-0.0027532957620596266,0.5421686746987951,0.7563025210084033,0.9088729016786571,166,55,90,76
POOLED_SOURCE_AGNOSTIC,3,53,LEARNED_UNGATED,rnafold,0.5,-0.039484038704409787,-0.04169656811715883,0.17647058823529413,0.4,0.9024390243902439,34,15,6,28
POOLED_SOURCE_AGNOSTIC,3,53,LEARNED_UNGATED,petfold,0.5,-0.028647586066881878,-0.028450595924644384,0.29411764705882354,0.5263157894736842,0.9154929577464789,34,16,10,24
POOLED_SOURCE_AGNOSTIC,3,53,LEARNED_UNGATED,trrosettarna2_native_ss,0.5,0.01487962878452975,0.05448956197602273,0.7551020408163265,0.8705882352941177,0.908745247148289,98,24,74,24
POOLED_SOURCE_AGNOSTIC,3,53,LEARNED_SELECTIVE,pooled,0.9,0.015381552538522561,0.028737020329390628,0.8674698795180723,0.6050420168067226,0.986810551558753,83,26,72,11
POOLED_SOURCE_AGNOSTIC,3,53,LEARNED_SELECTIVE,rnafold,0.9,-0.002420084574172629,-0.0034829440552111013,0.0,0.0,0.9930313588850174,2,2,0,2
POOLED_SOURCE_AGNOSTIC,3,53,LEARNED_SELECTIVE,petfold,0.9,-0.003269472268318386,-0.004263515560749664,0.375,0.15789473684210525,0.9823943661971831,8,4,3,5
POOLED_SOURCE_AGNOSTIC,3,53,LEARNED_SELECTIVE,trrosettarna2_native_ss,0.9,0.05183421445805869,0.08637747336377477,0.9452054794520548,0.8117647058823529,0.9847908745247148,73,20,69,4
POOLED_SOURCE_AGNOSTIC,3,67,LEARNED_UNGATED,pooled,0.5,-0.015113987158637996,-0.002618657937806912,0.5426829268292683,0.7478991596638656,0.9100719424460432,164,51,89,75
POOLED_SOURCE_AGNOSTIC,3,67,LEARNED_UNGATED,rnafold,0.5,-0.0399196668363726,-0.043610201854882624,0.17142857142857143,0.4,0.8989547038327527,35,14,6,29
POOLED_SOURCE_AGNOSTIC,3,67,LEARNED_UNGATED,petfold,0.5,-0.03060651168988412,-0.032271241830065356,0.2777777777777778,0.5263157894736842,0.9084507042253521,36,14,10,26
POOLED_SOURCE_AGNOSTIC,3,67,LEARNED_UNGATED,trrosettarna2_native_ss,0.5,0.025184217050342735,0.0610932996534862,0.7849462365591398,0.8588235294117647,0.9239543726235742,93,23,73,20
POOLED_SOURCE_AGNOSTIC,3,67,LEARNED_SELECTIVE,pooled,0.9,0.01501118216815219,0.028321513002364074,0.875,0.5882352941176471,0.988009592326139,80,26,70,10
POOLED_SOURCE_AGNOSTIC,3,67,LEARNED_SELECTIVE,rnafold,0.9,-0.002420084574172629,-0.0034829440552111013,0.0,0.0,0.9930313588850174,2,2,0,2
POOLED_SOURCE_AGNOSTIC,3,67,LEARNED_SELECTIVE,petfold,0.9,-0.003269472268318386,-0.004263515560749664,0.375,0.15789473684210525,0.9823943661971831,8,4,3,5
POOLED_SOURCE_AGNOSTIC,3,67,LEARNED_SELECTIVE,trrosettarna2_native_ss,0.9,0.05072310334694758,0.08525147863786409,0.9571428571428572,0.788235294117647,0.9885931558935361,70,20,67,3
POOLED_SOURCE_AGNOSTIC,4,17,LEARNED_UNGATED,pooled,0.5,-0.0032581781953689884,-0.008658477842003798,0.5157894736842106,0.6490066225165563,0.892271662763466,190,50,98,92
POOLED_SOURCE_AGNOSTIC,4,17,LEARNED_UNGATED,rnafold,0.5,-0.035221246746088695,-0.03480418118466899,0.35294117647058826,0.47368421052631576,0.8829787234042553,51,14,18,33
POOLED_SOURCE_AGNOSTIC,4,17,LEARNED_UNGATED,petfold,0.5,-0.027225976042666755,-0.025865417193478346,0.3958333333333333,0.4634146341463415,0.896797153024911,48,14,19,29
POOLED_SOURCE_AGNOSTIC,4,17,LEARNED_UNGATED,trrosettarna2_native_ss,0.5,0.05267268820264848,0.033421891053248776,0.6703296703296703,0.8472222222222222,0.8969072164948454,91,22,61,30
POOLED_SOURCE_AGNOSTIC,4,17,LEARNED_SELECTIVE,pooled,0.95,0.02280597183597385,0.02320425361155698,0.9803921568627451,0.33112582781456956,0.9988290398126464,51,26,50,1
POOLED_SOURCE_AGNOSTIC,4,17,LEARNED_SELECTIVE,rnafold,0.95,0.00047274387063119444,0.0014461538461538748,1.0,0.02631578947368421,1.0,1,1,1,0
POOLED_SOURCE_AGNOSTIC,4,17,LEARNED_SELECTIVE,petfold,0.95,0.0036778237865194435,0.005754938930574549,1.0,0.0975609756097561,1.0,4,3,4,0
POOLED_SOURCE_AGNOSTIC,4,17,LEARNED_SELECTIVE,trrosettarna2_native_ss,0.95,0.06426734785077091,0.06121839921443284,0.9782608695652174,0.625,0.9965635738831615,46,22,45,1
POOLED_SOURCE_AGNOSTIC,4,29,LEARNED_UNGATED,pooled,0.5,-0.005661659790344821,-0.011251931247585834,0.5051546391752577,0.6490066225165563,0.8875878220140515,194,52,98,96
POOLED_SOURCE_AGNOSTIC,4,29,LEARNED_UNGATED,rnafold,0.5,-0.039379455697854816,-0.040270855148342055,0.3269230769230769,0.4473684210526316,0.875886524822695,52,15,17,35
POOLED_SOURCE_AGNOSTIC,4,29,LEARNED_UNGATED,petfold,0.5,-0.027336986981717614,-0.025865417193478346,0.3958333333333333,0.4634146341463415,0.896797153024911,48,15,19,29
POOLED_SOURCE_AGNOSTIC,4,29,LEARNED_UNGATED,trrosettarna2_native_ss,0.5,0.04973146330853797,0.031181539360303767,0.6595744680851063,0.8611111111111112,0.8900343642611683,94,22,62,32
POOLED_SOURCE_AGNOSTIC,4,29,LEARNED_SELECTIVE,pooled,0.95,0.02336539327120178,0.02271613190730848,0.98,0.32450331125827814,0.9988290398126464,50,23,49,1
POOLED_SOURCE_AGNOSTIC,4,29,LEARNED_SELECTIVE,rnafold,0.95,0.0,0.0,,0.0,1.0,0,0,0,0
POOLED_SOURCE_AGNOSTIC,4,29,LEARNED_SELECTIVE,petfold,0.95,0.003160225442834142,0.004309287204024015,1.0,0.07317073170731707,1.0,3,2,3,0
POOLED_SOURCE_AGNOSTIC,4,29,LEARNED_SELECTIVE,trrosettarna2_native_ss,0.95,0.06693595437077121,0.06271997068664603,0.9787234042553191,0.6388888888888888,0.9965635738831615,47,21,46,1
POOLED_SOURCE_AGNOSTIC,4,41,LEARNED_UNGATED,pooled,0.5,-0.007940154130377203,-0.00986224094518684,0.5125628140703518,0.6754966887417219,0.8864168618266979,199,52,102,97
POOLED_SOURCE_AGNOSTIC,4,41,LEARNED_UNGATED,rnafold,0.5,-0.03863290088142705,-0.0352671328671329,0.3584905660377358,0.5,0.8794326241134752,53,15,19,34
POOLED_SOURCE_AGNOSTIC,4,41,LEARNED_UNGATED,petfold,0.5,-0.029686714537888,-0.024803960659223856,0.4117647058823529,0.5121951219512195,0.8932384341637011,51,15,21,30
POOLED_SOURCE_AGNOSTIC,4,41,LEARNED_UNGATED,trrosettarna2_native_ss,0.5,0.044499153028183434,0.029266075179483875,0.6526315789473685,0.8611111111111112,0.8865979381443299,95,22,62,33
POOLED_SOURCE_AGNOSTIC,4,41,LEARNED_SELECTIVE,pooled,0.95,0.02215619925637671,0.02271613190730848,0.98,0.32450331125827814,0.9988290398126464,50,26,49,1
POOLED_SOURCE_AGNOSTIC,4,41,LEARNED_SELECTIVE,rnafold,0.95,0.00047274387063119444,0.0014461538461538748,1.0,0.02631578947368421,1.0,1,1,1,0
POOLED_SOURCE_AGNOSTIC,4,41,LEARNED_SELECTIVE,petfold,0.95,0.0036778237865194435,0.005754938930574549,1.0,0.0975609756097561,1.0,4,3,4,0
POOLED_SOURCE_AGNOSTIC,4,41,LEARNED_SELECTIVE,trrosettarna2_native_ss,0.95,0.062318030111979485,0.059721648196384036,0.9777777777777777,0.6111111111111112,0.9965635738831615,45,22,44,1
POOLED_SOURCE_AGNOSTIC,4,53,LEARNED_UNGATED,pooled,0.5,-0.011693533740125507,-0.01640975063315797,0.4880382775119617,0.6754966887417219,0.8747072599531616,209,56,102,107
POOLED_SOURCE_AGNOSTIC,4,53,LEARNED_UNGATED,rnafold,0.5,-0.046081439322245565,-0.04727632508833923,0.3220338983050847,0.5,0.8581560283687943,59,17,19,40
POOLED_SOURCE_AGNOSTIC,4,53,LEARNED_UNGATED,petfold,0.5,-0.03293162644714384,-0.030712192189183196,0.3888888888888889,0.5121951219512195,0.8825622775800712,54,17,21,33
POOLED_SOURCE_AGNOSTIC,4,53,LEARNED_UNGATED,trrosettarna2_native_ss,0.5,0.04393246454901289,0.02734391357145849,0.6458333333333334,0.8611111111111112,0.8831615120274914,96,22,62,34
POOLED_SOURCE_AGNOSTIC,4,53,LEARNED_SELECTIVE,pooled,0.95,0.023272225349930113,0.021944816800715028,0.9272727272727272,0.33774834437086093,0.9953161592505855,55,26,51,4
POOLED_SOURCE_AGNOSTIC,4,53,LEARNED_SELECTIVE,rnafold,0.95,-0.0012299229387189674,-0.0020784565916398545,0.3333333333333333,0.02631578947368421,0.9929078014184397,3,2,1,2
POOLED_SOURCE_AGNOSTIC,4,53,LEARNED_SELECTIVE,petfold,0.95,0.0036778237865194435,0.005754938930574549,1.0,0.0975609756097561,1.0,4,3,4,0
POOLED_SOURCE_AGNOSTIC,4,53,LEARNED_SELECTIVE,trrosettarna2_native_ss,0.95,0.06736877520198988,0.061000579486188866,0.9583333333333334,0.6388888888888888,0.993127147766323,48,21,46,2
POOLED_SOURCE_AGNOSTIC,4,67,LEARNED_UNGATED,pooled,0.5,-0.004399294550021701,-0.00907289249806642,0.5153061224489796,0.6688741721854304,0.8887587822014051,196,52,101,95
POOLED_SOURCE_AGNOSTIC,4,67,LEARNED_UNGATED,rnafold,0.5,-0.03549760328996657,-0.0352671328671329,0.3584905660377358,0.5,0.8794326241134752,53,15,19,34
POOLED_SOURCE_AGNOSTIC,4,67,LEARNED_UNGATED,petfold,0.5,-0.028802637947648525,-0.02631440741447133,0.4,0.4878048780487805,0.8932384341637011,50,15,20,30
POOLED_SOURCE_AGNOSTIC,4,67,LEARNED_UNGATED,trrosettarna2_native_ss,0.5,0.051102357587549996,0.03309034105701636,0.6666666666666666,0.8611111111111112,0.8934707903780069,93,22,62,31
POOLED_SOURCE_AGNOSTIC,4,67,LEARNED_SELECTIVE,pooled,0.95,0.023061448352412108,0.02320425361155698,0.9803921568627451,0.33112582781456956,0.9988290398126464,51,25,50,1
POOLED_SOURCE_AGNOSTIC,4,67,LEARNED_SELECTIVE,rnafold,0.95,-0.00023148148148148065,-0.0003133226324237848,0.5,0.02631578947368421,0.9964539007092199,2,1,1,1
POOLED_SOURCE_AGNOSTIC,4,67,LEARNED_SELECTIVE,petfold,0.95,0.0036778237865194435,0.005754938930574549,1.0,0.0975609756097561,1.0,4,3,4,0
POOLED_SOURCE_AGNOSTIC,4,67,LEARNED_SELECTIVE,trrosettarna2_native_ss,0.95,0.06573800275219836,0.06293192106957834,1.0,0.625,1.0,45,21,45,0
POOLED_SOURCE_AWARE,0,17,LEARNED_UNGATED,pooled,0.5,-0.04158476129569659,-0.07279613889127845,0.33444816053511706,0.6711409395973155,0.7867095391211146,299,57,100,199
POOLED_SOURCE_AWARE,0,17,LEARNED_UNGATED,rnafold,0.5,-0.06503477819043703,-0.1087967583536269,0.16470588235294117,0.3888888888888889,0.7702265372168284,85,15,14,71
POOLED_SOURCE_AWARE,0,17,LEARNED_UNGATED,petfold,0.5,-0.06896306560563349,-0.11492976514352338,0.21782178217821782,0.5238095238095238,0.7435064935064936,101,17,22,79
POOLED_SOURCE_AWARE,0,17,LEARNED_UNGATED,trrosettarna2_native_ss,0.5,0.009243559908980731,0.0021895096324653363,0.5663716814159292,0.9014084507042254,0.8449367088607594,113,25,64,49
POOLED_SOURCE_AWARE,0,17,LEARNED_SELECTIVE,pooled,0.9,0.01506888539338849,0.011844851787831234,0.6774193548387096,0.4228187919463087,0.9678456591639871,93,32,63,30
POOLED_SOURCE_AWARE,0,17,LEARNED_SELECTIVE,rnafold,0.9,-0.007109165628347216,-0.016610210903921563,0.08333333333333333,0.027777777777777776,0.9644012944983819,12,4,1,11
POOLED_SOURCE_AWARE,0,17,LEARNED_SELECTIVE,petfold,0.9,-0.003035424723117206,-0.011987135756748812,0.35,0.16666666666666666,0.9577922077922078,20,8,7,13
POOLED_SOURCE_AWARE,0,17,LEARNED_SELECTIVE,trrosettarna2_native_ss,0.9,0.0553512465316299,0.06325063094216465,0.9016393442622951,0.7746478873239436,0.9810126582278481,61,20,55,6
POOLED_SOURCE_AWARE,0,29,LEARNED_UNGATED,pooled,0.5,-0.04435346076621147,-0.06961641724029055,0.34551495016611294,0.697986577181208,0.7888531618435155,301,59,104,197
POOLED_SOURCE_AWARE,0,29,LEARNED_UNGATED,rnafold,0.5,-0.07146812556793342,-0.11216938140257027,0.17777777777777778,0.4444444444444444,0.7605177993527508,90,16,16,74
POOLED_SOURCE_AWARE,0,29,LEARNED_UNGATED,petfold,0.5,-0.07205300528618089,-0.11148742435178505,0.22772277227722773,0.5476190476190477,0.7467532467532467,101,18,23,78
POOLED_SOURCE_AWARE,0,29,LEARNED_UNGATED,trrosettarna2_native_ss,0.5,0.010460748555479902,0.010984970459336219,0.5909090909090909,0.9154929577464789,0.8575949367088608,110,25,65,45
POOLED_SOURCE_AWARE,0,29,LEARNED_SELECTIVE,pooled,0.95,0.01841368591442859,0.020297548648760655,0.8983050847457628,0.35570469798657717,0.9935691318327974,59,25,53,6
POOLED_SOURCE_AWARE,0,29,LEARNED_SELECTIVE,rnafold,0.95,-0.0004649122807017569,-0.0016082088573851072,0.0,0.0,0.9967637540453075,1,1,0,1
POOLED_SOURCE_AWARE,0,29,LEARNED_SELECTIVE,petfold,0.95,0.0017559450447010817,-0.0008589425462874889,0.5,0.07142857142857142,0.9902597402597403,6,5,3,3
POOLED_SOURCE_AWARE,0,29,LEARNED_SELECTIVE,trrosettarna2_native_ss,0.95,0.05395002497928644,0.06253062620289296,0.9615384615384616,0.704225352112676,0.9936708860759493,52,19,50,2
POOLED_SOURCE_AWARE,0,41,LEARNED_UNGATED,pooled,0.5,-0.04772480431176551,-0.0807745247187639,0.3215434083601286,0.6711409395973155,0.7738478027867095,311,58,100,211
POOLED_SOURCE_AWARE,0,41,LEARNED_UNGATED,rnafold,0.5,-0.08076415512990004,-0.1293456577685057,0.14736842105263157,0.3888888888888889,0.7378640776699029,95,16,14,81
POOLED_SOURCE_AWARE,0,41,LEARNED_UNGATED,petfold,0.5,-0.0721281671631427,-0.11986358808072894,0.21904761904761905,0.5476190476190477,0.7337662337662337,105,17,23,82
POOLED_SOURCE_AWARE,0,41,LEARNED_UNGATED,trrosettarna2_native_ss,0.5,0.0097179093577462,0.00258033818900516,0.5675675675675675,0.8873239436619719,0.8481012658227848,111,25,63,48
POOLED_SOURCE_AWARE,0,41,LEARNED_SELECTIVE,pooled,0.95,0.017177863401904345,0.019306959248067246,0.8813559322033898,0.348993288590604,0.992497320471597,59,23,52,7
POOLED_SOURCE_AWARE,0,41,LEARNED_SELECTIVE,rnafold,0.95,-0.0004649122807017569,-0.0016082088573851072,0.0,0.0,0.9967637540453075,1,1,0,1
POOLED_SOURCE_AWARE,0,41,LEARNED_SELECTIVE,petfold,0.95,0.0005378527921260679,-0.0038175224279441977,0.3333333333333333,0.047619047619047616,0.987012987012987,6,4,2,4
POOLED_SOURCE_AWARE,0,41,LEARNED_SELECTIVE,trrosettarna2_native_ss,0.95,0.05146064969428872,0.06253062620289296,0.9615384615384616,0.704225352112676,0.9936708860759493,52,18,50,2
POOLED_SOURCE_AWARE,0,53,LEARNED_UNGATED,pooled,0.5,-0.04799106590717283,-0.0745817504284535,0.33,0.6644295302013423,0.7845659163987139,300,60,99,201
POOLED_SOURCE_AWARE,0,53,LEARNED_UNGATED,rnafold,0.5,-0.08696932200667817,-0.12725904568383872,0.14893617021276595,0.3888888888888889,0.7411003236245954,94,18,14,80
POOLED_SOURCE_AWARE,0,53,LEARNED_UNGATED,petfold,0.5,-0.07464026324459583,-0.11284779957876068,0.22,0.5238095238095238,0.7467532467532467,100,18,22,78
POOLED_SOURCE_AWARE,0,53,LEARNED_UNGATED,trrosettarna2_native_ss,0.5,0.017636387529755507,0.011702859009817379,0.5943396226415094,0.8873239436619719,0.8639240506329114,106,24,63,43
POOLED_SOURCE_AWARE,0,53,LEARNED_SELECTIVE,pooled,0.9,0.018426295166928418,0.017768415931142756,0.7619047619047619,0.42953020134228187,0.9785637727759914,84,30,64,20
POOLED_SOURCE_AWARE,0,53,LEARNED_SELECTIVE,rnafold,0.9,-0.003619749815401989,-0.008659195641213868,0.2222222222222222,0.05555555555555555,0.9773462783171522,9,3,2,7
POOLED_SOURCE_AWARE,0,53,LEARNED_SELECTIVE,petfold,0.9,-0.0006167292613312414,-0.008647493198600809,0.3888888888888889,0.16666666666666666,0.9642857142857143,18,8,7,11
POOLED_SOURCE_AWARE,0,53,LEARNED_SELECTIVE,trrosettarna2_native_ss,0.9,0.05951536457751848,0.06964187420426993,0.9649122807017544,0.7746478873239436,0.9936708860759493,57,19,55,2
POOLED_SOURCE_AWARE,0,67,LEARNED_UNGATED,pooled,0.5,-0.045846913247671296,-0.07677183199820647,0.32786885245901637,0.6711409395973155,0.7802786709539121,305,58,100,205
POOLED_SOURCE_AWARE,0,67,LEARNED_UNGATED,rnafold,0.5,-0.08342434986041758,-0.13009219171802577,0.15463917525773196,0.4166666666666667,0.7346278317152104,97,17,15,82
POOLED_SOURCE_AWARE,0,67,LEARNED_UNGATED,petfold,0.5,-0.07257873638201459,-0.11701890989988872,0.21568627450980393,0.5238095238095238,0.7402597402597403,102,17,22,80
POOLED_SOURCE_AWARE,0,67,LEARNED_UNGATED,trrosettarna2_native_ss,0.5,0.0184623464994183,0.011702859009817379,0.5943396226415094,0.8873239436619719,0.8639240506329114,106,24,63,43
POOLED_SOURCE_AWARE,0,67,LEARNED_SELECTIVE,pooled,0.95,0.017753234436541074,0.019224942178203253,0.8688524590163934,0.35570469798657717,0.9914255091103966,61,27,53,8
POOLED_SOURCE_AWARE,0,67,LEARNED_SELECTIVE,rnafold,0.95,-0.0027152178058680886,-0.006461510773208445,0.0,0.0,0.9870550161812298,4,3,0,4
POOLED_SOURCE_AWARE,0,67,LEARNED_SELECTIVE,petfold,0.95,-9.479155882814006e-05,-0.0038175224279441977,0.3333333333333333,0.047619047619047616,0.987012987012987,6,5,2,4
POOLED_SOURCE_AWARE,0,67,LEARNED_SELECTIVE,trrosettarna2_native_ss,0.95,0.05606971267431945,0.06710917525172189,1.0,0.7183098591549296,1.0,51,19,51,0
POOLED_SOURCE_AWARE,1,17,LEARNED_UNGATED,pooled,0.5,-0.025110348003228502,-0.023332619489234485,0.45930232558139533,0.6475409836065574,0.8727770177838577,172,61,79,93
POOLED_SOURCE_AWARE,1,17,LEARNED_UNGATED,rnafold,0.5,-0.03345183167038396,-0.03752024867562709,0.3409090909090909,0.45454545454545453,0.8806584362139918,44,18,15,29
POOLED_SOURCE_AWARE,1,17,LEARNED_UNGATED,petfold,0.5,-0.03696965986506973,-0.042165401166120886,0.35294117647058826,0.5,0.8636363636363636,51,20,18,33
POOLED_SOURCE_AWARE,1,17,LEARNED_UNGATED,trrosettarna2_native_ss,0.5,-0.004909552474231814,0.009308871647591754,0.5974025974025974,0.8679245283018868,0.8739837398373984,77,23,46,31
POOLED_SOURCE_AWARE,1,29,LEARNED_UNGATED,pooled,0.5,-0.02877369231017903,-0.02256304764410988,0.4573170731707317,0.6147540983606558,0.8782489740082079,164,61,75,89
POOLED_SOURCE_AWARE,1,29,LEARNED_UNGATED,rnafold,0.5,-0.04209856403492785,-0.042585137634642556,0.2926829268292683,0.36363636363636365,0.8806584362139918,41,19,12,29
POOLED_SOURCE_AWARE,1,29,LEARNED_UNGATED,petfold,0.5,-0.041036934937392806,-0.0375202960665858,0.3673469387755102,0.5,0.871900826446281,49,19,18,31
POOLED_SOURCE_AWARE,1,29,LEARNED_UNGATED,trrosettarna2_native_ss,0.5,-0.0031855779582164365,0.012092808577870096,0.6081081081081081,0.8490566037735849,0.8821138211382114,74,23,45,29
POOLED_SOURCE_AWARE,1,41,LEARNED_UNGATED,pooled,0.5,-0.020284605223436343,-0.01589193356805918,0.4878048780487805,0.6557377049180327,0.8850889192886456,164,60,80,84
POOLED_SOURCE_AWARE,1,41,LEARNED_UNGATED,rnafold,0.5,-0.03181183120962878,-0.030703949515830664,0.36585365853658536,0.45454545454545453,0.8930041152263375,41,18,15,26
POOLED_SOURCE_AWARE,1,41,LEARNED_UNGATED,petfold,0.5,-0.034906822652143434,-0.03351228003452167,0.3877551020408163,0.5277777777777778,0.8760330578512396,49,19,19,30
POOLED_SOURCE_AWARE,1,41,LEARNED_UNGATED,trrosettarna2_native_ss,0.5,0.005864838191463194,0.016133212618274162,0.6216216216216216,0.8679245283018868,0.8861788617886179,74,23,46,28
POOLED_SOURCE_AWARE,1,53,LEARNED_UNGATED,pooled,0.5,-0.029368597775894536,-0.02199123786616275,0.46060606060606063,0.6229508196721312,0.8782489740082079,165,61,76,89
POOLED_SOURCE_AWARE,1,53,LEARNED_UNGATED,rnafold,0.5,-0.04713104988179808,-0.04548837616566692,0.29545454545454547,0.3939393939393939,0.8724279835390947,44,19,13,31
POOLED_SOURCE_AWARE,1,53,LEARNED_UNGATED,petfold,0.5,-0.04587683375335594,-0.04450200141276195,0.34615384615384615,0.5,0.859504132231405,52,20,18,34
POOLED_SOURCE_AWARE,1,53,LEARNED_UNGATED,trrosettarna2_native_ss,0.5,0.0049020903074703985,0.023325131810193356,0.6521739130434783,0.8490566037735849,0.9024390243902439,69,22,45,24
POOLED_SOURCE_AWARE,1,67,LEARNED_UNGATED,pooled,0.5,-0.027696762652448827,-0.022375520698327156,0.4659090909090909,0.6721311475409836,0.8714090287277702,176,64,82,94
POOLED_SOURCE_AWARE,1,67,LEARNED_UNGATED,rnafold,0.5,-0.03983933605517937,-0.04210989010989008,0.32608695652173914,0.45454545454545453,0.8724279835390947,46,20,15,31
POOLED_SOURCE_AWARE,1,67,LEARNED_UNGATED,petfold,0.5,-0.04218483369479465,-0.03939829140818174,0.38181818181818183,0.5833333333333334,0.859504132231405,55,21,21,34
POOLED_SOURCE_AWARE,1,67,LEARNED_UNGATED,trrosettarna2_native_ss,0.5,-0.0010661182073724619,0.013867641931650798,0.6133333333333333,0.8679245283018868,0.8821138211382114,75,23,46,29
POOLED_SOURCE_AWARE,2,17,LEARNED_UNGATED,pooled,0.5,-0.052239072432640206,-0.0390875993320835,0.5406427221172023,0.8125,0.7674641148325358,529,69,286,243
POOLED_SOURCE_AWARE,2,17,LEARNED_UNGATED,rnafold,0.5,-0.09935860874194385,-0.08970266790430281,0.42613636363636365,0.7653061224489796,0.7130681818181818,176,23,75,101
POOLED_SOURCE_AWARE,2,17,LEARNED_UNGATED,petfold,0.5,-0.09184905189486368,-0.0764956092206367,0.45714285714285713,0.7766990291262136,0.7270114942528736,175,23,80,95
POOLED_SOURCE_AWARE,2,17,LEARNED_UNGATED,trrosettarna2_native_ss,0.5,0.03449044333888692,0.04430951587054033,0.7359550561797753,0.8675496688741722,0.863768115942029,178,23,131,47
POOLED_SOURCE_AWARE,2,29,LEARNED_UNGATED,pooled,0.5,-0.03753502178495591,-0.02160636419245432,0.5728952772073922,0.7926136363636364,0.8009569377990431,487,67,279,208
POOLED_SOURCE_AWARE,2,29,LEARNED_UNGATED,rnafold,0.5,-0.08075307764143608,-0.07309161426808486,0.4444444444444444,0.7346938775510204,0.7443181818181818,162,21,72,90
POOLED_SOURCE_AWARE,2,29,LEARNED_UNGATED,petfold,0.5,-0.06914835884943323,-0.051412827763683056,0.4935897435897436,0.7475728155339806,0.7729885057471264,156,23,77,79
POOLED_SOURCE_AWARE,2,29,LEARNED_UNGATED,trrosettarna2_native_ss,0.5,0.0372963711360016,0.055879272487546094,0.7692307692307693,0.8609271523178808,0.8869565217391304,169,23,130,39
POOLED_SOURCE_AWARE,2,29,LEARNED_SELECTIVE,pooled,0.95,0.022011108906842547,0.03086287266785115,0.8711656441717791,0.4034090909090909,0.9799043062200957,163,33,142,21
POOLED_SOURCE_AWARE,2,29,LEARNED_SELECTIVE,rnafold,0.95,-0.004822024928044309,-0.004051429554785324,0.5,0.08163265306122448,0.9772727272727273,16,5,8,8
POOLED_SOURCE_AWARE,2,29,LEARNED_SELECTIVE,petfold,0.95,-0.0014220471391466506,0.0009087777309944034,0.6363636363636364,0.13592233009708737,0.9770114942528736,22,7,14,8
POOLED_SOURCE_AWARE,2,29,LEARNED_SELECTIVE,trrosettarna2_native_ss,0.95,0.07227739878771859,0.09653389322739658,0.96,0.7947019867549668,0.9855072463768116,125,21,120,5
POOLED_SOURCE_AWARE,2,41,LEARNED_UNGATED,pooled,0.5,-0.04683818204153751,-0.03264606669372727,0.5516569200779727,0.8039772727272727,0.7799043062200957,513,69,283,230
POOLED_SOURCE_AWARE,2,41,LEARNED_UNGATED,rnafold,0.5,-0.09266784432928628,-0.08434550524102769,0.43352601156069365,0.7653061224489796,0.7215909090909091,173,23,75,98
POOLED_SOURCE_AWARE,2,41,LEARNED_UNGATED,petfold,0.5,-0.09386255932786138,-0.08186736911149617,0.449438202247191,0.7766990291262136,0.7183908045977011,178,23,80,98
POOLED_SOURCE_AWARE,2,41,LEARNED_UNGATED,trrosettarna2_native_ss,0.5,0.04601585753253514,0.06161799268572876,0.7901234567901234,0.847682119205298,0.9014492753623189,162,23,128,34
POOLED_SOURCE_AWARE,2,41,LEARNED_SELECTIVE,pooled,0.95,0.021745828216681244,0.03266999737164644,0.9290780141843972,0.3721590909090909,0.9904306220095693,141,28,131,10
POOLED_SOURCE_AWARE,2,41,LEARNED_SELECTIVE,rnafold,0.95,0.0012313526701824538,0.005507921601151322,0.8888888888888888,0.08163265306122448,0.9971590909090909,9,2,8,1
POOLED_SOURCE_AWARE,2,41,LEARNED_SELECTIVE,petfold,0.95,0.0027118748096103588,0.006441120902543562,0.7777777777777778,0.13592233009708737,0.9885057471264368,18,6,14,4
POOLED_SOURCE_AWARE,2,41,LEARNED_SELECTIVE,trrosettarna2_native_ss,0.95,0.06129425717025092,0.08584362794303269,0.956140350877193,0.7218543046357616,0.9855072463768116,114,20,109,5
POOLED_SOURCE_AWARE,2,53,LEARNED_UNGATED,pooled,0.5,-0.05130149477626827,-0.03491161596043357,0.5473887814313346,0.8039772727272727,0.7760765550239235,517,68,283,234
POOLED_SOURCE_AWARE,2,53,LEARNED_UNGATED,rnafold,0.5,-0.09863743721421377,-0.08452812328989989,0.4251497005988024,0.7244897959183674,0.7272727272727273,167,23,71,96
POOLED_SOURCE_AWARE,2,53,LEARNED_UNGATED,petfold,0.5,-0.09138236777656399,-0.07220556884378604,0.4583333333333333,0.7475728155339806,0.7385057471264368,168,22,77,91
POOLED_SOURCE_AWARE,2,53,LEARNED_UNGATED,trrosettarna2_native_ss,0.5,0.036115320661972955,0.04826851761754947,0.7417582417582418,0.8940397350993378,0.863768115942029,182,23,135,47
POOLED_SOURCE_AWARE,2,67,LEARNED_UNGATED,pooled,0.5,-0.04283683982384561,-0.03299686527409773,0.5481927710843374,0.7755681818181818,0.784688995215311,498,69,273,225
POOLED_SOURCE_AWARE,2,67,LEARNED_UNGATED,rnafold,0.5,-0.08689397639139212,-0.07925640043602511,0.4329268292682927,0.7244897959183674,0.7357954545454546,164,23,71,93
POOLED_SOURCE_AWARE,2,67,LEARNED_UNGATED,petfold,0.5,-0.07846784745138564,-0.06787780466909721,0.4634146341463415,0.7378640776699029,0.7471264367816092,164,23,76,88
POOLED_SOURCE_AWARE,2,67,LEARNED_UNGATED,trrosettarna2_native_ss,0.5,0.03685130437124093,0.044145985712308544,0.7411764705882353,0.8344370860927153,0.8724637681159421,170,23,126,44
POOLED_SOURCE_AWARE,3,17,LEARNED_UNGATED,pooled,0.5,-0.010676095368114055,0.00307356046480034,0.5732484076433121,0.7563025210084033,0.919664268585132,157,52,90,67
POOLED_SOURCE_AWARE,3,17,LEARNED_UNGATED,rnafold,0.5,-0.03790609375399784,-0.040137979632660414,0.2,0.4666666666666667,0.9024390243902439,35,15,7,28
POOLED_SOURCE_AWARE,3,17,LEARNED_UNGATED,petfold,0.5,-0.03917431043593326,-0.03725950474086348,0.29545454545454547,0.6842105263157895,0.8908450704225352,44,16,13,31
POOLED_SOURCE_AWARE,3,17,LEARNED_UNGATED,trrosettarna2_native_ss,0.5,0.045052118085588934,0.08022018753795324,0.8974358974358975,0.8235294117647058,0.9695817490494296,78,21,70,8
POOLED_SOURCE_AWARE,3,17,LEARNED_SELECTIVE,pooled,0.85,0.012735616160968535,0.02571238601823711,0.8181818181818182,0.6050420168067226,0.9808153477218226,88,32,72,16
POOLED_SOURCE_AWARE,3,17,LEARNED_SELECTIVE,rnafold,0.85,-0.008917014324778849,-0.010517915353505214,0.0,0.0,0.9790940766550522,6,6,0,6
POOLED_SOURCE_AWARE,3,17,LEARNED_SELECTIVE,petfold,0.85,-0.003916700856723447,-0.004516535296289037,0.4,0.21052631578947367,0.9788732394366197,10,6,4,6
POOLED_SOURCE_AWARE,3,17,LEARNED_SELECTIVE,trrosettarna2_native_ss,0.85,0.0510405636644079,0.0848612574639972,0.9444444444444444,0.8,0.9847908745247148,72,20,68,4
POOLED_SOURCE_AWARE,3,29,LEARNED_UNGATED,pooled,0.5,-0.004256373817335503,0.006037419163745894,0.5897435897435898,0.773109243697479,0.9232613908872902,156,49,92,64
POOLED_SOURCE_AWARE,3,29,LEARNED_UNGATED,rnafold,0.5,-0.0365020983932502,-0.04433864008332089,0.20512820512820512,0.5333333333333333,0.89198606271777,39,14,8,31
POOLED_SOURCE_AWARE,3,29,LEARNED_UNGATED,petfold,0.5,-0.02363171008807929,-0.02689140358627573,0.3142857142857143,0.5789473684210527,0.9154929577464789,35,14,11,24
POOLED_SOURCE_AWARE,3,29,LEARNED_UNGATED,trrosettarna2_native_ss,0.5,0.047364687029322984,0.08286943286347703,0.8902439024390244,0.8588235294117647,0.9657794676806084,82,21,73,9
POOLED_SOURCE_AWARE,3,29,LEARNED_SELECTIVE,pooled,0.85,0.012143146064821968,0.02631866241055647,0.8275862068965517,0.6050420168067226,0.9820143884892086,87,31,72,15
POOLED_SOURCE_AWARE,3,29,LEARNED_SELECTIVE,rnafold,0.85,-0.006855191950456478,-0.006988839965810678,0.0,0.0,0.9860627177700348,4,4,0,4
POOLED_SOURCE_AWARE,3,29,LEARNED_SELECTIVE,petfold,0.85,-0.007704579644602236,-0.007838794432501683,0.3,0.15789473684210525,0.9753521126760564,10,6,3,7
POOLED_SOURCE_AWARE,3,29,LEARNED_SELECTIVE,trrosettarna2_native_ss,0.85,0.05098920978952461,0.08637747336377477,0.9452054794520548,0.8117647058823529,0.9847908745247148,73,21,69,4
POOLED_SOURCE_AWARE,3,41,LEARNED_UNGATED,pooled,0.5,-0.018261168246880566,-0.0027765645473264433,0.5428571428571428,0.7983193277310925,0.9040767386091128,175,57,95,80
POOLED_SOURCE_AWARE,3,41,LEARNED_UNGATED,rnafold,0.5,-0.04734183093435438,-0.0482154650127774,0.1951219512195122,0.5333333333333333,0.8850174216027874,41,17,8,33
POOLED_SOURCE_AWARE,3,41,LEARNED_UNGATED,petfold,0.5,-0.04820106272315794,-0.04512585175914341,0.2708333333333333,0.6842105263157895,0.8767605633802817,48,18,13,35
POOLED_SOURCE_AWARE,3,41,LEARNED_UNGATED,trrosettarna2_native_ss,0.5,0.040759388916870615,0.07855054152105712,0.8604651162790697,0.8705882352941177,0.9543726235741445,86,22,74,12
POOLED_SOURCE_AWARE,3,41,LEARNED_SELECTIVE,pooled,0.9,0.01552558546033326,0.028923647618935067,0.8860759493670886,0.5882352941176471,0.9892086330935251,79,25,70,9
POOLED_SOURCE_AWARE,3,41,LEARNED_SELECTIVE,rnafold,0.9,-0.0008768746976294169,-0.0017386171554291119,0.0,0.0,0.9965156794425087,1,1,0,1
POOLED_SOURCE_AWARE,3,41,LEARNED_SELECTIVE,petfold,0.9,-0.003269472268318386,-0.004263515560749664,0.375,0.15789473684210525,0.9823943661971831,8,4,3,5
POOLED_SOURCE_AWARE,3,41,LEARNED_SELECTIVE,trrosettarna2_native_ss,0.9,0.05072310334694758,0.08525147863786409,0.9571428571428572,0.788235294117647,0.9885931558935361,70,20,67,3
POOLED_SOURCE_AWARE,3,53,LEARNED_UNGATED,pooled,0.5,-0.023055655692180696,-0.00704701742168945,0.5207100591715976,0.7394957983193278,0.9028776978417267,169,57,88,81
POOLED_SOURCE_AWARE,3,53,LEARNED_UNGATED,rnafold,0.5,-0.060310544477449844,-0.059161845047370876,0.13953488372093023,0.4,0.8710801393728222,43,17,6,37
POOLED_SOURCE_AWARE,3,53,LEARNED_UNGATED,petfold,0.5,-0.049657333552399034,-0.04585501453070984,0.23255813953488372,0.5263157894736842,0.8838028169014085,43,18,10,33
POOLED_SOURCE_AWARE,3,53,LEARNED_UNGATED,trrosettarna2_native_ss,0.5,0.0408009109533068,0.07743995248171665,0.8674698795180723,0.8470588235294118,0.9581749049429658,83,22,72,11
POOLED_SOURCE_AWARE,3,53,LEARNED_SELECTIVE,pooled,0.9,0.013538924469840851,0.02651108822031989,0.8433734939759037,0.5882352941176471,0.9844124700239808,83,28,70,13
POOLED_SOURCE_AWARE,3,53,LEARNED_SELECTIVE,rnafold,0.9,-0.0038568661833680296,-0.005233008872426503,0.0,0.0,0.9895470383275261,3,3,0,3
POOLED_SOURCE_AWARE,3,53,LEARNED_SELECTIVE,petfold,0.9,-0.004706253877513787,-0.006048190420446797,0.3333333333333333,0.15789473684210525,0.9788732394366197,9,5,3,6
POOLED_SOURCE_AWARE,3,53,LEARNED_SELECTIVE,trrosettarna2_native_ss,0.9,0.04917989347040438,0.0833502163625125,0.9436619718309859,0.788235294117647,0.9847908745247148,71,20,67,4
POOLED_SOURCE_AWARE,3,67,LEARNED_UNGATED,pooled,0.5,-0.021270732426884615,-0.0057395883792277225,0.5269461077844312,0.7394957983193278,0.9052757793764988,167,60,88,79
POOLED_SOURCE_AWARE,3,67,LEARNED_UNGATED,rnafold,0.5,-0.045158886103800984,-0.045530491709955156,0.16666666666666666,0.4,0.8954703832752613,36,17,6,30
POOLED_SOURCE_AWARE,3,67,LEARNED_UNGATED,petfold,0.5,-0.0549975676735052,-0.05066230162876284,0.24489795918367346,0.631578947368421,0.8697183098591549,49,20,12,37
POOLED_SOURCE_AWARE,3,67,LEARNED_UNGATED,trrosettarna2_native_ss,0.5,0.03634425649665234,0.07243465025478135,0.8536585365853658,0.8235294117647058,0.9543726235741445,82,23,70,12
POOLED_SOURCE_AWARE,3,67,LEARNED_SELECTIVE,pooled,0.9,0.014911794407126498,0.02762405427485526,0.8554216867469879,0.5966386554621849,0.9856115107913669,83,29,71,12
POOLED_SOURCE_AWARE,3,67,LEARNED_SELECTIVE,rnafold,0.9,-0.0040772815438696,-0.005233008872426503,0.0,0.0,0.9895470383275261,3,3,0,3
POOLED_SOURCE_AWARE,3,67,LEARNED_SELECTIVE,petfold,0.9,-0.002902502073761984,-0.004516535296289037,0.4,0.21052631578947367,0.9788732394366197,10,6,4,6
POOLED_SOURCE_AWARE,3,67,LEARNED_SELECTIVE,trrosettarna2_native_ss,0.9,0.05171516683901108,0.08525147863786409,0.9571428571428572,0.788235294117647,0.9885931558935361,70,20,67,3
POOLED_SOURCE_AWARE,4,17,LEARNED_UNGATED,pooled,0.5,-0.0012501979795346762,-0.003115443425076414,0.5397727272727273,0.6291390728476821,0.905152224824356,176,51,95,81
POOLED_SOURCE_AWARE,4,17,LEARNED_UNGATED,rnafold,0.5,-0.0397384350082332,-0.038763636363636333,0.33962264150943394,0.47368421052631576,0.875886524822695,53,15,18,35
POOLED_SOURCE_AWARE,4,17,LEARNED_UNGATED,petfold,0.5,-0.032170587397376625,-0.028276182881446066,0.39215686274509803,0.4878048780487805,0.8896797153024911,51,14,20,31
POOLED_SOURCE_AWARE,4,17,LEARNED_UNGATED,trrosettarna2_native_ss,0.5,0.0681584284670058,0.05491701161435514,0.7916666666666666,0.7916666666666666,0.9484536082474226,72,22,57,15
POOLED_SOURCE_AWARE,4,17,LEARNED_SELECTIVE,pooled,0.95,0.0227528195250382,0.02252813504823159,0.9444444444444444,0.33774834437086093,0.9964871194379391,54,27,51,3
POOLED_SOURCE_AWARE,4,17,LEARNED_SELECTIVE,rnafold,0.95,-0.0012299229387189674,-0.0020784565916398545,0.3333333333333333,0.02631578947368421,0.9929078014184397,3,2,1,2
POOLED_SOURCE_AWARE,4,17,LEARNED_SELECTIVE,petfold,0.95,0.0036778237865194435,0.005754938930574549,1.0,0.0975609756097561,1.0,4,3,4,0
POOLED_SOURCE_AWARE,4,17,LEARNED_SELECTIVE,trrosettarna2_native_ss,0.95,0.06581055772731413,0.06271997068664603,0.9787234042553191,0.6388888888888888,0.9965635738831615,47,22,46,1
POOLED_SOURCE_AWARE,4,29,LEARNED_UNGATED,pooled,0.5,-0.0040241396191014415,-0.006959627924817746,0.521978021978022,0.6291390728476821,0.8981264637002342,182,53,95,87
POOLED_SOURCE_AWARE,4,29,LEARNED_UNGATED,rnafold,0.5,-0.039975343148378854,-0.04275087719298243,0.32727272727272727,0.47368421052631576,0.8687943262411347,55,15,18,37
POOLED_SOURCE_AWARE,4,29,LEARNED_UNGATED,petfold,0.5,-0.03519884255909043,-0.03222024017916192,0.37735849056603776,0.4878048780487805,0.8825622775800712,53,16,20,33
POOLED_SOURCE_AWARE,4,29,LEARNED_UNGATED,trrosettarna2_native_ss,0.5,0.06310176685016496,0.05130143752898242,0.7702702702702703,0.7916666666666666,0.9415807560137457,74,22,57,17
POOLED_SOURCE_AWARE,4,29,LEARNED_SELECTIVE,pooled,0.95,0.022993599964578452,0.023692897930050028,0.9807692307692307,0.33774834437086093,0.9988290398126464,52,26,51,1
POOLED_SOURCE_AWARE,4,29,LEARNED_SELECTIVE,rnafold,0.95,0.00047274387063119444,0.0014461538461538748,1.0,0.02631578947368421,1.0,1,1,1,0
POOLED_SOURCE_AWARE,4,29,LEARNED_SELECTIVE,petfold,0.95,0.0036778237865194435,0.005754938930574549,1.0,0.0975609756097561,1.0,4,3,4,0
POOLED_SOURCE_AWARE,4,29,LEARNED_SELECTIVE,trrosettarna2_native_ss,0.95,0.06483023223658473,0.06271997068664603,0.9787234042553191,0.6388888888888888,0.9965635738831615,47,22,46,1
POOLED_SOURCE_AWARE,4,41,LEARNED_UNGATED,pooled,0.5,-0.009866695888744635,-0.015740740740740722,0.484375,0.6158940397350994,0.8840749414519906,192,55,93,99
POOLED_SOURCE_AWARE,4,41,LEARNED_UNGATED,rnafold,0.5,-0.045653433947447995,-0.047759019264448366,0.2962962962962963,0.42105263157894735,0.8652482269503546,54,16,16,38
POOLED_SOURCE_AWARE,4,41,LEARNED_UNGATED,petfold,0.5,-0.04423577784602572,-0.04869601164190529,0.30357142857142855,0.4146341463414634,0.8612099644128114,56,16,17,39
POOLED_SOURCE_AWARE,4,41,LEARNED_UNGATED,trrosettarna2_native_ss,0.5,0.0602891241272398,0.04683125217142503,0.7317073170731707,0.8333333333333334,0.9243986254295533,82,23,60,22
POOLED_SOURCE_AWARE,4,53,LEARNED_UNGATED,pooled,0.5,-0.004507091676908407,-0.00685658578856152,0.5238095238095238,0.6556291390728477,0.8946135831381733,189,57,99,90
POOLED_SOURCE_AWARE,4,53,LEARNED_UNGATED,rnafold,0.5,-0.038000258806854516,-0.038763636363636333,0.33962264150943394,0.47368421052631576,0.875886524822695,53,17,18,35
POOLED_SOURCE_AWARE,4,53,LEARNED_UNGATED,petfold,0.5,-0.03813606336940061,-0.03317384370015952,0.38596491228070173,0.5365853658536586,0.8754448398576512,57,18,22,35
POOLED_SOURCE_AWARE,4,53,LEARNED_UNGATED,trrosettarna2_native_ss,0.5,0.06261504714552991,0.04894625011437226,0.7468354430379747,0.8194444444444444,0.9312714776632303,79,22,59,20
POOLED_SOURCE_AWARE,4,53,LEARNED_SELECTIVE,pooled,0.95,0.023697604374275046,0.023692897930050028,0.9807692307692307,0.33774834437086093,0.9988290398126464,52,25,51,1
POOLED_SOURCE_AWARE,4,53,LEARNED_SELECTIVE,rnafold,0.95,0.0,0.0,,0.0,1.0,0,0,0,0
POOLED_SOURCE_AWARE,4,53,LEARNED_SELECTIVE,petfold,0.95,0.0036778237865194435,0.005754938930574549,1.0,0.0975609756097561,1.0,4,3,4,0
POOLED_SOURCE_AWARE,4,53,LEARNED_SELECTIVE,trrosettarna2_native_ss,0.95,0.0674149893363057,0.06422638593780172,0.9791666666666666,0.6527777777777778,0.9965635738831615,48,22,47,1
POOLED_SOURCE_AWARE,4,67,LEARNED_UNGATED,pooled,0.5,-0.008759823987593883,-0.0121266859344894,0.5,0.6291390728476821,0.8887587822014051,190,54,95,95
POOLED_SOURCE_AWARE,4,67,LEARNED_UNGATED,rnafold,0.5,-0.047248802523644474,-0.047759019264448366,0.2962962962962963,0.42105263157894735,0.8652482269503546,54,16,16,38
POOLED_SOURCE_AWARE,4,67,LEARNED_UNGATED,petfold,0.5,-0.041421127040729276,-0.04069793562010027,0.3559322033898305,0.5121951219512195,0.8647686832740213,59,16,21,38
POOLED_SOURCE_AWARE,4,67,LEARNED_UNGATED,trrosettarna2_native_ss,0.5,0.0623904576015921,0.049216288235711225,0.7532467532467533,0.8055555555555556,0.9347079037800687,77,22,58,19
POOLED_SOURCE_AWARE,4,67,LEARNED_SELECTIVE,pooled,0.95,0.023838740546448967,0.024671757770632463,0.9814814814814815,0.3509933774834437,0.9988290398126464,54,26,53,1
POOLED_SOURCE_AWARE,4,67,LEARNED_SELECTIVE,rnafold,0.95,0.00047274387063119444,0.0014461538461538748,1.0,0.02631578947368421,1.0,1,1,1,0
POOLED_SOURCE_AWARE,4,67,LEARNED_SELECTIVE,petfold,0.95,0.0036778237865194435,0.005754938930574549,1.0,0.0975609756097561,1.0,4,3,4,0
POOLED_SOURCE_AWARE,4,67,LEARNED_SELECTIVE,trrosettarna2_native_ss,0.95,0.06736565398219625,0.0657376684434039,0.9795918367346939,0.6666666666666666,0.9965635738831615,49,22,48,1
